ISO-10303-21;
HEADER;
FILE_DESCRIPTION((''),'2;1');
FILE_NAME('ROUEDENTE0','2026-02-15T17:03:18',('coren'),(''),
'CREO PARAMETRIC BY PTC INC, 2022164','CREO PARAMETRIC BY PTC INC, 2022164','');
FILE_SCHEMA(('CONFIG_CONTROL_DESIGN'));
ENDSEC;
DATA;
#1=DIRECTION('',(-1.045284632676E-1,-9.945218953683E-1,0.E0));
#2=VECTOR('',#1,7.987005367101E-2);
#3=CARTESIAN_POINT('',(1.524011411352E0,1.45E1,0.E0));
#4=LINE('',#3,#2);
#5=DIRECTION('',(-3.869691641778E-1,9.220926558516E-1,0.E0));
#6=VECTOR('',#5,1.170633461084E0);
#7=CARTESIAN_POINT('',(1.515662717381E0,1.442056748284E1,0.E0));
#8=LINE('',#7,#6);
#9=DIRECTION('',(-9.986295347546E-1,5.233595624294E-2,0.E0));
#10=VECTOR('',#9,5.E-1);
#11=CARTESIAN_POINT('',(1.062663665387E0,1.55E1,0.E0));
#12=LINE('',#11,#10);
#13=DIRECTION('',(-5.115350318865E-1,-8.592624227516E-1,0.E0));
#14=VECTOR('',#13,1.101290943715E0);
#15=CARTESIAN_POINT('',(5.633488980093E-1,1.552616797812E1,0.E0));
#16=LINE('',#15,#14);
#17=DIRECTION('',(0.E0,-1.E0,0.E0));
#18=VECTOR('',#17,7.987005367099E-2);
#19=CARTESIAN_POINT('',(0.E0,1.457987005367E1,0.E0));
#20=LINE('',#19,#18);
#21=DIRECTION('',(-4.812342349137E-1,8.765920437393E-1,0.E0));
#22=VECTOR('',#21,1.170633461084E0);
#23=CARTESIAN_POINT('',(0.E0,1.45E1,0.E0));
#24=LINE('',#23,#22);
#25=DIRECTION('',(-9.986295347546E-1,-5.233595624293E-2,0.E0));
#26=VECTOR('',#25,5.E-1);
#27=CARTESIAN_POINT('',(-5.633488980093E-1,1.552616797812E1,0.E0));
#28=LINE('',#27,#26);
#29=DIRECTION('',(-4.189154088652E-1,-9.080252640843E-1,0.E0));
#30=VECTOR('',#29,1.101290943715E0);
#31=CARTESIAN_POINT('',(-1.062663665387E0,1.55E1,0.E0));
#32=LINE('',#31,#30);
#33=DIRECTION('',(1.045284632676E-1,-9.945218953683E-1,0.E0));
#34=VECTOR('',#33,7.987005367100E-2);
#35=CARTESIAN_POINT('',(-1.524011411352E0,1.45E1,0.E0));
#36=LINE('',#35,#34);
#37=DIRECTION('',(-5.702268026672E-1,8.214873057570E-1,0.E0));
#38=VECTOR('',#37,1.170633461084E0);
#39=CARTESIAN_POINT('',(-1.515662717381E0,1.442056748284E1,0.E0));
#40=LINE('',#39,#38);
#41=DIRECTION('',(-9.876883405951E-1,-1.564344650402E-1,0.E0));
#42=VECTOR('',#41,5.E-1);
#43=CARTESIAN_POINT('',(-2.183189292990E0,1.538222801082E1,0.E0));
#44=LINE('',#43,#42);
#45=DIRECTION('',(-3.217060609606E-1,-9.468395906072E-1,0.E0));
#46=VECTOR('',#45,1.101290943715E0);
#47=CARTESIAN_POINT('',(-2.677033463288E0,1.530401077829E1,0.E0));
#48=LINE('',#47,#46);
#49=DIRECTION('',(2.079116908178E-1,-9.781476007338E-1,0.E0));
#50=VECTOR('',#49,7.987005367099E-2);
#51=CARTESIAN_POINT('',(-3.031325434762E0,1.426126491201E1,0.E0));
#52=LINE('',#51,#50);
#53=DIRECTION('',(-6.529718462431E-1,7.573821809456E-1,0.E0));
#54=VECTOR('',#53,1.170633461084E0);
#55=CARTESIAN_POINT('',(-3.014719516858E0,1.418314021064E1,0.E0));
#56=LINE('',#55,#54);
#57=DIRECTION('',(-9.659258262891E-1,-2.588190451025E-1,0.E0));
#58=VECTOR('',#57,5.E-1);
#59=CARTESIAN_POINT('',(-3.779110209216E0,1.506975713448E1,0.E0));
#60=LINE('',#59,#58);
#61=DIRECTION('',(-2.209720341309E-1,-9.752801444365E-1,0.E0));
#62=VECTOR('',#61,1.101290943715E0);
#63=CARTESIAN_POINT('',(-4.262073122360E0,1.494034761193E1,0.E0));
#64=LINE('',#63,#62);
#65=DIRECTION('',(3.090169943749E-1,-9.510565162952E-1,0.E0));
#66=VECTOR('',#65,7.987005367100E-2);
#67=CARTESIAN_POINT('',(-4.505427622363E0,1.386628042128E1,0.E0));
#68=LINE('',#67,#66);
#69=DIRECTION('',(-7.285627936283E-1,6.849790184673E-1,0.E0));
#70=VECTOR('',#69,1.170633461084E0);
#71=CARTESIAN_POINT('',(-4.480746418437E0,1.379031948628E1,0.E0));
#72=LINE('',#71,#70);
#73=DIRECTION('',(-9.335804264972E-1,-3.583679495453E-1,0.E0));
#74=VECTOR('',#73,5.E-1);
#75=CARTESIAN_POINT('',(-5.333626403159E0,1.459217884544E1,0.E0));
#76=LINE('',#75,#74);
#77=DIRECTION('',(-1.178169914538E-1,-9.930353249128E-1,0.E0));
#78=VECTOR('',#77,1.101290943715E0);
#79=CARTESIAN_POINT('',(-5.800416616408E0,1.441299487067E1,0.E0));
#80=LINE('',#79,#78);
#81=DIRECTION('',(4.067366430758E-1,-9.135454576426E-1,0.E0));
#82=VECTOR('',#81,7.987005367099E-2);
#83=CARTESIAN_POINT('',(-5.930167402112E0,1.331937406055E1,0.E0));
#84=LINE('',#83,#82);
#85=DIRECTION('',(-7.961714545850E-1,6.050710825217E-1,0.E0));
#86=VECTOR('',#85,1.170633461084E0);
#87=CARTESIAN_POINT('',(-5.897681324599E0,1.324640913582E1,0.E0));
#88=LINE('',#87,#86);
#89=DIRECTION('',(-8.910065241884E-1,-4.539904997395E-1,0.E0));
#90=VECTOR('',#89,5.E-1);
#91=CARTESIAN_POINT('',(-6.829706270097E0,1.395472559135E1,0.E0));
#92=LINE('',#91,#90);
#93=DIRECTION('',(-1.337112116362E-2,-9.999106025635E-1,0.E0));
#94=VECTOR('',#93,1.101290943715E0);
#95=CARTESIAN_POINT('',(-7.275209532191E0,1.372773034148E1,0.E0));
#96=LINE('',#95,#94);
#97=DIRECTION('',(5.E-1,-8.660254037845E-1,0.E0));
#98=VECTOR('',#97,7.987005367100E-2);
#99=CARTESIAN_POINT('',(-7.289935026835E0,1.262653785036E1,0.E0));
#100=LINE('',#99,#98);
#101=DIRECTION('',(-8.550570944757E-1,5.185338611767E-1,0.E0));
#102=VECTOR('',#101,1.170633461084E0);
#103=CARTESIAN_POINT('',(-7.25E0,1.255736835487E1,0.E0));
#104=LINE('',#103,#102);
#105=DIRECTION('',(-8.386705679454E-1,-5.446390350150E-1,0.E0));
#106=VECTOR('',#105,5.E-1);
#107=CARTESIAN_POINT('',(-8.250958445931E0,1.316438144347E1,0.E0));
#108=LINE('',#107,#106);
#109=DIRECTION('',(9.122124592815E-2,-9.958306504076E-1,0.E0));
#110=VECTOR('',#109,1.101290943715E0);
#111=CARTESIAN_POINT('',(-8.670293729903E0,1.289206192597E1,0.E0));
#112=LINE('',#111,#110);
#113=DIRECTION('',(5.877852522925E-1,-8.090169943749E-1,0.E0));
#114=VECTOR('',#113,7.987005367100E-2);
#115=CARTESIAN_POINT('',(-8.569832597888E0,1.179536264920E1,0.E0));
#116=LINE('',#115,#114);
#117=DIRECTION('',(-9.045745499071E-1,4.263154743384E-1,0.E0));
#118=VECTOR('',#117,1.170633461084E0);
#119=CARTESIAN_POINT('',(-8.522886158241E0,1.173074641844E1,0.E0));
#120=LINE('',#119,#118);
#121=DIRECTION('',(-7.771459614570E-1,-6.293203910498E-1,0.E0));
#122=VECTOR('',#121,5.E-1);
#123=CARTESIAN_POINT('',(-9.581811394407E0,1.222980557768E1,0.E0));
#124=LINE('',#123,#122);
#125=DIRECTION('',(1.948141739603E-1,-9.808401692550E-1,0.E0));
#126=VECTOR('',#125,1.101290943715E0);
#127=CARTESIAN_POINT('',(-9.970384375136E0,1.191514538215E1,0.E0));
#128=LINE('',#127,#126);
#129=DIRECTION('',(6.691306063589E-1,-7.431448254774E-1,0.E0));
#130=VECTOR('',#129,7.987005367099E-2);
#131=CARTESIAN_POINT('',(-9.755837289646E0,1.083495498652E1,0.E0));
#132=LINE('',#131,#130);
#133=DIRECTION('',(-9.441812972753E-1,3.294262859510E-1,0.E0));
#134=VECTOR('',#133,1.170633461084E0);
#135=CARTESIAN_POINT('',(-9.702393792203E0,1.077559996942E1,0.E0));
#136=LINE('',#135,#134);
#137=DIRECTION('',(-7.071067811865E-1,-7.071067811865E-1,0.E0));
#138=VECTOR('',#137,5.E-1);
#139=CARTESIAN_POINT('',(-1.080768401212E1,1.116123740272E1,0.E0));
#140=LINE('',#139,#138);
#141=DIRECTION('',(2.962726771350E-1,-9.551033979540E-1,0.E0));
#142=VECTOR('',#141,1.101290943715E0);
#143=CARTESIAN_POINT('',(-1.116123740272E1,1.080768401212E1,0.E0));
#144=LINE('',#143,#142);
#145=DIRECTION('',(7.431448254774E-1,-6.691306063589E-1,0.E0));
#146=VECTOR('',#145,7.987005367099E-2);
#147=CARTESIAN_POINT('',(-1.083495498652E1,9.755837289646E0,0.E0));
#148=LINE('',#147,#146);
#149=DIRECTION('',(-9.734433967680E-1,2.289278342379E-1,0.E0));
#150=VECTOR('',#149,1.170633461084E0);
#151=CARTESIAN_POINT('',(-1.077559996942E1,9.702393792203E0,0.E0));
#152=LINE('',#151,#150);
#153=DIRECTION('',(-6.293203910498E-1,-7.771459614570E-1,0.E0));
#154=VECTOR('',#153,5.E-1);
#155=CARTESIAN_POINT('',(-1.191514538215E1,9.970384375136E0,0.E0));
#156=LINE('',#155,#154);
#157=DIRECTION('',(3.944851548600E-1,-9.189023139568E-1,0.E0));
#158=VECTOR('',#157,1.101290943715E0);
#159=CARTESIAN_POINT('',(-1.222980557768E1,9.581811394407E0,0.E0));
#160=LINE('',#159,#158);
#161=DIRECTION('',(8.090169943750E-1,-5.877852522925E-1,0.E0));
#162=VECTOR('',#161,7.987005367100E-2);
#163=CARTESIAN_POINT('',(-1.179536264920E1,8.569832597888E0,0.E0));
#164=LINE('',#163,#162);
#165=DIRECTION('',(-9.920402466995E-1,1.259212012666E-1,0.E0));
#166=VECTOR('',#165,1.170633461084E0);
#167=CARTESIAN_POINT('',(-1.173074641844E1,8.522886158241E0,0.E0));
#168=LINE('',#167,#166);
#169=DIRECTION('',(-5.446390350150E-1,-8.386705679454E-1,0.E0));
#170=VECTOR('',#169,5.E-1);
#171=CARTESIAN_POINT('',(-1.289206192597E1,8.670293729903E0,0.E0));
#172=LINE('',#171,#170);
#173=DIRECTION('',(4.883755706770E-1,-8.726335439152E-1,0.E0));
#174=VECTOR('',#173,1.101290943715E0);
#175=CARTESIAN_POINT('',(-1.316438144347E1,8.250958445931E0,0.E0));
#176=LINE('',#175,#174);
#177=DIRECTION('',(8.660254037844E-1,-5.E-1,0.E0));
#178=VECTOR('',#177,7.987005367099E-2);
#179=CARTESIAN_POINT('',(-1.262653785036E1,7.289935026835E0,0.E0));
#180=LINE('',#179,#178);
#181=DIRECTION('',(-9.997680960904E-1,2.153494926357E-2,0.E0));
#182=VECTOR('',#181,1.170633461084E0);
#183=CARTESIAN_POINT('',(-1.255736835487E1,7.25E0,0.E0));
#184=LINE('',#183,#182);
#185=DIRECTION('',(-4.539904997396E-1,-8.910065241884E-1,0.E0));
#186=VECTOR('',#185,5.E-1);
#187=CARTESIAN_POINT('',(-1.372773034148E1,7.275209532191E0,0.E0));
#188=LINE('',#187,#186);
#189=DIRECTION('',(5.769152415425E-1,-8.168040181561E-1,0.E0));
#190=VECTOR('',#189,1.101290943715E0);
#191=CARTESIAN_POINT('',(-1.395472559135E1,6.829706270096E0,0.E0));
#192=LINE('',#191,#190);
#193=DIRECTION('',(9.135454576426E-1,-4.067366430758E-1,0.E0));
#194=VECTOR('',#193,7.987005367100E-2);
#195=CARTESIAN_POINT('',(-1.331937406055E1,5.930167402112E0,0.E0));
#196=LINE('',#195,#194);
#197=DIRECTION('',(-9.965422770056E-1,-8.308724415010E-2,0.E0));
#198=VECTOR('',#197,1.170633461084E0);
#199=CARTESIAN_POINT('',(-1.324640913582E1,5.897681324599E0,0.E0));
#200=LINE('',#199,#198);
#201=DIRECTION('',(-3.583679495453E-1,-9.335804264972E-1,0.E0));
#202=VECTOR('',#201,5.E-1);
#203=CARTESIAN_POINT('',(-1.441299487067E1,5.800416616408E0,0.E0));
#204=LINE('',#203,#202);
#205=DIRECTION('',(6.591341082944E-1,-7.520254166469E-1,0.E0));
#206=VECTOR('',#205,1.101290943715E0);
#207=CARTESIAN_POINT('',(-1.459217884544E1,5.333626403159E0,0.E0));
#208=LINE('',#207,#206);
#209=DIRECTION('',(9.510565162952E-1,-3.090169943750E-1,0.E0));
#210=VECTOR('',#209,7.987005367100E-2);
#211=CARTESIAN_POINT('',(-1.386628042128E1,4.505427622363E0,0.E0));
#212=LINE('',#211,#210);
#213=DIRECTION('',(-9.823981321941E-1,-1.867991163297E-1,0.E0));
#214=VECTOR('',#213,1.170633461084E0);
#215=CARTESIAN_POINT('',(-1.379031948628E1,4.480746418437E0,0.E0));
#216=LINE('',#215,#214);
#217=DIRECTION('',(-2.588190451025E-1,-9.659258262891E-1,0.E0));
#218=VECTOR('',#217,5.E-1);
#219=CARTESIAN_POINT('',(-1.494034761193E1,4.262073122360E0,0.E0));
#220=LINE('',#219,#218);
#221=DIRECTION('',(7.341313638231E-1,-6.790074673015E-1,0.E0));
#222=VECTOR('',#221,1.101290943715E0);
#223=CARTESIAN_POINT('',(-1.506975713448E1,3.779110209216E0,0.E0));
#224=LINE('',#223,#222);
#225=DIRECTION('',(9.781476007338E-1,-2.079116908178E-1,0.E0));
#226=VECTOR('',#225,7.987005367099E-2);
#227=CARTESIAN_POINT('',(-1.426126491201E1,3.031325434762E0,0.E0));
#228=LINE('',#227,#226);
#229=DIRECTION('',(-9.574906278662E-1,-2.884643783006E-1,0.E0));
#230=VECTOR('',#229,1.170633461084E0);
#231=CARTESIAN_POINT('',(-1.418314021064E1,3.014719516858E0,0.E0));
#232=LINE('',#231,#230);
#233=DIRECTION('',(-1.564344650402E-1,-9.876883405951E-1,0.E0));
#234=VECTOR('',#233,5.E-1);
#235=CARTESIAN_POINT('',(-1.530401077829E1,2.677033463288E0,0.E0));
#236=LINE('',#235,#234);
#237=DIRECTION('',(8.010853225029E-1,-5.985501700529E-1,0.E0));
#238=VECTOR('',#237,1.101290943715E0);
#239=CARTESIAN_POINT('',(-1.538222801082E1,2.183189292990E0,0.E0));
#240=LINE('',#239,#238);
#241=DIRECTION('',(9.945218953683E-1,-1.045284632677E-1,0.E0));
#242=VECTOR('',#241,7.987005367100E-2);
#243=CARTESIAN_POINT('',(-1.45E1,1.524011411352E0,0.E0));
#244=LINE('',#243,#242);
#245=DIRECTION('',(-9.220926558516E-1,-3.869691641778E-1,0.E0));
#246=VECTOR('',#245,1.170633461084E0);
#247=CARTESIAN_POINT('',(-1.442056748284E1,1.515662717381E0,0.E0));
#248=LINE('',#247,#246);
#249=DIRECTION('',(-5.233595624294E-2,-9.986295347546E-1,0.E0));
#250=VECTOR('',#249,5.E-1);
#251=CARTESIAN_POINT('',(-1.55E1,1.062663665387E0,0.E0));
#252=LINE('',#251,#250);
#253=DIRECTION('',(8.592624227516E-1,-5.115350318865E-1,0.E0));
#254=VECTOR('',#253,1.101290943715E0);
#255=CARTESIAN_POINT('',(-1.552616797812E1,5.633488980093E-1,0.E0));
#256=LINE('',#255,#254);
#257=DIRECTION('',(1.E0,0.E0,0.E0));
#258=VECTOR('',#257,7.987005367099E-2);
#259=CARTESIAN_POINT('',(-1.457987005367E1,0.E0,0.E0));
#260=LINE('',#259,#258);
#261=DIRECTION('',(-8.765920437393E-1,-4.812342349137E-1,0.E0));
#262=VECTOR('',#261,1.170633461084E0);
#263=CARTESIAN_POINT('',(-1.45E1,0.E0,0.E0));
#264=LINE('',#263,#262);
#265=DIRECTION('',(5.233595624293E-2,-9.986295347546E-1,0.E0));
#266=VECTOR('',#265,5.E-1);
#267=CARTESIAN_POINT('',(-1.552616797812E1,-5.633488980093E-1,0.E0));
#268=LINE('',#267,#266);
#269=DIRECTION('',(9.080252640843E-1,-4.189154088652E-1,0.E0));
#270=VECTOR('',#269,1.101290943715E0);
#271=CARTESIAN_POINT('',(-1.55E1,-1.062663665387E0,0.E0));
#272=LINE('',#271,#270);
#273=DIRECTION('',(9.945218953683E-1,1.045284632676E-1,0.E0));
#274=VECTOR('',#273,7.987005367101E-2);
#275=CARTESIAN_POINT('',(-1.45E1,-1.524011411352E0,0.E0));
#276=LINE('',#275,#274);
#277=DIRECTION('',(-8.214873057570E-1,-5.702268026672E-1,0.E0));
#278=VECTOR('',#277,1.170633461084E0);
#279=CARTESIAN_POINT('',(-1.442056748284E1,-1.515662717381E0,0.E0));
#280=LINE('',#279,#278);
#281=DIRECTION('',(1.564344650402E-1,-9.876883405951E-1,0.E0));
#282=VECTOR('',#281,5.E-1);
#283=CARTESIAN_POINT('',(-1.538222801082E1,-2.183189292990E0,0.E0));
#284=LINE('',#283,#282);
#285=DIRECTION('',(9.468395906072E-1,-3.217060609606E-1,0.E0));
#286=VECTOR('',#285,1.101290943715E0);
#287=CARTESIAN_POINT('',(-1.530401077829E1,-2.677033463288E0,0.E0));
#288=LINE('',#287,#286);
#289=DIRECTION('',(9.781476007338E-1,2.079116908178E-1,0.E0));
#290=VECTOR('',#289,7.987005367099E-2);
#291=CARTESIAN_POINT('',(-1.426126491201E1,-3.031325434762E0,0.E0));
#292=LINE('',#291,#290);
#293=DIRECTION('',(-7.573821809456E-1,-6.529718462431E-1,0.E0));
#294=VECTOR('',#293,1.170633461084E0);
#295=CARTESIAN_POINT('',(-1.418314021064E1,-3.014719516858E0,0.E0));
#296=LINE('',#295,#294);
#297=DIRECTION('',(2.588190451025E-1,-9.659258262891E-1,0.E0));
#298=VECTOR('',#297,5.E-1);
#299=CARTESIAN_POINT('',(-1.506975713448E1,-3.779110209216E0,0.E0));
#300=LINE('',#299,#298);
#301=DIRECTION('',(9.752801444365E-1,-2.209720341309E-1,0.E0));
#302=VECTOR('',#301,1.101290943715E0);
#303=CARTESIAN_POINT('',(-1.494034761193E1,-4.262073122360E0,0.E0));
#304=LINE('',#303,#302);
#305=DIRECTION('',(9.510565162952E-1,3.090169943749E-1,0.E0));
#306=VECTOR('',#305,7.987005367100E-2);
#307=CARTESIAN_POINT('',(-1.386628042128E1,-4.505427622363E0,0.E0));
#308=LINE('',#307,#306);
#309=DIRECTION('',(-6.849790184673E-1,-7.285627936283E-1,0.E0));
#310=VECTOR('',#309,1.170633461084E0);
#311=CARTESIAN_POINT('',(-1.379031948628E1,-4.480746418437E0,0.E0));
#312=LINE('',#311,#310);
#313=DIRECTION('',(3.583679495453E-1,-9.335804264972E-1,0.E0));
#314=VECTOR('',#313,5.E-1);
#315=CARTESIAN_POINT('',(-1.459217884544E1,-5.333626403159E0,0.E0));
#316=LINE('',#315,#314);
#317=DIRECTION('',(9.930353249128E-1,-1.178169914538E-1,0.E0));
#318=VECTOR('',#317,1.101290943715E0);
#319=CARTESIAN_POINT('',(-1.441299487067E1,-5.800416616408E0,0.E0));
#320=LINE('',#319,#318);
#321=DIRECTION('',(9.135454576426E-1,4.067366430758E-1,0.E0));
#322=VECTOR('',#321,7.987005367100E-2);
#323=CARTESIAN_POINT('',(-1.331937406055E1,-5.930167402112E0,0.E0));
#324=LINE('',#323,#322);
#325=DIRECTION('',(-6.050710825217E-1,-7.961714545850E-1,0.E0));
#326=VECTOR('',#325,1.170633461084E0);
#327=CARTESIAN_POINT('',(-1.324640913582E1,-5.897681324599E0,0.E0));
#328=LINE('',#327,#326);
#329=DIRECTION('',(4.539904997395E-1,-8.910065241884E-1,0.E0));
#330=VECTOR('',#329,5.E-1);
#331=CARTESIAN_POINT('',(-1.395472559135E1,-6.829706270097E0,0.E0));
#332=LINE('',#331,#330);
#333=DIRECTION('',(9.999106025635E-1,-1.337112116362E-2,0.E0));
#334=VECTOR('',#333,1.101290943715E0);
#335=CARTESIAN_POINT('',(-1.372773034148E1,-7.275209532191E0,0.E0));
#336=LINE('',#335,#334);
#337=DIRECTION('',(8.660254037845E-1,5.E-1,0.E0));
#338=VECTOR('',#337,7.987005367099E-2);
#339=CARTESIAN_POINT('',(-1.262653785036E1,-7.289935026835E0,0.E0));
#340=LINE('',#339,#338);
#341=DIRECTION('',(-5.185338611767E-1,-8.550570944757E-1,0.E0));
#342=VECTOR('',#341,1.170633461084E0);
#343=CARTESIAN_POINT('',(-1.255736835487E1,-7.25E0,0.E0));
#344=LINE('',#343,#342);
#345=DIRECTION('',(5.446390350150E-1,-8.386705679454E-1,0.E0));
#346=VECTOR('',#345,5.E-1);
#347=CARTESIAN_POINT('',(-1.316438144347E1,-8.250958445931E0,0.E0));
#348=LINE('',#347,#346);
#349=DIRECTION('',(9.958306504076E-1,9.122124592815E-2,0.E0));
#350=VECTOR('',#349,1.101290943715E0);
#351=CARTESIAN_POINT('',(-1.289206192597E1,-8.670293729903E0,0.E0));
#352=LINE('',#351,#350);
#353=DIRECTION('',(8.090169943749E-1,5.877852522925E-1,0.E0));
#354=VECTOR('',#353,7.987005367100E-2);
#355=CARTESIAN_POINT('',(-1.179536264920E1,-8.569832597888E0,0.E0));
#356=LINE('',#355,#354);
#357=DIRECTION('',(-4.263154743384E-1,-9.045745499071E-1,0.E0));
#358=VECTOR('',#357,1.170633461084E0);
#359=CARTESIAN_POINT('',(-1.173074641844E1,-8.522886158241E0,0.E0));
#360=LINE('',#359,#358);
#361=DIRECTION('',(6.293203910498E-1,-7.771459614570E-1,0.E0));
#362=VECTOR('',#361,5.E-1);
#363=CARTESIAN_POINT('',(-1.222980557768E1,-9.581811394407E0,0.E0));
#364=LINE('',#363,#362);
#365=DIRECTION('',(9.808401692550E-1,1.948141739603E-1,0.E0));
#366=VECTOR('',#365,1.101290943715E0);
#367=CARTESIAN_POINT('',(-1.191514538215E1,-9.970384375136E0,0.E0));
#368=LINE('',#367,#366);
#369=DIRECTION('',(7.431448254774E-1,6.691306063589E-1,0.E0));
#370=VECTOR('',#369,7.987005367099E-2);
#371=CARTESIAN_POINT('',(-1.083495498652E1,-9.755837289646E0,0.E0));
#372=LINE('',#371,#370);
#373=DIRECTION('',(-3.294262859510E-1,-9.441812972753E-1,0.E0));
#374=VECTOR('',#373,1.170633461084E0);
#375=CARTESIAN_POINT('',(-1.077559996942E1,-9.702393792203E0,0.E0));
#376=LINE('',#375,#374);
#377=DIRECTION('',(7.071067811865E-1,-7.071067811865E-1,0.E0));
#378=VECTOR('',#377,5.E-1);
#379=CARTESIAN_POINT('',(-1.116123740272E1,-1.080768401212E1,0.E0));
#380=LINE('',#379,#378);
#381=DIRECTION('',(9.551033979540E-1,2.962726771350E-1,0.E0));
#382=VECTOR('',#381,1.101290943715E0);
#383=CARTESIAN_POINT('',(-1.080768401212E1,-1.116123740272E1,0.E0));
#384=LINE('',#383,#382);
#385=DIRECTION('',(6.691306063589E-1,7.431448254774E-1,0.E0));
#386=VECTOR('',#385,7.987005367099E-2);
#387=CARTESIAN_POINT('',(-9.755837289646E0,-1.083495498652E1,0.E0));
#388=LINE('',#387,#386);
#389=DIRECTION('',(-2.289278342379E-1,-9.734433967680E-1,0.E0));
#390=VECTOR('',#389,1.170633461084E0);
#391=CARTESIAN_POINT('',(-9.702393792203E0,-1.077559996942E1,0.E0));
#392=LINE('',#391,#390);
#393=DIRECTION('',(7.771459614570E-1,-6.293203910498E-1,0.E0));
#394=VECTOR('',#393,5.E-1);
#395=CARTESIAN_POINT('',(-9.970384375136E0,-1.191514538215E1,0.E0));
#396=LINE('',#395,#394);
#397=DIRECTION('',(9.189023139568E-1,3.944851548600E-1,0.E0));
#398=VECTOR('',#397,1.101290943715E0);
#399=CARTESIAN_POINT('',(-9.581811394407E0,-1.222980557768E1,0.E0));
#400=LINE('',#399,#398);
#401=DIRECTION('',(5.877852522925E-1,8.090169943750E-1,0.E0));
#402=VECTOR('',#401,7.987005367100E-2);
#403=CARTESIAN_POINT('',(-8.569832597888E0,-1.179536264920E1,0.E0));
#404=LINE('',#403,#402);
#405=DIRECTION('',(-1.259212012666E-1,-9.920402466995E-1,0.E0));
#406=VECTOR('',#405,1.170633461084E0);
#407=CARTESIAN_POINT('',(-8.522886158241E0,-1.173074641844E1,0.E0));
#408=LINE('',#407,#406);
#409=DIRECTION('',(8.386705679454E-1,-5.446390350150E-1,0.E0));
#410=VECTOR('',#409,5.E-1);
#411=CARTESIAN_POINT('',(-8.670293729903E0,-1.289206192597E1,0.E0));
#412=LINE('',#411,#410);
#413=DIRECTION('',(8.726335439152E-1,4.883755706770E-1,0.E0));
#414=VECTOR('',#413,1.101290943715E0);
#415=CARTESIAN_POINT('',(-8.250958445931E0,-1.316438144347E1,0.E0));
#416=LINE('',#415,#414);
#417=DIRECTION('',(5.E-1,8.660254037844E-1,0.E0));
#418=VECTOR('',#417,7.987005367100E-2);
#419=CARTESIAN_POINT('',(-7.289935026835E0,-1.262653785036E1,0.E0));
#420=LINE('',#419,#418);
#421=DIRECTION('',(-2.153494926356E-2,-9.997680960904E-1,0.E0));
#422=VECTOR('',#421,1.170633461084E0);
#423=CARTESIAN_POINT('',(-7.25E0,-1.255736835487E1,0.E0));
#424=LINE('',#423,#422);
#425=DIRECTION('',(8.910065241884E-1,-4.539904997395E-1,0.E0));
#426=VECTOR('',#425,5.E-1);
#427=CARTESIAN_POINT('',(-7.275209532191E0,-1.372773034148E1,0.E0));
#428=LINE('',#427,#426);
#429=DIRECTION('',(8.168040181561E-1,5.769152415425E-1,0.E0));
#430=VECTOR('',#429,1.101290943715E0);
#431=CARTESIAN_POINT('',(-6.829706270096E0,-1.395472559135E1,0.E0));
#432=LINE('',#431,#430);
#433=DIRECTION('',(4.067366430758E-1,9.135454576426E-1,0.E0));
#434=VECTOR('',#433,7.987005367099E-2);
#435=CARTESIAN_POINT('',(-5.930167402112E0,-1.331937406055E1,0.E0));
#436=LINE('',#435,#434);
#437=DIRECTION('',(8.308724415010E-2,-9.965422770056E-1,0.E0));
#438=VECTOR('',#437,1.170633461084E0);
#439=CARTESIAN_POINT('',(-5.897681324599E0,-1.324640913582E1,0.E0));
#440=LINE('',#439,#438);
#441=DIRECTION('',(9.335804264972E-1,-3.583679495453E-1,0.E0));
#442=VECTOR('',#441,5.E-1);
#443=CARTESIAN_POINT('',(-5.800416616408E0,-1.441299487067E1,0.E0));
#444=LINE('',#443,#442);
#445=DIRECTION('',(7.520254166469E-1,6.591341082944E-1,0.E0));
#446=VECTOR('',#445,1.101290943715E0);
#447=CARTESIAN_POINT('',(-5.333626403159E0,-1.459217884544E1,0.E0));
#448=LINE('',#447,#446);
#449=DIRECTION('',(3.090169943750E-1,9.510565162952E-1,0.E0));
#450=VECTOR('',#449,7.987005367100E-2);
#451=CARTESIAN_POINT('',(-4.505427622363E0,-1.386628042128E1,0.E0));
#452=LINE('',#451,#450);
#453=DIRECTION('',(1.867991163297E-1,-9.823981321941E-1,0.E0));
#454=VECTOR('',#453,1.170633461084E0);
#455=CARTESIAN_POINT('',(-4.480746418437E0,-1.379031948628E1,0.E0));
#456=LINE('',#455,#454);
#457=DIRECTION('',(9.659258262891E-1,-2.588190451025E-1,0.E0));
#458=VECTOR('',#457,5.E-1);
#459=CARTESIAN_POINT('',(-4.262073122360E0,-1.494034761193E1,0.E0));
#460=LINE('',#459,#458);
#461=DIRECTION('',(6.790074673015E-1,7.341313638231E-1,0.E0));
#462=VECTOR('',#461,1.101290943715E0);
#463=CARTESIAN_POINT('',(-3.779110209216E0,-1.506975713448E1,0.E0));
#464=LINE('',#463,#462);
#465=DIRECTION('',(2.079116908178E-1,9.781476007338E-1,0.E0));
#466=VECTOR('',#465,7.987005367100E-2);
#467=CARTESIAN_POINT('',(-3.031325434762E0,-1.426126491201E1,0.E0));
#468=LINE('',#467,#466);
#469=DIRECTION('',(2.884643783006E-1,-9.574906278662E-1,0.E0));
#470=VECTOR('',#469,1.170633461084E0);
#471=CARTESIAN_POINT('',(-3.014719516858E0,-1.418314021064E1,0.E0));
#472=LINE('',#471,#470);
#473=DIRECTION('',(9.876883405951E-1,-1.564344650402E-1,0.E0));
#474=VECTOR('',#473,5.E-1);
#475=CARTESIAN_POINT('',(-2.677033463288E0,-1.530401077830E1,0.E0));
#476=LINE('',#475,#474);
#477=DIRECTION('',(5.985501700529E-1,8.010853225029E-1,0.E0));
#478=VECTOR('',#477,1.101290943715E0);
#479=CARTESIAN_POINT('',(-2.183189292990E0,-1.538222801082E1,0.E0));
#480=LINE('',#479,#478);
#481=DIRECTION('',(1.045284632677E-1,9.945218953683E-1,0.E0));
#482=VECTOR('',#481,7.987005367099E-2);
#483=CARTESIAN_POINT('',(-1.524011411352E0,-1.45E1,0.E0));
#484=LINE('',#483,#482);
#485=DIRECTION('',(3.869691641778E-1,-9.220926558516E-1,0.E0));
#486=VECTOR('',#485,1.170633461084E0);
#487=CARTESIAN_POINT('',(-1.515662717381E0,-1.442056748284E1,0.E0));
#488=LINE('',#487,#486);
#489=DIRECTION('',(9.986295347546E-1,-5.233595624295E-2,0.E0));
#490=VECTOR('',#489,5.E-1);
#491=CARTESIAN_POINT('',(-1.062663665387E0,-1.55E1,0.E0));
#492=LINE('',#491,#490);
#493=DIRECTION('',(5.115350318865E-1,8.592624227516E-1,0.E0));
#494=VECTOR('',#493,1.101290943715E0);
#495=CARTESIAN_POINT('',(-5.633488980093E-1,-1.552616797812E1,0.E0));
#496=LINE('',#495,#494);
#497=DIRECTION('',(4.812342349137E-1,-8.765920437393E-1,0.E0));
#498=VECTOR('',#497,1.170633461084E0);
#499=CARTESIAN_POINT('',(0.E0,-1.45E1,0.E0));
#500=LINE('',#499,#498);
#501=DIRECTION('',(9.986295347546E-1,5.233595624293E-2,0.E0));
#502=VECTOR('',#501,5.E-1);
#503=CARTESIAN_POINT('',(5.633488980093E-1,-1.552616797812E1,0.E0));
#504=LINE('',#503,#502);
#505=DIRECTION('',(4.189154088652E-1,9.080252640843E-1,0.E0));
#506=VECTOR('',#505,1.101290943715E0);
#507=CARTESIAN_POINT('',(1.062663665387E0,-1.55E1,0.E0));
#508=LINE('',#507,#506);
#509=DIRECTION('',(-1.045284632676E-1,9.945218953683E-1,0.E0));
#510=VECTOR('',#509,7.987005367100E-2);
#511=CARTESIAN_POINT('',(1.524011411352E0,-1.45E1,0.E0));
#512=LINE('',#511,#510);
#513=DIRECTION('',(5.702268026672E-1,-8.214873057570E-1,0.E0));
#514=VECTOR('',#513,1.170633461084E0);
#515=CARTESIAN_POINT('',(1.515662717381E0,-1.442056748284E1,0.E0));
#516=LINE('',#515,#514);
#517=DIRECTION('',(9.876883405951E-1,1.564344650402E-1,0.E0));
#518=VECTOR('',#517,5.E-1);
#519=CARTESIAN_POINT('',(2.183189292990E0,-1.538222801082E1,0.E0));
#520=LINE('',#519,#518);
#521=DIRECTION('',(3.217060609606E-1,9.468395906072E-1,0.E0));
#522=VECTOR('',#521,1.101290943715E0);
#523=CARTESIAN_POINT('',(2.677033463288E0,-1.530401077829E1,0.E0));
#524=LINE('',#523,#522);
#525=DIRECTION('',(-2.079116908178E-1,9.781476007338E-1,0.E0));
#526=VECTOR('',#525,7.987005367100E-2);
#527=CARTESIAN_POINT('',(3.031325434762E0,-1.426126491201E1,0.E0));
#528=LINE('',#527,#526);
#529=DIRECTION('',(6.529718462431E-1,-7.573821809456E-1,0.E0));
#530=VECTOR('',#529,1.170633461084E0);
#531=CARTESIAN_POINT('',(3.014719516858E0,-1.418314021064E1,0.E0));
#532=LINE('',#531,#530);
#533=DIRECTION('',(9.659258262891E-1,2.588190451025E-1,0.E0));
#534=VECTOR('',#533,5.E-1);
#535=CARTESIAN_POINT('',(3.779110209216E0,-1.506975713448E1,0.E0));
#536=LINE('',#535,#534);
#537=DIRECTION('',(2.209720341309E-1,9.752801444365E-1,0.E0));
#538=VECTOR('',#537,1.101290943715E0);
#539=CARTESIAN_POINT('',(4.262073122360E0,-1.494034761193E1,0.E0));
#540=LINE('',#539,#538);
#541=DIRECTION('',(-3.090169943750E-1,9.510565162952E-1,0.E0));
#542=VECTOR('',#541,7.987005367098E-2);
#543=CARTESIAN_POINT('',(4.505427622363E0,-1.386628042128E1,0.E0));
#544=LINE('',#543,#542);
#545=DIRECTION('',(7.285627936283E-1,-6.849790184673E-1,0.E0));
#546=VECTOR('',#545,1.170633461084E0);
#547=CARTESIAN_POINT('',(4.480746418437E0,-1.379031948628E1,0.E0));
#548=LINE('',#547,#546);
#549=DIRECTION('',(9.335804264972E-1,3.583679495453E-1,0.E0));
#550=VECTOR('',#549,5.E-1);
#551=CARTESIAN_POINT('',(5.333626403159E0,-1.459217884544E1,0.E0));
#552=LINE('',#551,#550);
#553=DIRECTION('',(1.178169914538E-1,9.930353249128E-1,0.E0));
#554=VECTOR('',#553,1.101290943715E0);
#555=CARTESIAN_POINT('',(5.800416616408E0,-1.441299487067E1,0.E0));
#556=LINE('',#555,#554);
#557=DIRECTION('',(-4.067366430758E-1,9.135454576426E-1,0.E0));
#558=VECTOR('',#557,7.987005367100E-2);
#559=CARTESIAN_POINT('',(5.930167402112E0,-1.331937406055E1,0.E0));
#560=LINE('',#559,#558);
#561=DIRECTION('',(7.961714545850E-1,-6.050710825217E-1,0.E0));
#562=VECTOR('',#561,1.170633461084E0);
#563=CARTESIAN_POINT('',(5.897681324599E0,-1.324640913582E1,0.E0));
#564=LINE('',#563,#562);
#565=DIRECTION('',(8.910065241884E-1,4.539904997395E-1,0.E0));
#566=VECTOR('',#565,5.E-1);
#567=CARTESIAN_POINT('',(6.829706270097E0,-1.395472559135E1,0.E0));
#568=LINE('',#567,#566);
#569=DIRECTION('',(1.337112116362E-2,9.999106025635E-1,0.E0));
#570=VECTOR('',#569,1.101290943715E0);
#571=CARTESIAN_POINT('',(7.275209532191E0,-1.372773034148E1,0.E0));
#572=LINE('',#571,#570);
#573=DIRECTION('',(-5.E-1,8.660254037845E-1,0.E0));
#574=VECTOR('',#573,7.987005367100E-2);
#575=CARTESIAN_POINT('',(7.289935026835E0,-1.262653785036E1,0.E0));
#576=LINE('',#575,#574);
#577=DIRECTION('',(8.550570944757E-1,-5.185338611767E-1,0.E0));
#578=VECTOR('',#577,1.170633461084E0);
#579=CARTESIAN_POINT('',(7.25E0,-1.255736835487E1,0.E0));
#580=LINE('',#579,#578);
#581=DIRECTION('',(8.386705679454E-1,5.446390350150E-1,0.E0));
#582=VECTOR('',#581,5.E-1);
#583=CARTESIAN_POINT('',(8.250958445931E0,-1.316438144347E1,0.E0));
#584=LINE('',#583,#582);
#585=DIRECTION('',(-9.122124592815E-2,9.958306504076E-1,0.E0));
#586=VECTOR('',#585,1.101290943715E0);
#587=CARTESIAN_POINT('',(8.670293729904E0,-1.289206192597E1,0.E0));
#588=LINE('',#587,#586);
#589=DIRECTION('',(-5.877852522924E-1,8.090169943750E-1,0.E0));
#590=VECTOR('',#589,7.987005367099E-2);
#591=CARTESIAN_POINT('',(8.569832597888E0,-1.179536264920E1,0.E0));
#592=LINE('',#591,#590);
#593=DIRECTION('',(9.045745499071E-1,-4.263154743384E-1,0.E0));
#594=VECTOR('',#593,1.170633461084E0);
#595=CARTESIAN_POINT('',(8.522886158241E0,-1.173074641844E1,0.E0));
#596=LINE('',#595,#594);
#597=DIRECTION('',(7.771459614570E-1,6.293203910498E-1,0.E0));
#598=VECTOR('',#597,5.E-1);
#599=CARTESIAN_POINT('',(9.581811394407E0,-1.222980557768E1,0.E0));
#600=LINE('',#599,#598);
#601=DIRECTION('',(-1.948141739603E-1,9.808401692550E-1,0.E0));
#602=VECTOR('',#601,1.101290943715E0);
#603=CARTESIAN_POINT('',(9.970384375136E0,-1.191514538215E1,0.E0));
#604=LINE('',#603,#602);
#605=DIRECTION('',(-6.691306063589E-1,7.431448254774E-1,0.E0));
#606=VECTOR('',#605,7.987005367099E-2);
#607=CARTESIAN_POINT('',(9.755837289646E0,-1.083495498652E1,0.E0));
#608=LINE('',#607,#606);
#609=DIRECTION('',(9.441812972753E-1,-3.294262859510E-1,0.E0));
#610=VECTOR('',#609,1.170633461084E0);
#611=CARTESIAN_POINT('',(9.702393792203E0,-1.077559996942E1,0.E0));
#612=LINE('',#611,#610);
#613=DIRECTION('',(7.071067811865E-1,7.071067811865E-1,0.E0));
#614=VECTOR('',#613,5.E-1);
#615=CARTESIAN_POINT('',(1.080768401212E1,-1.116123740272E1,0.E0));
#616=LINE('',#615,#614);
#617=DIRECTION('',(-2.962726771350E-1,9.551033979540E-1,0.E0));
#618=VECTOR('',#617,1.101290943715E0);
#619=CARTESIAN_POINT('',(1.116123740272E1,-1.080768401212E1,0.E0));
#620=LINE('',#619,#618);
#621=DIRECTION('',(-7.431448254774E-1,6.691306063589E-1,0.E0));
#622=VECTOR('',#621,7.987005367100E-2);
#623=CARTESIAN_POINT('',(1.083495498652E1,-9.755837289646E0,0.E0));
#624=LINE('',#623,#622);
#625=DIRECTION('',(9.734433967680E-1,-2.289278342379E-1,0.E0));
#626=VECTOR('',#625,1.170633461084E0);
#627=CARTESIAN_POINT('',(1.077559996942E1,-9.702393792203E0,0.E0));
#628=LINE('',#627,#626);
#629=DIRECTION('',(6.293203910498E-1,7.771459614570E-1,0.E0));
#630=VECTOR('',#629,5.E-1);
#631=CARTESIAN_POINT('',(1.191514538215E1,-9.970384375136E0,0.E0));
#632=LINE('',#631,#630);
#633=DIRECTION('',(-3.944851548600E-1,9.189023139568E-1,0.E0));
#634=VECTOR('',#633,1.101290943715E0);
#635=CARTESIAN_POINT('',(1.222980557768E1,-9.581811394407E0,0.E0));
#636=LINE('',#635,#634);
#637=DIRECTION('',(-8.090169943750E-1,5.877852522925E-1,0.E0));
#638=VECTOR('',#637,7.987005367099E-2);
#639=CARTESIAN_POINT('',(1.179536264920E1,-8.569832597888E0,0.E0));
#640=LINE('',#639,#638);
#641=DIRECTION('',(9.920402466995E-1,-1.259212012666E-1,0.E0));
#642=VECTOR('',#641,1.170633461084E0);
#643=CARTESIAN_POINT('',(1.173074641844E1,-8.522886158241E0,0.E0));
#644=LINE('',#643,#642);
#645=DIRECTION('',(5.446390350150E-1,8.386705679454E-1,0.E0));
#646=VECTOR('',#645,5.E-1);
#647=CARTESIAN_POINT('',(1.289206192597E1,-8.670293729903E0,0.E0));
#648=LINE('',#647,#646);
#649=DIRECTION('',(-4.883755706770E-1,8.726335439152E-1,0.E0));
#650=VECTOR('',#649,1.101290943715E0);
#651=CARTESIAN_POINT('',(1.316438144347E1,-8.250958445931E0,0.E0));
#652=LINE('',#651,#650);
#653=DIRECTION('',(-8.660254037844E-1,5.E-1,0.E0));
#654=VECTOR('',#653,7.987005367099E-2);
#655=CARTESIAN_POINT('',(1.262653785036E1,-7.289935026835E0,0.E0));
#656=LINE('',#655,#654);
#657=DIRECTION('',(9.997680960904E-1,-2.153494926357E-2,0.E0));
#658=VECTOR('',#657,1.170633461084E0);
#659=CARTESIAN_POINT('',(1.255736835487E1,-7.25E0,0.E0));
#660=LINE('',#659,#658);
#661=DIRECTION('',(4.539904997396E-1,8.910065241884E-1,0.E0));
#662=VECTOR('',#661,5.E-1);
#663=CARTESIAN_POINT('',(1.372773034148E1,-7.275209532191E0,0.E0));
#664=LINE('',#663,#662);
#665=DIRECTION('',(-5.769152415425E-1,8.168040181561E-1,0.E0));
#666=VECTOR('',#665,1.101290943715E0);
#667=CARTESIAN_POINT('',(1.395472559135E1,-6.829706270097E0,0.E0));
#668=LINE('',#667,#666);
#669=DIRECTION('',(-9.135454576426E-1,4.067366430758E-1,0.E0));
#670=VECTOR('',#669,7.987005367101E-2);
#671=CARTESIAN_POINT('',(1.331937406055E1,-5.930167402112E0,0.E0));
#672=LINE('',#671,#670);
#673=DIRECTION('',(9.965422770056E-1,8.308724415010E-2,0.E0));
#674=VECTOR('',#673,1.170633461084E0);
#675=CARTESIAN_POINT('',(1.324640913582E1,-5.897681324599E0,0.E0));
#676=LINE('',#675,#674);
#677=DIRECTION('',(3.583679495453E-1,9.335804264972E-1,0.E0));
#678=VECTOR('',#677,5.E-1);
#679=CARTESIAN_POINT('',(1.441299487067E1,-5.800416616408E0,0.E0));
#680=LINE('',#679,#678);
#681=DIRECTION('',(-6.591341082944E-1,7.520254166469E-1,0.E0));
#682=VECTOR('',#681,1.101290943715E0);
#683=CARTESIAN_POINT('',(1.459217884544E1,-5.333626403159E0,0.E0));
#684=LINE('',#683,#682);
#685=DIRECTION('',(-9.510565162952E-1,3.090169943749E-1,0.E0));
#686=VECTOR('',#685,7.987005367099E-2);
#687=CARTESIAN_POINT('',(1.386628042128E1,-4.505427622363E0,0.E0));
#688=LINE('',#687,#686);
#689=DIRECTION('',(9.823981321941E-1,1.867991163297E-1,0.E0));
#690=VECTOR('',#689,1.170633461084E0);
#691=CARTESIAN_POINT('',(1.379031948628E1,-4.480746418437E0,0.E0));
#692=LINE('',#691,#690);
#693=DIRECTION('',(2.588190451025E-1,9.659258262891E-1,0.E0));
#694=VECTOR('',#693,5.E-1);
#695=CARTESIAN_POINT('',(1.494034761193E1,-4.262073122360E0,0.E0));
#696=LINE('',#695,#694);
#697=DIRECTION('',(-7.341313638231E-1,6.790074673015E-1,0.E0));
#698=VECTOR('',#697,1.101290943715E0);
#699=CARTESIAN_POINT('',(1.506975713448E1,-3.779110209216E0,0.E0));
#700=LINE('',#699,#698);
#701=DIRECTION('',(-9.781476007338E-1,2.079116908177E-1,0.E0));
#702=VECTOR('',#701,7.987005367099E-2);
#703=CARTESIAN_POINT('',(1.426126491201E1,-3.031325434762E0,0.E0));
#704=LINE('',#703,#702);
#705=DIRECTION('',(9.574906278662E-1,2.884643783006E-1,0.E0));
#706=VECTOR('',#705,1.170633461084E0);
#707=CARTESIAN_POINT('',(1.418314021064E1,-3.014719516858E0,0.E0));
#708=LINE('',#707,#706);
#709=DIRECTION('',(1.564344650402E-1,9.876883405951E-1,0.E0));
#710=VECTOR('',#709,5.E-1);
#711=CARTESIAN_POINT('',(1.530401077829E1,-2.677033463288E0,0.E0));
#712=LINE('',#711,#710);
#713=DIRECTION('',(-8.010853225029E-1,5.985501700529E-1,0.E0));
#714=VECTOR('',#713,1.101290943715E0);
#715=CARTESIAN_POINT('',(1.538222801082E1,-2.183189292990E0,0.E0));
#716=LINE('',#715,#714);
#717=DIRECTION('',(-9.945218953683E-1,1.045284632677E-1,0.E0));
#718=VECTOR('',#717,7.987005367101E-2);
#719=CARTESIAN_POINT('',(1.45E1,-1.524011411352E0,0.E0));
#720=LINE('',#719,#718);
#721=DIRECTION('',(9.220926558516E-1,3.869691641778E-1,0.E0));
#722=VECTOR('',#721,1.170633461084E0);
#723=CARTESIAN_POINT('',(1.442056748284E1,-1.515662717381E0,0.E0));
#724=LINE('',#723,#722);
#725=DIRECTION('',(5.233595624295E-2,9.986295347546E-1,0.E0));
#726=VECTOR('',#725,5.E-1);
#727=CARTESIAN_POINT('',(1.55E1,-1.062663665387E0,0.E0));
#728=LINE('',#727,#726);
#729=DIRECTION('',(-8.592624227516E-1,5.115350318865E-1,0.E0));
#730=VECTOR('',#729,1.101290943715E0);
#731=CARTESIAN_POINT('',(1.552616797812E1,-5.633488980093E-1,0.E0));
#732=LINE('',#731,#730);
#733=DIRECTION('',(-1.E0,0.E0,0.E0));
#734=VECTOR('',#733,7.987005367099E-2);
#735=CARTESIAN_POINT('',(1.457987005367E1,0.E0,0.E0));
#736=LINE('',#735,#734);
#737=DIRECTION('',(8.765920437393E-1,4.812342349137E-1,0.E0));
#738=VECTOR('',#737,1.170633461084E0);
#739=CARTESIAN_POINT('',(1.45E1,0.E0,0.E0));
#740=LINE('',#739,#738);
#741=DIRECTION('',(-5.233595624293E-2,9.986295347546E-1,0.E0));
#742=VECTOR('',#741,5.E-1);
#743=CARTESIAN_POINT('',(1.552616797812E1,5.633488980093E-1,0.E0));
#744=LINE('',#743,#742);
#745=DIRECTION('',(-9.080252640843E-1,4.189154088652E-1,0.E0));
#746=VECTOR('',#745,1.101290943715E0);
#747=CARTESIAN_POINT('',(1.55E1,1.062663665387E0,0.E0));
#748=LINE('',#747,#746);
#749=DIRECTION('',(-9.945218953683E-1,-1.045284632677E-1,0.E0));
#750=VECTOR('',#749,7.987005367099E-2);
#751=CARTESIAN_POINT('',(1.45E1,1.524011411352E0,0.E0));
#752=LINE('',#751,#750);
#753=DIRECTION('',(8.214873057570E-1,5.702268026672E-1,0.E0));
#754=VECTOR('',#753,1.170633461084E0);
#755=CARTESIAN_POINT('',(1.442056748284E1,1.515662717381E0,0.E0));
#756=LINE('',#755,#754);
#757=DIRECTION('',(-1.564344650402E-1,9.876883405951E-1,0.E0));
#758=VECTOR('',#757,5.E-1);
#759=CARTESIAN_POINT('',(1.538222801082E1,2.183189292990E0,0.E0));
#760=LINE('',#759,#758);
#761=DIRECTION('',(-9.468395906072E-1,3.217060609606E-1,0.E0));
#762=VECTOR('',#761,1.101290943715E0);
#763=CARTESIAN_POINT('',(1.530401077830E1,2.677033463288E0,0.E0));
#764=LINE('',#763,#762);
#765=DIRECTION('',(-9.781476007338E-1,-2.079116908178E-1,0.E0));
#766=VECTOR('',#765,7.987005367101E-2);
#767=CARTESIAN_POINT('',(1.426126491201E1,3.031325434762E0,0.E0));
#768=LINE('',#767,#766);
#769=DIRECTION('',(7.573821809456E-1,6.529718462431E-1,0.E0));
#770=VECTOR('',#769,1.170633461084E0);
#771=CARTESIAN_POINT('',(1.418314021064E1,3.014719516857E0,0.E0));
#772=LINE('',#771,#770);
#773=DIRECTION('',(-2.588190451025E-1,9.659258262891E-1,0.E0));
#774=VECTOR('',#773,5.E-1);
#775=CARTESIAN_POINT('',(1.506975713448E1,3.779110209216E0,0.E0));
#776=LINE('',#775,#774);
#777=DIRECTION('',(-9.752801444365E-1,2.209720341309E-1,0.E0));
#778=VECTOR('',#777,1.101290943715E0);
#779=CARTESIAN_POINT('',(1.494034761193E1,4.262073122360E0,0.E0));
#780=LINE('',#779,#778);
#781=DIRECTION('',(-9.510565162951E-1,-3.090169943750E-1,0.E0));
#782=VECTOR('',#781,7.987005367099E-2);
#783=CARTESIAN_POINT('',(1.386628042128E1,4.505427622363E0,0.E0));
#784=LINE('',#783,#782);
#785=DIRECTION('',(6.849790184673E-1,7.285627936283E-1,0.E0));
#786=VECTOR('',#785,1.170633461084E0);
#787=CARTESIAN_POINT('',(1.379031948628E1,4.480746418437E0,0.E0));
#788=LINE('',#787,#786);
#789=DIRECTION('',(-3.583679495453E-1,9.335804264972E-1,0.E0));
#790=VECTOR('',#789,5.E-1);
#791=CARTESIAN_POINT('',(1.459217884544E1,5.333626403159E0,0.E0));
#792=LINE('',#791,#790);
#793=DIRECTION('',(-9.930353249128E-1,1.178169914538E-1,0.E0));
#794=VECTOR('',#793,1.101290943715E0);
#795=CARTESIAN_POINT('',(1.441299487067E1,5.800416616408E0,0.E0));
#796=LINE('',#795,#794);
#797=DIRECTION('',(-9.135454576426E-1,-4.067366430758E-1,0.E0));
#798=VECTOR('',#797,7.987005367099E-2);
#799=CARTESIAN_POINT('',(1.331937406055E1,5.930167402112E0,0.E0));
#800=LINE('',#799,#798);
#801=DIRECTION('',(6.050710825217E-1,7.961714545850E-1,0.E0));
#802=VECTOR('',#801,1.170633461084E0);
#803=CARTESIAN_POINT('',(1.324640913582E1,5.897681324599E0,0.E0));
#804=LINE('',#803,#802);
#805=DIRECTION('',(-4.539904997395E-1,8.910065241884E-1,0.E0));
#806=VECTOR('',#805,5.E-1);
#807=CARTESIAN_POINT('',(1.395472559135E1,6.829706270096E0,0.E0));
#808=LINE('',#807,#806);
#809=DIRECTION('',(-9.999106025635E-1,1.337112116362E-2,0.E0));
#810=VECTOR('',#809,1.101290943715E0);
#811=CARTESIAN_POINT('',(1.372773034148E1,7.275209532191E0,0.E0));
#812=LINE('',#811,#810);
#813=DIRECTION('',(-8.660254037844E-1,-5.E-1,0.E0));
#814=VECTOR('',#813,7.987005367101E-2);
#815=CARTESIAN_POINT('',(1.262653785036E1,7.289935026835E0,0.E0));
#816=LINE('',#815,#814);
#817=DIRECTION('',(5.185338611767E-1,8.550570944757E-1,0.E0));
#818=VECTOR('',#817,1.170633461084E0);
#819=CARTESIAN_POINT('',(1.255736835487E1,7.25E0,0.E0));
#820=LINE('',#819,#818);
#821=DIRECTION('',(-5.446390350150E-1,8.386705679454E-1,0.E0));
#822=VECTOR('',#821,5.E-1);
#823=CARTESIAN_POINT('',(1.316438144347E1,8.250958445931E0,0.E0));
#824=LINE('',#823,#822);
#825=DIRECTION('',(-9.958306504076E-1,-9.122124592815E-2,0.E0));
#826=VECTOR('',#825,1.101290943715E0);
#827=CARTESIAN_POINT('',(1.289206192597E1,8.670293729904E0,0.E0));
#828=LINE('',#827,#826);
#829=DIRECTION('',(-8.090169943750E-1,-5.877852522925E-1,0.E0));
#830=VECTOR('',#829,7.987005367099E-2);
#831=CARTESIAN_POINT('',(1.179536264920E1,8.569832597888E0,0.E0));
#832=LINE('',#831,#830);
#833=DIRECTION('',(4.263154743384E-1,9.045745499071E-1,0.E0));
#834=VECTOR('',#833,1.170633461084E0);
#835=CARTESIAN_POINT('',(1.173074641844E1,8.522886158241E0,0.E0));
#836=LINE('',#835,#834);
#837=DIRECTION('',(-6.293203910498E-1,7.771459614570E-1,0.E0));
#838=VECTOR('',#837,5.E-1);
#839=CARTESIAN_POINT('',(1.222980557768E1,9.581811394407E0,0.E0));
#840=LINE('',#839,#838);
#841=DIRECTION('',(-9.808401692550E-1,-1.948141739603E-1,0.E0));
#842=VECTOR('',#841,1.101290943715E0);
#843=CARTESIAN_POINT('',(1.191514538215E1,9.970384375136E0,0.E0));
#844=LINE('',#843,#842);
#845=DIRECTION('',(-7.431448254774E-1,-6.691306063588E-1,0.E0));
#846=VECTOR('',#845,7.987005367099E-2);
#847=CARTESIAN_POINT('',(1.083495498652E1,9.755837289646E0,0.E0));
#848=LINE('',#847,#846);
#849=DIRECTION('',(3.294262859510E-1,9.441812972753E-1,0.E0));
#850=VECTOR('',#849,1.170633461084E0);
#851=CARTESIAN_POINT('',(1.077559996942E1,9.702393792203E0,0.E0));
#852=LINE('',#851,#850);
#853=DIRECTION('',(-7.071067811865E-1,7.071067811865E-1,0.E0));
#854=VECTOR('',#853,5.E-1);
#855=CARTESIAN_POINT('',(1.116123740272E1,1.080768401212E1,0.E0));
#856=LINE('',#855,#854);
#857=DIRECTION('',(-9.551033979540E-1,-2.962726771350E-1,0.E0));
#858=VECTOR('',#857,1.101290943715E0);
#859=CARTESIAN_POINT('',(1.080768401212E1,1.116123740272E1,0.E0));
#860=LINE('',#859,#858);
#861=DIRECTION('',(-6.691306063589E-1,-7.431448254774E-1,0.E0));
#862=VECTOR('',#861,7.987005367102E-2);
#863=CARTESIAN_POINT('',(9.755837289646E0,1.083495498652E1,0.E0));
#864=LINE('',#863,#862);
#865=DIRECTION('',(2.289278342379E-1,9.734433967680E-1,0.E0));
#866=VECTOR('',#865,1.170633461084E0);
#867=CARTESIAN_POINT('',(9.702393792203E0,1.077559996942E1,0.E0));
#868=LINE('',#867,#866);
#869=DIRECTION('',(-7.771459614570E-1,6.293203910498E-1,0.E0));
#870=VECTOR('',#869,5.E-1);
#871=CARTESIAN_POINT('',(9.970384375136E0,1.191514538215E1,0.E0));
#872=LINE('',#871,#870);
#873=DIRECTION('',(-9.189023139568E-1,-3.944851548600E-1,0.E0));
#874=VECTOR('',#873,1.101290943715E0);
#875=CARTESIAN_POINT('',(9.581811394407E0,1.222980557768E1,0.E0));
#876=LINE('',#875,#874);
#877=DIRECTION('',(-5.877852522925E-1,-8.090169943749E-1,0.E0));
#878=VECTOR('',#877,7.987005367099E-2);
#879=CARTESIAN_POINT('',(8.569832597888E0,1.179536264920E1,0.E0));
#880=LINE('',#879,#878);
#881=DIRECTION('',(1.259212012666E-1,9.920402466995E-1,0.E0));
#882=VECTOR('',#881,1.170633461084E0);
#883=CARTESIAN_POINT('',(8.522886158241E0,1.173074641844E1,0.E0));
#884=LINE('',#883,#882);
#885=DIRECTION('',(-8.386705679454E-1,5.446390350150E-1,0.E0));
#886=VECTOR('',#885,5.E-1);
#887=CARTESIAN_POINT('',(8.670293729903E0,1.289206192597E1,0.E0));
#888=LINE('',#887,#886);
#889=DIRECTION('',(-8.726335439152E-1,-4.883755706770E-1,0.E0));
#890=VECTOR('',#889,1.101290943715E0);
#891=CARTESIAN_POINT('',(8.250958445931E0,1.316438144347E1,0.E0));
#892=LINE('',#891,#890);
#893=DIRECTION('',(-5.E-1,-8.660254037844E-1,0.E0));
#894=VECTOR('',#893,7.987005367100E-2);
#895=CARTESIAN_POINT('',(7.289935026836E0,1.262653785036E1,0.E0));
#896=LINE('',#895,#894);
#897=DIRECTION('',(2.153494926357E-2,9.997680960904E-1,0.E0));
#898=VECTOR('',#897,1.170633461084E0);
#899=CARTESIAN_POINT('',(7.25E0,1.255736835487E1,0.E0));
#900=LINE('',#899,#898);
#901=DIRECTION('',(-8.910065241884E-1,4.539904997396E-1,0.E0));
#902=VECTOR('',#901,5.E-1);
#903=CARTESIAN_POINT('',(7.275209532191E0,1.372773034148E1,0.E0));
#904=LINE('',#903,#902);
#905=DIRECTION('',(-8.168040181561E-1,-5.769152415425E-1,0.E0));
#906=VECTOR('',#905,1.101290943715E0);
#907=CARTESIAN_POINT('',(6.829706270097E0,1.395472559135E1,0.E0));
#908=LINE('',#907,#906);
#909=DIRECTION('',(-4.067366430758E-1,-9.135454576426E-1,0.E0));
#910=VECTOR('',#909,7.987005367101E-2);
#911=CARTESIAN_POINT('',(5.930167402112E0,1.331937406055E1,0.E0));
#912=LINE('',#911,#910);
#913=DIRECTION('',(-8.308724415010E-2,9.965422770056E-1,0.E0));
#914=VECTOR('',#913,1.170633461084E0);
#915=CARTESIAN_POINT('',(5.897681324599E0,1.324640913582E1,0.E0));
#916=LINE('',#915,#914);
#917=DIRECTION('',(-9.335804264972E-1,3.583679495453E-1,0.E0));
#918=VECTOR('',#917,5.E-1);
#919=CARTESIAN_POINT('',(5.800416616408E0,1.441299487067E1,0.E0));
#920=LINE('',#919,#918);
#921=DIRECTION('',(-7.520254166469E-1,-6.591341082944E-1,0.E0));
#922=VECTOR('',#921,1.101290943715E0);
#923=CARTESIAN_POINT('',(5.333626403159E0,1.459217884544E1,0.E0));
#924=LINE('',#923,#922);
#925=DIRECTION('',(-3.090169943750E-1,-9.510565162952E-1,0.E0));
#926=VECTOR('',#925,7.987005367098E-2);
#927=CARTESIAN_POINT('',(4.505427622363E0,1.386628042128E1,0.E0));
#928=LINE('',#927,#926);
#929=DIRECTION('',(-1.867991163297E-1,9.823981321941E-1,0.E0));
#930=VECTOR('',#929,1.170633461084E0);
#931=CARTESIAN_POINT('',(4.480746418437E0,1.379031948628E1,0.E0));
#932=LINE('',#931,#930);
#933=DIRECTION('',(-9.659258262891E-1,2.588190451025E-1,0.E0));
#934=VECTOR('',#933,5.E-1);
#935=CARTESIAN_POINT('',(4.262073122360E0,1.494034761193E1,0.E0));
#936=LINE('',#935,#934);
#937=DIRECTION('',(-6.790074673015E-1,-7.341313638231E-1,0.E0));
#938=VECTOR('',#937,1.101290943715E0);
#939=CARTESIAN_POINT('',(3.779110209216E0,1.506975713448E1,0.E0));
#940=LINE('',#939,#938);
#941=DIRECTION('',(-2.079116908178E-1,-9.781476007338E-1,0.E0));
#942=VECTOR('',#941,7.987005367099E-2);
#943=CARTESIAN_POINT('',(3.031325434762E0,1.426126491201E1,0.E0));
#944=LINE('',#943,#942);
#945=DIRECTION('',(-2.884643783006E-1,9.574906278662E-1,0.E0));
#946=VECTOR('',#945,1.170633461084E0);
#947=CARTESIAN_POINT('',(3.014719516858E0,1.418314021064E1,0.E0));
#948=LINE('',#947,#946);
#949=DIRECTION('',(-9.876883405951E-1,1.564344650402E-1,0.E0));
#950=VECTOR('',#949,5.E-1);
#951=CARTESIAN_POINT('',(2.677033463288E0,1.530401077829E1,0.E0));
#952=LINE('',#951,#950);
#953=DIRECTION('',(-5.985501700529E-1,-8.010853225029E-1,0.E0));
#954=VECTOR('',#953,1.101290943715E0);
#955=CARTESIAN_POINT('',(2.183189292990E0,1.538222801082E1,0.E0));
#956=LINE('',#955,#954);
#957=CARTESIAN_POINT('',(0.E0,0.E0,0.E0));
#958=DIRECTION('',(0.E0,0.E0,1.E0));
#959=DIRECTION('',(0.E0,-1.E0,0.E0));
#960=AXIS2_PLACEMENT_3D('',#957,#958,#959);
#962=CARTESIAN_POINT('',(0.E0,0.E0,0.E0));
#963=DIRECTION('',(0.E0,0.E0,1.E0));
#964=DIRECTION('',(0.E0,1.E0,0.E0));
#965=AXIS2_PLACEMENT_3D('',#962,#963,#964);
#967=DIRECTION('',(0.E0,0.E0,1.E0));
#968=VECTOR('',#967,4.E0);
#969=CARTESIAN_POINT('',(1.515662717381E0,1.442056748284E1,0.E0));
#970=LINE('',#969,#968);
#971=DIRECTION('',(0.E0,0.E0,1.E0));
#972=VECTOR('',#971,4.E0);
#973=CARTESIAN_POINT('',(1.524011411352E0,1.45E1,0.E0));
#974=LINE('',#973,#972);
#975=DIRECTION('',(-4.812342349137E-1,8.765920437393E-1,0.E0));
#976=VECTOR('',#975,1.170633461084E0);
#977=CARTESIAN_POINT('',(0.E0,1.45E1,4.E0));
#978=LINE('',#977,#976);
#979=DIRECTION('',(0.E0,-1.E0,0.E0));
#980=VECTOR('',#979,7.987005367099E-2);
#981=CARTESIAN_POINT('',(0.E0,1.457987005367E1,4.E0));
#982=LINE('',#981,#980);
#983=DIRECTION('',(-5.115350318865E-1,-8.592624227516E-1,0.E0));
#984=VECTOR('',#983,1.101290943715E0);
#985=CARTESIAN_POINT('',(5.633488980093E-1,1.552616797812E1,4.E0));
#986=LINE('',#985,#984);
#987=DIRECTION('',(-9.986295347546E-1,5.233595624294E-2,0.E0));
#988=VECTOR('',#987,5.E-1);
#989=CARTESIAN_POINT('',(1.062663665387E0,1.55E1,4.E0));
#990=LINE('',#989,#988);
#991=DIRECTION('',(-3.869691641778E-1,9.220926558516E-1,0.E0));
#992=VECTOR('',#991,1.170633461084E0);
#993=CARTESIAN_POINT('',(1.515662717381E0,1.442056748284E1,4.E0));
#994=LINE('',#993,#992);
#995=DIRECTION('',(-1.045284632676E-1,-9.945218953683E-1,0.E0));
#996=VECTOR('',#995,7.987005367101E-2);
#997=CARTESIAN_POINT('',(1.524011411352E0,1.45E1,4.E0));
#998=LINE('',#997,#996);
#999=DIRECTION('',(-5.985501700529E-1,-8.010853225029E-1,0.E0));
#1000=VECTOR('',#999,1.101290943715E0);
#1001=CARTESIAN_POINT('',(2.183189292990E0,1.538222801082E1,4.E0));
#1002=LINE('',#1001,#1000);
#1003=DIRECTION('',(-9.876883405951E-1,1.564344650402E-1,0.E0));
#1004=VECTOR('',#1003,5.E-1);
#1005=CARTESIAN_POINT('',(2.677033463288E0,1.530401077829E1,4.E0));
#1006=LINE('',#1005,#1004);
#1007=DIRECTION('',(-2.884643783006E-1,9.574906278662E-1,0.E0));
#1008=VECTOR('',#1007,1.170633461084E0);
#1009=CARTESIAN_POINT('',(3.014719516858E0,1.418314021064E1,4.E0));
#1010=LINE('',#1009,#1008);
#1011=DIRECTION('',(-2.079116908178E-1,-9.781476007338E-1,0.E0));
#1012=VECTOR('',#1011,7.987005367099E-2);
#1013=CARTESIAN_POINT('',(3.031325434762E0,1.426126491201E1,4.E0));
#1014=LINE('',#1013,#1012);
#1015=DIRECTION('',(-6.790074673015E-1,-7.341313638231E-1,0.E0));
#1016=VECTOR('',#1015,1.101290943715E0);
#1017=CARTESIAN_POINT('',(3.779110209216E0,1.506975713448E1,4.E0));
#1018=LINE('',#1017,#1016);
#1019=DIRECTION('',(-9.659258262891E-1,2.588190451025E-1,0.E0));
#1020=VECTOR('',#1019,5.E-1);
#1021=CARTESIAN_POINT('',(4.262073122360E0,1.494034761193E1,4.E0));
#1022=LINE('',#1021,#1020);
#1023=DIRECTION('',(-1.867991163297E-1,9.823981321941E-1,0.E0));
#1024=VECTOR('',#1023,1.170633461084E0);
#1025=CARTESIAN_POINT('',(4.480746418437E0,1.379031948628E1,4.E0));
#1026=LINE('',#1025,#1024);
#1027=DIRECTION('',(-3.090169943750E-1,-9.510565162952E-1,0.E0));
#1028=VECTOR('',#1027,7.987005367098E-2);
#1029=CARTESIAN_POINT('',(4.505427622363E0,1.386628042128E1,4.E0));
#1030=LINE('',#1029,#1028);
#1031=DIRECTION('',(-7.520254166469E-1,-6.591341082944E-1,0.E0));
#1032=VECTOR('',#1031,1.101290943715E0);
#1033=CARTESIAN_POINT('',(5.333626403159E0,1.459217884544E1,4.E0));
#1034=LINE('',#1033,#1032);
#1035=DIRECTION('',(-9.335804264972E-1,3.583679495453E-1,0.E0));
#1036=VECTOR('',#1035,5.E-1);
#1037=CARTESIAN_POINT('',(5.800416616408E0,1.441299487067E1,4.E0));
#1038=LINE('',#1037,#1036);
#1039=DIRECTION('',(-8.308724415010E-2,9.965422770056E-1,0.E0));
#1040=VECTOR('',#1039,1.170633461084E0);
#1041=CARTESIAN_POINT('',(5.897681324599E0,1.324640913582E1,4.E0));
#1042=LINE('',#1041,#1040);
#1043=DIRECTION('',(-4.067366430758E-1,-9.135454576426E-1,0.E0));
#1044=VECTOR('',#1043,7.987005367101E-2);
#1045=CARTESIAN_POINT('',(5.930167402112E0,1.331937406055E1,4.E0));
#1046=LINE('',#1045,#1044);
#1047=DIRECTION('',(-8.168040181561E-1,-5.769152415425E-1,0.E0));
#1048=VECTOR('',#1047,1.101290943715E0);
#1049=CARTESIAN_POINT('',(6.829706270097E0,1.395472559135E1,4.E0));
#1050=LINE('',#1049,#1048);
#1051=DIRECTION('',(-8.910065241884E-1,4.539904997396E-1,0.E0));
#1052=VECTOR('',#1051,5.E-1);
#1053=CARTESIAN_POINT('',(7.275209532191E0,1.372773034148E1,4.E0));
#1054=LINE('',#1053,#1052);
#1055=DIRECTION('',(2.153494926357E-2,9.997680960904E-1,0.E0));
#1056=VECTOR('',#1055,1.170633461084E0);
#1057=CARTESIAN_POINT('',(7.25E0,1.255736835487E1,4.E0));
#1058=LINE('',#1057,#1056);
#1059=DIRECTION('',(-5.E-1,-8.660254037844E-1,0.E0));
#1060=VECTOR('',#1059,7.987005367100E-2);
#1061=CARTESIAN_POINT('',(7.289935026836E0,1.262653785036E1,4.E0));
#1062=LINE('',#1061,#1060);
#1063=DIRECTION('',(-8.726335439152E-1,-4.883755706770E-1,0.E0));
#1064=VECTOR('',#1063,1.101290943715E0);
#1065=CARTESIAN_POINT('',(8.250958445931E0,1.316438144347E1,4.E0));
#1066=LINE('',#1065,#1064);
#1067=DIRECTION('',(-8.386705679454E-1,5.446390350150E-1,0.E0));
#1068=VECTOR('',#1067,5.E-1);
#1069=CARTESIAN_POINT('',(8.670293729903E0,1.289206192597E1,4.E0));
#1070=LINE('',#1069,#1068);
#1071=DIRECTION('',(1.259212012666E-1,9.920402466995E-1,0.E0));
#1072=VECTOR('',#1071,1.170633461084E0);
#1073=CARTESIAN_POINT('',(8.522886158241E0,1.173074641844E1,4.E0));
#1074=LINE('',#1073,#1072);
#1075=DIRECTION('',(-5.877852522925E-1,-8.090169943750E-1,0.E0));
#1076=VECTOR('',#1075,7.987005367098E-2);
#1077=CARTESIAN_POINT('',(8.569832597888E0,1.179536264920E1,4.E0));
#1078=LINE('',#1077,#1076);
#1079=DIRECTION('',(-9.189023139568E-1,-3.944851548600E-1,0.E0));
#1080=VECTOR('',#1079,1.101290943715E0);
#1081=CARTESIAN_POINT('',(9.581811394407E0,1.222980557768E1,4.E0));
#1082=LINE('',#1081,#1080);
#1083=DIRECTION('',(-7.771459614570E-1,6.293203910498E-1,0.E0));
#1084=VECTOR('',#1083,5.E-1);
#1085=CARTESIAN_POINT('',(9.970384375136E0,1.191514538215E1,4.E0));
#1086=LINE('',#1085,#1084);
#1087=DIRECTION('',(2.289278342379E-1,9.734433967680E-1,0.E0));
#1088=VECTOR('',#1087,1.170633461084E0);
#1089=CARTESIAN_POINT('',(9.702393792203E0,1.077559996942E1,4.E0));
#1090=LINE('',#1089,#1088);
#1091=DIRECTION('',(-6.691306063589E-1,-7.431448254774E-1,0.E0));
#1092=VECTOR('',#1091,7.987005367102E-2);
#1093=CARTESIAN_POINT('',(9.755837289646E0,1.083495498652E1,4.E0));
#1094=LINE('',#1093,#1092);
#1095=DIRECTION('',(-9.551033979540E-1,-2.962726771350E-1,0.E0));
#1096=VECTOR('',#1095,1.101290943715E0);
#1097=CARTESIAN_POINT('',(1.080768401212E1,1.116123740272E1,4.E0));
#1098=LINE('',#1097,#1096);
#1099=DIRECTION('',(-7.071067811865E-1,7.071067811865E-1,0.E0));
#1100=VECTOR('',#1099,5.E-1);
#1101=CARTESIAN_POINT('',(1.116123740272E1,1.080768401212E1,4.E0));
#1102=LINE('',#1101,#1100);
#1103=DIRECTION('',(3.294262859510E-1,9.441812972753E-1,0.E0));
#1104=VECTOR('',#1103,1.170633461084E0);
#1105=CARTESIAN_POINT('',(1.077559996942E1,9.702393792203E0,4.E0));
#1106=LINE('',#1105,#1104);
#1107=DIRECTION('',(-7.431448254774E-1,-6.691306063588E-1,0.E0));
#1108=VECTOR('',#1107,7.987005367099E-2);
#1109=CARTESIAN_POINT('',(1.083495498652E1,9.755837289646E0,4.E0));
#1110=LINE('',#1109,#1108);
#1111=DIRECTION('',(-9.808401692550E-1,-1.948141739603E-1,0.E0));
#1112=VECTOR('',#1111,1.101290943715E0);
#1113=CARTESIAN_POINT('',(1.191514538215E1,9.970384375136E0,4.E0));
#1114=LINE('',#1113,#1112);
#1115=DIRECTION('',(-6.293203910498E-1,7.771459614570E-1,0.E0));
#1116=VECTOR('',#1115,5.E-1);
#1117=CARTESIAN_POINT('',(1.222980557768E1,9.581811394407E0,4.E0));
#1118=LINE('',#1117,#1116);
#1119=DIRECTION('',(4.263154743384E-1,9.045745499071E-1,0.E0));
#1120=VECTOR('',#1119,1.170633461084E0);
#1121=CARTESIAN_POINT('',(1.173074641844E1,8.522886158241E0,4.E0));
#1122=LINE('',#1121,#1120);
#1123=DIRECTION('',(-8.090169943750E-1,-5.877852522925E-1,0.E0));
#1124=VECTOR('',#1123,7.987005367099E-2);
#1125=CARTESIAN_POINT('',(1.179536264920E1,8.569832597888E0,4.E0));
#1126=LINE('',#1125,#1124);
#1127=DIRECTION('',(-9.958306504076E-1,-9.122124592815E-2,0.E0));
#1128=VECTOR('',#1127,1.101290943715E0);
#1129=CARTESIAN_POINT('',(1.289206192597E1,8.670293729904E0,4.E0));
#1130=LINE('',#1129,#1128);
#1131=DIRECTION('',(-5.446390350150E-1,8.386705679454E-1,0.E0));
#1132=VECTOR('',#1131,5.E-1);
#1133=CARTESIAN_POINT('',(1.316438144347E1,8.250958445931E0,4.E0));
#1134=LINE('',#1133,#1132);
#1135=DIRECTION('',(5.185338611767E-1,8.550570944757E-1,0.E0));
#1136=VECTOR('',#1135,1.170633461084E0);
#1137=CARTESIAN_POINT('',(1.255736835487E1,7.25E0,4.E0));
#1138=LINE('',#1137,#1136);
#1139=DIRECTION('',(-8.660254037844E-1,-5.E-1,0.E0));
#1140=VECTOR('',#1139,7.987005367101E-2);
#1141=CARTESIAN_POINT('',(1.262653785036E1,7.289935026835E0,4.E0));
#1142=LINE('',#1141,#1140);
#1143=DIRECTION('',(-9.999106025635E-1,1.337112116361E-2,0.E0));
#1144=VECTOR('',#1143,1.101290943715E0);
#1145=CARTESIAN_POINT('',(1.372773034148E1,7.275209532191E0,4.E0));
#1146=LINE('',#1145,#1144);
#1147=DIRECTION('',(-4.539904997395E-1,8.910065241884E-1,0.E0));
#1148=VECTOR('',#1147,5.E-1);
#1149=CARTESIAN_POINT('',(1.395472559135E1,6.829706270096E0,4.E0));
#1150=LINE('',#1149,#1148);
#1151=DIRECTION('',(6.050710825217E-1,7.961714545850E-1,0.E0));
#1152=VECTOR('',#1151,1.170633461084E0);
#1153=CARTESIAN_POINT('',(1.324640913582E1,5.897681324599E0,4.E0));
#1154=LINE('',#1153,#1152);
#1155=DIRECTION('',(-9.135454576426E-1,-4.067366430758E-1,0.E0));
#1156=VECTOR('',#1155,7.987005367099E-2);
#1157=CARTESIAN_POINT('',(1.331937406055E1,5.930167402112E0,4.E0));
#1158=LINE('',#1157,#1156);
#1159=DIRECTION('',(-9.930353249128E-1,1.178169914538E-1,0.E0));
#1160=VECTOR('',#1159,1.101290943715E0);
#1161=CARTESIAN_POINT('',(1.441299487067E1,5.800416616408E0,4.E0));
#1162=LINE('',#1161,#1160);
#1163=DIRECTION('',(-3.583679495453E-1,9.335804264972E-1,0.E0));
#1164=VECTOR('',#1163,5.E-1);
#1165=CARTESIAN_POINT('',(1.459217884544E1,5.333626403159E0,4.E0));
#1166=LINE('',#1165,#1164);
#1167=DIRECTION('',(6.849790184673E-1,7.285627936283E-1,0.E0));
#1168=VECTOR('',#1167,1.170633461084E0);
#1169=CARTESIAN_POINT('',(1.379031948628E1,4.480746418437E0,4.E0));
#1170=LINE('',#1169,#1168);
#1171=DIRECTION('',(-9.510565162951E-1,-3.090169943750E-1,0.E0));
#1172=VECTOR('',#1171,7.987005367099E-2);
#1173=CARTESIAN_POINT('',(1.386628042128E1,4.505427622363E0,4.E0));
#1174=LINE('',#1173,#1172);
#1175=DIRECTION('',(-9.752801444365E-1,2.209720341309E-1,0.E0));
#1176=VECTOR('',#1175,1.101290943715E0);
#1177=CARTESIAN_POINT('',(1.494034761193E1,4.262073122360E0,4.E0));
#1178=LINE('',#1177,#1176);
#1179=DIRECTION('',(-2.588190451025E-1,9.659258262891E-1,0.E0));
#1180=VECTOR('',#1179,5.E-1);
#1181=CARTESIAN_POINT('',(1.506975713448E1,3.779110209216E0,4.E0));
#1182=LINE('',#1181,#1180);
#1183=DIRECTION('',(7.573821809456E-1,6.529718462431E-1,0.E0));
#1184=VECTOR('',#1183,1.170633461084E0);
#1185=CARTESIAN_POINT('',(1.418314021064E1,3.014719516857E0,4.E0));
#1186=LINE('',#1185,#1184);
#1187=DIRECTION('',(-9.781476007338E-1,-2.079116908178E-1,0.E0));
#1188=VECTOR('',#1187,7.987005367101E-2);
#1189=CARTESIAN_POINT('',(1.426126491201E1,3.031325434762E0,4.E0));
#1190=LINE('',#1189,#1188);
#1191=DIRECTION('',(-9.468395906072E-1,3.217060609606E-1,0.E0));
#1192=VECTOR('',#1191,1.101290943715E0);
#1193=CARTESIAN_POINT('',(1.530401077830E1,2.677033463288E0,4.E0));
#1194=LINE('',#1193,#1192);
#1195=DIRECTION('',(-1.564344650402E-1,9.876883405951E-1,0.E0));
#1196=VECTOR('',#1195,5.E-1);
#1197=CARTESIAN_POINT('',(1.538222801082E1,2.183189292990E0,4.E0));
#1198=LINE('',#1197,#1196);
#1199=DIRECTION('',(8.214873057570E-1,5.702268026672E-1,0.E0));
#1200=VECTOR('',#1199,1.170633461084E0);
#1201=CARTESIAN_POINT('',(1.442056748284E1,1.515662717381E0,4.E0));
#1202=LINE('',#1201,#1200);
#1203=DIRECTION('',(-9.945218953683E-1,-1.045284632677E-1,0.E0));
#1204=VECTOR('',#1203,7.987005367099E-2);
#1205=CARTESIAN_POINT('',(1.45E1,1.524011411352E0,4.E0));
#1206=LINE('',#1205,#1204);
#1207=DIRECTION('',(-9.080252640843E-1,4.189154088652E-1,0.E0));
#1208=VECTOR('',#1207,1.101290943715E0);
#1209=CARTESIAN_POINT('',(1.55E1,1.062663665387E0,4.E0));
#1210=LINE('',#1209,#1208);
#1211=DIRECTION('',(-5.233595624293E-2,9.986295347546E-1,0.E0));
#1212=VECTOR('',#1211,5.E-1);
#1213=CARTESIAN_POINT('',(1.552616797812E1,5.633488980093E-1,4.E0));
#1214=LINE('',#1213,#1212);
#1215=DIRECTION('',(8.765920437393E-1,4.812342349137E-1,0.E0));
#1216=VECTOR('',#1215,1.170633461084E0);
#1217=CARTESIAN_POINT('',(1.45E1,0.E0,4.E0));
#1218=LINE('',#1217,#1216);
#1219=DIRECTION('',(-1.E0,0.E0,0.E0));
#1220=VECTOR('',#1219,7.987005367099E-2);
#1221=CARTESIAN_POINT('',(1.457987005367E1,0.E0,4.E0));
#1222=LINE('',#1221,#1220);
#1223=DIRECTION('',(-8.592624227516E-1,5.115350318865E-1,0.E0));
#1224=VECTOR('',#1223,1.101290943715E0);
#1225=CARTESIAN_POINT('',(1.552616797812E1,-5.633488980093E-1,4.E0));
#1226=LINE('',#1225,#1224);
#1227=DIRECTION('',(5.233595624295E-2,9.986295347546E-1,0.E0));
#1228=VECTOR('',#1227,5.E-1);
#1229=CARTESIAN_POINT('',(1.55E1,-1.062663665387E0,4.E0));
#1230=LINE('',#1229,#1228);
#1231=DIRECTION('',(9.220926558516E-1,3.869691641778E-1,0.E0));
#1232=VECTOR('',#1231,1.170633461084E0);
#1233=CARTESIAN_POINT('',(1.442056748284E1,-1.515662717381E0,4.E0));
#1234=LINE('',#1233,#1232);
#1235=DIRECTION('',(-9.945218953683E-1,1.045284632677E-1,0.E0));
#1236=VECTOR('',#1235,7.987005367101E-2);
#1237=CARTESIAN_POINT('',(1.45E1,-1.524011411352E0,4.E0));
#1238=LINE('',#1237,#1236);
#1239=DIRECTION('',(-8.010853225029E-1,5.985501700529E-1,0.E0));
#1240=VECTOR('',#1239,1.101290943715E0);
#1241=CARTESIAN_POINT('',(1.538222801082E1,-2.183189292990E0,4.E0));
#1242=LINE('',#1241,#1240);
#1243=DIRECTION('',(1.564344650402E-1,9.876883405951E-1,0.E0));
#1244=VECTOR('',#1243,5.E-1);
#1245=CARTESIAN_POINT('',(1.530401077829E1,-2.677033463288E0,4.E0));
#1246=LINE('',#1245,#1244);
#1247=DIRECTION('',(9.574906278662E-1,2.884643783006E-1,0.E0));
#1248=VECTOR('',#1247,1.170633461084E0);
#1249=CARTESIAN_POINT('',(1.418314021064E1,-3.014719516858E0,4.E0));
#1250=LINE('',#1249,#1248);
#1251=DIRECTION('',(-9.781476007338E-1,2.079116908177E-1,0.E0));
#1252=VECTOR('',#1251,7.987005367099E-2);
#1253=CARTESIAN_POINT('',(1.426126491201E1,-3.031325434762E0,4.E0));
#1254=LINE('',#1253,#1252);
#1255=DIRECTION('',(-7.341313638231E-1,6.790074673015E-1,0.E0));
#1256=VECTOR('',#1255,1.101290943715E0);
#1257=CARTESIAN_POINT('',(1.506975713448E1,-3.779110209216E0,4.E0));
#1258=LINE('',#1257,#1256);
#1259=DIRECTION('',(2.588190451025E-1,9.659258262891E-1,0.E0));
#1260=VECTOR('',#1259,5.E-1);
#1261=CARTESIAN_POINT('',(1.494034761193E1,-4.262073122360E0,4.E0));
#1262=LINE('',#1261,#1260);
#1263=DIRECTION('',(9.823981321941E-1,1.867991163297E-1,0.E0));
#1264=VECTOR('',#1263,1.170633461084E0);
#1265=CARTESIAN_POINT('',(1.379031948628E1,-4.480746418437E0,4.E0));
#1266=LINE('',#1265,#1264);
#1267=DIRECTION('',(-9.510565162952E-1,3.090169943749E-1,0.E0));
#1268=VECTOR('',#1267,7.987005367099E-2);
#1269=CARTESIAN_POINT('',(1.386628042128E1,-4.505427622363E0,4.E0));
#1270=LINE('',#1269,#1268);
#1271=DIRECTION('',(-6.591341082944E-1,7.520254166469E-1,0.E0));
#1272=VECTOR('',#1271,1.101290943715E0);
#1273=CARTESIAN_POINT('',(1.459217884544E1,-5.333626403159E0,4.E0));
#1274=LINE('',#1273,#1272);
#1275=DIRECTION('',(3.583679495453E-1,9.335804264972E-1,0.E0));
#1276=VECTOR('',#1275,5.E-1);
#1277=CARTESIAN_POINT('',(1.441299487067E1,-5.800416616408E0,4.E0));
#1278=LINE('',#1277,#1276);
#1279=DIRECTION('',(9.965422770056E-1,8.308724415010E-2,0.E0));
#1280=VECTOR('',#1279,1.170633461084E0);
#1281=CARTESIAN_POINT('',(1.324640913582E1,-5.897681324599E0,4.E0));
#1282=LINE('',#1281,#1280);
#1283=DIRECTION('',(-9.135454576426E-1,4.067366430758E-1,0.E0));
#1284=VECTOR('',#1283,7.987005367102E-2);
#1285=CARTESIAN_POINT('',(1.331937406055E1,-5.930167402112E0,4.E0));
#1286=LINE('',#1285,#1284);
#1287=DIRECTION('',(-5.769152415425E-1,8.168040181561E-1,0.E0));
#1288=VECTOR('',#1287,1.101290943715E0);
#1289=CARTESIAN_POINT('',(1.395472559135E1,-6.829706270097E0,4.E0));
#1290=LINE('',#1289,#1288);
#1291=DIRECTION('',(4.539904997396E-1,8.910065241884E-1,0.E0));
#1292=VECTOR('',#1291,5.E-1);
#1293=CARTESIAN_POINT('',(1.372773034148E1,-7.275209532191E0,4.E0));
#1294=LINE('',#1293,#1292);
#1295=DIRECTION('',(9.997680960904E-1,-2.153494926357E-2,0.E0));
#1296=VECTOR('',#1295,1.170633461084E0);
#1297=CARTESIAN_POINT('',(1.255736835487E1,-7.25E0,4.E0));
#1298=LINE('',#1297,#1296);
#1299=DIRECTION('',(-8.660254037844E-1,5.E-1,0.E0));
#1300=VECTOR('',#1299,7.987005367099E-2);
#1301=CARTESIAN_POINT('',(1.262653785036E1,-7.289935026835E0,4.E0));
#1302=LINE('',#1301,#1300);
#1303=DIRECTION('',(-4.883755706770E-1,8.726335439152E-1,0.E0));
#1304=VECTOR('',#1303,1.101290943715E0);
#1305=CARTESIAN_POINT('',(1.316438144347E1,-8.250958445931E0,4.E0));
#1306=LINE('',#1305,#1304);
#1307=DIRECTION('',(5.446390350150E-1,8.386705679454E-1,0.E0));
#1308=VECTOR('',#1307,5.E-1);
#1309=CARTESIAN_POINT('',(1.289206192597E1,-8.670293729903E0,4.E0));
#1310=LINE('',#1309,#1308);
#1311=DIRECTION('',(9.920402466995E-1,-1.259212012666E-1,0.E0));
#1312=VECTOR('',#1311,1.170633461084E0);
#1313=CARTESIAN_POINT('',(1.173074641844E1,-8.522886158241E0,4.E0));
#1314=LINE('',#1313,#1312);
#1315=DIRECTION('',(-8.090169943750E-1,5.877852522925E-1,0.E0));
#1316=VECTOR('',#1315,7.987005367099E-2);
#1317=CARTESIAN_POINT('',(1.179536264920E1,-8.569832597888E0,4.E0));
#1318=LINE('',#1317,#1316);
#1319=DIRECTION('',(-3.944851548600E-1,9.189023139568E-1,0.E0));
#1320=VECTOR('',#1319,1.101290943715E0);
#1321=CARTESIAN_POINT('',(1.222980557768E1,-9.581811394407E0,4.E0));
#1322=LINE('',#1321,#1320);
#1323=DIRECTION('',(6.293203910498E-1,7.771459614570E-1,0.E0));
#1324=VECTOR('',#1323,5.E-1);
#1325=CARTESIAN_POINT('',(1.191514538215E1,-9.970384375136E0,4.E0));
#1326=LINE('',#1325,#1324);
#1327=DIRECTION('',(9.734433967680E-1,-2.289278342379E-1,0.E0));
#1328=VECTOR('',#1327,1.170633461084E0);
#1329=CARTESIAN_POINT('',(1.077559996942E1,-9.702393792203E0,4.E0));
#1330=LINE('',#1329,#1328);
#1331=DIRECTION('',(-7.431448254774E-1,6.691306063589E-1,0.E0));
#1332=VECTOR('',#1331,7.987005367100E-2);
#1333=CARTESIAN_POINT('',(1.083495498652E1,-9.755837289646E0,4.E0));
#1334=LINE('',#1333,#1332);
#1335=DIRECTION('',(-2.962726771350E-1,9.551033979540E-1,0.E0));
#1336=VECTOR('',#1335,1.101290943715E0);
#1337=CARTESIAN_POINT('',(1.116123740272E1,-1.080768401212E1,4.E0));
#1338=LINE('',#1337,#1336);
#1339=DIRECTION('',(7.071067811865E-1,7.071067811865E-1,0.E0));
#1340=VECTOR('',#1339,5.E-1);
#1341=CARTESIAN_POINT('',(1.080768401212E1,-1.116123740272E1,4.E0));
#1342=LINE('',#1341,#1340);
#1343=DIRECTION('',(9.441812972753E-1,-3.294262859510E-1,0.E0));
#1344=VECTOR('',#1343,1.170633461084E0);
#1345=CARTESIAN_POINT('',(9.702393792203E0,-1.077559996942E1,4.E0));
#1346=LINE('',#1345,#1344);
#1347=DIRECTION('',(-6.691306063589E-1,7.431448254774E-1,0.E0));
#1348=VECTOR('',#1347,7.987005367099E-2);
#1349=CARTESIAN_POINT('',(9.755837289646E0,-1.083495498652E1,4.E0));
#1350=LINE('',#1349,#1348);
#1351=DIRECTION('',(-1.948141739603E-1,9.808401692550E-1,0.E0));
#1352=VECTOR('',#1351,1.101290943715E0);
#1353=CARTESIAN_POINT('',(9.970384375136E0,-1.191514538215E1,4.E0));
#1354=LINE('',#1353,#1352);
#1355=DIRECTION('',(7.771459614570E-1,6.293203910498E-1,0.E0));
#1356=VECTOR('',#1355,5.E-1);
#1357=CARTESIAN_POINT('',(9.581811394407E0,-1.222980557768E1,4.E0));
#1358=LINE('',#1357,#1356);
#1359=DIRECTION('',(9.045745499071E-1,-4.263154743384E-1,0.E0));
#1360=VECTOR('',#1359,1.170633461084E0);
#1361=CARTESIAN_POINT('',(8.522886158241E0,-1.173074641844E1,4.E0));
#1362=LINE('',#1361,#1360);
#1363=DIRECTION('',(-5.877852522924E-1,8.090169943750E-1,0.E0));
#1364=VECTOR('',#1363,7.987005367099E-2);
#1365=CARTESIAN_POINT('',(8.569832597888E0,-1.179536264920E1,4.E0));
#1366=LINE('',#1365,#1364);
#1367=DIRECTION('',(-9.122124592815E-2,9.958306504076E-1,0.E0));
#1368=VECTOR('',#1367,1.101290943715E0);
#1369=CARTESIAN_POINT('',(8.670293729904E0,-1.289206192597E1,4.E0));
#1370=LINE('',#1369,#1368);
#1371=DIRECTION('',(8.386705679454E-1,5.446390350150E-1,0.E0));
#1372=VECTOR('',#1371,5.E-1);
#1373=CARTESIAN_POINT('',(8.250958445931E0,-1.316438144347E1,4.E0));
#1374=LINE('',#1373,#1372);
#1375=DIRECTION('',(8.550570944757E-1,-5.185338611767E-1,0.E0));
#1376=VECTOR('',#1375,1.170633461084E0);
#1377=CARTESIAN_POINT('',(7.25E0,-1.255736835487E1,4.E0));
#1378=LINE('',#1377,#1376);
#1379=DIRECTION('',(-5.E-1,8.660254037845E-1,0.E0));
#1380=VECTOR('',#1379,7.987005367100E-2);
#1381=CARTESIAN_POINT('',(7.289935026835E0,-1.262653785036E1,4.E0));
#1382=LINE('',#1381,#1380);
#1383=DIRECTION('',(1.337112116362E-2,9.999106025635E-1,0.E0));
#1384=VECTOR('',#1383,1.101290943715E0);
#1385=CARTESIAN_POINT('',(7.275209532191E0,-1.372773034148E1,4.E0));
#1386=LINE('',#1385,#1384);
#1387=DIRECTION('',(8.910065241884E-1,4.539904997396E-1,0.E0));
#1388=VECTOR('',#1387,5.E-1);
#1389=CARTESIAN_POINT('',(6.829706270097E0,-1.395472559135E1,4.E0));
#1390=LINE('',#1389,#1388);
#1391=DIRECTION('',(7.961714545850E-1,-6.050710825217E-1,0.E0));
#1392=VECTOR('',#1391,1.170633461084E0);
#1393=CARTESIAN_POINT('',(5.897681324599E0,-1.324640913582E1,4.E0));
#1394=LINE('',#1393,#1392);
#1395=DIRECTION('',(-4.067366430758E-1,9.135454576426E-1,0.E0));
#1396=VECTOR('',#1395,7.987005367100E-2);
#1397=CARTESIAN_POINT('',(5.930167402112E0,-1.331937406055E1,4.E0));
#1398=LINE('',#1397,#1396);
#1399=DIRECTION('',(1.178169914538E-1,9.930353249128E-1,0.E0));
#1400=VECTOR('',#1399,1.101290943715E0);
#1401=CARTESIAN_POINT('',(5.800416616408E0,-1.441299487067E1,4.E0));
#1402=LINE('',#1401,#1400);
#1403=DIRECTION('',(9.335804264972E-1,3.583679495453E-1,0.E0));
#1404=VECTOR('',#1403,5.E-1);
#1405=CARTESIAN_POINT('',(5.333626403159E0,-1.459217884544E1,4.E0));
#1406=LINE('',#1405,#1404);
#1407=DIRECTION('',(7.285627936283E-1,-6.849790184673E-1,0.E0));
#1408=VECTOR('',#1407,1.170633461084E0);
#1409=CARTESIAN_POINT('',(4.480746418437E0,-1.379031948628E1,4.E0));
#1410=LINE('',#1409,#1408);
#1411=DIRECTION('',(-3.090169943750E-1,9.510565162952E-1,0.E0));
#1412=VECTOR('',#1411,7.987005367098E-2);
#1413=CARTESIAN_POINT('',(4.505427622363E0,-1.386628042128E1,4.E0));
#1414=LINE('',#1413,#1412);
#1415=DIRECTION('',(2.209720341309E-1,9.752801444365E-1,0.E0));
#1416=VECTOR('',#1415,1.101290943715E0);
#1417=CARTESIAN_POINT('',(4.262073122360E0,-1.494034761193E1,4.E0));
#1418=LINE('',#1417,#1416);
#1419=DIRECTION('',(9.659258262891E-1,2.588190451025E-1,0.E0));
#1420=VECTOR('',#1419,5.E-1);
#1421=CARTESIAN_POINT('',(3.779110209216E0,-1.506975713448E1,4.E0));
#1422=LINE('',#1421,#1420);
#1423=DIRECTION('',(6.529718462431E-1,-7.573821809456E-1,0.E0));
#1424=VECTOR('',#1423,1.170633461084E0);
#1425=CARTESIAN_POINT('',(3.014719516858E0,-1.418314021064E1,4.E0));
#1426=LINE('',#1425,#1424);
#1427=DIRECTION('',(-2.079116908178E-1,9.781476007338E-1,0.E0));
#1428=VECTOR('',#1427,7.987005367100E-2);
#1429=CARTESIAN_POINT('',(3.031325434762E0,-1.426126491201E1,4.E0));
#1430=LINE('',#1429,#1428);
#1431=DIRECTION('',(3.217060609606E-1,9.468395906072E-1,0.E0));
#1432=VECTOR('',#1431,1.101290943715E0);
#1433=CARTESIAN_POINT('',(2.677033463288E0,-1.530401077829E1,4.E0));
#1434=LINE('',#1433,#1432);
#1435=DIRECTION('',(9.876883405951E-1,1.564344650402E-1,0.E0));
#1436=VECTOR('',#1435,5.E-1);
#1437=CARTESIAN_POINT('',(2.183189292990E0,-1.538222801082E1,4.E0));
#1438=LINE('',#1437,#1436);
#1439=DIRECTION('',(5.702268026672E-1,-8.214873057570E-1,0.E0));
#1440=VECTOR('',#1439,1.170633461084E0);
#1441=CARTESIAN_POINT('',(1.515662717381E0,-1.442056748284E1,4.E0));
#1442=LINE('',#1441,#1440);
#1443=DIRECTION('',(-1.045284632676E-1,9.945218953683E-1,0.E0));
#1444=VECTOR('',#1443,7.987005367100E-2);
#1445=CARTESIAN_POINT('',(1.524011411352E0,-1.45E1,4.E0));
#1446=LINE('',#1445,#1444);
#1447=DIRECTION('',(4.189154088652E-1,9.080252640843E-1,0.E0));
#1448=VECTOR('',#1447,1.101290943715E0);
#1449=CARTESIAN_POINT('',(1.062663665387E0,-1.55E1,4.E0));
#1450=LINE('',#1449,#1448);
#1451=DIRECTION('',(9.986295347546E-1,5.233595624293E-2,0.E0));
#1452=VECTOR('',#1451,5.E-1);
#1453=CARTESIAN_POINT('',(5.633488980093E-1,-1.552616797812E1,4.E0));
#1454=LINE('',#1453,#1452);
#1455=DIRECTION('',(4.812342349137E-1,-8.765920437393E-1,0.E0));
#1456=VECTOR('',#1455,1.170633461084E0);
#1457=CARTESIAN_POINT('',(0.E0,-1.45E1,4.E0));
#1458=LINE('',#1457,#1456);
#1459=DIRECTION('',(5.115350318865E-1,8.592624227516E-1,0.E0));
#1460=VECTOR('',#1459,1.101290943715E0);
#1461=CARTESIAN_POINT('',(-5.633488980093E-1,-1.552616797812E1,4.E0));
#1462=LINE('',#1461,#1460);
#1463=DIRECTION('',(9.986295347546E-1,-5.233595624295E-2,0.E0));
#1464=VECTOR('',#1463,5.E-1);
#1465=CARTESIAN_POINT('',(-1.062663665387E0,-1.55E1,4.E0));
#1466=LINE('',#1465,#1464);
#1467=DIRECTION('',(3.869691641778E-1,-9.220926558516E-1,0.E0));
#1468=VECTOR('',#1467,1.170633461084E0);
#1469=CARTESIAN_POINT('',(-1.515662717381E0,-1.442056748284E1,4.E0));
#1470=LINE('',#1469,#1468);
#1471=DIRECTION('',(1.045284632677E-1,9.945218953683E-1,0.E0));
#1472=VECTOR('',#1471,7.987005367099E-2);
#1473=CARTESIAN_POINT('',(-1.524011411352E0,-1.45E1,4.E0));
#1474=LINE('',#1473,#1472);
#1475=DIRECTION('',(5.985501700529E-1,8.010853225029E-1,0.E0));
#1476=VECTOR('',#1475,1.101290943715E0);
#1477=CARTESIAN_POINT('',(-2.183189292990E0,-1.538222801082E1,4.E0));
#1478=LINE('',#1477,#1476);
#1479=DIRECTION('',(9.876883405951E-1,-1.564344650402E-1,0.E0));
#1480=VECTOR('',#1479,5.E-1);
#1481=CARTESIAN_POINT('',(-2.677033463288E0,-1.530401077830E1,4.E0));
#1482=LINE('',#1481,#1480);
#1483=DIRECTION('',(2.884643783006E-1,-9.574906278662E-1,0.E0));
#1484=VECTOR('',#1483,1.170633461084E0);
#1485=CARTESIAN_POINT('',(-3.014719516858E0,-1.418314021064E1,4.E0));
#1486=LINE('',#1485,#1484);
#1487=DIRECTION('',(2.079116908178E-1,9.781476007338E-1,0.E0));
#1488=VECTOR('',#1487,7.987005367100E-2);
#1489=CARTESIAN_POINT('',(-3.031325434762E0,-1.426126491201E1,4.E0));
#1490=LINE('',#1489,#1488);
#1491=DIRECTION('',(6.790074673015E-1,7.341313638231E-1,0.E0));
#1492=VECTOR('',#1491,1.101290943715E0);
#1493=CARTESIAN_POINT('',(-3.779110209216E0,-1.506975713448E1,4.E0));
#1494=LINE('',#1493,#1492);
#1495=DIRECTION('',(9.659258262891E-1,-2.588190451025E-1,0.E0));
#1496=VECTOR('',#1495,5.E-1);
#1497=CARTESIAN_POINT('',(-4.262073122360E0,-1.494034761193E1,4.E0));
#1498=LINE('',#1497,#1496);
#1499=DIRECTION('',(1.867991163297E-1,-9.823981321941E-1,0.E0));
#1500=VECTOR('',#1499,1.170633461084E0);
#1501=CARTESIAN_POINT('',(-4.480746418437E0,-1.379031948628E1,4.E0));
#1502=LINE('',#1501,#1500);
#1503=DIRECTION('',(3.090169943750E-1,9.510565162952E-1,0.E0));
#1504=VECTOR('',#1503,7.987005367100E-2);
#1505=CARTESIAN_POINT('',(-4.505427622363E0,-1.386628042128E1,4.E0));
#1506=LINE('',#1505,#1504);
#1507=DIRECTION('',(7.520254166469E-1,6.591341082944E-1,0.E0));
#1508=VECTOR('',#1507,1.101290943715E0);
#1509=CARTESIAN_POINT('',(-5.333626403159E0,-1.459217884544E1,4.E0));
#1510=LINE('',#1509,#1508);
#1511=DIRECTION('',(9.335804264972E-1,-3.583679495453E-1,0.E0));
#1512=VECTOR('',#1511,5.E-1);
#1513=CARTESIAN_POINT('',(-5.800416616408E0,-1.441299487067E1,4.E0));
#1514=LINE('',#1513,#1512);
#1515=DIRECTION('',(8.308724415010E-2,-9.965422770056E-1,0.E0));
#1516=VECTOR('',#1515,1.170633461084E0);
#1517=CARTESIAN_POINT('',(-5.897681324599E0,-1.324640913582E1,4.E0));
#1518=LINE('',#1517,#1516);
#1519=DIRECTION('',(4.067366430758E-1,9.135454576426E-1,0.E0));
#1520=VECTOR('',#1519,7.987005367099E-2);
#1521=CARTESIAN_POINT('',(-5.930167402112E0,-1.331937406055E1,4.E0));
#1522=LINE('',#1521,#1520);
#1523=DIRECTION('',(8.168040181561E-1,5.769152415425E-1,0.E0));
#1524=VECTOR('',#1523,1.101290943715E0);
#1525=CARTESIAN_POINT('',(-6.829706270096E0,-1.395472559135E1,4.E0));
#1526=LINE('',#1525,#1524);
#1527=DIRECTION('',(8.910065241884E-1,-4.539904997395E-1,0.E0));
#1528=VECTOR('',#1527,5.E-1);
#1529=CARTESIAN_POINT('',(-7.275209532191E0,-1.372773034148E1,4.E0));
#1530=LINE('',#1529,#1528);
#1531=DIRECTION('',(-2.153494926356E-2,-9.997680960904E-1,0.E0));
#1532=VECTOR('',#1531,1.170633461084E0);
#1533=CARTESIAN_POINT('',(-7.25E0,-1.255736835487E1,4.E0));
#1534=LINE('',#1533,#1532);
#1535=DIRECTION('',(5.E-1,8.660254037844E-1,0.E0));
#1536=VECTOR('',#1535,7.987005367100E-2);
#1537=CARTESIAN_POINT('',(-7.289935026835E0,-1.262653785036E1,4.E0));
#1538=LINE('',#1537,#1536);
#1539=DIRECTION('',(8.726335439152E-1,4.883755706770E-1,0.E0));
#1540=VECTOR('',#1539,1.101290943715E0);
#1541=CARTESIAN_POINT('',(-8.250958445931E0,-1.316438144347E1,4.E0));
#1542=LINE('',#1541,#1540);
#1543=DIRECTION('',(8.386705679454E-1,-5.446390350150E-1,0.E0));
#1544=VECTOR('',#1543,5.E-1);
#1545=CARTESIAN_POINT('',(-8.670293729903E0,-1.289206192597E1,4.E0));
#1546=LINE('',#1545,#1544);
#1547=DIRECTION('',(-1.259212012666E-1,-9.920402466995E-1,0.E0));
#1548=VECTOR('',#1547,1.170633461084E0);
#1549=CARTESIAN_POINT('',(-8.522886158241E0,-1.173074641844E1,4.E0));
#1550=LINE('',#1549,#1548);
#1551=DIRECTION('',(5.877852522925E-1,8.090169943750E-1,0.E0));
#1552=VECTOR('',#1551,7.987005367100E-2);
#1553=CARTESIAN_POINT('',(-8.569832597888E0,-1.179536264920E1,4.E0));
#1554=LINE('',#1553,#1552);
#1555=DIRECTION('',(9.189023139568E-1,3.944851548600E-1,0.E0));
#1556=VECTOR('',#1555,1.101290943715E0);
#1557=CARTESIAN_POINT('',(-9.581811394407E0,-1.222980557768E1,4.E0));
#1558=LINE('',#1557,#1556);
#1559=DIRECTION('',(7.771459614570E-1,-6.293203910498E-1,0.E0));
#1560=VECTOR('',#1559,5.E-1);
#1561=CARTESIAN_POINT('',(-9.970384375136E0,-1.191514538215E1,4.E0));
#1562=LINE('',#1561,#1560);
#1563=DIRECTION('',(-2.289278342379E-1,-9.734433967680E-1,0.E0));
#1564=VECTOR('',#1563,1.170633461084E0);
#1565=CARTESIAN_POINT('',(-9.702393792203E0,-1.077559996942E1,4.E0));
#1566=LINE('',#1565,#1564);
#1567=DIRECTION('',(6.691306063589E-1,7.431448254774E-1,0.E0));
#1568=VECTOR('',#1567,7.987005367099E-2);
#1569=CARTESIAN_POINT('',(-9.755837289646E0,-1.083495498652E1,4.E0));
#1570=LINE('',#1569,#1568);
#1571=DIRECTION('',(9.551033979540E-1,2.962726771350E-1,0.E0));
#1572=VECTOR('',#1571,1.101290943715E0);
#1573=CARTESIAN_POINT('',(-1.080768401212E1,-1.116123740272E1,4.E0));
#1574=LINE('',#1573,#1572);
#1575=DIRECTION('',(7.071067811865E-1,-7.071067811865E-1,0.E0));
#1576=VECTOR('',#1575,5.E-1);
#1577=CARTESIAN_POINT('',(-1.116123740272E1,-1.080768401212E1,4.E0));
#1578=LINE('',#1577,#1576);
#1579=DIRECTION('',(-3.294262859510E-1,-9.441812972753E-1,0.E0));
#1580=VECTOR('',#1579,1.170633461084E0);
#1581=CARTESIAN_POINT('',(-1.077559996942E1,-9.702393792203E0,4.E0));
#1582=LINE('',#1581,#1580);
#1583=DIRECTION('',(7.431448254774E-1,6.691306063589E-1,0.E0));
#1584=VECTOR('',#1583,7.987005367099E-2);
#1585=CARTESIAN_POINT('',(-1.083495498652E1,-9.755837289646E0,4.E0));
#1586=LINE('',#1585,#1584);
#1587=DIRECTION('',(9.808401692550E-1,1.948141739603E-1,0.E0));
#1588=VECTOR('',#1587,1.101290943715E0);
#1589=CARTESIAN_POINT('',(-1.191514538215E1,-9.970384375136E0,4.E0));
#1590=LINE('',#1589,#1588);
#1591=DIRECTION('',(6.293203910498E-1,-7.771459614570E-1,0.E0));
#1592=VECTOR('',#1591,5.E-1);
#1593=CARTESIAN_POINT('',(-1.222980557768E1,-9.581811394407E0,4.E0));
#1594=LINE('',#1593,#1592);
#1595=DIRECTION('',(-4.263154743384E-1,-9.045745499071E-1,0.E0));
#1596=VECTOR('',#1595,1.170633461084E0);
#1597=CARTESIAN_POINT('',(-1.173074641844E1,-8.522886158241E0,4.E0));
#1598=LINE('',#1597,#1596);
#1599=DIRECTION('',(8.090169943749E-1,5.877852522925E-1,0.E0));
#1600=VECTOR('',#1599,7.987005367100E-2);
#1601=CARTESIAN_POINT('',(-1.179536264920E1,-8.569832597888E0,4.E0));
#1602=LINE('',#1601,#1600);
#1603=DIRECTION('',(9.958306504076E-1,9.122124592816E-2,0.E0));
#1604=VECTOR('',#1603,1.101290943715E0);
#1605=CARTESIAN_POINT('',(-1.289206192597E1,-8.670293729903E0,4.E0));
#1606=LINE('',#1605,#1604);
#1607=DIRECTION('',(5.446390350150E-1,-8.386705679454E-1,0.E0));
#1608=VECTOR('',#1607,5.E-1);
#1609=CARTESIAN_POINT('',(-1.316438144347E1,-8.250958445931E0,4.E0));
#1610=LINE('',#1609,#1608);
#1611=DIRECTION('',(-5.185338611767E-1,-8.550570944757E-1,0.E0));
#1612=VECTOR('',#1611,1.170633461084E0);
#1613=CARTESIAN_POINT('',(-1.255736835487E1,-7.25E0,4.E0));
#1614=LINE('',#1613,#1612);
#1615=DIRECTION('',(8.660254037845E-1,5.E-1,0.E0));
#1616=VECTOR('',#1615,7.987005367099E-2);
#1617=CARTESIAN_POINT('',(-1.262653785036E1,-7.289935026835E0,4.E0));
#1618=LINE('',#1617,#1616);
#1619=DIRECTION('',(9.999106025635E-1,-1.337112116362E-2,0.E0));
#1620=VECTOR('',#1619,1.101290943715E0);
#1621=CARTESIAN_POINT('',(-1.372773034148E1,-7.275209532191E0,4.E0));
#1622=LINE('',#1621,#1620);
#1623=DIRECTION('',(4.539904997396E-1,-8.910065241884E-1,0.E0));
#1624=VECTOR('',#1623,5.E-1);
#1625=CARTESIAN_POINT('',(-1.395472559135E1,-6.829706270097E0,4.E0));
#1626=LINE('',#1625,#1624);
#1627=DIRECTION('',(-6.050710825217E-1,-7.961714545850E-1,0.E0));
#1628=VECTOR('',#1627,1.170633461084E0);
#1629=CARTESIAN_POINT('',(-1.324640913582E1,-5.897681324599E0,4.E0));
#1630=LINE('',#1629,#1628);
#1631=DIRECTION('',(9.135454576426E-1,4.067366430758E-1,0.E0));
#1632=VECTOR('',#1631,7.987005367100E-2);
#1633=CARTESIAN_POINT('',(-1.331937406055E1,-5.930167402112E0,4.E0));
#1634=LINE('',#1633,#1632);
#1635=DIRECTION('',(9.930353249128E-1,-1.178169914538E-1,0.E0));
#1636=VECTOR('',#1635,1.101290943715E0);
#1637=CARTESIAN_POINT('',(-1.441299487067E1,-5.800416616408E0,4.E0));
#1638=LINE('',#1637,#1636);
#1639=DIRECTION('',(3.583679495453E-1,-9.335804264972E-1,0.E0));
#1640=VECTOR('',#1639,5.E-1);
#1641=CARTESIAN_POINT('',(-1.459217884544E1,-5.333626403159E0,4.E0));
#1642=LINE('',#1641,#1640);
#1643=DIRECTION('',(-6.849790184673E-1,-7.285627936283E-1,0.E0));
#1644=VECTOR('',#1643,1.170633461084E0);
#1645=CARTESIAN_POINT('',(-1.379031948628E1,-4.480746418437E0,4.E0));
#1646=LINE('',#1645,#1644);
#1647=DIRECTION('',(9.510565162952E-1,3.090169943749E-1,0.E0));
#1648=VECTOR('',#1647,7.987005367099E-2);
#1649=CARTESIAN_POINT('',(-1.386628042128E1,-4.505427622363E0,4.E0));
#1650=LINE('',#1649,#1648);
#1651=DIRECTION('',(9.752801444365E-1,-2.209720341309E-1,0.E0));
#1652=VECTOR('',#1651,1.101290943715E0);
#1653=CARTESIAN_POINT('',(-1.494034761193E1,-4.262073122360E0,4.E0));
#1654=LINE('',#1653,#1652);
#1655=DIRECTION('',(2.588190451025E-1,-9.659258262891E-1,0.E0));
#1656=VECTOR('',#1655,5.E-1);
#1657=CARTESIAN_POINT('',(-1.506975713448E1,-3.779110209216E0,4.E0));
#1658=LINE('',#1657,#1656);
#1659=DIRECTION('',(-7.573821809456E-1,-6.529718462431E-1,0.E0));
#1660=VECTOR('',#1659,1.170633461084E0);
#1661=CARTESIAN_POINT('',(-1.418314021064E1,-3.014719516858E0,4.E0));
#1662=LINE('',#1661,#1660);
#1663=DIRECTION('',(9.781476007338E-1,2.079116908178E-1,0.E0));
#1664=VECTOR('',#1663,7.987005367099E-2);
#1665=CARTESIAN_POINT('',(-1.426126491201E1,-3.031325434762E0,4.E0));
#1666=LINE('',#1665,#1664);
#1667=DIRECTION('',(9.468395906072E-1,-3.217060609606E-1,0.E0));
#1668=VECTOR('',#1667,1.101290943715E0);
#1669=CARTESIAN_POINT('',(-1.530401077829E1,-2.677033463288E0,4.E0));
#1670=LINE('',#1669,#1668);
#1671=DIRECTION('',(1.564344650402E-1,-9.876883405951E-1,0.E0));
#1672=VECTOR('',#1671,5.E-1);
#1673=CARTESIAN_POINT('',(-1.538222801082E1,-2.183189292990E0,4.E0));
#1674=LINE('',#1673,#1672);
#1675=DIRECTION('',(-8.214873057570E-1,-5.702268026672E-1,0.E0));
#1676=VECTOR('',#1675,1.170633461084E0);
#1677=CARTESIAN_POINT('',(-1.442056748284E1,-1.515662717381E0,4.E0));
#1678=LINE('',#1677,#1676);
#1679=DIRECTION('',(9.945218953683E-1,1.045284632676E-1,0.E0));
#1680=VECTOR('',#1679,7.987005367101E-2);
#1681=CARTESIAN_POINT('',(-1.45E1,-1.524011411352E0,4.E0));
#1682=LINE('',#1681,#1680);
#1683=DIRECTION('',(9.080252640843E-1,-4.189154088652E-1,0.E0));
#1684=VECTOR('',#1683,1.101290943715E0);
#1685=CARTESIAN_POINT('',(-1.55E1,-1.062663665387E0,4.E0));
#1686=LINE('',#1685,#1684);
#1687=DIRECTION('',(5.233595624293E-2,-9.986295347546E-1,0.E0));
#1688=VECTOR('',#1687,5.E-1);
#1689=CARTESIAN_POINT('',(-1.552616797812E1,-5.633488980093E-1,4.E0));
#1690=LINE('',#1689,#1688);
#1691=DIRECTION('',(-8.765920437393E-1,-4.812342349137E-1,0.E0));
#1692=VECTOR('',#1691,1.170633461084E0);
#1693=CARTESIAN_POINT('',(-1.45E1,0.E0,4.E0));
#1694=LINE('',#1693,#1692);
#1695=DIRECTION('',(1.E0,0.E0,0.E0));
#1696=VECTOR('',#1695,7.987005367099E-2);
#1697=CARTESIAN_POINT('',(-1.457987005367E1,0.E0,4.E0));
#1698=LINE('',#1697,#1696);
#1699=DIRECTION('',(8.592624227516E-1,-5.115350318865E-1,0.E0));
#1700=VECTOR('',#1699,1.101290943715E0);
#1701=CARTESIAN_POINT('',(-1.552616797812E1,5.633488980093E-1,4.E0));
#1702=LINE('',#1701,#1700);
#1703=DIRECTION('',(-5.233595624294E-2,-9.986295347546E-1,0.E0));
#1704=VECTOR('',#1703,5.E-1);
#1705=CARTESIAN_POINT('',(-1.55E1,1.062663665387E0,4.E0));
#1706=LINE('',#1705,#1704);
#1707=DIRECTION('',(-9.220926558516E-1,-3.869691641778E-1,0.E0));
#1708=VECTOR('',#1707,1.170633461084E0);
#1709=CARTESIAN_POINT('',(-1.442056748284E1,1.515662717381E0,4.E0));
#1710=LINE('',#1709,#1708);
#1711=DIRECTION('',(9.945218953683E-1,-1.045284632676E-1,0.E0));
#1712=VECTOR('',#1711,7.987005367100E-2);
#1713=CARTESIAN_POINT('',(-1.45E1,1.524011411352E0,4.E0));
#1714=LINE('',#1713,#1712);
#1715=DIRECTION('',(8.010853225029E-1,-5.985501700529E-1,0.E0));
#1716=VECTOR('',#1715,1.101290943715E0);
#1717=CARTESIAN_POINT('',(-1.538222801082E1,2.183189292990E0,4.E0));
#1718=LINE('',#1717,#1716);
#1719=DIRECTION('',(-1.564344650402E-1,-9.876883405951E-1,0.E0));
#1720=VECTOR('',#1719,5.E-1);
#1721=CARTESIAN_POINT('',(-1.530401077829E1,2.677033463288E0,4.E0));
#1722=LINE('',#1721,#1720);
#1723=DIRECTION('',(-9.574906278662E-1,-2.884643783006E-1,0.E0));
#1724=VECTOR('',#1723,1.170633461084E0);
#1725=CARTESIAN_POINT('',(-1.418314021064E1,3.014719516858E0,4.E0));
#1726=LINE('',#1725,#1724);
#1727=DIRECTION('',(9.781476007338E-1,-2.079116908178E-1,0.E0));
#1728=VECTOR('',#1727,7.987005367099E-2);
#1729=CARTESIAN_POINT('',(-1.426126491201E1,3.031325434762E0,4.E0));
#1730=LINE('',#1729,#1728);
#1731=DIRECTION('',(7.341313638231E-1,-6.790074673015E-1,0.E0));
#1732=VECTOR('',#1731,1.101290943715E0);
#1733=CARTESIAN_POINT('',(-1.506975713448E1,3.779110209216E0,4.E0));
#1734=LINE('',#1733,#1732);
#1735=DIRECTION('',(-2.588190451025E-1,-9.659258262891E-1,0.E0));
#1736=VECTOR('',#1735,5.E-1);
#1737=CARTESIAN_POINT('',(-1.494034761193E1,4.262073122360E0,4.E0));
#1738=LINE('',#1737,#1736);
#1739=DIRECTION('',(-9.823981321941E-1,-1.867991163297E-1,0.E0));
#1740=VECTOR('',#1739,1.170633461084E0);
#1741=CARTESIAN_POINT('',(-1.379031948628E1,4.480746418437E0,4.E0));
#1742=LINE('',#1741,#1740);
#1743=DIRECTION('',(9.510565162952E-1,-3.090169943750E-1,0.E0));
#1744=VECTOR('',#1743,7.987005367100E-2);
#1745=CARTESIAN_POINT('',(-1.386628042128E1,4.505427622363E0,4.E0));
#1746=LINE('',#1745,#1744);
#1747=DIRECTION('',(6.591341082944E-1,-7.520254166469E-1,0.E0));
#1748=VECTOR('',#1747,1.101290943715E0);
#1749=CARTESIAN_POINT('',(-1.459217884544E1,5.333626403159E0,4.E0));
#1750=LINE('',#1749,#1748);
#1751=DIRECTION('',(-3.583679495453E-1,-9.335804264972E-1,0.E0));
#1752=VECTOR('',#1751,5.E-1);
#1753=CARTESIAN_POINT('',(-1.441299487067E1,5.800416616408E0,4.E0));
#1754=LINE('',#1753,#1752);
#1755=DIRECTION('',(-9.965422770056E-1,-8.308724415010E-2,0.E0));
#1756=VECTOR('',#1755,1.170633461084E0);
#1757=CARTESIAN_POINT('',(-1.324640913582E1,5.897681324599E0,4.E0));
#1758=LINE('',#1757,#1756);
#1759=DIRECTION('',(9.135454576426E-1,-4.067366430758E-1,0.E0));
#1760=VECTOR('',#1759,7.987005367100E-2);
#1761=CARTESIAN_POINT('',(-1.331937406055E1,5.930167402112E0,4.E0));
#1762=LINE('',#1761,#1760);
#1763=DIRECTION('',(5.769152415425E-1,-8.168040181561E-1,0.E0));
#1764=VECTOR('',#1763,1.101290943715E0);
#1765=CARTESIAN_POINT('',(-1.395472559135E1,6.829706270096E0,4.E0));
#1766=LINE('',#1765,#1764);
#1767=DIRECTION('',(-4.539904997396E-1,-8.910065241884E-1,0.E0));
#1768=VECTOR('',#1767,5.E-1);
#1769=CARTESIAN_POINT('',(-1.372773034148E1,7.275209532191E0,4.E0));
#1770=LINE('',#1769,#1768);
#1771=DIRECTION('',(-9.997680960904E-1,2.153494926357E-2,0.E0));
#1772=VECTOR('',#1771,1.170633461084E0);
#1773=CARTESIAN_POINT('',(-1.255736835487E1,7.25E0,4.E0));
#1774=LINE('',#1773,#1772);
#1775=DIRECTION('',(8.660254037844E-1,-5.E-1,0.E0));
#1776=VECTOR('',#1775,7.987005367099E-2);
#1777=CARTESIAN_POINT('',(-1.262653785036E1,7.289935026835E0,4.E0));
#1778=LINE('',#1777,#1776);
#1779=DIRECTION('',(4.883755706770E-1,-8.726335439152E-1,0.E0));
#1780=VECTOR('',#1779,1.101290943715E0);
#1781=CARTESIAN_POINT('',(-1.316438144347E1,8.250958445931E0,4.E0));
#1782=LINE('',#1781,#1780);
#1783=DIRECTION('',(-5.446390350150E-1,-8.386705679454E-1,0.E0));
#1784=VECTOR('',#1783,5.E-1);
#1785=CARTESIAN_POINT('',(-1.289206192597E1,8.670293729903E0,4.E0));
#1786=LINE('',#1785,#1784);
#1787=DIRECTION('',(-9.920402466995E-1,1.259212012666E-1,0.E0));
#1788=VECTOR('',#1787,1.170633461084E0);
#1789=CARTESIAN_POINT('',(-1.173074641844E1,8.522886158241E0,4.E0));
#1790=LINE('',#1789,#1788);
#1791=DIRECTION('',(8.090169943750E-1,-5.877852522925E-1,0.E0));
#1792=VECTOR('',#1791,7.987005367100E-2);
#1793=CARTESIAN_POINT('',(-1.179536264920E1,8.569832597888E0,4.E0));
#1794=LINE('',#1793,#1792);
#1795=DIRECTION('',(3.944851548600E-1,-9.189023139568E-1,0.E0));
#1796=VECTOR('',#1795,1.101290943715E0);
#1797=CARTESIAN_POINT('',(-1.222980557768E1,9.581811394407E0,4.E0));
#1798=LINE('',#1797,#1796);
#1799=DIRECTION('',(-6.293203910498E-1,-7.771459614570E-1,0.E0));
#1800=VECTOR('',#1799,5.E-1);
#1801=CARTESIAN_POINT('',(-1.191514538215E1,9.970384375136E0,4.E0));
#1802=LINE('',#1801,#1800);
#1803=DIRECTION('',(-9.734433967680E-1,2.289278342379E-1,0.E0));
#1804=VECTOR('',#1803,1.170633461084E0);
#1805=CARTESIAN_POINT('',(-1.077559996942E1,9.702393792203E0,4.E0));
#1806=LINE('',#1805,#1804);
#1807=DIRECTION('',(7.431448254774E-1,-6.691306063589E-1,0.E0));
#1808=VECTOR('',#1807,7.987005367099E-2);
#1809=CARTESIAN_POINT('',(-1.083495498652E1,9.755837289646E0,4.E0));
#1810=LINE('',#1809,#1808);
#1811=DIRECTION('',(2.962726771350E-1,-9.551033979540E-1,0.E0));
#1812=VECTOR('',#1811,1.101290943715E0);
#1813=CARTESIAN_POINT('',(-1.116123740272E1,1.080768401212E1,4.E0));
#1814=LINE('',#1813,#1812);
#1815=DIRECTION('',(-7.071067811865E-1,-7.071067811865E-1,0.E0));
#1816=VECTOR('',#1815,5.E-1);
#1817=CARTESIAN_POINT('',(-1.080768401212E1,1.116123740272E1,4.E0));
#1818=LINE('',#1817,#1816);
#1819=DIRECTION('',(-9.441812972753E-1,3.294262859510E-1,0.E0));
#1820=VECTOR('',#1819,1.170633461084E0);
#1821=CARTESIAN_POINT('',(-9.702393792203E0,1.077559996942E1,4.E0));
#1822=LINE('',#1821,#1820);
#1823=DIRECTION('',(6.691306063589E-1,-7.431448254774E-1,0.E0));
#1824=VECTOR('',#1823,7.987005367099E-2);
#1825=CARTESIAN_POINT('',(-9.755837289646E0,1.083495498652E1,4.E0));
#1826=LINE('',#1825,#1824);
#1827=DIRECTION('',(1.948141739603E-1,-9.808401692550E-1,0.E0));
#1828=VECTOR('',#1827,1.101290943715E0);
#1829=CARTESIAN_POINT('',(-9.970384375136E0,1.191514538215E1,4.E0));
#1830=LINE('',#1829,#1828);
#1831=DIRECTION('',(-7.771459614570E-1,-6.293203910498E-1,0.E0));
#1832=VECTOR('',#1831,5.E-1);
#1833=CARTESIAN_POINT('',(-9.581811394407E0,1.222980557768E1,4.E0));
#1834=LINE('',#1833,#1832);
#1835=DIRECTION('',(-9.045745499071E-1,4.263154743384E-1,0.E0));
#1836=VECTOR('',#1835,1.170633461084E0);
#1837=CARTESIAN_POINT('',(-8.522886158241E0,1.173074641844E1,4.E0));
#1838=LINE('',#1837,#1836);
#1839=DIRECTION('',(5.877852522925E-1,-8.090169943749E-1,0.E0));
#1840=VECTOR('',#1839,7.987005367100E-2);
#1841=CARTESIAN_POINT('',(-8.569832597888E0,1.179536264920E1,4.E0));
#1842=LINE('',#1841,#1840);
#1843=DIRECTION('',(9.122124592815E-2,-9.958306504076E-1,0.E0));
#1844=VECTOR('',#1843,1.101290943715E0);
#1845=CARTESIAN_POINT('',(-8.670293729903E0,1.289206192597E1,4.E0));
#1846=LINE('',#1845,#1844);
#1847=DIRECTION('',(-8.386705679454E-1,-5.446390350150E-1,0.E0));
#1848=VECTOR('',#1847,5.E-1);
#1849=CARTESIAN_POINT('',(-8.250958445931E0,1.316438144347E1,4.E0));
#1850=LINE('',#1849,#1848);
#1851=DIRECTION('',(-8.550570944757E-1,5.185338611767E-1,0.E0));
#1852=VECTOR('',#1851,1.170633461084E0);
#1853=CARTESIAN_POINT('',(-7.25E0,1.255736835487E1,4.E0));
#1854=LINE('',#1853,#1852);
#1855=DIRECTION('',(5.E-1,-8.660254037845E-1,0.E0));
#1856=VECTOR('',#1855,7.987005367100E-2);
#1857=CARTESIAN_POINT('',(-7.289935026835E0,1.262653785036E1,4.E0));
#1858=LINE('',#1857,#1856);
#1859=DIRECTION('',(-1.337112116362E-2,-9.999106025635E-1,0.E0));
#1860=VECTOR('',#1859,1.101290943715E0);
#1861=CARTESIAN_POINT('',(-7.275209532191E0,1.372773034148E1,4.E0));
#1862=LINE('',#1861,#1860);
#1863=DIRECTION('',(-8.910065241884E-1,-4.539904997396E-1,0.E0));
#1864=VECTOR('',#1863,5.E-1);
#1865=CARTESIAN_POINT('',(-6.829706270097E0,1.395472559135E1,4.E0));
#1866=LINE('',#1865,#1864);
#1867=DIRECTION('',(-7.961714545850E-1,6.050710825217E-1,0.E0));
#1868=VECTOR('',#1867,1.170633461084E0);
#1869=CARTESIAN_POINT('',(-5.897681324599E0,1.324640913582E1,4.E0));
#1870=LINE('',#1869,#1868);
#1871=DIRECTION('',(4.067366430758E-1,-9.135454576426E-1,0.E0));
#1872=VECTOR('',#1871,7.987005367100E-2);
#1873=CARTESIAN_POINT('',(-5.930167402112E0,1.331937406055E1,4.E0));
#1874=LINE('',#1873,#1872);
#1875=DIRECTION('',(-1.178169914538E-1,-9.930353249128E-1,0.E0));
#1876=VECTOR('',#1875,1.101290943715E0);
#1877=CARTESIAN_POINT('',(-5.800416616408E0,1.441299487067E1,4.E0));
#1878=LINE('',#1877,#1876);
#1879=DIRECTION('',(-9.335804264972E-1,-3.583679495453E-1,0.E0));
#1880=VECTOR('',#1879,5.E-1);
#1881=CARTESIAN_POINT('',(-5.333626403159E0,1.459217884544E1,4.E0));
#1882=LINE('',#1881,#1880);
#1883=DIRECTION('',(-7.285627936283E-1,6.849790184673E-1,0.E0));
#1884=VECTOR('',#1883,1.170633461084E0);
#1885=CARTESIAN_POINT('',(-4.480746418437E0,1.379031948628E1,4.E0));
#1886=LINE('',#1885,#1884);
#1887=DIRECTION('',(3.090169943749E-1,-9.510565162952E-1,0.E0));
#1888=VECTOR('',#1887,7.987005367100E-2);
#1889=CARTESIAN_POINT('',(-4.505427622363E0,1.386628042128E1,4.E0));
#1890=LINE('',#1889,#1888);
#1891=DIRECTION('',(-2.209720341309E-1,-9.752801444365E-1,0.E0));
#1892=VECTOR('',#1891,1.101290943715E0);
#1893=CARTESIAN_POINT('',(-4.262073122360E0,1.494034761193E1,4.E0));
#1894=LINE('',#1893,#1892);
#1895=DIRECTION('',(-9.659258262891E-1,-2.588190451025E-1,0.E0));
#1896=VECTOR('',#1895,5.E-1);
#1897=CARTESIAN_POINT('',(-3.779110209216E0,1.506975713448E1,4.E0));
#1898=LINE('',#1897,#1896);
#1899=DIRECTION('',(-6.529718462431E-1,7.573821809456E-1,0.E0));
#1900=VECTOR('',#1899,1.170633461084E0);
#1901=CARTESIAN_POINT('',(-3.014719516858E0,1.418314021064E1,4.E0));
#1902=LINE('',#1901,#1900);
#1903=DIRECTION('',(2.079116908178E-1,-9.781476007338E-1,0.E0));
#1904=VECTOR('',#1903,7.987005367099E-2);
#1905=CARTESIAN_POINT('',(-3.031325434762E0,1.426126491201E1,4.E0));
#1906=LINE('',#1905,#1904);
#1907=DIRECTION('',(-3.217060609606E-1,-9.468395906072E-1,0.E0));
#1908=VECTOR('',#1907,1.101290943715E0);
#1909=CARTESIAN_POINT('',(-2.677033463288E0,1.530401077829E1,4.E0));
#1910=LINE('',#1909,#1908);
#1911=DIRECTION('',(-9.876883405951E-1,-1.564344650402E-1,0.E0));
#1912=VECTOR('',#1911,5.E-1);
#1913=CARTESIAN_POINT('',(-2.183189292990E0,1.538222801082E1,4.E0));
#1914=LINE('',#1913,#1912);
#1915=DIRECTION('',(-5.702268026672E-1,8.214873057570E-1,0.E0));
#1916=VECTOR('',#1915,1.170633461084E0);
#1917=CARTESIAN_POINT('',(-1.515662717381E0,1.442056748284E1,4.E0));
#1918=LINE('',#1917,#1916);
#1919=DIRECTION('',(1.045284632676E-1,-9.945218953683E-1,0.E0));
#1920=VECTOR('',#1919,7.987005367100E-2);
#1921=CARTESIAN_POINT('',(-1.524011411352E0,1.45E1,4.E0));
#1922=LINE('',#1921,#1920);
#1923=DIRECTION('',(-4.189154088652E-1,-9.080252640843E-1,0.E0));
#1924=VECTOR('',#1923,1.101290943715E0);
#1925=CARTESIAN_POINT('',(-1.062663665387E0,1.55E1,4.E0));
#1926=LINE('',#1925,#1924);
#1927=DIRECTION('',(-9.986295347546E-1,-5.233595624293E-2,0.E0));
#1928=VECTOR('',#1927,5.E-1);
#1929=CARTESIAN_POINT('',(-5.633488980093E-1,1.552616797812E1,4.E0));
#1930=LINE('',#1929,#1928);
#1931=CARTESIAN_POINT('',(0.E0,0.E0,4.E0));
#1932=DIRECTION('',(0.E0,0.E0,1.E0));
#1933=DIRECTION('',(0.E0,-1.E0,0.E0));
#1934=AXIS2_PLACEMENT_3D('',#1931,#1932,#1933);
#1936=CARTESIAN_POINT('',(0.E0,0.E0,4.E0));
#1937=DIRECTION('',(0.E0,0.E0,1.E0));
#1938=DIRECTION('',(0.E0,1.E0,0.E0));
#1939=AXIS2_PLACEMENT_3D('',#1936,#1937,#1938);
#1941=DIRECTION('',(0.E0,0.E0,1.E0));
#1942=VECTOR('',#1941,4.E0);
#1943=CARTESIAN_POINT('',(0.E0,1.45E1,0.E0));
#1944=LINE('',#1943,#1942);
#1945=DIRECTION('',(0.E0,0.E0,1.E0));
#1946=VECTOR('',#1945,4.E0);
#1947=CARTESIAN_POINT('',(0.E0,1.457987005367E1,0.E0));
#1948=LINE('',#1947,#1946);
#1949=DIRECTION('',(0.E0,0.E0,1.E0));
#1950=VECTOR('',#1949,4.E0);
#1951=CARTESIAN_POINT('',(5.633488980093E-1,1.552616797812E1,0.E0));
#1952=LINE('',#1951,#1950);
#1953=DIRECTION('',(0.E0,0.E0,1.E0));
#1954=VECTOR('',#1953,4.E0);
#1955=CARTESIAN_POINT('',(1.062663665387E0,1.55E1,0.E0));
#1956=LINE('',#1955,#1954);
#1957=DIRECTION('',(0.E0,0.E0,1.E0));
#1958=VECTOR('',#1957,4.E0);
#1959=CARTESIAN_POINT('',(-5.633488980093E-1,1.552616797812E1,0.E0));
#1960=LINE('',#1959,#1958);
#1961=DIRECTION('',(0.E0,0.E0,1.E0));
#1962=VECTOR('',#1961,4.E0);
#1963=CARTESIAN_POINT('',(-1.062663665387E0,1.55E1,0.E0));
#1964=LINE('',#1963,#1962);
#1965=DIRECTION('',(0.E0,0.E0,1.E0));
#1966=VECTOR('',#1965,4.E0);
#1967=CARTESIAN_POINT('',(-1.515662717381E0,1.442056748284E1,0.E0));
#1968=LINE('',#1967,#1966);
#1969=DIRECTION('',(0.E0,0.E0,1.E0));
#1970=VECTOR('',#1969,4.E0);
#1971=CARTESIAN_POINT('',(-1.524011411352E0,1.45E1,0.E0));
#1972=LINE('',#1971,#1970);
#1973=DIRECTION('',(0.E0,0.E0,1.E0));
#1974=VECTOR('',#1973,4.E0);
#1975=CARTESIAN_POINT('',(-2.183189292990E0,1.538222801082E1,0.E0));
#1976=LINE('',#1975,#1974);
#1977=DIRECTION('',(0.E0,0.E0,1.E0));
#1978=VECTOR('',#1977,4.E0);
#1979=CARTESIAN_POINT('',(-2.677033463288E0,1.530401077829E1,0.E0));
#1980=LINE('',#1979,#1978);
#1981=DIRECTION('',(0.E0,0.E0,1.E0));
#1982=VECTOR('',#1981,4.E0);
#1983=CARTESIAN_POINT('',(-3.014719516858E0,1.418314021064E1,0.E0));
#1984=LINE('',#1983,#1982);
#1985=DIRECTION('',(0.E0,0.E0,1.E0));
#1986=VECTOR('',#1985,4.E0);
#1987=CARTESIAN_POINT('',(-3.031325434762E0,1.426126491201E1,0.E0));
#1988=LINE('',#1987,#1986);
#1989=DIRECTION('',(0.E0,0.E0,1.E0));
#1990=VECTOR('',#1989,4.E0);
#1991=CARTESIAN_POINT('',(-3.779110209216E0,1.506975713448E1,0.E0));
#1992=LINE('',#1991,#1990);
#1993=DIRECTION('',(0.E0,0.E0,1.E0));
#1994=VECTOR('',#1993,4.E0);
#1995=CARTESIAN_POINT('',(-4.262073122360E0,1.494034761193E1,0.E0));
#1996=LINE('',#1995,#1994);
#1997=DIRECTION('',(0.E0,0.E0,1.E0));
#1998=VECTOR('',#1997,4.E0);
#1999=CARTESIAN_POINT('',(-4.480746418437E0,1.379031948628E1,0.E0));
#2000=LINE('',#1999,#1998);
#2001=DIRECTION('',(0.E0,0.E0,1.E0));
#2002=VECTOR('',#2001,4.E0);
#2003=CARTESIAN_POINT('',(-4.505427622363E0,1.386628042128E1,0.E0));
#2004=LINE('',#2003,#2002);
#2005=DIRECTION('',(0.E0,0.E0,1.E0));
#2006=VECTOR('',#2005,4.E0);
#2007=CARTESIAN_POINT('',(-5.333626403159E0,1.459217884544E1,0.E0));
#2008=LINE('',#2007,#2006);
#2009=DIRECTION('',(0.E0,0.E0,1.E0));
#2010=VECTOR('',#2009,4.E0);
#2011=CARTESIAN_POINT('',(-5.800416616408E0,1.441299487067E1,0.E0));
#2012=LINE('',#2011,#2010);
#2013=DIRECTION('',(0.E0,0.E0,1.E0));
#2014=VECTOR('',#2013,4.E0);
#2015=CARTESIAN_POINT('',(-5.897681324599E0,1.324640913582E1,0.E0));
#2016=LINE('',#2015,#2014);
#2017=DIRECTION('',(0.E0,0.E0,1.E0));
#2018=VECTOR('',#2017,4.E0);
#2019=CARTESIAN_POINT('',(-5.930167402112E0,1.331937406055E1,0.E0));
#2020=LINE('',#2019,#2018);
#2021=DIRECTION('',(0.E0,0.E0,1.E0));
#2022=VECTOR('',#2021,4.E0);
#2023=CARTESIAN_POINT('',(-6.829706270097E0,1.395472559135E1,0.E0));
#2024=LINE('',#2023,#2022);
#2025=DIRECTION('',(0.E0,0.E0,1.E0));
#2026=VECTOR('',#2025,4.E0);
#2027=CARTESIAN_POINT('',(-7.275209532191E0,1.372773034148E1,0.E0));
#2028=LINE('',#2027,#2026);
#2029=DIRECTION('',(0.E0,0.E0,1.E0));
#2030=VECTOR('',#2029,4.E0);
#2031=CARTESIAN_POINT('',(-7.25E0,1.255736835487E1,0.E0));
#2032=LINE('',#2031,#2030);
#2033=DIRECTION('',(0.E0,0.E0,1.E0));
#2034=VECTOR('',#2033,4.E0);
#2035=CARTESIAN_POINT('',(-7.289935026835E0,1.262653785036E1,0.E0));
#2036=LINE('',#2035,#2034);
#2037=DIRECTION('',(0.E0,0.E0,1.E0));
#2038=VECTOR('',#2037,4.E0);
#2039=CARTESIAN_POINT('',(-8.250958445931E0,1.316438144347E1,0.E0));
#2040=LINE('',#2039,#2038);
#2041=DIRECTION('',(0.E0,0.E0,1.E0));
#2042=VECTOR('',#2041,4.E0);
#2043=CARTESIAN_POINT('',(-8.670293729903E0,1.289206192597E1,0.E0));
#2044=LINE('',#2043,#2042);
#2045=DIRECTION('',(0.E0,0.E0,1.E0));
#2046=VECTOR('',#2045,4.E0);
#2047=CARTESIAN_POINT('',(-8.522886158241E0,1.173074641844E1,0.E0));
#2048=LINE('',#2047,#2046);
#2049=DIRECTION('',(0.E0,0.E0,1.E0));
#2050=VECTOR('',#2049,4.E0);
#2051=CARTESIAN_POINT('',(-8.569832597888E0,1.179536264920E1,0.E0));
#2052=LINE('',#2051,#2050);
#2053=DIRECTION('',(0.E0,0.E0,1.E0));
#2054=VECTOR('',#2053,4.E0);
#2055=CARTESIAN_POINT('',(-9.581811394407E0,1.222980557768E1,0.E0));
#2056=LINE('',#2055,#2054);
#2057=DIRECTION('',(0.E0,0.E0,1.E0));
#2058=VECTOR('',#2057,4.E0);
#2059=CARTESIAN_POINT('',(-9.970384375136E0,1.191514538215E1,0.E0));
#2060=LINE('',#2059,#2058);
#2061=DIRECTION('',(0.E0,0.E0,1.E0));
#2062=VECTOR('',#2061,4.E0);
#2063=CARTESIAN_POINT('',(-9.702393792203E0,1.077559996942E1,0.E0));
#2064=LINE('',#2063,#2062);
#2065=DIRECTION('',(0.E0,0.E0,1.E0));
#2066=VECTOR('',#2065,4.E0);
#2067=CARTESIAN_POINT('',(-9.755837289646E0,1.083495498652E1,0.E0));
#2068=LINE('',#2067,#2066);
#2069=DIRECTION('',(0.E0,0.E0,1.E0));
#2070=VECTOR('',#2069,4.E0);
#2071=CARTESIAN_POINT('',(-1.080768401212E1,1.116123740272E1,0.E0));
#2072=LINE('',#2071,#2070);
#2073=DIRECTION('',(0.E0,0.E0,1.E0));
#2074=VECTOR('',#2073,4.E0);
#2075=CARTESIAN_POINT('',(-1.116123740272E1,1.080768401212E1,0.E0));
#2076=LINE('',#2075,#2074);
#2077=DIRECTION('',(0.E0,0.E0,1.E0));
#2078=VECTOR('',#2077,4.E0);
#2079=CARTESIAN_POINT('',(-1.077559996942E1,9.702393792203E0,0.E0));
#2080=LINE('',#2079,#2078);
#2081=DIRECTION('',(0.E0,0.E0,1.E0));
#2082=VECTOR('',#2081,4.E0);
#2083=CARTESIAN_POINT('',(-1.083495498652E1,9.755837289646E0,0.E0));
#2084=LINE('',#2083,#2082);
#2085=DIRECTION('',(0.E0,0.E0,1.E0));
#2086=VECTOR('',#2085,4.E0);
#2087=CARTESIAN_POINT('',(-1.191514538215E1,9.970384375136E0,0.E0));
#2088=LINE('',#2087,#2086);
#2089=DIRECTION('',(0.E0,0.E0,1.E0));
#2090=VECTOR('',#2089,4.E0);
#2091=CARTESIAN_POINT('',(-1.222980557768E1,9.581811394407E0,0.E0));
#2092=LINE('',#2091,#2090);
#2093=DIRECTION('',(0.E0,0.E0,1.E0));
#2094=VECTOR('',#2093,4.E0);
#2095=CARTESIAN_POINT('',(-1.173074641844E1,8.522886158241E0,0.E0));
#2096=LINE('',#2095,#2094);
#2097=DIRECTION('',(0.E0,0.E0,1.E0));
#2098=VECTOR('',#2097,4.E0);
#2099=CARTESIAN_POINT('',(-1.179536264920E1,8.569832597888E0,0.E0));
#2100=LINE('',#2099,#2098);
#2101=DIRECTION('',(0.E0,0.E0,1.E0));
#2102=VECTOR('',#2101,4.E0);
#2103=CARTESIAN_POINT('',(-1.289206192597E1,8.670293729903E0,0.E0));
#2104=LINE('',#2103,#2102);
#2105=DIRECTION('',(0.E0,0.E0,1.E0));
#2106=VECTOR('',#2105,4.E0);
#2107=CARTESIAN_POINT('',(-1.316438144347E1,8.250958445931E0,0.E0));
#2108=LINE('',#2107,#2106);
#2109=DIRECTION('',(0.E0,0.E0,1.E0));
#2110=VECTOR('',#2109,4.E0);
#2111=CARTESIAN_POINT('',(-1.255736835487E1,7.25E0,0.E0));
#2112=LINE('',#2111,#2110);
#2113=DIRECTION('',(0.E0,0.E0,1.E0));
#2114=VECTOR('',#2113,4.E0);
#2115=CARTESIAN_POINT('',(-1.262653785036E1,7.289935026835E0,0.E0));
#2116=LINE('',#2115,#2114);
#2117=DIRECTION('',(0.E0,0.E0,1.E0));
#2118=VECTOR('',#2117,4.E0);
#2119=CARTESIAN_POINT('',(-1.372773034148E1,7.275209532191E0,0.E0));
#2120=LINE('',#2119,#2118);
#2121=DIRECTION('',(0.E0,0.E0,1.E0));
#2122=VECTOR('',#2121,4.E0);
#2123=CARTESIAN_POINT('',(-1.395472559135E1,6.829706270096E0,0.E0));
#2124=LINE('',#2123,#2122);
#2125=DIRECTION('',(0.E0,0.E0,1.E0));
#2126=VECTOR('',#2125,4.E0);
#2127=CARTESIAN_POINT('',(-1.324640913582E1,5.897681324599E0,0.E0));
#2128=LINE('',#2127,#2126);
#2129=DIRECTION('',(0.E0,0.E0,1.E0));
#2130=VECTOR('',#2129,4.E0);
#2131=CARTESIAN_POINT('',(-1.331937406055E1,5.930167402112E0,0.E0));
#2132=LINE('',#2131,#2130);
#2133=DIRECTION('',(0.E0,0.E0,1.E0));
#2134=VECTOR('',#2133,4.E0);
#2135=CARTESIAN_POINT('',(-1.441299487067E1,5.800416616408E0,0.E0));
#2136=LINE('',#2135,#2134);
#2137=DIRECTION('',(0.E0,0.E0,1.E0));
#2138=VECTOR('',#2137,4.E0);
#2139=CARTESIAN_POINT('',(-1.459217884544E1,5.333626403159E0,0.E0));
#2140=LINE('',#2139,#2138);
#2141=DIRECTION('',(0.E0,0.E0,1.E0));
#2142=VECTOR('',#2141,4.E0);
#2143=CARTESIAN_POINT('',(-1.379031948628E1,4.480746418437E0,0.E0));
#2144=LINE('',#2143,#2142);
#2145=DIRECTION('',(0.E0,0.E0,1.E0));
#2146=VECTOR('',#2145,4.E0);
#2147=CARTESIAN_POINT('',(-1.386628042128E1,4.505427622363E0,0.E0));
#2148=LINE('',#2147,#2146);
#2149=DIRECTION('',(0.E0,0.E0,1.E0));
#2150=VECTOR('',#2149,4.E0);
#2151=CARTESIAN_POINT('',(-1.494034761193E1,4.262073122360E0,0.E0));
#2152=LINE('',#2151,#2150);
#2153=DIRECTION('',(0.E0,0.E0,1.E0));
#2154=VECTOR('',#2153,4.E0);
#2155=CARTESIAN_POINT('',(-1.506975713448E1,3.779110209216E0,0.E0));
#2156=LINE('',#2155,#2154);
#2157=DIRECTION('',(0.E0,0.E0,1.E0));
#2158=VECTOR('',#2157,4.E0);
#2159=CARTESIAN_POINT('',(-1.418314021064E1,3.014719516858E0,0.E0));
#2160=LINE('',#2159,#2158);
#2161=DIRECTION('',(0.E0,0.E0,1.E0));
#2162=VECTOR('',#2161,4.E0);
#2163=CARTESIAN_POINT('',(-1.426126491201E1,3.031325434762E0,0.E0));
#2164=LINE('',#2163,#2162);
#2165=DIRECTION('',(0.E0,0.E0,1.E0));
#2166=VECTOR('',#2165,4.E0);
#2167=CARTESIAN_POINT('',(-1.530401077829E1,2.677033463288E0,0.E0));
#2168=LINE('',#2167,#2166);
#2169=DIRECTION('',(0.E0,0.E0,1.E0));
#2170=VECTOR('',#2169,4.E0);
#2171=CARTESIAN_POINT('',(-1.538222801082E1,2.183189292990E0,0.E0));
#2172=LINE('',#2171,#2170);
#2173=DIRECTION('',(0.E0,0.E0,1.E0));
#2174=VECTOR('',#2173,4.E0);
#2175=CARTESIAN_POINT('',(-1.442056748284E1,1.515662717381E0,0.E0));
#2176=LINE('',#2175,#2174);
#2177=DIRECTION('',(0.E0,0.E0,1.E0));
#2178=VECTOR('',#2177,4.E0);
#2179=CARTESIAN_POINT('',(-1.45E1,1.524011411352E0,0.E0));
#2180=LINE('',#2179,#2178);
#2181=DIRECTION('',(0.E0,0.E0,1.E0));
#2182=VECTOR('',#2181,4.E0);
#2183=CARTESIAN_POINT('',(-1.55E1,1.062663665387E0,0.E0));
#2184=LINE('',#2183,#2182);
#2185=DIRECTION('',(0.E0,0.E0,1.E0));
#2186=VECTOR('',#2185,4.E0);
#2187=CARTESIAN_POINT('',(-1.552616797812E1,5.633488980093E-1,0.E0));
#2188=LINE('',#2187,#2186);
#2189=DIRECTION('',(0.E0,0.E0,1.E0));
#2190=VECTOR('',#2189,4.E0);
#2191=CARTESIAN_POINT('',(-1.45E1,0.E0,0.E0));
#2192=LINE('',#2191,#2190);
#2193=DIRECTION('',(0.E0,0.E0,1.E0));
#2194=VECTOR('',#2193,4.E0);
#2195=CARTESIAN_POINT('',(-1.457987005367E1,0.E0,0.E0));
#2196=LINE('',#2195,#2194);
#2197=DIRECTION('',(0.E0,0.E0,1.E0));
#2198=VECTOR('',#2197,4.E0);
#2199=CARTESIAN_POINT('',(-1.552616797812E1,-5.633488980093E-1,0.E0));
#2200=LINE('',#2199,#2198);
#2201=DIRECTION('',(0.E0,0.E0,1.E0));
#2202=VECTOR('',#2201,4.E0);
#2203=CARTESIAN_POINT('',(-1.55E1,-1.062663665387E0,0.E0));
#2204=LINE('',#2203,#2202);
#2205=DIRECTION('',(0.E0,0.E0,1.E0));
#2206=VECTOR('',#2205,4.E0);
#2207=CARTESIAN_POINT('',(-1.442056748284E1,-1.515662717381E0,0.E0));
#2208=LINE('',#2207,#2206);
#2209=DIRECTION('',(0.E0,0.E0,1.E0));
#2210=VECTOR('',#2209,4.E0);
#2211=CARTESIAN_POINT('',(-1.45E1,-1.524011411352E0,0.E0));
#2212=LINE('',#2211,#2210);
#2213=DIRECTION('',(0.E0,0.E0,1.E0));
#2214=VECTOR('',#2213,4.E0);
#2215=CARTESIAN_POINT('',(-1.538222801082E1,-2.183189292990E0,0.E0));
#2216=LINE('',#2215,#2214);
#2217=DIRECTION('',(0.E0,0.E0,1.E0));
#2218=VECTOR('',#2217,4.E0);
#2219=CARTESIAN_POINT('',(-1.530401077829E1,-2.677033463288E0,0.E0));
#2220=LINE('',#2219,#2218);
#2221=DIRECTION('',(0.E0,0.E0,1.E0));
#2222=VECTOR('',#2221,4.E0);
#2223=CARTESIAN_POINT('',(-1.418314021064E1,-3.014719516858E0,0.E0));
#2224=LINE('',#2223,#2222);
#2225=DIRECTION('',(0.E0,0.E0,1.E0));
#2226=VECTOR('',#2225,4.E0);
#2227=CARTESIAN_POINT('',(-1.426126491201E1,-3.031325434762E0,0.E0));
#2228=LINE('',#2227,#2226);
#2229=DIRECTION('',(0.E0,0.E0,1.E0));
#2230=VECTOR('',#2229,4.E0);
#2231=CARTESIAN_POINT('',(-1.506975713448E1,-3.779110209216E0,0.E0));
#2232=LINE('',#2231,#2230);
#2233=DIRECTION('',(0.E0,0.E0,1.E0));
#2234=VECTOR('',#2233,4.E0);
#2235=CARTESIAN_POINT('',(-1.494034761193E1,-4.262073122360E0,0.E0));
#2236=LINE('',#2235,#2234);
#2237=DIRECTION('',(0.E0,0.E0,1.E0));
#2238=VECTOR('',#2237,4.E0);
#2239=CARTESIAN_POINT('',(-1.379031948628E1,-4.480746418437E0,0.E0));
#2240=LINE('',#2239,#2238);
#2241=DIRECTION('',(0.E0,0.E0,1.E0));
#2242=VECTOR('',#2241,4.E0);
#2243=CARTESIAN_POINT('',(-1.386628042128E1,-4.505427622363E0,0.E0));
#2244=LINE('',#2243,#2242);
#2245=DIRECTION('',(0.E0,0.E0,1.E0));
#2246=VECTOR('',#2245,4.E0);
#2247=CARTESIAN_POINT('',(-1.459217884544E1,-5.333626403159E0,0.E0));
#2248=LINE('',#2247,#2246);
#2249=DIRECTION('',(0.E0,0.E0,1.E0));
#2250=VECTOR('',#2249,4.E0);
#2251=CARTESIAN_POINT('',(-1.441299487067E1,-5.800416616408E0,0.E0));
#2252=LINE('',#2251,#2250);
#2253=DIRECTION('',(0.E0,0.E0,1.E0));
#2254=VECTOR('',#2253,4.E0);
#2255=CARTESIAN_POINT('',(-1.324640913582E1,-5.897681324599E0,0.E0));
#2256=LINE('',#2255,#2254);
#2257=DIRECTION('',(0.E0,0.E0,1.E0));
#2258=VECTOR('',#2257,4.E0);
#2259=CARTESIAN_POINT('',(-1.331937406055E1,-5.930167402112E0,0.E0));
#2260=LINE('',#2259,#2258);
#2261=DIRECTION('',(0.E0,0.E0,1.E0));
#2262=VECTOR('',#2261,4.E0);
#2263=CARTESIAN_POINT('',(-1.395472559135E1,-6.829706270097E0,0.E0));
#2264=LINE('',#2263,#2262);
#2265=DIRECTION('',(0.E0,0.E0,1.E0));
#2266=VECTOR('',#2265,4.E0);
#2267=CARTESIAN_POINT('',(-1.372773034148E1,-7.275209532191E0,0.E0));
#2268=LINE('',#2267,#2266);
#2269=DIRECTION('',(0.E0,0.E0,1.E0));
#2270=VECTOR('',#2269,4.E0);
#2271=CARTESIAN_POINT('',(-1.255736835487E1,-7.25E0,0.E0));
#2272=LINE('',#2271,#2270);
#2273=DIRECTION('',(0.E0,0.E0,1.E0));
#2274=VECTOR('',#2273,4.E0);
#2275=CARTESIAN_POINT('',(-1.262653785036E1,-7.289935026835E0,0.E0));
#2276=LINE('',#2275,#2274);
#2277=DIRECTION('',(0.E0,0.E0,1.E0));
#2278=VECTOR('',#2277,4.E0);
#2279=CARTESIAN_POINT('',(-1.316438144347E1,-8.250958445931E0,0.E0));
#2280=LINE('',#2279,#2278);
#2281=DIRECTION('',(0.E0,0.E0,1.E0));
#2282=VECTOR('',#2281,4.E0);
#2283=CARTESIAN_POINT('',(-1.289206192597E1,-8.670293729903E0,0.E0));
#2284=LINE('',#2283,#2282);
#2285=DIRECTION('',(0.E0,0.E0,1.E0));
#2286=VECTOR('',#2285,4.E0);
#2287=CARTESIAN_POINT('',(-1.173074641844E1,-8.522886158241E0,0.E0));
#2288=LINE('',#2287,#2286);
#2289=DIRECTION('',(0.E0,0.E0,1.E0));
#2290=VECTOR('',#2289,4.E0);
#2291=CARTESIAN_POINT('',(-1.179536264920E1,-8.569832597888E0,0.E0));
#2292=LINE('',#2291,#2290);
#2293=DIRECTION('',(0.E0,0.E0,1.E0));
#2294=VECTOR('',#2293,4.E0);
#2295=CARTESIAN_POINT('',(-1.222980557768E1,-9.581811394407E0,0.E0));
#2296=LINE('',#2295,#2294);
#2297=DIRECTION('',(0.E0,0.E0,1.E0));
#2298=VECTOR('',#2297,4.E0);
#2299=CARTESIAN_POINT('',(-1.191514538215E1,-9.970384375136E0,0.E0));
#2300=LINE('',#2299,#2298);
#2301=DIRECTION('',(0.E0,0.E0,1.E0));
#2302=VECTOR('',#2301,4.E0);
#2303=CARTESIAN_POINT('',(-1.077559996942E1,-9.702393792203E0,0.E0));
#2304=LINE('',#2303,#2302);
#2305=DIRECTION('',(0.E0,0.E0,1.E0));
#2306=VECTOR('',#2305,4.E0);
#2307=CARTESIAN_POINT('',(-1.083495498652E1,-9.755837289646E0,0.E0));
#2308=LINE('',#2307,#2306);
#2309=DIRECTION('',(0.E0,0.E0,1.E0));
#2310=VECTOR('',#2309,4.E0);
#2311=CARTESIAN_POINT('',(-1.116123740272E1,-1.080768401212E1,0.E0));
#2312=LINE('',#2311,#2310);
#2313=DIRECTION('',(0.E0,0.E0,1.E0));
#2314=VECTOR('',#2313,4.E0);
#2315=CARTESIAN_POINT('',(-1.080768401212E1,-1.116123740272E1,0.E0));
#2316=LINE('',#2315,#2314);
#2317=DIRECTION('',(0.E0,0.E0,1.E0));
#2318=VECTOR('',#2317,4.E0);
#2319=CARTESIAN_POINT('',(-9.702393792203E0,-1.077559996942E1,0.E0));
#2320=LINE('',#2319,#2318);
#2321=DIRECTION('',(0.E0,0.E0,1.E0));
#2322=VECTOR('',#2321,4.E0);
#2323=CARTESIAN_POINT('',(-9.755837289646E0,-1.083495498652E1,0.E0));
#2324=LINE('',#2323,#2322);
#2325=DIRECTION('',(0.E0,0.E0,1.E0));
#2326=VECTOR('',#2325,4.E0);
#2327=CARTESIAN_POINT('',(-9.970384375136E0,-1.191514538215E1,0.E0));
#2328=LINE('',#2327,#2326);
#2329=DIRECTION('',(0.E0,0.E0,1.E0));
#2330=VECTOR('',#2329,4.E0);
#2331=CARTESIAN_POINT('',(-9.581811394407E0,-1.222980557768E1,0.E0));
#2332=LINE('',#2331,#2330);
#2333=DIRECTION('',(0.E0,0.E0,1.E0));
#2334=VECTOR('',#2333,4.E0);
#2335=CARTESIAN_POINT('',(-8.522886158241E0,-1.173074641844E1,0.E0));
#2336=LINE('',#2335,#2334);
#2337=DIRECTION('',(0.E0,0.E0,1.E0));
#2338=VECTOR('',#2337,4.E0);
#2339=CARTESIAN_POINT('',(-8.569832597888E0,-1.179536264920E1,0.E0));
#2340=LINE('',#2339,#2338);
#2341=DIRECTION('',(0.E0,0.E0,1.E0));
#2342=VECTOR('',#2341,4.E0);
#2343=CARTESIAN_POINT('',(-8.670293729903E0,-1.289206192597E1,0.E0));
#2344=LINE('',#2343,#2342);
#2345=DIRECTION('',(0.E0,0.E0,1.E0));
#2346=VECTOR('',#2345,4.E0);
#2347=CARTESIAN_POINT('',(-8.250958445931E0,-1.316438144347E1,0.E0));
#2348=LINE('',#2347,#2346);
#2349=DIRECTION('',(0.E0,0.E0,1.E0));
#2350=VECTOR('',#2349,4.E0);
#2351=CARTESIAN_POINT('',(-7.25E0,-1.255736835487E1,0.E0));
#2352=LINE('',#2351,#2350);
#2353=DIRECTION('',(0.E0,0.E0,1.E0));
#2354=VECTOR('',#2353,4.E0);
#2355=CARTESIAN_POINT('',(-7.289935026835E0,-1.262653785036E1,0.E0));
#2356=LINE('',#2355,#2354);
#2357=DIRECTION('',(0.E0,0.E0,1.E0));
#2358=VECTOR('',#2357,4.E0);
#2359=CARTESIAN_POINT('',(-7.275209532191E0,-1.372773034148E1,0.E0));
#2360=LINE('',#2359,#2358);
#2361=DIRECTION('',(0.E0,0.E0,1.E0));
#2362=VECTOR('',#2361,4.E0);
#2363=CARTESIAN_POINT('',(-6.829706270096E0,-1.395472559135E1,0.E0));
#2364=LINE('',#2363,#2362);
#2365=DIRECTION('',(0.E0,0.E0,1.E0));
#2366=VECTOR('',#2365,4.E0);
#2367=CARTESIAN_POINT('',(-5.897681324599E0,-1.324640913582E1,0.E0));
#2368=LINE('',#2367,#2366);
#2369=DIRECTION('',(0.E0,0.E0,1.E0));
#2370=VECTOR('',#2369,4.E0);
#2371=CARTESIAN_POINT('',(-5.930167402112E0,-1.331937406055E1,0.E0));
#2372=LINE('',#2371,#2370);
#2373=DIRECTION('',(0.E0,0.E0,1.E0));
#2374=VECTOR('',#2373,4.E0);
#2375=CARTESIAN_POINT('',(-5.800416616408E0,-1.441299487067E1,0.E0));
#2376=LINE('',#2375,#2374);
#2377=DIRECTION('',(0.E0,0.E0,1.E0));
#2378=VECTOR('',#2377,4.E0);
#2379=CARTESIAN_POINT('',(-5.333626403159E0,-1.459217884544E1,0.E0));
#2380=LINE('',#2379,#2378);
#2381=DIRECTION('',(0.E0,0.E0,1.E0));
#2382=VECTOR('',#2381,4.E0);
#2383=CARTESIAN_POINT('',(-4.480746418437E0,-1.379031948628E1,0.E0));
#2384=LINE('',#2383,#2382);
#2385=DIRECTION('',(0.E0,0.E0,1.E0));
#2386=VECTOR('',#2385,4.E0);
#2387=CARTESIAN_POINT('',(-4.505427622363E0,-1.386628042128E1,0.E0));
#2388=LINE('',#2387,#2386);
#2389=DIRECTION('',(0.E0,0.E0,1.E0));
#2390=VECTOR('',#2389,4.E0);
#2391=CARTESIAN_POINT('',(-4.262073122360E0,-1.494034761193E1,0.E0));
#2392=LINE('',#2391,#2390);
#2393=DIRECTION('',(0.E0,0.E0,1.E0));
#2394=VECTOR('',#2393,4.E0);
#2395=CARTESIAN_POINT('',(-3.779110209216E0,-1.506975713448E1,0.E0));
#2396=LINE('',#2395,#2394);
#2397=DIRECTION('',(0.E0,0.E0,1.E0));
#2398=VECTOR('',#2397,4.E0);
#2399=CARTESIAN_POINT('',(-3.014719516858E0,-1.418314021064E1,0.E0));
#2400=LINE('',#2399,#2398);
#2401=DIRECTION('',(0.E0,0.E0,1.E0));
#2402=VECTOR('',#2401,4.E0);
#2403=CARTESIAN_POINT('',(-3.031325434762E0,-1.426126491201E1,0.E0));
#2404=LINE('',#2403,#2402);
#2405=DIRECTION('',(0.E0,0.E0,1.E0));
#2406=VECTOR('',#2405,4.E0);
#2407=CARTESIAN_POINT('',(-2.677033463288E0,-1.530401077830E1,0.E0));
#2408=LINE('',#2407,#2406);
#2409=DIRECTION('',(0.E0,0.E0,1.E0));
#2410=VECTOR('',#2409,4.E0);
#2411=CARTESIAN_POINT('',(-2.183189292990E0,-1.538222801082E1,0.E0));
#2412=LINE('',#2411,#2410);
#2413=DIRECTION('',(0.E0,0.E0,1.E0));
#2414=VECTOR('',#2413,4.E0);
#2415=CARTESIAN_POINT('',(-1.515662717381E0,-1.442056748284E1,0.E0));
#2416=LINE('',#2415,#2414);
#2417=DIRECTION('',(0.E0,0.E0,1.E0));
#2418=VECTOR('',#2417,4.E0);
#2419=CARTESIAN_POINT('',(-1.524011411352E0,-1.45E1,0.E0));
#2420=LINE('',#2419,#2418);
#2421=DIRECTION('',(0.E0,0.E0,1.E0));
#2422=VECTOR('',#2421,4.E0);
#2423=CARTESIAN_POINT('',(-1.062663665387E0,-1.55E1,0.E0));
#2424=LINE('',#2423,#2422);
#2425=DIRECTION('',(0.E0,0.E0,1.E0));
#2426=VECTOR('',#2425,4.E0);
#2427=CARTESIAN_POINT('',(-5.633488980093E-1,-1.552616797812E1,0.E0));
#2428=LINE('',#2427,#2426);
#2429=DIRECTION('',(0.E0,0.E0,1.E0));
#2430=VECTOR('',#2429,4.E0);
#2431=CARTESIAN_POINT('',(0.E0,-1.45E1,0.E0));
#2432=LINE('',#2431,#2430);
#2433=DIRECTION('',(-7.385963061628E-14,-1.E0,0.E0));
#2434=VECTOR('',#2433,7.987005367098E-2);
#2435=CARTESIAN_POINT('',(0.E0,-1.45E1,0.E0));
#2436=LINE('',#2435,#2434);
#2437=DIRECTION('',(0.E0,0.E0,1.E0));
#2438=VECTOR('',#2437,4.E0);
#2439=CARTESIAN_POINT('',(0.E0,-1.457987005367E1,0.E0));
#2440=LINE('',#2439,#2438);
#2441=DIRECTION('',(7.385963061628E-14,1.E0,0.E0));
#2442=VECTOR('',#2441,7.987005367098E-2);
#2443=CARTESIAN_POINT('',(0.E0,-1.457987005367E1,4.E0));
#2444=LINE('',#2443,#2442);
#2445=DIRECTION('',(0.E0,0.E0,1.E0));
#2446=VECTOR('',#2445,4.E0);
#2447=CARTESIAN_POINT('',(5.633488980093E-1,-1.552616797812E1,0.E0));
#2448=LINE('',#2447,#2446);
#2449=DIRECTION('',(0.E0,0.E0,1.E0));
#2450=VECTOR('',#2449,4.E0);
#2451=CARTESIAN_POINT('',(1.062663665387E0,-1.55E1,0.E0));
#2452=LINE('',#2451,#2450);
#2453=DIRECTION('',(0.E0,0.E0,1.E0));
#2454=VECTOR('',#2453,4.E0);
#2455=CARTESIAN_POINT('',(1.515662717381E0,-1.442056748284E1,0.E0));
#2456=LINE('',#2455,#2454);
#2457=DIRECTION('',(0.E0,0.E0,1.E0));
#2458=VECTOR('',#2457,4.E0);
#2459=CARTESIAN_POINT('',(1.524011411352E0,-1.45E1,0.E0));
#2460=LINE('',#2459,#2458);
#2461=DIRECTION('',(0.E0,0.E0,1.E0));
#2462=VECTOR('',#2461,4.E0);
#2463=CARTESIAN_POINT('',(2.183189292990E0,-1.538222801082E1,0.E0));
#2464=LINE('',#2463,#2462);
#2465=DIRECTION('',(0.E0,0.E0,1.E0));
#2466=VECTOR('',#2465,4.E0);
#2467=CARTESIAN_POINT('',(2.677033463288E0,-1.530401077829E1,0.E0));
#2468=LINE('',#2467,#2466);
#2469=DIRECTION('',(0.E0,0.E0,1.E0));
#2470=VECTOR('',#2469,4.E0);
#2471=CARTESIAN_POINT('',(3.014719516858E0,-1.418314021064E1,0.E0));
#2472=LINE('',#2471,#2470);
#2473=DIRECTION('',(0.E0,0.E0,1.E0));
#2474=VECTOR('',#2473,4.E0);
#2475=CARTESIAN_POINT('',(3.031325434762E0,-1.426126491201E1,0.E0));
#2476=LINE('',#2475,#2474);
#2477=DIRECTION('',(0.E0,0.E0,1.E0));
#2478=VECTOR('',#2477,4.E0);
#2479=CARTESIAN_POINT('',(3.779110209216E0,-1.506975713448E1,0.E0));
#2480=LINE('',#2479,#2478);
#2481=DIRECTION('',(0.E0,0.E0,1.E0));
#2482=VECTOR('',#2481,4.E0);
#2483=CARTESIAN_POINT('',(4.262073122360E0,-1.494034761193E1,0.E0));
#2484=LINE('',#2483,#2482);
#2485=DIRECTION('',(0.E0,0.E0,1.E0));
#2486=VECTOR('',#2485,4.E0);
#2487=CARTESIAN_POINT('',(4.480746418437E0,-1.379031948628E1,0.E0));
#2488=LINE('',#2487,#2486);
#2489=DIRECTION('',(0.E0,0.E0,1.E0));
#2490=VECTOR('',#2489,4.E0);
#2491=CARTESIAN_POINT('',(4.505427622363E0,-1.386628042128E1,0.E0));
#2492=LINE('',#2491,#2490);
#2493=DIRECTION('',(0.E0,0.E0,1.E0));
#2494=VECTOR('',#2493,4.E0);
#2495=CARTESIAN_POINT('',(5.333626403159E0,-1.459217884544E1,0.E0));
#2496=LINE('',#2495,#2494);
#2497=DIRECTION('',(0.E0,0.E0,1.E0));
#2498=VECTOR('',#2497,4.E0);
#2499=CARTESIAN_POINT('',(5.800416616408E0,-1.441299487067E1,0.E0));
#2500=LINE('',#2499,#2498);
#2501=DIRECTION('',(0.E0,0.E0,1.E0));
#2502=VECTOR('',#2501,4.E0);
#2503=CARTESIAN_POINT('',(5.897681324599E0,-1.324640913582E1,0.E0));
#2504=LINE('',#2503,#2502);
#2505=DIRECTION('',(0.E0,0.E0,1.E0));
#2506=VECTOR('',#2505,4.E0);
#2507=CARTESIAN_POINT('',(5.930167402112E0,-1.331937406055E1,0.E0));
#2508=LINE('',#2507,#2506);
#2509=DIRECTION('',(0.E0,0.E0,1.E0));
#2510=VECTOR('',#2509,4.E0);
#2511=CARTESIAN_POINT('',(6.829706270097E0,-1.395472559135E1,0.E0));
#2512=LINE('',#2511,#2510);
#2513=DIRECTION('',(0.E0,0.E0,1.E0));
#2514=VECTOR('',#2513,4.E0);
#2515=CARTESIAN_POINT('',(7.275209532191E0,-1.372773034148E1,0.E0));
#2516=LINE('',#2515,#2514);
#2517=DIRECTION('',(0.E0,0.E0,1.E0));
#2518=VECTOR('',#2517,4.E0);
#2519=CARTESIAN_POINT('',(7.25E0,-1.255736835487E1,0.E0));
#2520=LINE('',#2519,#2518);
#2521=DIRECTION('',(0.E0,0.E0,1.E0));
#2522=VECTOR('',#2521,4.E0);
#2523=CARTESIAN_POINT('',(7.289935026835E0,-1.262653785036E1,0.E0));
#2524=LINE('',#2523,#2522);
#2525=DIRECTION('',(0.E0,0.E0,1.E0));
#2526=VECTOR('',#2525,4.E0);
#2527=CARTESIAN_POINT('',(8.250958445931E0,-1.316438144347E1,0.E0));
#2528=LINE('',#2527,#2526);
#2529=DIRECTION('',(0.E0,0.E0,1.E0));
#2530=VECTOR('',#2529,4.E0);
#2531=CARTESIAN_POINT('',(8.670293729904E0,-1.289206192597E1,0.E0));
#2532=LINE('',#2531,#2530);
#2533=DIRECTION('',(0.E0,0.E0,1.E0));
#2534=VECTOR('',#2533,4.E0);
#2535=CARTESIAN_POINT('',(8.522886158241E0,-1.173074641844E1,0.E0));
#2536=LINE('',#2535,#2534);
#2537=DIRECTION('',(0.E0,0.E0,1.E0));
#2538=VECTOR('',#2537,4.E0);
#2539=CARTESIAN_POINT('',(8.569832597888E0,-1.179536264920E1,0.E0));
#2540=LINE('',#2539,#2538);
#2541=DIRECTION('',(0.E0,0.E0,1.E0));
#2542=VECTOR('',#2541,4.E0);
#2543=CARTESIAN_POINT('',(9.581811394407E0,-1.222980557768E1,0.E0));
#2544=LINE('',#2543,#2542);
#2545=DIRECTION('',(0.E0,0.E0,1.E0));
#2546=VECTOR('',#2545,4.E0);
#2547=CARTESIAN_POINT('',(9.970384375136E0,-1.191514538215E1,0.E0));
#2548=LINE('',#2547,#2546);
#2549=DIRECTION('',(0.E0,0.E0,1.E0));
#2550=VECTOR('',#2549,4.E0);
#2551=CARTESIAN_POINT('',(9.702393792203E0,-1.077559996942E1,0.E0));
#2552=LINE('',#2551,#2550);
#2553=DIRECTION('',(0.E0,0.E0,1.E0));
#2554=VECTOR('',#2553,4.E0);
#2555=CARTESIAN_POINT('',(9.755837289646E0,-1.083495498652E1,0.E0));
#2556=LINE('',#2555,#2554);
#2557=DIRECTION('',(0.E0,0.E0,1.E0));
#2558=VECTOR('',#2557,4.E0);
#2559=CARTESIAN_POINT('',(1.080768401212E1,-1.116123740272E1,0.E0));
#2560=LINE('',#2559,#2558);
#2561=DIRECTION('',(0.E0,0.E0,1.E0));
#2562=VECTOR('',#2561,4.E0);
#2563=CARTESIAN_POINT('',(1.116123740272E1,-1.080768401212E1,0.E0));
#2564=LINE('',#2563,#2562);
#2565=DIRECTION('',(0.E0,0.E0,1.E0));
#2566=VECTOR('',#2565,4.E0);
#2567=CARTESIAN_POINT('',(1.077559996942E1,-9.702393792203E0,0.E0));
#2568=LINE('',#2567,#2566);
#2569=DIRECTION('',(0.E0,0.E0,1.E0));
#2570=VECTOR('',#2569,4.E0);
#2571=CARTESIAN_POINT('',(1.083495498652E1,-9.755837289646E0,0.E0));
#2572=LINE('',#2571,#2570);
#2573=DIRECTION('',(0.E0,0.E0,1.E0));
#2574=VECTOR('',#2573,4.E0);
#2575=CARTESIAN_POINT('',(1.191514538215E1,-9.970384375136E0,0.E0));
#2576=LINE('',#2575,#2574);
#2577=DIRECTION('',(0.E0,0.E0,1.E0));
#2578=VECTOR('',#2577,4.E0);
#2579=CARTESIAN_POINT('',(1.222980557768E1,-9.581811394407E0,0.E0));
#2580=LINE('',#2579,#2578);
#2581=DIRECTION('',(0.E0,0.E0,1.E0));
#2582=VECTOR('',#2581,4.E0);
#2583=CARTESIAN_POINT('',(1.173074641844E1,-8.522886158241E0,0.E0));
#2584=LINE('',#2583,#2582);
#2585=DIRECTION('',(0.E0,0.E0,1.E0));
#2586=VECTOR('',#2585,4.E0);
#2587=CARTESIAN_POINT('',(1.179536264920E1,-8.569832597888E0,0.E0));
#2588=LINE('',#2587,#2586);
#2589=DIRECTION('',(0.E0,0.E0,1.E0));
#2590=VECTOR('',#2589,4.E0);
#2591=CARTESIAN_POINT('',(1.289206192597E1,-8.670293729903E0,0.E0));
#2592=LINE('',#2591,#2590);
#2593=DIRECTION('',(0.E0,0.E0,1.E0));
#2594=VECTOR('',#2593,4.E0);
#2595=CARTESIAN_POINT('',(1.316438144347E1,-8.250958445931E0,0.E0));
#2596=LINE('',#2595,#2594);
#2597=DIRECTION('',(0.E0,0.E0,1.E0));
#2598=VECTOR('',#2597,4.E0);
#2599=CARTESIAN_POINT('',(1.255736835487E1,-7.25E0,0.E0));
#2600=LINE('',#2599,#2598);
#2601=DIRECTION('',(0.E0,0.E0,1.E0));
#2602=VECTOR('',#2601,4.E0);
#2603=CARTESIAN_POINT('',(1.262653785036E1,-7.289935026835E0,0.E0));
#2604=LINE('',#2603,#2602);
#2605=DIRECTION('',(0.E0,0.E0,1.E0));
#2606=VECTOR('',#2605,4.E0);
#2607=CARTESIAN_POINT('',(1.372773034148E1,-7.275209532191E0,0.E0));
#2608=LINE('',#2607,#2606);
#2609=DIRECTION('',(0.E0,0.E0,1.E0));
#2610=VECTOR('',#2609,4.E0);
#2611=CARTESIAN_POINT('',(1.395472559135E1,-6.829706270097E0,0.E0));
#2612=LINE('',#2611,#2610);
#2613=DIRECTION('',(0.E0,0.E0,1.E0));
#2614=VECTOR('',#2613,4.E0);
#2615=CARTESIAN_POINT('',(1.324640913582E1,-5.897681324599E0,0.E0));
#2616=LINE('',#2615,#2614);
#2617=DIRECTION('',(0.E0,0.E0,1.E0));
#2618=VECTOR('',#2617,4.E0);
#2619=CARTESIAN_POINT('',(1.331937406055E1,-5.930167402112E0,0.E0));
#2620=LINE('',#2619,#2618);
#2621=DIRECTION('',(0.E0,0.E0,1.E0));
#2622=VECTOR('',#2621,4.E0);
#2623=CARTESIAN_POINT('',(1.441299487067E1,-5.800416616408E0,0.E0));
#2624=LINE('',#2623,#2622);
#2625=DIRECTION('',(0.E0,0.E0,1.E0));
#2626=VECTOR('',#2625,4.E0);
#2627=CARTESIAN_POINT('',(1.459217884544E1,-5.333626403159E0,0.E0));
#2628=LINE('',#2627,#2626);
#2629=DIRECTION('',(0.E0,0.E0,1.E0));
#2630=VECTOR('',#2629,4.E0);
#2631=CARTESIAN_POINT('',(1.379031948628E1,-4.480746418437E0,0.E0));
#2632=LINE('',#2631,#2630);
#2633=DIRECTION('',(0.E0,0.E0,1.E0));
#2634=VECTOR('',#2633,4.E0);
#2635=CARTESIAN_POINT('',(1.386628042128E1,-4.505427622363E0,0.E0));
#2636=LINE('',#2635,#2634);
#2637=DIRECTION('',(0.E0,0.E0,1.E0));
#2638=VECTOR('',#2637,4.E0);
#2639=CARTESIAN_POINT('',(1.494034761193E1,-4.262073122360E0,0.E0));
#2640=LINE('',#2639,#2638);
#2641=DIRECTION('',(0.E0,0.E0,1.E0));
#2642=VECTOR('',#2641,4.E0);
#2643=CARTESIAN_POINT('',(1.506975713448E1,-3.779110209216E0,0.E0));
#2644=LINE('',#2643,#2642);
#2645=DIRECTION('',(0.E0,0.E0,1.E0));
#2646=VECTOR('',#2645,4.E0);
#2647=CARTESIAN_POINT('',(1.418314021064E1,-3.014719516858E0,0.E0));
#2648=LINE('',#2647,#2646);
#2649=DIRECTION('',(0.E0,0.E0,1.E0));
#2650=VECTOR('',#2649,4.E0);
#2651=CARTESIAN_POINT('',(1.426126491201E1,-3.031325434762E0,0.E0));
#2652=LINE('',#2651,#2650);
#2653=DIRECTION('',(0.E0,0.E0,1.E0));
#2654=VECTOR('',#2653,4.E0);
#2655=CARTESIAN_POINT('',(1.530401077829E1,-2.677033463288E0,0.E0));
#2656=LINE('',#2655,#2654);
#2657=DIRECTION('',(0.E0,0.E0,1.E0));
#2658=VECTOR('',#2657,4.E0);
#2659=CARTESIAN_POINT('',(1.538222801082E1,-2.183189292990E0,0.E0));
#2660=LINE('',#2659,#2658);
#2661=DIRECTION('',(0.E0,0.E0,1.E0));
#2662=VECTOR('',#2661,4.E0);
#2663=CARTESIAN_POINT('',(1.442056748284E1,-1.515662717381E0,0.E0));
#2664=LINE('',#2663,#2662);
#2665=DIRECTION('',(0.E0,0.E0,1.E0));
#2666=VECTOR('',#2665,4.E0);
#2667=CARTESIAN_POINT('',(1.45E1,-1.524011411352E0,0.E0));
#2668=LINE('',#2667,#2666);
#2669=DIRECTION('',(0.E0,0.E0,1.E0));
#2670=VECTOR('',#2669,4.E0);
#2671=CARTESIAN_POINT('',(1.55E1,-1.062663665387E0,0.E0));
#2672=LINE('',#2671,#2670);
#2673=DIRECTION('',(0.E0,0.E0,1.E0));
#2674=VECTOR('',#2673,4.E0);
#2675=CARTESIAN_POINT('',(1.552616797812E1,-5.633488980093E-1,0.E0));
#2676=LINE('',#2675,#2674);
#2677=DIRECTION('',(0.E0,0.E0,1.E0));
#2678=VECTOR('',#2677,4.E0);
#2679=CARTESIAN_POINT('',(1.45E1,0.E0,0.E0));
#2680=LINE('',#2679,#2678);
#2681=DIRECTION('',(0.E0,0.E0,1.E0));
#2682=VECTOR('',#2681,4.E0);
#2683=CARTESIAN_POINT('',(1.457987005367E1,0.E0,0.E0));
#2684=LINE('',#2683,#2682);
#2685=DIRECTION('',(0.E0,0.E0,1.E0));
#2686=VECTOR('',#2685,4.E0);
#2687=CARTESIAN_POINT('',(1.552616797812E1,5.633488980093E-1,0.E0));
#2688=LINE('',#2687,#2686);
#2689=DIRECTION('',(0.E0,0.E0,1.E0));
#2690=VECTOR('',#2689,4.E0);
#2691=CARTESIAN_POINT('',(1.55E1,1.062663665387E0,0.E0));
#2692=LINE('',#2691,#2690);
#2693=DIRECTION('',(0.E0,0.E0,1.E0));
#2694=VECTOR('',#2693,4.E0);
#2695=CARTESIAN_POINT('',(1.442056748284E1,1.515662717381E0,0.E0));
#2696=LINE('',#2695,#2694);
#2697=DIRECTION('',(0.E0,0.E0,1.E0));
#2698=VECTOR('',#2697,4.E0);
#2699=CARTESIAN_POINT('',(1.45E1,1.524011411352E0,0.E0));
#2700=LINE('',#2699,#2698);
#2701=DIRECTION('',(0.E0,0.E0,1.E0));
#2702=VECTOR('',#2701,4.E0);
#2703=CARTESIAN_POINT('',(1.538222801082E1,2.183189292990E0,0.E0));
#2704=LINE('',#2703,#2702);
#2705=DIRECTION('',(0.E0,0.E0,1.E0));
#2706=VECTOR('',#2705,4.E0);
#2707=CARTESIAN_POINT('',(1.530401077830E1,2.677033463288E0,0.E0));
#2708=LINE('',#2707,#2706);
#2709=DIRECTION('',(0.E0,0.E0,1.E0));
#2710=VECTOR('',#2709,4.E0);
#2711=CARTESIAN_POINT('',(1.418314021064E1,3.014719516857E0,0.E0));
#2712=LINE('',#2711,#2710);
#2713=DIRECTION('',(0.E0,0.E0,1.E0));
#2714=VECTOR('',#2713,4.E0);
#2715=CARTESIAN_POINT('',(1.426126491201E1,3.031325434762E0,0.E0));
#2716=LINE('',#2715,#2714);
#2717=DIRECTION('',(0.E0,0.E0,1.E0));
#2718=VECTOR('',#2717,4.E0);
#2719=CARTESIAN_POINT('',(1.506975713448E1,3.779110209216E0,0.E0));
#2720=LINE('',#2719,#2718);
#2721=DIRECTION('',(0.E0,0.E0,1.E0));
#2722=VECTOR('',#2721,4.E0);
#2723=CARTESIAN_POINT('',(1.494034761193E1,4.262073122360E0,0.E0));
#2724=LINE('',#2723,#2722);
#2725=DIRECTION('',(0.E0,0.E0,1.E0));
#2726=VECTOR('',#2725,4.E0);
#2727=CARTESIAN_POINT('',(1.379031948628E1,4.480746418437E0,0.E0));
#2728=LINE('',#2727,#2726);
#2729=DIRECTION('',(0.E0,0.E0,1.E0));
#2730=VECTOR('',#2729,4.E0);
#2731=CARTESIAN_POINT('',(1.386628042128E1,4.505427622363E0,0.E0));
#2732=LINE('',#2731,#2730);
#2733=DIRECTION('',(0.E0,0.E0,1.E0));
#2734=VECTOR('',#2733,4.E0);
#2735=CARTESIAN_POINT('',(1.459217884544E1,5.333626403159E0,0.E0));
#2736=LINE('',#2735,#2734);
#2737=DIRECTION('',(0.E0,0.E0,1.E0));
#2738=VECTOR('',#2737,4.E0);
#2739=CARTESIAN_POINT('',(1.441299487067E1,5.800416616408E0,0.E0));
#2740=LINE('',#2739,#2738);
#2741=DIRECTION('',(0.E0,0.E0,1.E0));
#2742=VECTOR('',#2741,4.E0);
#2743=CARTESIAN_POINT('',(1.324640913582E1,5.897681324599E0,0.E0));
#2744=LINE('',#2743,#2742);
#2745=DIRECTION('',(0.E0,0.E0,1.E0));
#2746=VECTOR('',#2745,4.E0);
#2747=CARTESIAN_POINT('',(1.331937406055E1,5.930167402112E0,0.E0));
#2748=LINE('',#2747,#2746);
#2749=DIRECTION('',(0.E0,0.E0,1.E0));
#2750=VECTOR('',#2749,4.E0);
#2751=CARTESIAN_POINT('',(1.395472559135E1,6.829706270096E0,0.E0));
#2752=LINE('',#2751,#2750);
#2753=DIRECTION('',(0.E0,0.E0,1.E0));
#2754=VECTOR('',#2753,4.E0);
#2755=CARTESIAN_POINT('',(1.372773034148E1,7.275209532191E0,0.E0));
#2756=LINE('',#2755,#2754);
#2757=DIRECTION('',(0.E0,0.E0,1.E0));
#2758=VECTOR('',#2757,4.E0);
#2759=CARTESIAN_POINT('',(1.255736835487E1,7.25E0,0.E0));
#2760=LINE('',#2759,#2758);
#2761=DIRECTION('',(0.E0,0.E0,1.E0));
#2762=VECTOR('',#2761,4.E0);
#2763=CARTESIAN_POINT('',(1.262653785036E1,7.289935026835E0,0.E0));
#2764=LINE('',#2763,#2762);
#2765=DIRECTION('',(0.E0,0.E0,1.E0));
#2766=VECTOR('',#2765,4.E0);
#2767=CARTESIAN_POINT('',(1.316438144347E1,8.250958445931E0,0.E0));
#2768=LINE('',#2767,#2766);
#2769=DIRECTION('',(0.E0,0.E0,1.E0));
#2770=VECTOR('',#2769,4.E0);
#2771=CARTESIAN_POINT('',(1.289206192597E1,8.670293729904E0,0.E0));
#2772=LINE('',#2771,#2770);
#2773=DIRECTION('',(0.E0,0.E0,1.E0));
#2774=VECTOR('',#2773,4.E0);
#2775=CARTESIAN_POINT('',(1.173074641844E1,8.522886158241E0,0.E0));
#2776=LINE('',#2775,#2774);
#2777=DIRECTION('',(0.E0,0.E0,1.E0));
#2778=VECTOR('',#2777,4.E0);
#2779=CARTESIAN_POINT('',(1.179536264920E1,8.569832597888E0,0.E0));
#2780=LINE('',#2779,#2778);
#2781=DIRECTION('',(0.E0,0.E0,1.E0));
#2782=VECTOR('',#2781,4.E0);
#2783=CARTESIAN_POINT('',(1.222980557768E1,9.581811394407E0,0.E0));
#2784=LINE('',#2783,#2782);
#2785=DIRECTION('',(0.E0,0.E0,1.E0));
#2786=VECTOR('',#2785,4.E0);
#2787=CARTESIAN_POINT('',(1.191514538215E1,9.970384375136E0,0.E0));
#2788=LINE('',#2787,#2786);
#2789=DIRECTION('',(0.E0,0.E0,1.E0));
#2790=VECTOR('',#2789,4.E0);
#2791=CARTESIAN_POINT('',(1.077559996942E1,9.702393792203E0,0.E0));
#2792=LINE('',#2791,#2790);
#2793=DIRECTION('',(0.E0,0.E0,1.E0));
#2794=VECTOR('',#2793,4.E0);
#2795=CARTESIAN_POINT('',(1.083495498652E1,9.755837289646E0,0.E0));
#2796=LINE('',#2795,#2794);
#2797=DIRECTION('',(0.E0,0.E0,1.E0));
#2798=VECTOR('',#2797,4.E0);
#2799=CARTESIAN_POINT('',(1.116123740272E1,1.080768401212E1,0.E0));
#2800=LINE('',#2799,#2798);
#2801=DIRECTION('',(0.E0,0.E0,1.E0));
#2802=VECTOR('',#2801,4.E0);
#2803=CARTESIAN_POINT('',(1.080768401212E1,1.116123740272E1,0.E0));
#2804=LINE('',#2803,#2802);
#2805=DIRECTION('',(0.E0,0.E0,1.E0));
#2806=VECTOR('',#2805,4.E0);
#2807=CARTESIAN_POINT('',(9.702393792203E0,1.077559996942E1,0.E0));
#2808=LINE('',#2807,#2806);
#2809=DIRECTION('',(0.E0,0.E0,1.E0));
#2810=VECTOR('',#2809,4.E0);
#2811=CARTESIAN_POINT('',(9.755837289646E0,1.083495498652E1,0.E0));
#2812=LINE('',#2811,#2810);
#2813=DIRECTION('',(0.E0,0.E0,1.E0));
#2814=VECTOR('',#2813,4.E0);
#2815=CARTESIAN_POINT('',(9.970384375136E0,1.191514538215E1,0.E0));
#2816=LINE('',#2815,#2814);
#2817=DIRECTION('',(0.E0,0.E0,1.E0));
#2818=VECTOR('',#2817,4.E0);
#2819=CARTESIAN_POINT('',(9.581811394407E0,1.222980557768E1,0.E0));
#2820=LINE('',#2819,#2818);
#2821=DIRECTION('',(0.E0,0.E0,1.E0));
#2822=VECTOR('',#2821,4.E0);
#2823=CARTESIAN_POINT('',(8.522886158241E0,1.173074641844E1,0.E0));
#2824=LINE('',#2823,#2822);
#2825=DIRECTION('',(0.E0,0.E0,1.E0));
#2826=VECTOR('',#2825,4.E0);
#2827=CARTESIAN_POINT('',(8.569832597888E0,1.179536264920E1,0.E0));
#2828=LINE('',#2827,#2826);
#2829=DIRECTION('',(0.E0,0.E0,1.E0));
#2830=VECTOR('',#2829,4.E0);
#2831=CARTESIAN_POINT('',(8.670293729903E0,1.289206192597E1,0.E0));
#2832=LINE('',#2831,#2830);
#2833=DIRECTION('',(0.E0,0.E0,1.E0));
#2834=VECTOR('',#2833,4.E0);
#2835=CARTESIAN_POINT('',(8.250958445931E0,1.316438144347E1,0.E0));
#2836=LINE('',#2835,#2834);
#2837=DIRECTION('',(0.E0,0.E0,1.E0));
#2838=VECTOR('',#2837,4.E0);
#2839=CARTESIAN_POINT('',(7.25E0,1.255736835487E1,0.E0));
#2840=LINE('',#2839,#2838);
#2841=DIRECTION('',(0.E0,0.E0,1.E0));
#2842=VECTOR('',#2841,4.E0);
#2843=CARTESIAN_POINT('',(7.289935026836E0,1.262653785036E1,0.E0));
#2844=LINE('',#2843,#2842);
#2845=DIRECTION('',(0.E0,0.E0,1.E0));
#2846=VECTOR('',#2845,4.E0);
#2847=CARTESIAN_POINT('',(7.275209532191E0,1.372773034148E1,0.E0));
#2848=LINE('',#2847,#2846);
#2849=DIRECTION('',(0.E0,0.E0,1.E0));
#2850=VECTOR('',#2849,4.E0);
#2851=CARTESIAN_POINT('',(6.829706270097E0,1.395472559135E1,0.E0));
#2852=LINE('',#2851,#2850);
#2853=DIRECTION('',(0.E0,0.E0,1.E0));
#2854=VECTOR('',#2853,4.E0);
#2855=CARTESIAN_POINT('',(5.897681324599E0,1.324640913582E1,0.E0));
#2856=LINE('',#2855,#2854);
#2857=DIRECTION('',(0.E0,0.E0,1.E0));
#2858=VECTOR('',#2857,4.E0);
#2859=CARTESIAN_POINT('',(5.930167402112E0,1.331937406055E1,0.E0));
#2860=LINE('',#2859,#2858);
#2861=DIRECTION('',(0.E0,0.E0,1.E0));
#2862=VECTOR('',#2861,4.E0);
#2863=CARTESIAN_POINT('',(5.800416616408E0,1.441299487067E1,0.E0));
#2864=LINE('',#2863,#2862);
#2865=DIRECTION('',(0.E0,0.E0,1.E0));
#2866=VECTOR('',#2865,4.E0);
#2867=CARTESIAN_POINT('',(5.333626403159E0,1.459217884544E1,0.E0));
#2868=LINE('',#2867,#2866);
#2869=DIRECTION('',(0.E0,0.E0,1.E0));
#2870=VECTOR('',#2869,4.E0);
#2871=CARTESIAN_POINT('',(4.480746418437E0,1.379031948628E1,0.E0));
#2872=LINE('',#2871,#2870);
#2873=DIRECTION('',(0.E0,0.E0,1.E0));
#2874=VECTOR('',#2873,4.E0);
#2875=CARTESIAN_POINT('',(4.505427622363E0,1.386628042128E1,0.E0));
#2876=LINE('',#2875,#2874);
#2877=DIRECTION('',(0.E0,0.E0,1.E0));
#2878=VECTOR('',#2877,4.E0);
#2879=CARTESIAN_POINT('',(4.262073122360E0,1.494034761193E1,0.E0));
#2880=LINE('',#2879,#2878);
#2881=DIRECTION('',(0.E0,0.E0,1.E0));
#2882=VECTOR('',#2881,4.E0);
#2883=CARTESIAN_POINT('',(3.779110209216E0,1.506975713448E1,0.E0));
#2884=LINE('',#2883,#2882);
#2885=DIRECTION('',(0.E0,0.E0,1.E0));
#2886=VECTOR('',#2885,4.E0);
#2887=CARTESIAN_POINT('',(3.014719516858E0,1.418314021064E1,0.E0));
#2888=LINE('',#2887,#2886);
#2889=DIRECTION('',(0.E0,0.E0,1.E0));
#2890=VECTOR('',#2889,4.E0);
#2891=CARTESIAN_POINT('',(3.031325434762E0,1.426126491201E1,0.E0));
#2892=LINE('',#2891,#2890);
#2893=DIRECTION('',(0.E0,0.E0,1.E0));
#2894=VECTOR('',#2893,4.E0);
#2895=CARTESIAN_POINT('',(2.677033463288E0,1.530401077829E1,0.E0));
#2896=LINE('',#2895,#2894);
#2897=DIRECTION('',(0.E0,0.E0,1.E0));
#2898=VECTOR('',#2897,4.E0);
#2899=CARTESIAN_POINT('',(2.183189292990E0,1.538222801082E1,0.E0));
#2900=LINE('',#2899,#2898);
#2901=DIRECTION('',(0.E0,0.E0,1.E0));
#2902=VECTOR('',#2901,8.E0);
#2903=CARTESIAN_POINT('',(0.E0,-1.E1,4.E0));
#2904=LINE('',#2903,#2902);
#2905=DIRECTION('',(0.E0,0.E0,1.E0));
#2906=VECTOR('',#2905,8.E0);
#2907=CARTESIAN_POINT('',(0.E0,1.E1,4.E0));
#2908=LINE('',#2907,#2906);
#2909=CARTESIAN_POINT('',(0.E0,0.E0,1.2E1));
#2910=DIRECTION('',(0.E0,0.E0,1.E0));
#2911=DIRECTION('',(0.E0,-1.E0,0.E0));
#2912=AXIS2_PLACEMENT_3D('',#2909,#2910,#2911);
#2914=CARTESIAN_POINT('',(0.E0,0.E0,1.2E1));
#2915=DIRECTION('',(0.E0,0.E0,1.E0));
#2916=DIRECTION('',(0.E0,1.E0,0.E0));
#2917=AXIS2_PLACEMENT_3D('',#2914,#2915,#2916);
#2919=CARTESIAN_POINT('',(0.E0,0.E0,1.2E1));
#2920=DIRECTION('',(0.E0,0.E0,1.E0));
#2921=DIRECTION('',(0.E0,-1.E0,0.E0));
#2922=AXIS2_PLACEMENT_3D('',#2919,#2920,#2921);
#2924=CARTESIAN_POINT('',(0.E0,0.E0,1.2E1));
#2925=DIRECTION('',(0.E0,0.E0,1.E0));
#2926=DIRECTION('',(0.E0,1.E0,0.E0));
#2927=AXIS2_PLACEMENT_3D('',#2924,#2925,#2926);
#2929=DIRECTION('',(0.E0,0.E0,-1.E0));
#2930=VECTOR('',#2929,1.2E1);
#2931=CARTESIAN_POINT('',(0.E0,-3.E0,1.2E1));
#2932=LINE('',#2931,#2930);
#2933=DIRECTION('',(0.E0,0.E0,-1.E0));
#2934=VECTOR('',#2933,1.2E1);
#2935=CARTESIAN_POINT('',(0.E0,3.E0,1.2E1));
#2936=LINE('',#2935,#2934);
#2937=CARTESIAN_POINT('',(-5.633488980093E-1,1.552616797812E1,0.E0));
#2938=CARTESIAN_POINT('',(-1.062663665387E0,1.55E1,0.E0));
#2939=VERTEX_POINT('',#2937);
#2940=VERTEX_POINT('',#2938);
#2941=CARTESIAN_POINT('',(-1.524011411352E0,1.45E1,0.E0));
#2942=VERTEX_POINT('',#2941);
#2943=CARTESIAN_POINT('',(-5.633488980093E-1,1.552616797812E1,4.E0));
#2944=CARTESIAN_POINT('',(-1.062663665387E0,1.55E1,4.E0));
#2945=VERTEX_POINT('',#2943);
#2946=VERTEX_POINT('',#2944);
#2947=CARTESIAN_POINT('',(-1.524011411352E0,1.45E1,4.E0));
#2948=VERTEX_POINT('',#2947);
#2949=CARTESIAN_POINT('',(-2.183189292990E0,1.538222801082E1,0.E0));
#2950=CARTESIAN_POINT('',(-2.677033463288E0,1.530401077829E1,0.E0));
#2951=VERTEX_POINT('',#2949);
#2952=VERTEX_POINT('',#2950);
#2953=CARTESIAN_POINT('',(-3.031325434762E0,1.426126491201E1,0.E0));
#2954=VERTEX_POINT('',#2953);
#2955=CARTESIAN_POINT('',(-2.183189292990E0,1.538222801082E1,4.E0));
#2956=CARTESIAN_POINT('',(-2.677033463288E0,1.530401077829E1,4.E0));
#2957=VERTEX_POINT('',#2955);
#2958=VERTEX_POINT('',#2956);
#2959=CARTESIAN_POINT('',(-3.031325434762E0,1.426126491201E1,4.E0));
#2960=VERTEX_POINT('',#2959);
#2961=CARTESIAN_POINT('',(-1.515662717381E0,1.442056748284E1,0.E0));
#2962=CARTESIAN_POINT('',(-1.515662717381E0,1.442056748284E1,4.E0));
#2963=VERTEX_POINT('',#2961);
#2964=VERTEX_POINT('',#2962);
#2965=CARTESIAN_POINT('',(-3.779110209216E0,1.506975713448E1,0.E0));
#2966=CARTESIAN_POINT('',(-4.262073122360E0,1.494034761193E1,0.E0));
#2967=VERTEX_POINT('',#2965);
#2968=VERTEX_POINT('',#2966);
#2969=CARTESIAN_POINT('',(-4.505427622363E0,1.386628042128E1,0.E0));
#2970=VERTEX_POINT('',#2969);
#2971=CARTESIAN_POINT('',(-3.779110209216E0,1.506975713448E1,4.E0));
#2972=CARTESIAN_POINT('',(-4.262073122360E0,1.494034761193E1,4.E0));
#2973=VERTEX_POINT('',#2971);
#2974=VERTEX_POINT('',#2972);
#2975=CARTESIAN_POINT('',(-4.505427622363E0,1.386628042128E1,4.E0));
#2976=VERTEX_POINT('',#2975);
#2977=CARTESIAN_POINT('',(-3.014719516858E0,1.418314021064E1,0.E0));
#2978=CARTESIAN_POINT('',(-3.014719516858E0,1.418314021064E1,4.E0));
#2979=VERTEX_POINT('',#2977);
#2980=VERTEX_POINT('',#2978);
#2981=CARTESIAN_POINT('',(-5.333626403159E0,1.459217884544E1,0.E0));
#2982=CARTESIAN_POINT('',(-5.800416616408E0,1.441299487067E1,0.E0));
#2983=VERTEX_POINT('',#2981);
#2984=VERTEX_POINT('',#2982);
#2985=CARTESIAN_POINT('',(-5.930167402112E0,1.331937406055E1,0.E0));
#2986=VERTEX_POINT('',#2985);
#2987=CARTESIAN_POINT('',(-5.333626403159E0,1.459217884544E1,4.E0));
#2988=CARTESIAN_POINT('',(-5.800416616408E0,1.441299487067E1,4.E0));
#2989=VERTEX_POINT('',#2987);
#2990=VERTEX_POINT('',#2988);
#2991=CARTESIAN_POINT('',(-5.930167402112E0,1.331937406055E1,4.E0));
#2992=VERTEX_POINT('',#2991);
#2993=CARTESIAN_POINT('',(-4.480746418437E0,1.379031948628E1,0.E0));
#2994=CARTESIAN_POINT('',(-4.480746418437E0,1.379031948628E1,4.E0));
#2995=VERTEX_POINT('',#2993);
#2996=VERTEX_POINT('',#2994);
#2997=CARTESIAN_POINT('',(-6.829706270097E0,1.395472559135E1,0.E0));
#2998=CARTESIAN_POINT('',(-7.275209532191E0,1.372773034148E1,0.E0));
#2999=VERTEX_POINT('',#2997);
#3000=VERTEX_POINT('',#2998);
#3001=CARTESIAN_POINT('',(-7.289935026835E0,1.262653785036E1,0.E0));
#3002=VERTEX_POINT('',#3001);
#3003=CARTESIAN_POINT('',(-6.829706270097E0,1.395472559135E1,4.E0));
#3004=CARTESIAN_POINT('',(-7.275209532191E0,1.372773034148E1,4.E0));
#3005=VERTEX_POINT('',#3003);
#3006=VERTEX_POINT('',#3004);
#3007=CARTESIAN_POINT('',(-7.289935026835E0,1.262653785036E1,4.E0));
#3008=VERTEX_POINT('',#3007);
#3009=CARTESIAN_POINT('',(-5.897681324599E0,1.324640913582E1,0.E0));
#3010=CARTESIAN_POINT('',(-5.897681324599E0,1.324640913582E1,4.E0));
#3011=VERTEX_POINT('',#3009);
#3012=VERTEX_POINT('',#3010);
#3013=CARTESIAN_POINT('',(-8.250958445931E0,1.316438144347E1,0.E0));
#3014=CARTESIAN_POINT('',(-8.670293729903E0,1.289206192597E1,0.E0));
#3015=VERTEX_POINT('',#3013);
#3016=VERTEX_POINT('',#3014);
#3017=CARTESIAN_POINT('',(-8.569832597888E0,1.179536264920E1,0.E0));
#3018=VERTEX_POINT('',#3017);
#3019=CARTESIAN_POINT('',(-8.250958445931E0,1.316438144347E1,4.E0));
#3020=CARTESIAN_POINT('',(-8.670293729903E0,1.289206192597E1,4.E0));
#3021=VERTEX_POINT('',#3019);
#3022=VERTEX_POINT('',#3020);
#3023=CARTESIAN_POINT('',(-8.569832597888E0,1.179536264920E1,4.E0));
#3024=VERTEX_POINT('',#3023);
#3025=CARTESIAN_POINT('',(-7.25E0,1.255736835487E1,0.E0));
#3026=CARTESIAN_POINT('',(-7.25E0,1.255736835487E1,4.E0));
#3027=VERTEX_POINT('',#3025);
#3028=VERTEX_POINT('',#3026);
#3029=CARTESIAN_POINT('',(-9.581811394407E0,1.222980557768E1,0.E0));
#3030=CARTESIAN_POINT('',(-9.970384375136E0,1.191514538215E1,0.E0));
#3031=VERTEX_POINT('',#3029);
#3032=VERTEX_POINT('',#3030);
#3033=CARTESIAN_POINT('',(-9.755837289646E0,1.083495498652E1,0.E0));
#3034=VERTEX_POINT('',#3033);
#3035=CARTESIAN_POINT('',(-9.581811394407E0,1.222980557768E1,4.E0));
#3036=CARTESIAN_POINT('',(-9.970384375136E0,1.191514538215E1,4.E0));
#3037=VERTEX_POINT('',#3035);
#3038=VERTEX_POINT('',#3036);
#3039=CARTESIAN_POINT('',(-9.755837289646E0,1.083495498652E1,4.E0));
#3040=VERTEX_POINT('',#3039);
#3041=CARTESIAN_POINT('',(-8.522886158241E0,1.173074641844E1,0.E0));
#3042=CARTESIAN_POINT('',(-8.522886158241E0,1.173074641844E1,4.E0));
#3043=VERTEX_POINT('',#3041);
#3044=VERTEX_POINT('',#3042);
#3045=CARTESIAN_POINT('',(-1.080768401212E1,1.116123740272E1,0.E0));
#3046=CARTESIAN_POINT('',(-1.116123740272E1,1.080768401212E1,0.E0));
#3047=VERTEX_POINT('',#3045);
#3048=VERTEX_POINT('',#3046);
#3049=CARTESIAN_POINT('',(-1.083495498652E1,9.755837289646E0,0.E0));
#3050=VERTEX_POINT('',#3049);
#3051=CARTESIAN_POINT('',(-1.080768401212E1,1.116123740272E1,4.E0));
#3052=CARTESIAN_POINT('',(-1.116123740272E1,1.080768401212E1,4.E0));
#3053=VERTEX_POINT('',#3051);
#3054=VERTEX_POINT('',#3052);
#3055=CARTESIAN_POINT('',(-1.083495498652E1,9.755837289646E0,4.E0));
#3056=VERTEX_POINT('',#3055);
#3057=CARTESIAN_POINT('',(-9.702393792203E0,1.077559996942E1,0.E0));
#3058=CARTESIAN_POINT('',(-9.702393792203E0,1.077559996942E1,4.E0));
#3059=VERTEX_POINT('',#3057);
#3060=VERTEX_POINT('',#3058);
#3061=CARTESIAN_POINT('',(-1.191514538215E1,9.970384375136E0,0.E0));
#3062=CARTESIAN_POINT('',(-1.222980557768E1,9.581811394407E0,0.E0));
#3063=VERTEX_POINT('',#3061);
#3064=VERTEX_POINT('',#3062);
#3065=CARTESIAN_POINT('',(-1.179536264920E1,8.569832597888E0,0.E0));
#3066=VERTEX_POINT('',#3065);
#3067=CARTESIAN_POINT('',(-1.191514538215E1,9.970384375136E0,4.E0));
#3068=CARTESIAN_POINT('',(-1.222980557768E1,9.581811394407E0,4.E0));
#3069=VERTEX_POINT('',#3067);
#3070=VERTEX_POINT('',#3068);
#3071=CARTESIAN_POINT('',(-1.179536264920E1,8.569832597888E0,4.E0));
#3072=VERTEX_POINT('',#3071);
#3073=CARTESIAN_POINT('',(-1.077559996942E1,9.702393792203E0,0.E0));
#3074=CARTESIAN_POINT('',(-1.077559996942E1,9.702393792203E0,4.E0));
#3075=VERTEX_POINT('',#3073);
#3076=VERTEX_POINT('',#3074);
#3077=CARTESIAN_POINT('',(-1.289206192597E1,8.670293729903E0,0.E0));
#3078=CARTESIAN_POINT('',(-1.316438144347E1,8.250958445931E0,0.E0));
#3079=VERTEX_POINT('',#3077);
#3080=VERTEX_POINT('',#3078);
#3081=CARTESIAN_POINT('',(-1.262653785036E1,7.289935026835E0,0.E0));
#3082=VERTEX_POINT('',#3081);
#3083=CARTESIAN_POINT('',(-1.289206192597E1,8.670293729903E0,4.E0));
#3084=CARTESIAN_POINT('',(-1.316438144347E1,8.250958445931E0,4.E0));
#3085=VERTEX_POINT('',#3083);
#3086=VERTEX_POINT('',#3084);
#3087=CARTESIAN_POINT('',(-1.262653785036E1,7.289935026835E0,4.E0));
#3088=VERTEX_POINT('',#3087);
#3089=CARTESIAN_POINT('',(-1.173074641844E1,8.522886158241E0,0.E0));
#3090=CARTESIAN_POINT('',(-1.173074641844E1,8.522886158241E0,4.E0));
#3091=VERTEX_POINT('',#3089);
#3092=VERTEX_POINT('',#3090);
#3093=CARTESIAN_POINT('',(-1.372773034148E1,7.275209532191E0,0.E0));
#3094=CARTESIAN_POINT('',(-1.395472559135E1,6.829706270096E0,0.E0));
#3095=VERTEX_POINT('',#3093);
#3096=VERTEX_POINT('',#3094);
#3097=CARTESIAN_POINT('',(-1.331937406055E1,5.930167402112E0,0.E0));
#3098=VERTEX_POINT('',#3097);
#3099=CARTESIAN_POINT('',(-1.372773034148E1,7.275209532191E0,4.E0));
#3100=CARTESIAN_POINT('',(-1.395472559135E1,6.829706270096E0,4.E0));
#3101=VERTEX_POINT('',#3099);
#3102=VERTEX_POINT('',#3100);
#3103=CARTESIAN_POINT('',(-1.331937406055E1,5.930167402112E0,4.E0));
#3104=VERTEX_POINT('',#3103);
#3105=CARTESIAN_POINT('',(-1.255736835487E1,7.25E0,0.E0));
#3106=CARTESIAN_POINT('',(-1.255736835487E1,7.25E0,4.E0));
#3107=VERTEX_POINT('',#3105);
#3108=VERTEX_POINT('',#3106);
#3109=CARTESIAN_POINT('',(-1.441299487067E1,5.800416616408E0,0.E0));
#3110=CARTESIAN_POINT('',(-1.459217884544E1,5.333626403159E0,0.E0));
#3111=VERTEX_POINT('',#3109);
#3112=VERTEX_POINT('',#3110);
#3113=CARTESIAN_POINT('',(-1.386628042128E1,4.505427622363E0,0.E0));
#3114=VERTEX_POINT('',#3113);
#3115=CARTESIAN_POINT('',(-1.441299487067E1,5.800416616408E0,4.E0));
#3116=CARTESIAN_POINT('',(-1.459217884544E1,5.333626403159E0,4.E0));
#3117=VERTEX_POINT('',#3115);
#3118=VERTEX_POINT('',#3116);
#3119=CARTESIAN_POINT('',(-1.386628042128E1,4.505427622363E0,4.E0));
#3120=VERTEX_POINT('',#3119);
#3121=CARTESIAN_POINT('',(-1.324640913582E1,5.897681324599E0,0.E0));
#3122=CARTESIAN_POINT('',(-1.324640913582E1,5.897681324599E0,4.E0));
#3123=VERTEX_POINT('',#3121);
#3124=VERTEX_POINT('',#3122);
#3125=CARTESIAN_POINT('',(-1.494034761193E1,4.262073122360E0,0.E0));
#3126=CARTESIAN_POINT('',(-1.506975713448E1,3.779110209216E0,0.E0));
#3127=VERTEX_POINT('',#3125);
#3128=VERTEX_POINT('',#3126);
#3129=CARTESIAN_POINT('',(-1.426126491201E1,3.031325434762E0,0.E0));
#3130=VERTEX_POINT('',#3129);
#3131=CARTESIAN_POINT('',(-1.494034761193E1,4.262073122360E0,4.E0));
#3132=CARTESIAN_POINT('',(-1.506975713448E1,3.779110209216E0,4.E0));
#3133=VERTEX_POINT('',#3131);
#3134=VERTEX_POINT('',#3132);
#3135=CARTESIAN_POINT('',(-1.426126491201E1,3.031325434762E0,4.E0));
#3136=VERTEX_POINT('',#3135);
#3137=CARTESIAN_POINT('',(-1.379031948628E1,4.480746418437E0,0.E0));
#3138=CARTESIAN_POINT('',(-1.379031948628E1,4.480746418437E0,4.E0));
#3139=VERTEX_POINT('',#3137);
#3140=VERTEX_POINT('',#3138);
#3141=CARTESIAN_POINT('',(-1.530401077829E1,2.677033463288E0,0.E0));
#3142=CARTESIAN_POINT('',(-1.538222801082E1,2.183189292990E0,0.E0));
#3143=VERTEX_POINT('',#3141);
#3144=VERTEX_POINT('',#3142);
#3145=CARTESIAN_POINT('',(-1.45E1,1.524011411352E0,0.E0));
#3146=VERTEX_POINT('',#3145);
#3147=CARTESIAN_POINT('',(-1.530401077829E1,2.677033463288E0,4.E0));
#3148=CARTESIAN_POINT('',(-1.538222801082E1,2.183189292990E0,4.E0));
#3149=VERTEX_POINT('',#3147);
#3150=VERTEX_POINT('',#3148);
#3151=CARTESIAN_POINT('',(-1.45E1,1.524011411352E0,4.E0));
#3152=VERTEX_POINT('',#3151);
#3153=CARTESIAN_POINT('',(-1.418314021064E1,3.014719516858E0,0.E0));
#3154=CARTESIAN_POINT('',(-1.418314021064E1,3.014719516858E0,4.E0));
#3155=VERTEX_POINT('',#3153);
#3156=VERTEX_POINT('',#3154);
#3157=CARTESIAN_POINT('',(-1.55E1,1.062663665387E0,0.E0));
#3158=CARTESIAN_POINT('',(-1.552616797812E1,5.633488980093E-1,0.E0));
#3159=VERTEX_POINT('',#3157);
#3160=VERTEX_POINT('',#3158);
#3161=CARTESIAN_POINT('',(-1.457987005367E1,0.E0,0.E0));
#3162=VERTEX_POINT('',#3161);
#3163=CARTESIAN_POINT('',(-1.55E1,1.062663665387E0,4.E0));
#3164=CARTESIAN_POINT('',(-1.552616797812E1,5.633488980093E-1,4.E0));
#3165=VERTEX_POINT('',#3163);
#3166=VERTEX_POINT('',#3164);
#3167=CARTESIAN_POINT('',(-1.457987005367E1,0.E0,4.E0));
#3168=VERTEX_POINT('',#3167);
#3169=CARTESIAN_POINT('',(-1.442056748284E1,1.515662717381E0,0.E0));
#3170=CARTESIAN_POINT('',(-1.442056748284E1,1.515662717381E0,4.E0));
#3171=VERTEX_POINT('',#3169);
#3172=VERTEX_POINT('',#3170);
#3173=CARTESIAN_POINT('',(-1.552616797812E1,-5.633488980093E-1,0.E0));
#3174=CARTESIAN_POINT('',(-1.55E1,-1.062663665387E0,0.E0));
#3175=VERTEX_POINT('',#3173);
#3176=VERTEX_POINT('',#3174);
#3177=CARTESIAN_POINT('',(-1.45E1,-1.524011411352E0,0.E0));
#3178=VERTEX_POINT('',#3177);
#3179=CARTESIAN_POINT('',(-1.552616797812E1,-5.633488980093E-1,4.E0));
#3180=CARTESIAN_POINT('',(-1.55E1,-1.062663665387E0,4.E0));
#3181=VERTEX_POINT('',#3179);
#3182=VERTEX_POINT('',#3180);
#3183=CARTESIAN_POINT('',(-1.45E1,-1.524011411352E0,4.E0));
#3184=VERTEX_POINT('',#3183);
#3185=CARTESIAN_POINT('',(-1.45E1,0.E0,0.E0));
#3186=CARTESIAN_POINT('',(-1.45E1,0.E0,4.E0));
#3187=VERTEX_POINT('',#3185);
#3188=VERTEX_POINT('',#3186);
#3189=CARTESIAN_POINT('',(-1.538222801082E1,-2.183189292990E0,0.E0));
#3190=CARTESIAN_POINT('',(-1.530401077829E1,-2.677033463288E0,0.E0));
#3191=VERTEX_POINT('',#3189);
#3192=VERTEX_POINT('',#3190);
#3193=CARTESIAN_POINT('',(-1.426126491201E1,-3.031325434762E0,0.E0));
#3194=VERTEX_POINT('',#3193);
#3195=CARTESIAN_POINT('',(-1.538222801082E1,-2.183189292990E0,4.E0));
#3196=CARTESIAN_POINT('',(-1.530401077829E1,-2.677033463288E0,4.E0));
#3197=VERTEX_POINT('',#3195);
#3198=VERTEX_POINT('',#3196);
#3199=CARTESIAN_POINT('',(-1.426126491201E1,-3.031325434762E0,4.E0));
#3200=VERTEX_POINT('',#3199);
#3201=CARTESIAN_POINT('',(-1.442056748284E1,-1.515662717381E0,0.E0));
#3202=CARTESIAN_POINT('',(-1.442056748284E1,-1.515662717381E0,4.E0));
#3203=VERTEX_POINT('',#3201);
#3204=VERTEX_POINT('',#3202);
#3205=CARTESIAN_POINT('',(-1.506975713448E1,-3.779110209216E0,0.E0));
#3206=CARTESIAN_POINT('',(-1.494034761193E1,-4.262073122360E0,0.E0));
#3207=VERTEX_POINT('',#3205);
#3208=VERTEX_POINT('',#3206);
#3209=CARTESIAN_POINT('',(-1.386628042128E1,-4.505427622363E0,0.E0));
#3210=VERTEX_POINT('',#3209);
#3211=CARTESIAN_POINT('',(-1.506975713448E1,-3.779110209216E0,4.E0));
#3212=CARTESIAN_POINT('',(-1.494034761193E1,-4.262073122360E0,4.E0));
#3213=VERTEX_POINT('',#3211);
#3214=VERTEX_POINT('',#3212);
#3215=CARTESIAN_POINT('',(-1.386628042128E1,-4.505427622363E0,4.E0));
#3216=VERTEX_POINT('',#3215);
#3217=CARTESIAN_POINT('',(-1.418314021064E1,-3.014719516858E0,0.E0));
#3218=CARTESIAN_POINT('',(-1.418314021064E1,-3.014719516858E0,4.E0));
#3219=VERTEX_POINT('',#3217);
#3220=VERTEX_POINT('',#3218);
#3221=CARTESIAN_POINT('',(-1.459217884544E1,-5.333626403159E0,0.E0));
#3222=CARTESIAN_POINT('',(-1.441299487067E1,-5.800416616408E0,0.E0));
#3223=VERTEX_POINT('',#3221);
#3224=VERTEX_POINT('',#3222);
#3225=CARTESIAN_POINT('',(-1.331937406055E1,-5.930167402112E0,0.E0));
#3226=VERTEX_POINT('',#3225);
#3227=CARTESIAN_POINT('',(-1.459217884544E1,-5.333626403159E0,4.E0));
#3228=CARTESIAN_POINT('',(-1.441299487067E1,-5.800416616408E0,4.E0));
#3229=VERTEX_POINT('',#3227);
#3230=VERTEX_POINT('',#3228);
#3231=CARTESIAN_POINT('',(-1.331937406055E1,-5.930167402112E0,4.E0));
#3232=VERTEX_POINT('',#3231);
#3233=CARTESIAN_POINT('',(-1.379031948628E1,-4.480746418437E0,0.E0));
#3234=CARTESIAN_POINT('',(-1.379031948628E1,-4.480746418437E0,4.E0));
#3235=VERTEX_POINT('',#3233);
#3236=VERTEX_POINT('',#3234);
#3237=CARTESIAN_POINT('',(-1.395472559135E1,-6.829706270097E0,0.E0));
#3238=CARTESIAN_POINT('',(-1.372773034148E1,-7.275209532191E0,0.E0));
#3239=VERTEX_POINT('',#3237);
#3240=VERTEX_POINT('',#3238);
#3241=CARTESIAN_POINT('',(-1.262653785036E1,-7.289935026835E0,0.E0));
#3242=VERTEX_POINT('',#3241);
#3243=CARTESIAN_POINT('',(-1.395472559135E1,-6.829706270097E0,4.E0));
#3244=CARTESIAN_POINT('',(-1.372773034148E1,-7.275209532191E0,4.E0));
#3245=VERTEX_POINT('',#3243);
#3246=VERTEX_POINT('',#3244);
#3247=CARTESIAN_POINT('',(-1.262653785036E1,-7.289935026835E0,4.E0));
#3248=VERTEX_POINT('',#3247);
#3249=CARTESIAN_POINT('',(-1.324640913582E1,-5.897681324599E0,0.E0));
#3250=CARTESIAN_POINT('',(-1.324640913582E1,-5.897681324599E0,4.E0));
#3251=VERTEX_POINT('',#3249);
#3252=VERTEX_POINT('',#3250);
#3253=CARTESIAN_POINT('',(-1.316438144347E1,-8.250958445931E0,0.E0));
#3254=CARTESIAN_POINT('',(-1.289206192597E1,-8.670293729903E0,0.E0));
#3255=VERTEX_POINT('',#3253);
#3256=VERTEX_POINT('',#3254);
#3257=CARTESIAN_POINT('',(-1.179536264920E1,-8.569832597888E0,0.E0));
#3258=VERTEX_POINT('',#3257);
#3259=CARTESIAN_POINT('',(-1.316438144347E1,-8.250958445931E0,4.E0));
#3260=CARTESIAN_POINT('',(-1.289206192597E1,-8.670293729903E0,4.E0));
#3261=VERTEX_POINT('',#3259);
#3262=VERTEX_POINT('',#3260);
#3263=CARTESIAN_POINT('',(-1.179536264920E1,-8.569832597888E0,4.E0));
#3264=VERTEX_POINT('',#3263);
#3265=CARTESIAN_POINT('',(-1.255736835487E1,-7.25E0,0.E0));
#3266=CARTESIAN_POINT('',(-1.255736835487E1,-7.25E0,4.E0));
#3267=VERTEX_POINT('',#3265);
#3268=VERTEX_POINT('',#3266);
#3269=CARTESIAN_POINT('',(-1.222980557768E1,-9.581811394407E0,0.E0));
#3270=CARTESIAN_POINT('',(-1.191514538215E1,-9.970384375136E0,0.E0));
#3271=VERTEX_POINT('',#3269);
#3272=VERTEX_POINT('',#3270);
#3273=CARTESIAN_POINT('',(-1.083495498652E1,-9.755837289646E0,0.E0));
#3274=VERTEX_POINT('',#3273);
#3275=CARTESIAN_POINT('',(-1.222980557768E1,-9.581811394407E0,4.E0));
#3276=CARTESIAN_POINT('',(-1.191514538215E1,-9.970384375136E0,4.E0));
#3277=VERTEX_POINT('',#3275);
#3278=VERTEX_POINT('',#3276);
#3279=CARTESIAN_POINT('',(-1.083495498652E1,-9.755837289646E0,4.E0));
#3280=VERTEX_POINT('',#3279);
#3281=CARTESIAN_POINT('',(-1.173074641844E1,-8.522886158241E0,0.E0));
#3282=CARTESIAN_POINT('',(-1.173074641844E1,-8.522886158241E0,4.E0));
#3283=VERTEX_POINT('',#3281);
#3284=VERTEX_POINT('',#3282);
#3285=CARTESIAN_POINT('',(-1.116123740272E1,-1.080768401212E1,0.E0));
#3286=CARTESIAN_POINT('',(-1.080768401212E1,-1.116123740272E1,0.E0));
#3287=VERTEX_POINT('',#3285);
#3288=VERTEX_POINT('',#3286);
#3289=CARTESIAN_POINT('',(-9.755837289646E0,-1.083495498652E1,0.E0));
#3290=VERTEX_POINT('',#3289);
#3291=CARTESIAN_POINT('',(-1.116123740272E1,-1.080768401212E1,4.E0));
#3292=CARTESIAN_POINT('',(-1.080768401212E1,-1.116123740272E1,4.E0));
#3293=VERTEX_POINT('',#3291);
#3294=VERTEX_POINT('',#3292);
#3295=CARTESIAN_POINT('',(-9.755837289646E0,-1.083495498652E1,4.E0));
#3296=VERTEX_POINT('',#3295);
#3297=CARTESIAN_POINT('',(-1.077559996942E1,-9.702393792203E0,0.E0));
#3298=CARTESIAN_POINT('',(-1.077559996942E1,-9.702393792203E0,4.E0));
#3299=VERTEX_POINT('',#3297);
#3300=VERTEX_POINT('',#3298);
#3301=CARTESIAN_POINT('',(-9.970384375136E0,-1.191514538215E1,0.E0));
#3302=CARTESIAN_POINT('',(-9.581811394407E0,-1.222980557768E1,0.E0));
#3303=VERTEX_POINT('',#3301);
#3304=VERTEX_POINT('',#3302);
#3305=CARTESIAN_POINT('',(-8.569832597888E0,-1.179536264920E1,0.E0));
#3306=VERTEX_POINT('',#3305);
#3307=CARTESIAN_POINT('',(-9.970384375136E0,-1.191514538215E1,4.E0));
#3308=CARTESIAN_POINT('',(-9.581811394407E0,-1.222980557768E1,4.E0));
#3309=VERTEX_POINT('',#3307);
#3310=VERTEX_POINT('',#3308);
#3311=CARTESIAN_POINT('',(-8.569832597888E0,-1.179536264920E1,4.E0));
#3312=VERTEX_POINT('',#3311);
#3313=CARTESIAN_POINT('',(-9.702393792203E0,-1.077559996942E1,0.E0));
#3314=CARTESIAN_POINT('',(-9.702393792203E0,-1.077559996942E1,4.E0));
#3315=VERTEX_POINT('',#3313);
#3316=VERTEX_POINT('',#3314);
#3317=CARTESIAN_POINT('',(-8.670293729903E0,-1.289206192597E1,0.E0));
#3318=CARTESIAN_POINT('',(-8.250958445931E0,-1.316438144347E1,0.E0));
#3319=VERTEX_POINT('',#3317);
#3320=VERTEX_POINT('',#3318);
#3321=CARTESIAN_POINT('',(-7.289935026835E0,-1.262653785036E1,0.E0));
#3322=VERTEX_POINT('',#3321);
#3323=CARTESIAN_POINT('',(-8.670293729903E0,-1.289206192597E1,4.E0));
#3324=CARTESIAN_POINT('',(-8.250958445931E0,-1.316438144347E1,4.E0));
#3325=VERTEX_POINT('',#3323);
#3326=VERTEX_POINT('',#3324);
#3327=CARTESIAN_POINT('',(-7.289935026835E0,-1.262653785036E1,4.E0));
#3328=VERTEX_POINT('',#3327);
#3329=CARTESIAN_POINT('',(-8.522886158241E0,-1.173074641844E1,0.E0));
#3330=CARTESIAN_POINT('',(-8.522886158241E0,-1.173074641844E1,4.E0));
#3331=VERTEX_POINT('',#3329);
#3332=VERTEX_POINT('',#3330);
#3333=CARTESIAN_POINT('',(-7.275209532191E0,-1.372773034148E1,0.E0));
#3334=CARTESIAN_POINT('',(-6.829706270096E0,-1.395472559135E1,0.E0));
#3335=VERTEX_POINT('',#3333);
#3336=VERTEX_POINT('',#3334);
#3337=CARTESIAN_POINT('',(-5.930167402112E0,-1.331937406055E1,0.E0));
#3338=VERTEX_POINT('',#3337);
#3339=CARTESIAN_POINT('',(-7.275209532191E0,-1.372773034148E1,4.E0));
#3340=CARTESIAN_POINT('',(-6.829706270096E0,-1.395472559135E1,4.E0));
#3341=VERTEX_POINT('',#3339);
#3342=VERTEX_POINT('',#3340);
#3343=CARTESIAN_POINT('',(-5.930167402112E0,-1.331937406055E1,4.E0));
#3344=VERTEX_POINT('',#3343);
#3345=CARTESIAN_POINT('',(-7.25E0,-1.255736835487E1,0.E0));
#3346=CARTESIAN_POINT('',(-7.25E0,-1.255736835487E1,4.E0));
#3347=VERTEX_POINT('',#3345);
#3348=VERTEX_POINT('',#3346);
#3349=CARTESIAN_POINT('',(-5.800416616408E0,-1.441299487067E1,0.E0));
#3350=CARTESIAN_POINT('',(-5.333626403159E0,-1.459217884544E1,0.E0));
#3351=VERTEX_POINT('',#3349);
#3352=VERTEX_POINT('',#3350);
#3353=CARTESIAN_POINT('',(-4.505427622363E0,-1.386628042128E1,0.E0));
#3354=VERTEX_POINT('',#3353);
#3355=CARTESIAN_POINT('',(-5.800416616408E0,-1.441299487067E1,4.E0));
#3356=CARTESIAN_POINT('',(-5.333626403159E0,-1.459217884544E1,4.E0));
#3357=VERTEX_POINT('',#3355);
#3358=VERTEX_POINT('',#3356);
#3359=CARTESIAN_POINT('',(-4.505427622363E0,-1.386628042128E1,4.E0));
#3360=VERTEX_POINT('',#3359);
#3361=CARTESIAN_POINT('',(-5.897681324599E0,-1.324640913582E1,0.E0));
#3362=CARTESIAN_POINT('',(-5.897681324599E0,-1.324640913582E1,4.E0));
#3363=VERTEX_POINT('',#3361);
#3364=VERTEX_POINT('',#3362);
#3365=CARTESIAN_POINT('',(-4.262073122360E0,-1.494034761193E1,0.E0));
#3366=CARTESIAN_POINT('',(-3.779110209216E0,-1.506975713448E1,0.E0));
#3367=VERTEX_POINT('',#3365);
#3368=VERTEX_POINT('',#3366);
#3369=CARTESIAN_POINT('',(-3.031325434762E0,-1.426126491201E1,0.E0));
#3370=VERTEX_POINT('',#3369);
#3371=CARTESIAN_POINT('',(-4.262073122360E0,-1.494034761193E1,4.E0));
#3372=CARTESIAN_POINT('',(-3.779110209216E0,-1.506975713448E1,4.E0));
#3373=VERTEX_POINT('',#3371);
#3374=VERTEX_POINT('',#3372);
#3375=CARTESIAN_POINT('',(-3.031325434762E0,-1.426126491201E1,4.E0));
#3376=VERTEX_POINT('',#3375);
#3377=CARTESIAN_POINT('',(-4.480746418437E0,-1.379031948628E1,0.E0));
#3378=CARTESIAN_POINT('',(-4.480746418437E0,-1.379031948628E1,4.E0));
#3379=VERTEX_POINT('',#3377);
#3380=VERTEX_POINT('',#3378);
#3381=CARTESIAN_POINT('',(-2.677033463288E0,-1.530401077830E1,0.E0));
#3382=CARTESIAN_POINT('',(-2.183189292990E0,-1.538222801082E1,0.E0));
#3383=VERTEX_POINT('',#3381);
#3384=VERTEX_POINT('',#3382);
#3385=CARTESIAN_POINT('',(-1.524011411352E0,-1.45E1,0.E0));
#3386=VERTEX_POINT('',#3385);
#3387=CARTESIAN_POINT('',(-2.677033463288E0,-1.530401077830E1,4.E0));
#3388=CARTESIAN_POINT('',(-2.183189292990E0,-1.538222801082E1,4.E0));
#3389=VERTEX_POINT('',#3387);
#3390=VERTEX_POINT('',#3388);
#3391=CARTESIAN_POINT('',(-1.524011411352E0,-1.45E1,4.E0));
#3392=VERTEX_POINT('',#3391);
#3393=CARTESIAN_POINT('',(-3.014719516858E0,-1.418314021064E1,0.E0));
#3394=CARTESIAN_POINT('',(-3.014719516858E0,-1.418314021064E1,4.E0));
#3395=VERTEX_POINT('',#3393);
#3396=VERTEX_POINT('',#3394);
#3397=CARTESIAN_POINT('',(-1.062663665387E0,-1.55E1,0.E0));
#3398=CARTESIAN_POINT('',(-5.633488980093E-1,-1.552616797812E1,0.E0));
#3399=VERTEX_POINT('',#3397);
#3400=VERTEX_POINT('',#3398);
#3401=CARTESIAN_POINT('',(0.E0,-1.457987005367E1,0.E0));
#3402=VERTEX_POINT('',#3401);
#3403=CARTESIAN_POINT('',(-1.062663665387E0,-1.55E1,4.E0));
#3404=CARTESIAN_POINT('',(-5.633488980093E-1,-1.552616797812E1,4.E0));
#3405=VERTEX_POINT('',#3403);
#3406=VERTEX_POINT('',#3404);
#3407=CARTESIAN_POINT('',(0.E0,-1.457987005367E1,4.E0));
#3408=VERTEX_POINT('',#3407);
#3409=CARTESIAN_POINT('',(-1.515662717381E0,-1.442056748284E1,0.E0));
#3410=CARTESIAN_POINT('',(-1.515662717381E0,-1.442056748284E1,4.E0));
#3411=VERTEX_POINT('',#3409);
#3412=VERTEX_POINT('',#3410);
#3413=CARTESIAN_POINT('',(5.633488980093E-1,-1.552616797812E1,0.E0));
#3414=CARTESIAN_POINT('',(1.062663665387E0,-1.55E1,0.E0));
#3415=VERTEX_POINT('',#3413);
#3416=VERTEX_POINT('',#3414);
#3417=CARTESIAN_POINT('',(1.524011411352E0,-1.45E1,0.E0));
#3418=VERTEX_POINT('',#3417);
#3419=CARTESIAN_POINT('',(5.633488980093E-1,-1.552616797812E1,4.E0));
#3420=CARTESIAN_POINT('',(1.062663665387E0,-1.55E1,4.E0));
#3421=VERTEX_POINT('',#3419);
#3422=VERTEX_POINT('',#3420);
#3423=CARTESIAN_POINT('',(1.524011411352E0,-1.45E1,4.E0));
#3424=VERTEX_POINT('',#3423);
#3425=CARTESIAN_POINT('',(0.E0,-1.45E1,0.E0));
#3426=CARTESIAN_POINT('',(0.E0,-1.45E1,4.E0));
#3427=VERTEX_POINT('',#3425);
#3428=VERTEX_POINT('',#3426);
#3429=CARTESIAN_POINT('',(2.183189292990E0,-1.538222801082E1,0.E0));
#3430=CARTESIAN_POINT('',(2.677033463288E0,-1.530401077829E1,0.E0));
#3431=VERTEX_POINT('',#3429);
#3432=VERTEX_POINT('',#3430);
#3433=CARTESIAN_POINT('',(3.031325434762E0,-1.426126491201E1,0.E0));
#3434=VERTEX_POINT('',#3433);
#3435=CARTESIAN_POINT('',(2.183189292990E0,-1.538222801082E1,4.E0));
#3436=CARTESIAN_POINT('',(2.677033463288E0,-1.530401077829E1,4.E0));
#3437=VERTEX_POINT('',#3435);
#3438=VERTEX_POINT('',#3436);
#3439=CARTESIAN_POINT('',(3.031325434762E0,-1.426126491201E1,4.E0));
#3440=VERTEX_POINT('',#3439);
#3441=CARTESIAN_POINT('',(1.515662717381E0,-1.442056748284E1,0.E0));
#3442=CARTESIAN_POINT('',(1.515662717381E0,-1.442056748284E1,4.E0));
#3443=VERTEX_POINT('',#3441);
#3444=VERTEX_POINT('',#3442);
#3445=CARTESIAN_POINT('',(3.779110209216E0,-1.506975713448E1,0.E0));
#3446=CARTESIAN_POINT('',(4.262073122360E0,-1.494034761193E1,0.E0));
#3447=VERTEX_POINT('',#3445);
#3448=VERTEX_POINT('',#3446);
#3449=CARTESIAN_POINT('',(4.505427622363E0,-1.386628042128E1,0.E0));
#3450=VERTEX_POINT('',#3449);
#3451=CARTESIAN_POINT('',(3.779110209216E0,-1.506975713448E1,4.E0));
#3452=CARTESIAN_POINT('',(4.262073122360E0,-1.494034761193E1,4.E0));
#3453=VERTEX_POINT('',#3451);
#3454=VERTEX_POINT('',#3452);
#3455=CARTESIAN_POINT('',(4.505427622363E0,-1.386628042128E1,4.E0));
#3456=VERTEX_POINT('',#3455);
#3457=CARTESIAN_POINT('',(3.014719516858E0,-1.418314021064E1,0.E0));
#3458=CARTESIAN_POINT('',(3.014719516858E0,-1.418314021064E1,4.E0));
#3459=VERTEX_POINT('',#3457);
#3460=VERTEX_POINT('',#3458);
#3461=CARTESIAN_POINT('',(5.333626403159E0,-1.459217884544E1,0.E0));
#3462=CARTESIAN_POINT('',(5.800416616408E0,-1.441299487067E1,0.E0));
#3463=VERTEX_POINT('',#3461);
#3464=VERTEX_POINT('',#3462);
#3465=CARTESIAN_POINT('',(5.930167402112E0,-1.331937406055E1,0.E0));
#3466=VERTEX_POINT('',#3465);
#3467=CARTESIAN_POINT('',(5.333626403159E0,-1.459217884544E1,4.E0));
#3468=CARTESIAN_POINT('',(5.800416616408E0,-1.441299487067E1,4.E0));
#3469=VERTEX_POINT('',#3467);
#3470=VERTEX_POINT('',#3468);
#3471=CARTESIAN_POINT('',(5.930167402112E0,-1.331937406055E1,4.E0));
#3472=VERTEX_POINT('',#3471);
#3473=CARTESIAN_POINT('',(4.480746418437E0,-1.379031948628E1,0.E0));
#3474=CARTESIAN_POINT('',(4.480746418437E0,-1.379031948628E1,4.E0));
#3475=VERTEX_POINT('',#3473);
#3476=VERTEX_POINT('',#3474);
#3477=CARTESIAN_POINT('',(6.829706270097E0,-1.395472559135E1,0.E0));
#3478=CARTESIAN_POINT('',(7.275209532191E0,-1.372773034148E1,0.E0));
#3479=VERTEX_POINT('',#3477);
#3480=VERTEX_POINT('',#3478);
#3481=CARTESIAN_POINT('',(7.289935026835E0,-1.262653785036E1,0.E0));
#3482=VERTEX_POINT('',#3481);
#3483=CARTESIAN_POINT('',(6.829706270097E0,-1.395472559135E1,4.E0));
#3484=CARTESIAN_POINT('',(7.275209532191E0,-1.372773034148E1,4.E0));
#3485=VERTEX_POINT('',#3483);
#3486=VERTEX_POINT('',#3484);
#3487=CARTESIAN_POINT('',(7.289935026835E0,-1.262653785036E1,4.E0));
#3488=VERTEX_POINT('',#3487);
#3489=CARTESIAN_POINT('',(5.897681324599E0,-1.324640913582E1,0.E0));
#3490=CARTESIAN_POINT('',(5.897681324599E0,-1.324640913582E1,4.E0));
#3491=VERTEX_POINT('',#3489);
#3492=VERTEX_POINT('',#3490);
#3493=CARTESIAN_POINT('',(8.250958445931E0,-1.316438144347E1,0.E0));
#3494=CARTESIAN_POINT('',(8.670293729904E0,-1.289206192597E1,0.E0));
#3495=VERTEX_POINT('',#3493);
#3496=VERTEX_POINT('',#3494);
#3497=CARTESIAN_POINT('',(8.569832597888E0,-1.179536264920E1,0.E0));
#3498=VERTEX_POINT('',#3497);
#3499=CARTESIAN_POINT('',(8.250958445931E0,-1.316438144347E1,4.E0));
#3500=CARTESIAN_POINT('',(8.670293729904E0,-1.289206192597E1,4.E0));
#3501=VERTEX_POINT('',#3499);
#3502=VERTEX_POINT('',#3500);
#3503=CARTESIAN_POINT('',(8.569832597888E0,-1.179536264920E1,4.E0));
#3504=VERTEX_POINT('',#3503);
#3505=CARTESIAN_POINT('',(7.25E0,-1.255736835487E1,0.E0));
#3506=CARTESIAN_POINT('',(7.25E0,-1.255736835487E1,4.E0));
#3507=VERTEX_POINT('',#3505);
#3508=VERTEX_POINT('',#3506);
#3509=CARTESIAN_POINT('',(9.581811394407E0,-1.222980557768E1,0.E0));
#3510=CARTESIAN_POINT('',(9.970384375136E0,-1.191514538215E1,0.E0));
#3511=VERTEX_POINT('',#3509);
#3512=VERTEX_POINT('',#3510);
#3513=CARTESIAN_POINT('',(9.755837289646E0,-1.083495498652E1,0.E0));
#3514=VERTEX_POINT('',#3513);
#3515=CARTESIAN_POINT('',(9.581811394407E0,-1.222980557768E1,4.E0));
#3516=CARTESIAN_POINT('',(9.970384375136E0,-1.191514538215E1,4.E0));
#3517=VERTEX_POINT('',#3515);
#3518=VERTEX_POINT('',#3516);
#3519=CARTESIAN_POINT('',(9.755837289646E0,-1.083495498652E1,4.E0));
#3520=VERTEX_POINT('',#3519);
#3521=CARTESIAN_POINT('',(8.522886158241E0,-1.173074641844E1,0.E0));
#3522=CARTESIAN_POINT('',(8.522886158241E0,-1.173074641844E1,4.E0));
#3523=VERTEX_POINT('',#3521);
#3524=VERTEX_POINT('',#3522);
#3525=CARTESIAN_POINT('',(1.080768401212E1,-1.116123740272E1,0.E0));
#3526=CARTESIAN_POINT('',(1.116123740272E1,-1.080768401212E1,0.E0));
#3527=VERTEX_POINT('',#3525);
#3528=VERTEX_POINT('',#3526);
#3529=CARTESIAN_POINT('',(1.083495498652E1,-9.755837289646E0,0.E0));
#3530=VERTEX_POINT('',#3529);
#3531=CARTESIAN_POINT('',(1.080768401212E1,-1.116123740272E1,4.E0));
#3532=CARTESIAN_POINT('',(1.116123740272E1,-1.080768401212E1,4.E0));
#3533=VERTEX_POINT('',#3531);
#3534=VERTEX_POINT('',#3532);
#3535=CARTESIAN_POINT('',(1.083495498652E1,-9.755837289646E0,4.E0));
#3536=VERTEX_POINT('',#3535);
#3537=CARTESIAN_POINT('',(9.702393792203E0,-1.077559996942E1,0.E0));
#3538=CARTESIAN_POINT('',(9.702393792203E0,-1.077559996942E1,4.E0));
#3539=VERTEX_POINT('',#3537);
#3540=VERTEX_POINT('',#3538);
#3541=CARTESIAN_POINT('',(1.191514538215E1,-9.970384375136E0,0.E0));
#3542=CARTESIAN_POINT('',(1.222980557768E1,-9.581811394407E0,0.E0));
#3543=VERTEX_POINT('',#3541);
#3544=VERTEX_POINT('',#3542);
#3545=CARTESIAN_POINT('',(1.179536264920E1,-8.569832597888E0,0.E0));
#3546=VERTEX_POINT('',#3545);
#3547=CARTESIAN_POINT('',(1.191514538215E1,-9.970384375136E0,4.E0));
#3548=CARTESIAN_POINT('',(1.222980557768E1,-9.581811394407E0,4.E0));
#3549=VERTEX_POINT('',#3547);
#3550=VERTEX_POINT('',#3548);
#3551=CARTESIAN_POINT('',(1.179536264920E1,-8.569832597888E0,4.E0));
#3552=VERTEX_POINT('',#3551);
#3553=CARTESIAN_POINT('',(1.077559996942E1,-9.702393792203E0,0.E0));
#3554=CARTESIAN_POINT('',(1.077559996942E1,-9.702393792203E0,4.E0));
#3555=VERTEX_POINT('',#3553);
#3556=VERTEX_POINT('',#3554);
#3557=CARTESIAN_POINT('',(1.289206192597E1,-8.670293729903E0,0.E0));
#3558=CARTESIAN_POINT('',(1.316438144347E1,-8.250958445931E0,0.E0));
#3559=VERTEX_POINT('',#3557);
#3560=VERTEX_POINT('',#3558);
#3561=CARTESIAN_POINT('',(1.262653785036E1,-7.289935026835E0,0.E0));
#3562=VERTEX_POINT('',#3561);
#3563=CARTESIAN_POINT('',(1.289206192597E1,-8.670293729903E0,4.E0));
#3564=CARTESIAN_POINT('',(1.316438144347E1,-8.250958445931E0,4.E0));
#3565=VERTEX_POINT('',#3563);
#3566=VERTEX_POINT('',#3564);
#3567=CARTESIAN_POINT('',(1.262653785036E1,-7.289935026835E0,4.E0));
#3568=VERTEX_POINT('',#3567);
#3569=CARTESIAN_POINT('',(1.173074641844E1,-8.522886158241E0,0.E0));
#3570=CARTESIAN_POINT('',(1.173074641844E1,-8.522886158241E0,4.E0));
#3571=VERTEX_POINT('',#3569);
#3572=VERTEX_POINT('',#3570);
#3573=CARTESIAN_POINT('',(1.372773034148E1,-7.275209532191E0,0.E0));
#3574=CARTESIAN_POINT('',(1.395472559135E1,-6.829706270097E0,0.E0));
#3575=VERTEX_POINT('',#3573);
#3576=VERTEX_POINT('',#3574);
#3577=CARTESIAN_POINT('',(1.331937406055E1,-5.930167402112E0,0.E0));
#3578=VERTEX_POINT('',#3577);
#3579=CARTESIAN_POINT('',(1.372773034148E1,-7.275209532191E0,4.E0));
#3580=CARTESIAN_POINT('',(1.395472559135E1,-6.829706270097E0,4.E0));
#3581=VERTEX_POINT('',#3579);
#3582=VERTEX_POINT('',#3580);
#3583=CARTESIAN_POINT('',(1.331937406055E1,-5.930167402112E0,4.E0));
#3584=VERTEX_POINT('',#3583);
#3585=CARTESIAN_POINT('',(1.255736835487E1,-7.25E0,0.E0));
#3586=CARTESIAN_POINT('',(1.255736835487E1,-7.25E0,4.E0));
#3587=VERTEX_POINT('',#3585);
#3588=VERTEX_POINT('',#3586);
#3589=CARTESIAN_POINT('',(1.441299487067E1,-5.800416616408E0,0.E0));
#3590=CARTESIAN_POINT('',(1.459217884544E1,-5.333626403159E0,0.E0));
#3591=VERTEX_POINT('',#3589);
#3592=VERTEX_POINT('',#3590);
#3593=CARTESIAN_POINT('',(1.386628042128E1,-4.505427622363E0,0.E0));
#3594=VERTEX_POINT('',#3593);
#3595=CARTESIAN_POINT('',(1.441299487067E1,-5.800416616408E0,4.E0));
#3596=CARTESIAN_POINT('',(1.459217884544E1,-5.333626403159E0,4.E0));
#3597=VERTEX_POINT('',#3595);
#3598=VERTEX_POINT('',#3596);
#3599=CARTESIAN_POINT('',(1.386628042128E1,-4.505427622363E0,4.E0));
#3600=VERTEX_POINT('',#3599);
#3601=CARTESIAN_POINT('',(1.324640913582E1,-5.897681324599E0,0.E0));
#3602=CARTESIAN_POINT('',(1.324640913582E1,-5.897681324599E0,4.E0));
#3603=VERTEX_POINT('',#3601);
#3604=VERTEX_POINT('',#3602);
#3605=CARTESIAN_POINT('',(1.494034761193E1,-4.262073122360E0,0.E0));
#3606=CARTESIAN_POINT('',(1.506975713448E1,-3.779110209216E0,0.E0));
#3607=VERTEX_POINT('',#3605);
#3608=VERTEX_POINT('',#3606);
#3609=CARTESIAN_POINT('',(1.426126491201E1,-3.031325434762E0,0.E0));
#3610=VERTEX_POINT('',#3609);
#3611=CARTESIAN_POINT('',(1.494034761193E1,-4.262073122360E0,4.E0));
#3612=CARTESIAN_POINT('',(1.506975713448E1,-3.779110209216E0,4.E0));
#3613=VERTEX_POINT('',#3611);
#3614=VERTEX_POINT('',#3612);
#3615=CARTESIAN_POINT('',(1.426126491201E1,-3.031325434762E0,4.E0));
#3616=VERTEX_POINT('',#3615);
#3617=CARTESIAN_POINT('',(1.379031948628E1,-4.480746418437E0,0.E0));
#3618=CARTESIAN_POINT('',(1.379031948628E1,-4.480746418437E0,4.E0));
#3619=VERTEX_POINT('',#3617);
#3620=VERTEX_POINT('',#3618);
#3621=CARTESIAN_POINT('',(1.530401077829E1,-2.677033463288E0,0.E0));
#3622=CARTESIAN_POINT('',(1.538222801082E1,-2.183189292990E0,0.E0));
#3623=VERTEX_POINT('',#3621);
#3624=VERTEX_POINT('',#3622);
#3625=CARTESIAN_POINT('',(1.45E1,-1.524011411352E0,0.E0));
#3626=VERTEX_POINT('',#3625);
#3627=CARTESIAN_POINT('',(1.530401077829E1,-2.677033463288E0,4.E0));
#3628=CARTESIAN_POINT('',(1.538222801082E1,-2.183189292990E0,4.E0));
#3629=VERTEX_POINT('',#3627);
#3630=VERTEX_POINT('',#3628);
#3631=CARTESIAN_POINT('',(1.45E1,-1.524011411352E0,4.E0));
#3632=VERTEX_POINT('',#3631);
#3633=CARTESIAN_POINT('',(1.418314021064E1,-3.014719516858E0,0.E0));
#3634=CARTESIAN_POINT('',(1.418314021064E1,-3.014719516858E0,4.E0));
#3635=VERTEX_POINT('',#3633);
#3636=VERTEX_POINT('',#3634);
#3637=CARTESIAN_POINT('',(1.55E1,-1.062663665387E0,0.E0));
#3638=CARTESIAN_POINT('',(1.552616797812E1,-5.633488980093E-1,0.E0));
#3639=VERTEX_POINT('',#3637);
#3640=VERTEX_POINT('',#3638);
#3641=CARTESIAN_POINT('',(1.457987005367E1,0.E0,0.E0));
#3642=VERTEX_POINT('',#3641);
#3643=CARTESIAN_POINT('',(1.55E1,-1.062663665387E0,4.E0));
#3644=CARTESIAN_POINT('',(1.552616797812E1,-5.633488980093E-1,4.E0));
#3645=VERTEX_POINT('',#3643);
#3646=VERTEX_POINT('',#3644);
#3647=CARTESIAN_POINT('',(1.457987005367E1,0.E0,4.E0));
#3648=VERTEX_POINT('',#3647);
#3649=CARTESIAN_POINT('',(1.442056748284E1,-1.515662717381E0,0.E0));
#3650=CARTESIAN_POINT('',(1.442056748284E1,-1.515662717381E0,4.E0));
#3651=VERTEX_POINT('',#3649);
#3652=VERTEX_POINT('',#3650);
#3653=CARTESIAN_POINT('',(1.552616797812E1,5.633488980093E-1,0.E0));
#3654=CARTESIAN_POINT('',(1.55E1,1.062663665387E0,0.E0));
#3655=VERTEX_POINT('',#3653);
#3656=VERTEX_POINT('',#3654);
#3657=CARTESIAN_POINT('',(1.45E1,1.524011411352E0,0.E0));
#3658=VERTEX_POINT('',#3657);
#3659=CARTESIAN_POINT('',(1.552616797812E1,5.633488980093E-1,4.E0));
#3660=CARTESIAN_POINT('',(1.55E1,1.062663665387E0,4.E0));
#3661=VERTEX_POINT('',#3659);
#3662=VERTEX_POINT('',#3660);
#3663=CARTESIAN_POINT('',(1.45E1,1.524011411352E0,4.E0));
#3664=VERTEX_POINT('',#3663);
#3665=CARTESIAN_POINT('',(1.45E1,0.E0,0.E0));
#3666=CARTESIAN_POINT('',(1.45E1,0.E0,4.E0));
#3667=VERTEX_POINT('',#3665);
#3668=VERTEX_POINT('',#3666);
#3669=CARTESIAN_POINT('',(1.538222801082E1,2.183189292990E0,0.E0));
#3670=CARTESIAN_POINT('',(1.530401077830E1,2.677033463288E0,0.E0));
#3671=VERTEX_POINT('',#3669);
#3672=VERTEX_POINT('',#3670);
#3673=CARTESIAN_POINT('',(1.426126491201E1,3.031325434762E0,0.E0));
#3674=VERTEX_POINT('',#3673);
#3675=CARTESIAN_POINT('',(1.538222801082E1,2.183189292990E0,4.E0));
#3676=CARTESIAN_POINT('',(1.530401077830E1,2.677033463288E0,4.E0));
#3677=VERTEX_POINT('',#3675);
#3678=VERTEX_POINT('',#3676);
#3679=CARTESIAN_POINT('',(1.426126491201E1,3.031325434762E0,4.E0));
#3680=VERTEX_POINT('',#3679);
#3681=CARTESIAN_POINT('',(1.442056748284E1,1.515662717381E0,0.E0));
#3682=CARTESIAN_POINT('',(1.442056748284E1,1.515662717381E0,4.E0));
#3683=VERTEX_POINT('',#3681);
#3684=VERTEX_POINT('',#3682);
#3685=CARTESIAN_POINT('',(1.506975713448E1,3.779110209216E0,0.E0));
#3686=CARTESIAN_POINT('',(1.494034761193E1,4.262073122360E0,0.E0));
#3687=VERTEX_POINT('',#3685);
#3688=VERTEX_POINT('',#3686);
#3689=CARTESIAN_POINT('',(1.386628042128E1,4.505427622363E0,0.E0));
#3690=VERTEX_POINT('',#3689);
#3691=CARTESIAN_POINT('',(1.506975713448E1,3.779110209216E0,4.E0));
#3692=CARTESIAN_POINT('',(1.494034761193E1,4.262073122360E0,4.E0));
#3693=VERTEX_POINT('',#3691);
#3694=VERTEX_POINT('',#3692);
#3695=CARTESIAN_POINT('',(1.386628042128E1,4.505427622363E0,4.E0));
#3696=VERTEX_POINT('',#3695);
#3697=CARTESIAN_POINT('',(1.418314021064E1,3.014719516857E0,0.E0));
#3698=CARTESIAN_POINT('',(1.418314021064E1,3.014719516857E0,4.E0));
#3699=VERTEX_POINT('',#3697);
#3700=VERTEX_POINT('',#3698);
#3701=CARTESIAN_POINT('',(1.459217884544E1,5.333626403159E0,0.E0));
#3702=CARTESIAN_POINT('',(1.441299487067E1,5.800416616408E0,0.E0));
#3703=VERTEX_POINT('',#3701);
#3704=VERTEX_POINT('',#3702);
#3705=CARTESIAN_POINT('',(1.331937406055E1,5.930167402112E0,0.E0));
#3706=VERTEX_POINT('',#3705);
#3707=CARTESIAN_POINT('',(1.459217884544E1,5.333626403159E0,4.E0));
#3708=CARTESIAN_POINT('',(1.441299487067E1,5.800416616408E0,4.E0));
#3709=VERTEX_POINT('',#3707);
#3710=VERTEX_POINT('',#3708);
#3711=CARTESIAN_POINT('',(1.331937406055E1,5.930167402112E0,4.E0));
#3712=VERTEX_POINT('',#3711);
#3713=CARTESIAN_POINT('',(1.379031948628E1,4.480746418437E0,0.E0));
#3714=CARTESIAN_POINT('',(1.379031948628E1,4.480746418437E0,4.E0));
#3715=VERTEX_POINT('',#3713);
#3716=VERTEX_POINT('',#3714);
#3717=CARTESIAN_POINT('',(1.395472559135E1,6.829706270096E0,0.E0));
#3718=CARTESIAN_POINT('',(1.372773034148E1,7.275209532191E0,0.E0));
#3719=VERTEX_POINT('',#3717);
#3720=VERTEX_POINT('',#3718);
#3721=CARTESIAN_POINT('',(1.262653785036E1,7.289935026835E0,0.E0));
#3722=VERTEX_POINT('',#3721);
#3723=CARTESIAN_POINT('',(1.395472559135E1,6.829706270096E0,4.E0));
#3724=CARTESIAN_POINT('',(1.372773034148E1,7.275209532191E0,4.E0));
#3725=VERTEX_POINT('',#3723);
#3726=VERTEX_POINT('',#3724);
#3727=CARTESIAN_POINT('',(1.262653785036E1,7.289935026835E0,4.E0));
#3728=VERTEX_POINT('',#3727);
#3729=CARTESIAN_POINT('',(1.324640913582E1,5.897681324599E0,0.E0));
#3730=CARTESIAN_POINT('',(1.324640913582E1,5.897681324599E0,4.E0));
#3731=VERTEX_POINT('',#3729);
#3732=VERTEX_POINT('',#3730);
#3733=CARTESIAN_POINT('',(1.316438144347E1,8.250958445931E0,0.E0));
#3734=CARTESIAN_POINT('',(1.289206192597E1,8.670293729904E0,0.E0));
#3735=VERTEX_POINT('',#3733);
#3736=VERTEX_POINT('',#3734);
#3737=CARTESIAN_POINT('',(1.179536264920E1,8.569832597888E0,0.E0));
#3738=VERTEX_POINT('',#3737);
#3739=CARTESIAN_POINT('',(1.316438144347E1,8.250958445931E0,4.E0));
#3740=CARTESIAN_POINT('',(1.289206192597E1,8.670293729904E0,4.E0));
#3741=VERTEX_POINT('',#3739);
#3742=VERTEX_POINT('',#3740);
#3743=CARTESIAN_POINT('',(1.179536264920E1,8.569832597888E0,4.E0));
#3744=VERTEX_POINT('',#3743);
#3745=CARTESIAN_POINT('',(1.255736835487E1,7.25E0,0.E0));
#3746=CARTESIAN_POINT('',(1.255736835487E1,7.25E0,4.E0));
#3747=VERTEX_POINT('',#3745);
#3748=VERTEX_POINT('',#3746);
#3749=CARTESIAN_POINT('',(1.222980557768E1,9.581811394407E0,0.E0));
#3750=CARTESIAN_POINT('',(1.191514538215E1,9.970384375136E0,0.E0));
#3751=VERTEX_POINT('',#3749);
#3752=VERTEX_POINT('',#3750);
#3753=CARTESIAN_POINT('',(1.083495498652E1,9.755837289646E0,0.E0));
#3754=VERTEX_POINT('',#3753);
#3755=CARTESIAN_POINT('',(1.222980557768E1,9.581811394407E0,4.E0));
#3756=CARTESIAN_POINT('',(1.191514538215E1,9.970384375136E0,4.E0));
#3757=VERTEX_POINT('',#3755);
#3758=VERTEX_POINT('',#3756);
#3759=CARTESIAN_POINT('',(1.083495498652E1,9.755837289646E0,4.E0));
#3760=VERTEX_POINT('',#3759);
#3761=CARTESIAN_POINT('',(1.173074641844E1,8.522886158241E0,0.E0));
#3762=CARTESIAN_POINT('',(1.173074641844E1,8.522886158241E0,4.E0));
#3763=VERTEX_POINT('',#3761);
#3764=VERTEX_POINT('',#3762);
#3765=CARTESIAN_POINT('',(1.116123740272E1,1.080768401212E1,0.E0));
#3766=CARTESIAN_POINT('',(1.080768401212E1,1.116123740272E1,0.E0));
#3767=VERTEX_POINT('',#3765);
#3768=VERTEX_POINT('',#3766);
#3769=CARTESIAN_POINT('',(9.755837289646E0,1.083495498652E1,0.E0));
#3770=VERTEX_POINT('',#3769);
#3771=CARTESIAN_POINT('',(1.116123740272E1,1.080768401212E1,4.E0));
#3772=CARTESIAN_POINT('',(1.080768401212E1,1.116123740272E1,4.E0));
#3773=VERTEX_POINT('',#3771);
#3774=VERTEX_POINT('',#3772);
#3775=CARTESIAN_POINT('',(9.755837289646E0,1.083495498652E1,4.E0));
#3776=VERTEX_POINT('',#3775);
#3777=CARTESIAN_POINT('',(1.077559996942E1,9.702393792203E0,0.E0));
#3778=CARTESIAN_POINT('',(1.077559996942E1,9.702393792203E0,4.E0));
#3779=VERTEX_POINT('',#3777);
#3780=VERTEX_POINT('',#3778);
#3781=CARTESIAN_POINT('',(9.970384375136E0,1.191514538215E1,0.E0));
#3782=CARTESIAN_POINT('',(9.581811394407E0,1.222980557768E1,0.E0));
#3783=VERTEX_POINT('',#3781);
#3784=VERTEX_POINT('',#3782);
#3785=CARTESIAN_POINT('',(8.569832597888E0,1.179536264920E1,0.E0));
#3786=VERTEX_POINT('',#3785);
#3787=CARTESIAN_POINT('',(9.970384375136E0,1.191514538215E1,4.E0));
#3788=CARTESIAN_POINT('',(9.581811394407E0,1.222980557768E1,4.E0));
#3789=VERTEX_POINT('',#3787);
#3790=VERTEX_POINT('',#3788);
#3791=CARTESIAN_POINT('',(8.569832597888E0,1.179536264920E1,4.E0));
#3792=VERTEX_POINT('',#3791);
#3793=CARTESIAN_POINT('',(9.702393792203E0,1.077559996942E1,0.E0));
#3794=CARTESIAN_POINT('',(9.702393792203E0,1.077559996942E1,4.E0));
#3795=VERTEX_POINT('',#3793);
#3796=VERTEX_POINT('',#3794);
#3797=CARTESIAN_POINT('',(8.670293729903E0,1.289206192597E1,0.E0));
#3798=CARTESIAN_POINT('',(8.250958445931E0,1.316438144347E1,0.E0));
#3799=VERTEX_POINT('',#3797);
#3800=VERTEX_POINT('',#3798);
#3801=CARTESIAN_POINT('',(7.289935026836E0,1.262653785036E1,0.E0));
#3802=VERTEX_POINT('',#3801);
#3803=CARTESIAN_POINT('',(8.670293729903E0,1.289206192597E1,4.E0));
#3804=CARTESIAN_POINT('',(8.250958445931E0,1.316438144347E1,4.E0));
#3805=VERTEX_POINT('',#3803);
#3806=VERTEX_POINT('',#3804);
#3807=CARTESIAN_POINT('',(7.289935026836E0,1.262653785036E1,4.E0));
#3808=VERTEX_POINT('',#3807);
#3809=CARTESIAN_POINT('',(8.522886158241E0,1.173074641844E1,0.E0));
#3810=CARTESIAN_POINT('',(8.522886158241E0,1.173074641844E1,4.E0));
#3811=VERTEX_POINT('',#3809);
#3812=VERTEX_POINT('',#3810);
#3813=CARTESIAN_POINT('',(7.275209532191E0,1.372773034148E1,0.E0));
#3814=CARTESIAN_POINT('',(6.829706270097E0,1.395472559135E1,0.E0));
#3815=VERTEX_POINT('',#3813);
#3816=VERTEX_POINT('',#3814);
#3817=CARTESIAN_POINT('',(5.930167402112E0,1.331937406055E1,0.E0));
#3818=VERTEX_POINT('',#3817);
#3819=CARTESIAN_POINT('',(7.275209532191E0,1.372773034148E1,4.E0));
#3820=CARTESIAN_POINT('',(6.829706270097E0,1.395472559135E1,4.E0));
#3821=VERTEX_POINT('',#3819);
#3822=VERTEX_POINT('',#3820);
#3823=CARTESIAN_POINT('',(5.930167402112E0,1.331937406055E1,4.E0));
#3824=VERTEX_POINT('',#3823);
#3825=CARTESIAN_POINT('',(7.25E0,1.255736835487E1,0.E0));
#3826=CARTESIAN_POINT('',(7.25E0,1.255736835487E1,4.E0));
#3827=VERTEX_POINT('',#3825);
#3828=VERTEX_POINT('',#3826);
#3829=CARTESIAN_POINT('',(5.800416616408E0,1.441299487067E1,0.E0));
#3830=CARTESIAN_POINT('',(5.333626403159E0,1.459217884544E1,0.E0));
#3831=VERTEX_POINT('',#3829);
#3832=VERTEX_POINT('',#3830);
#3833=CARTESIAN_POINT('',(4.505427622363E0,1.386628042128E1,0.E0));
#3834=VERTEX_POINT('',#3833);
#3835=CARTESIAN_POINT('',(5.800416616408E0,1.441299487067E1,4.E0));
#3836=CARTESIAN_POINT('',(5.333626403159E0,1.459217884544E1,4.E0));
#3837=VERTEX_POINT('',#3835);
#3838=VERTEX_POINT('',#3836);
#3839=CARTESIAN_POINT('',(4.505427622363E0,1.386628042128E1,4.E0));
#3840=VERTEX_POINT('',#3839);
#3841=CARTESIAN_POINT('',(5.897681324599E0,1.324640913582E1,0.E0));
#3842=CARTESIAN_POINT('',(5.897681324599E0,1.324640913582E1,4.E0));
#3843=VERTEX_POINT('',#3841);
#3844=VERTEX_POINT('',#3842);
#3845=CARTESIAN_POINT('',(4.262073122360E0,1.494034761193E1,0.E0));
#3846=CARTESIAN_POINT('',(3.779110209216E0,1.506975713448E1,0.E0));
#3847=VERTEX_POINT('',#3845);
#3848=VERTEX_POINT('',#3846);
#3849=CARTESIAN_POINT('',(3.031325434762E0,1.426126491201E1,0.E0));
#3850=VERTEX_POINT('',#3849);
#3851=CARTESIAN_POINT('',(4.262073122360E0,1.494034761193E1,4.E0));
#3852=CARTESIAN_POINT('',(3.779110209216E0,1.506975713448E1,4.E0));
#3853=VERTEX_POINT('',#3851);
#3854=VERTEX_POINT('',#3852);
#3855=CARTESIAN_POINT('',(3.031325434762E0,1.426126491201E1,4.E0));
#3856=VERTEX_POINT('',#3855);
#3857=CARTESIAN_POINT('',(4.480746418437E0,1.379031948628E1,0.E0));
#3858=CARTESIAN_POINT('',(4.480746418437E0,1.379031948628E1,4.E0));
#3859=VERTEX_POINT('',#3857);
#3860=VERTEX_POINT('',#3858);
#3861=CARTESIAN_POINT('',(2.677033463288E0,1.530401077829E1,0.E0));
#3862=CARTESIAN_POINT('',(2.183189292990E0,1.538222801082E1,0.E0));
#3863=VERTEX_POINT('',#3861);
#3864=VERTEX_POINT('',#3862);
#3865=CARTESIAN_POINT('',(1.524011411352E0,1.45E1,0.E0));
#3866=VERTEX_POINT('',#3865);
#3867=CARTESIAN_POINT('',(2.677033463288E0,1.530401077829E1,4.E0));
#3868=CARTESIAN_POINT('',(2.183189292990E0,1.538222801082E1,4.E0));
#3869=VERTEX_POINT('',#3867);
#3870=VERTEX_POINT('',#3868);
#3871=CARTESIAN_POINT('',(1.524011411352E0,1.45E1,4.E0));
#3872=VERTEX_POINT('',#3871);
#3873=CARTESIAN_POINT('',(3.014719516858E0,1.418314021064E1,0.E0));
#3874=CARTESIAN_POINT('',(3.014719516858E0,1.418314021064E1,4.E0));
#3875=VERTEX_POINT('',#3873);
#3876=VERTEX_POINT('',#3874);
#3877=CARTESIAN_POINT('',(1.062663665387E0,1.55E1,0.E0));
#3878=CARTESIAN_POINT('',(5.633488980093E-1,1.552616797812E1,0.E0));
#3879=VERTEX_POINT('',#3877);
#3880=VERTEX_POINT('',#3878);
#3881=CARTESIAN_POINT('',(0.E0,1.457987005367E1,0.E0));
#3882=VERTEX_POINT('',#3881);
#3883=CARTESIAN_POINT('',(1.062663665387E0,1.55E1,4.E0));
#3884=CARTESIAN_POINT('',(5.633488980093E-1,1.552616797812E1,4.E0));
#3885=VERTEX_POINT('',#3883);
#3886=VERTEX_POINT('',#3884);
#3887=CARTESIAN_POINT('',(0.E0,1.457987005367E1,4.E0));
#3888=VERTEX_POINT('',#3887);
#3889=CARTESIAN_POINT('',(0.E0,1.45E1,0.E0));
#3890=CARTESIAN_POINT('',(0.E0,1.45E1,4.E0));
#3891=VERTEX_POINT('',#3889);
#3892=VERTEX_POINT('',#3890);
#3893=CARTESIAN_POINT('',(1.515662717381E0,1.442056748284E1,0.E0));
#3894=CARTESIAN_POINT('',(1.515662717381E0,1.442056748284E1,4.E0));
#3895=VERTEX_POINT('',#3893);
#3896=VERTEX_POINT('',#3894);
#3897=CARTESIAN_POINT('',(0.E0,-1.E1,1.2E1));
#3898=CARTESIAN_POINT('',(0.E0,1.E1,1.2E1));
#3899=VERTEX_POINT('',#3897);
#3900=VERTEX_POINT('',#3898);
#3901=CARTESIAN_POINT('',(0.E0,-1.E1,4.E0));
#3902=CARTESIAN_POINT('',(0.E0,1.E1,4.E0));
#3903=VERTEX_POINT('',#3901);
#3904=VERTEX_POINT('',#3902);
#3905=CARTESIAN_POINT('',(0.E0,-3.E0,0.E0));
#3906=CARTESIAN_POINT('',(0.E0,3.E0,0.E0));
#3907=VERTEX_POINT('',#3905);
#3908=VERTEX_POINT('',#3906);
#3909=CARTESIAN_POINT('',(0.E0,-3.E0,1.2E1));
#3910=CARTESIAN_POINT('',(0.E0,3.E0,1.2E1));
#3911=VERTEX_POINT('',#3909);
#3912=VERTEX_POINT('',#3910);
#3913=CARTESIAN_POINT('',(0.E0,0.E0,0.E0));
#3914=DIRECTION('',(0.E0,0.E0,1.E0));
#3915=DIRECTION('',(1.E0,0.E0,0.E0));
#3916=AXIS2_PLACEMENT_3D('',#3913,#3914,#3915);
#3917=PLANE('',#3916);
#3919=ORIENTED_EDGE('',*,*,#3918,.T.);
#3921=ORIENTED_EDGE('',*,*,#3920,.T.);
#3923=ORIENTED_EDGE('',*,*,#3922,.T.);
#3925=ORIENTED_EDGE('',*,*,#3924,.T.);
#3927=ORIENTED_EDGE('',*,*,#3926,.T.);
#3929=ORIENTED_EDGE('',*,*,#3928,.T.);
#3931=ORIENTED_EDGE('',*,*,#3930,.T.);
#3933=ORIENTED_EDGE('',*,*,#3932,.T.);
#3935=ORIENTED_EDGE('',*,*,#3934,.T.);
#3937=ORIENTED_EDGE('',*,*,#3936,.T.);
#3939=ORIENTED_EDGE('',*,*,#3938,.T.);
#3941=ORIENTED_EDGE('',*,*,#3940,.T.);
#3943=ORIENTED_EDGE('',*,*,#3942,.T.);
#3945=ORIENTED_EDGE('',*,*,#3944,.T.);
#3947=ORIENTED_EDGE('',*,*,#3946,.T.);
#3949=ORIENTED_EDGE('',*,*,#3948,.T.);
#3951=ORIENTED_EDGE('',*,*,#3950,.T.);
#3953=ORIENTED_EDGE('',*,*,#3952,.T.);
#3955=ORIENTED_EDGE('',*,*,#3954,.T.);
#3957=ORIENTED_EDGE('',*,*,#3956,.T.);
#3959=ORIENTED_EDGE('',*,*,#3958,.T.);
#3961=ORIENTED_EDGE('',*,*,#3960,.T.);
#3963=ORIENTED_EDGE('',*,*,#3962,.T.);
#3965=ORIENTED_EDGE('',*,*,#3964,.T.);
#3967=ORIENTED_EDGE('',*,*,#3966,.T.);
#3969=ORIENTED_EDGE('',*,*,#3968,.T.);
#3971=ORIENTED_EDGE('',*,*,#3970,.T.);
#3973=ORIENTED_EDGE('',*,*,#3972,.T.);
#3975=ORIENTED_EDGE('',*,*,#3974,.T.);
#3977=ORIENTED_EDGE('',*,*,#3976,.T.);
#3979=ORIENTED_EDGE('',*,*,#3978,.T.);
#3981=ORIENTED_EDGE('',*,*,#3980,.T.);
#3983=ORIENTED_EDGE('',*,*,#3982,.T.);
#3985=ORIENTED_EDGE('',*,*,#3984,.T.);
#3987=ORIENTED_EDGE('',*,*,#3986,.T.);
#3989=ORIENTED_EDGE('',*,*,#3988,.T.);
#3991=ORIENTED_EDGE('',*,*,#3990,.T.);
#3993=ORIENTED_EDGE('',*,*,#3992,.T.);
#3995=ORIENTED_EDGE('',*,*,#3994,.T.);
#3997=ORIENTED_EDGE('',*,*,#3996,.T.);
#3999=ORIENTED_EDGE('',*,*,#3998,.T.);
#4001=ORIENTED_EDGE('',*,*,#4000,.T.);
#4003=ORIENTED_EDGE('',*,*,#4002,.T.);
#4005=ORIENTED_EDGE('',*,*,#4004,.T.);
#4007=ORIENTED_EDGE('',*,*,#4006,.T.);
#4009=ORIENTED_EDGE('',*,*,#4008,.T.);
#4011=ORIENTED_EDGE('',*,*,#4010,.T.);
#4013=ORIENTED_EDGE('',*,*,#4012,.T.);
#4015=ORIENTED_EDGE('',*,*,#4014,.T.);
#4017=ORIENTED_EDGE('',*,*,#4016,.T.);
#4019=ORIENTED_EDGE('',*,*,#4018,.T.);
#4021=ORIENTED_EDGE('',*,*,#4020,.T.);
#4023=ORIENTED_EDGE('',*,*,#4022,.T.);
#4025=ORIENTED_EDGE('',*,*,#4024,.T.);
#4027=ORIENTED_EDGE('',*,*,#4026,.T.);
#4029=ORIENTED_EDGE('',*,*,#4028,.T.);
#4031=ORIENTED_EDGE('',*,*,#4030,.T.);
#4033=ORIENTED_EDGE('',*,*,#4032,.T.);
#4035=ORIENTED_EDGE('',*,*,#4034,.T.);
#4037=ORIENTED_EDGE('',*,*,#4036,.T.);
#4039=ORIENTED_EDGE('',*,*,#4038,.T.);
#4041=ORIENTED_EDGE('',*,*,#4040,.T.);
#4043=ORIENTED_EDGE('',*,*,#4042,.T.);
#4045=ORIENTED_EDGE('',*,*,#4044,.T.);
#4047=ORIENTED_EDGE('',*,*,#4046,.T.);
#4049=ORIENTED_EDGE('',*,*,#4048,.T.);
#4051=ORIENTED_EDGE('',*,*,#4050,.T.);
#4053=ORIENTED_EDGE('',*,*,#4052,.T.);
#4055=ORIENTED_EDGE('',*,*,#4054,.T.);
#4057=ORIENTED_EDGE('',*,*,#4056,.T.);
#4059=ORIENTED_EDGE('',*,*,#4058,.T.);
#4061=ORIENTED_EDGE('',*,*,#4060,.T.);
#4063=ORIENTED_EDGE('',*,*,#4062,.T.);
#4065=ORIENTED_EDGE('',*,*,#4064,.T.);
#4067=ORIENTED_EDGE('',*,*,#4066,.T.);
#4069=ORIENTED_EDGE('',*,*,#4068,.T.);
#4071=ORIENTED_EDGE('',*,*,#4070,.T.);
#4073=ORIENTED_EDGE('',*,*,#4072,.T.);
#4075=ORIENTED_EDGE('',*,*,#4074,.T.);
#4077=ORIENTED_EDGE('',*,*,#4076,.T.);
#4079=ORIENTED_EDGE('',*,*,#4078,.T.);
#4081=ORIENTED_EDGE('',*,*,#4080,.T.);
#4083=ORIENTED_EDGE('',*,*,#4082,.T.);
#4085=ORIENTED_EDGE('',*,*,#4084,.T.);
#4087=ORIENTED_EDGE('',*,*,#4086,.T.);
#4089=ORIENTED_EDGE('',*,*,#4088,.T.);
#4091=ORIENTED_EDGE('',*,*,#4090,.T.);
#4093=ORIENTED_EDGE('',*,*,#4092,.T.);
#4095=ORIENTED_EDGE('',*,*,#4094,.T.);
#4097=ORIENTED_EDGE('',*,*,#4096,.T.);
#4099=ORIENTED_EDGE('',*,*,#4098,.T.);
#4101=ORIENTED_EDGE('',*,*,#4100,.T.);
#4103=ORIENTED_EDGE('',*,*,#4102,.T.);
#4105=ORIENTED_EDGE('',*,*,#4104,.T.);
#4107=ORIENTED_EDGE('',*,*,#4106,.T.);
#4109=ORIENTED_EDGE('',*,*,#4108,.T.);
#4111=ORIENTED_EDGE('',*,*,#4110,.T.);
#4113=ORIENTED_EDGE('',*,*,#4112,.T.);
#4115=ORIENTED_EDGE('',*,*,#4114,.T.);
#4117=ORIENTED_EDGE('',*,*,#4116,.T.);
#4119=ORIENTED_EDGE('',*,*,#4118,.T.);
#4121=ORIENTED_EDGE('',*,*,#4120,.T.);
#4123=ORIENTED_EDGE('',*,*,#4122,.T.);
#4125=ORIENTED_EDGE('',*,*,#4124,.T.);
#4127=ORIENTED_EDGE('',*,*,#4126,.T.);
#4129=ORIENTED_EDGE('',*,*,#4128,.T.);
#4131=ORIENTED_EDGE('',*,*,#4130,.T.);
#4133=ORIENTED_EDGE('',*,*,#4132,.T.);
#4135=ORIENTED_EDGE('',*,*,#4134,.T.);
#4137=ORIENTED_EDGE('',*,*,#4136,.T.);
#4139=ORIENTED_EDGE('',*,*,#4138,.T.);
#4141=ORIENTED_EDGE('',*,*,#4140,.T.);
#4143=ORIENTED_EDGE('',*,*,#4142,.T.);
#4145=ORIENTED_EDGE('',*,*,#4144,.T.);
#4147=ORIENTED_EDGE('',*,*,#4146,.T.);
#4149=ORIENTED_EDGE('',*,*,#4148,.T.);
#4151=ORIENTED_EDGE('',*,*,#4150,.T.);
#4153=ORIENTED_EDGE('',*,*,#4152,.T.);
#4155=ORIENTED_EDGE('',*,*,#4154,.T.);
#4157=ORIENTED_EDGE('',*,*,#4156,.T.);
#4159=ORIENTED_EDGE('',*,*,#4158,.T.);
#4161=ORIENTED_EDGE('',*,*,#4160,.T.);
#4163=ORIENTED_EDGE('',*,*,#4162,.T.);
#4165=ORIENTED_EDGE('',*,*,#4164,.T.);
#4167=ORIENTED_EDGE('',*,*,#4166,.F.);
#4169=ORIENTED_EDGE('',*,*,#4168,.T.);
#4171=ORIENTED_EDGE('',*,*,#4170,.T.);
#4173=ORIENTED_EDGE('',*,*,#4172,.T.);
#4175=ORIENTED_EDGE('',*,*,#4174,.T.);
#4177=ORIENTED_EDGE('',*,*,#4176,.T.);
#4179=ORIENTED_EDGE('',*,*,#4178,.T.);
#4181=ORIENTED_EDGE('',*,*,#4180,.T.);
#4183=ORIENTED_EDGE('',*,*,#4182,.T.);
#4185=ORIENTED_EDGE('',*,*,#4184,.T.);
#4187=ORIENTED_EDGE('',*,*,#4186,.T.);
#4189=ORIENTED_EDGE('',*,*,#4188,.T.);
#4191=ORIENTED_EDGE('',*,*,#4190,.T.);
#4193=ORIENTED_EDGE('',*,*,#4192,.T.);
#4195=ORIENTED_EDGE('',*,*,#4194,.T.);
#4197=ORIENTED_EDGE('',*,*,#4196,.T.);
#4199=ORIENTED_EDGE('',*,*,#4198,.T.);
#4201=ORIENTED_EDGE('',*,*,#4200,.T.);
#4203=ORIENTED_EDGE('',*,*,#4202,.T.);
#4205=ORIENTED_EDGE('',*,*,#4204,.T.);
#4207=ORIENTED_EDGE('',*,*,#4206,.T.);
#4209=ORIENTED_EDGE('',*,*,#4208,.T.);
#4211=ORIENTED_EDGE('',*,*,#4210,.T.);
#4213=ORIENTED_EDGE('',*,*,#4212,.T.);
#4215=ORIENTED_EDGE('',*,*,#4214,.T.);
#4217=ORIENTED_EDGE('',*,*,#4216,.T.);
#4219=ORIENTED_EDGE('',*,*,#4218,.T.);
#4221=ORIENTED_EDGE('',*,*,#4220,.T.);
#4223=ORIENTED_EDGE('',*,*,#4222,.T.);
#4225=ORIENTED_EDGE('',*,*,#4224,.T.);
#4227=ORIENTED_EDGE('',*,*,#4226,.T.);
#4229=ORIENTED_EDGE('',*,*,#4228,.T.);
#4231=ORIENTED_EDGE('',*,*,#4230,.T.);
#4233=ORIENTED_EDGE('',*,*,#4232,.T.);
#4235=ORIENTED_EDGE('',*,*,#4234,.T.);
#4237=ORIENTED_EDGE('',*,*,#4236,.T.);
#4239=ORIENTED_EDGE('',*,*,#4238,.T.);
#4241=ORIENTED_EDGE('',*,*,#4240,.T.);
#4243=ORIENTED_EDGE('',*,*,#4242,.T.);
#4245=ORIENTED_EDGE('',*,*,#4244,.T.);
#4247=ORIENTED_EDGE('',*,*,#4246,.T.);
#4249=ORIENTED_EDGE('',*,*,#4248,.T.);
#4251=ORIENTED_EDGE('',*,*,#4250,.T.);
#4253=ORIENTED_EDGE('',*,*,#4252,.T.);
#4255=ORIENTED_EDGE('',*,*,#4254,.T.);
#4257=ORIENTED_EDGE('',*,*,#4256,.T.);
#4259=ORIENTED_EDGE('',*,*,#4258,.T.);
#4261=ORIENTED_EDGE('',*,*,#4260,.T.);
#4263=ORIENTED_EDGE('',*,*,#4262,.T.);
#4265=ORIENTED_EDGE('',*,*,#4264,.T.);
#4267=ORIENTED_EDGE('',*,*,#4266,.T.);
#4269=ORIENTED_EDGE('',*,*,#4268,.T.);
#4271=ORIENTED_EDGE('',*,*,#4270,.T.);
#4273=ORIENTED_EDGE('',*,*,#4272,.T.);
#4275=ORIENTED_EDGE('',*,*,#4274,.T.);
#4277=ORIENTED_EDGE('',*,*,#4276,.T.);
#4279=ORIENTED_EDGE('',*,*,#4278,.T.);
#4281=ORIENTED_EDGE('',*,*,#4280,.T.);
#4283=ORIENTED_EDGE('',*,*,#4282,.T.);
#4285=ORIENTED_EDGE('',*,*,#4284,.T.);
#4287=ORIENTED_EDGE('',*,*,#4286,.T.);
#4289=ORIENTED_EDGE('',*,*,#4288,.T.);
#4291=ORIENTED_EDGE('',*,*,#4290,.T.);
#4293=ORIENTED_EDGE('',*,*,#4292,.T.);
#4295=ORIENTED_EDGE('',*,*,#4294,.T.);
#4297=ORIENTED_EDGE('',*,*,#4296,.T.);
#4299=ORIENTED_EDGE('',*,*,#4298,.T.);
#4301=ORIENTED_EDGE('',*,*,#4300,.T.);
#4303=ORIENTED_EDGE('',*,*,#4302,.T.);
#4305=ORIENTED_EDGE('',*,*,#4304,.T.);
#4307=ORIENTED_EDGE('',*,*,#4306,.T.);
#4309=ORIENTED_EDGE('',*,*,#4308,.T.);
#4311=ORIENTED_EDGE('',*,*,#4310,.T.);
#4313=ORIENTED_EDGE('',*,*,#4312,.T.);
#4315=ORIENTED_EDGE('',*,*,#4314,.T.);
#4317=ORIENTED_EDGE('',*,*,#4316,.T.);
#4319=ORIENTED_EDGE('',*,*,#4318,.T.);
#4321=ORIENTED_EDGE('',*,*,#4320,.T.);
#4323=ORIENTED_EDGE('',*,*,#4322,.T.);
#4325=ORIENTED_EDGE('',*,*,#4324,.T.);
#4327=ORIENTED_EDGE('',*,*,#4326,.T.);
#4329=ORIENTED_EDGE('',*,*,#4328,.T.);
#4331=ORIENTED_EDGE('',*,*,#4330,.T.);
#4333=ORIENTED_EDGE('',*,*,#4332,.T.);
#4335=ORIENTED_EDGE('',*,*,#4334,.T.);
#4337=ORIENTED_EDGE('',*,*,#4336,.T.);
#4339=ORIENTED_EDGE('',*,*,#4338,.T.);
#4341=ORIENTED_EDGE('',*,*,#4340,.T.);
#4343=ORIENTED_EDGE('',*,*,#4342,.T.);
#4345=ORIENTED_EDGE('',*,*,#4344,.T.);
#4347=ORIENTED_EDGE('',*,*,#4346,.T.);
#4349=ORIENTED_EDGE('',*,*,#4348,.T.);
#4351=ORIENTED_EDGE('',*,*,#4350,.T.);
#4353=ORIENTED_EDGE('',*,*,#4352,.T.);
#4355=ORIENTED_EDGE('',*,*,#4354,.T.);
#4357=ORIENTED_EDGE('',*,*,#4356,.T.);
#4359=ORIENTED_EDGE('',*,*,#4358,.T.);
#4361=ORIENTED_EDGE('',*,*,#4360,.T.);
#4363=ORIENTED_EDGE('',*,*,#4362,.T.);
#4365=ORIENTED_EDGE('',*,*,#4364,.T.);
#4367=ORIENTED_EDGE('',*,*,#4366,.T.);
#4369=ORIENTED_EDGE('',*,*,#4368,.T.);
#4371=ORIENTED_EDGE('',*,*,#4370,.T.);
#4373=ORIENTED_EDGE('',*,*,#4372,.T.);
#4375=ORIENTED_EDGE('',*,*,#4374,.T.);
#4377=ORIENTED_EDGE('',*,*,#4376,.T.);
#4379=ORIENTED_EDGE('',*,*,#4378,.T.);
#4381=ORIENTED_EDGE('',*,*,#4380,.T.);
#4383=ORIENTED_EDGE('',*,*,#4382,.T.);
#4385=ORIENTED_EDGE('',*,*,#4384,.T.);
#4387=ORIENTED_EDGE('',*,*,#4386,.T.);
#4389=ORIENTED_EDGE('',*,*,#4388,.T.);
#4391=ORIENTED_EDGE('',*,*,#4390,.T.);
#4393=ORIENTED_EDGE('',*,*,#4392,.T.);
#4395=ORIENTED_EDGE('',*,*,#4394,.T.);
#4397=ORIENTED_EDGE('',*,*,#4396,.T.);
#4398=EDGE_LOOP('',(#3919,#3921,#3923,#3925,#3927,#3929,#3931,#3933,#3935,#3937,
#3939,#3941,#3943,#3945,#3947,#3949,#3951,#3953,#3955,#3957,#3959,#3961,#3963,
#3965,#3967,#3969,#3971,#3973,#3975,#3977,#3979,#3981,#3983,#3985,#3987,#3989,
#3991,#3993,#3995,#3997,#3999,#4001,#4003,#4005,#4007,#4009,#4011,#4013,#4015,
#4017,#4019,#4021,#4023,#4025,#4027,#4029,#4031,#4033,#4035,#4037,#4039,#4041,
#4043,#4045,#4047,#4049,#4051,#4053,#4055,#4057,#4059,#4061,#4063,#4065,#4067,
#4069,#4071,#4073,#4075,#4077,#4079,#4081,#4083,#4085,#4087,#4089,#4091,#4093,
#4095,#4097,#4099,#4101,#4103,#4105,#4107,#4109,#4111,#4113,#4115,#4117,#4119,
#4121,#4123,#4125,#4127,#4129,#4131,#4133,#4135,#4137,#4139,#4141,#4143,#4145,
#4147,#4149,#4151,#4153,#4155,#4157,#4159,#4161,#4163,#4165,#4167,#4169,#4171,
#4173,#4175,#4177,#4179,#4181,#4183,#4185,#4187,#4189,#4191,#4193,#4195,#4197,
#4199,#4201,#4203,#4205,#4207,#4209,#4211,#4213,#4215,#4217,#4219,#4221,#4223,
#4225,#4227,#4229,#4231,#4233,#4235,#4237,#4239,#4241,#4243,#4245,#4247,#4249,
#4251,#4253,#4255,#4257,#4259,#4261,#4263,#4265,#4267,#4269,#4271,#4273,#4275,
#4277,#4279,#4281,#4283,#4285,#4287,#4289,#4291,#4293,#4295,#4297,#4299,#4301,
#4303,#4305,#4307,#4309,#4311,#4313,#4315,#4317,#4319,#4321,#4323,#4325,#4327,
#4329,#4331,#4333,#4335,#4337,#4339,#4341,#4343,#4345,#4347,#4349,#4351,#4353,
#4355,#4357,#4359,#4361,#4363,#4365,#4367,#4369,#4371,#4373,#4375,#4377,#4379,
#4381,#4383,#4385,#4387,#4389,#4391,#4393,#4395,#4397));
#4399=FACE_OUTER_BOUND('',#4398,.F.);
#4401=ORIENTED_EDGE('',*,*,#4400,.F.);
#4403=ORIENTED_EDGE('',*,*,#4402,.F.);
#4404=EDGE_LOOP('',(#4401,#4403));
#4405=FACE_BOUND('',#4404,.F.);
#4406=ADVANCED_FACE('',(#4399,#4405),#3917,.F.);
#4407=CARTESIAN_POINT('',(1.524011411352E0,1.45E1,0.E0));
#4408=DIRECTION('',(-9.945218953683E-1,1.045284632677E-1,0.E0));
#4409=DIRECTION('',(-1.045284632677E-1,-9.945218953683E-1,0.E0));
#4410=AXIS2_PLACEMENT_3D('',#4407,#4408,#4409);
#4411=PLANE('',#4410);
#4413=ORIENTED_EDGE('',*,*,#4412,.F.);
#4414=ORIENTED_EDGE('',*,*,#3918,.F.);
#4416=ORIENTED_EDGE('',*,*,#4415,.T.);
#4418=ORIENTED_EDGE('',*,*,#4417,.T.);
#4419=EDGE_LOOP('',(#4413,#4414,#4416,#4418));
#4420=FACE_OUTER_BOUND('',#4419,.F.);
#4421=ADVANCED_FACE('',(#4420),#4411,.T.);
#4422=CARTESIAN_POINT('',(1.515662717381E0,1.442056748284E1,0.E0));
#4423=DIRECTION('',(9.220926558516E-1,3.869691641778E-1,0.E0));
#4424=DIRECTION('',(-3.869691641778E-1,9.220926558516E-1,0.E0));
#4425=AXIS2_PLACEMENT_3D('',#4422,#4423,#4424);
#4426=PLANE('',#4425);
#4427=ORIENTED_EDGE('',*,*,#4412,.T.);
#4429=ORIENTED_EDGE('',*,*,#4428,.T.);
#4431=ORIENTED_EDGE('',*,*,#4430,.F.);
#4432=ORIENTED_EDGE('',*,*,#3920,.F.);
#4433=EDGE_LOOP('',(#4427,#4429,#4431,#4432));
#4434=FACE_OUTER_BOUND('',#4433,.F.);
#4435=ADVANCED_FACE('',(#4434),#4426,.T.);
#4436=CARTESIAN_POINT('',(0.E0,0.E0,4.E0));
#4437=DIRECTION('',(0.E0,0.E0,1.E0));
#4438=DIRECTION('',(1.E0,0.E0,0.E0));
#4439=AXIS2_PLACEMENT_3D('',#4436,#4437,#4438);
#4440=PLANE('',#4439);
#4442=ORIENTED_EDGE('',*,*,#4441,.F.);
#4444=ORIENTED_EDGE('',*,*,#4443,.F.);
#4446=ORIENTED_EDGE('',*,*,#4445,.F.);
#4448=ORIENTED_EDGE('',*,*,#4447,.F.);
#4449=ORIENTED_EDGE('',*,*,#4428,.F.);
#4450=ORIENTED_EDGE('',*,*,#4417,.F.);
#4452=ORIENTED_EDGE('',*,*,#4451,.F.);
#4454=ORIENTED_EDGE('',*,*,#4453,.F.);
#4456=ORIENTED_EDGE('',*,*,#4455,.F.);
#4458=ORIENTED_EDGE('',*,*,#4457,.F.);
#4460=ORIENTED_EDGE('',*,*,#4459,.F.);
#4462=ORIENTED_EDGE('',*,*,#4461,.F.);
#4464=ORIENTED_EDGE('',*,*,#4463,.F.);
#4466=ORIENTED_EDGE('',*,*,#4465,.F.);
#4468=ORIENTED_EDGE('',*,*,#4467,.F.);
#4470=ORIENTED_EDGE('',*,*,#4469,.F.);
#4472=ORIENTED_EDGE('',*,*,#4471,.F.);
#4474=ORIENTED_EDGE('',*,*,#4473,.F.);
#4476=ORIENTED_EDGE('',*,*,#4475,.F.);
#4478=ORIENTED_EDGE('',*,*,#4477,.F.);
#4480=ORIENTED_EDGE('',*,*,#4479,.F.);
#4482=ORIENTED_EDGE('',*,*,#4481,.F.);
#4484=ORIENTED_EDGE('',*,*,#4483,.F.);
#4486=ORIENTED_EDGE('',*,*,#4485,.F.);
#4488=ORIENTED_EDGE('',*,*,#4487,.F.);
#4490=ORIENTED_EDGE('',*,*,#4489,.F.);
#4492=ORIENTED_EDGE('',*,*,#4491,.F.);
#4494=ORIENTED_EDGE('',*,*,#4493,.F.);
#4496=ORIENTED_EDGE('',*,*,#4495,.F.);
#4498=ORIENTED_EDGE('',*,*,#4497,.F.);
#4500=ORIENTED_EDGE('',*,*,#4499,.F.);
#4502=ORIENTED_EDGE('',*,*,#4501,.F.);
#4504=ORIENTED_EDGE('',*,*,#4503,.F.);
#4506=ORIENTED_EDGE('',*,*,#4505,.F.);
#4508=ORIENTED_EDGE('',*,*,#4507,.F.);
#4510=ORIENTED_EDGE('',*,*,#4509,.F.);
#4512=ORIENTED_EDGE('',*,*,#4511,.F.);
#4514=ORIENTED_EDGE('',*,*,#4513,.F.);
#4516=ORIENTED_EDGE('',*,*,#4515,.F.);
#4518=ORIENTED_EDGE('',*,*,#4517,.F.);
#4520=ORIENTED_EDGE('',*,*,#4519,.F.);
#4522=ORIENTED_EDGE('',*,*,#4521,.F.);
#4524=ORIENTED_EDGE('',*,*,#4523,.F.);
#4526=ORIENTED_EDGE('',*,*,#4525,.F.);
#4528=ORIENTED_EDGE('',*,*,#4527,.F.);
#4530=ORIENTED_EDGE('',*,*,#4529,.F.);
#4532=ORIENTED_EDGE('',*,*,#4531,.F.);
#4534=ORIENTED_EDGE('',*,*,#4533,.F.);
#4536=ORIENTED_EDGE('',*,*,#4535,.F.);
#4538=ORIENTED_EDGE('',*,*,#4537,.F.);
#4540=ORIENTED_EDGE('',*,*,#4539,.F.);
#4542=ORIENTED_EDGE('',*,*,#4541,.F.);
#4544=ORIENTED_EDGE('',*,*,#4543,.F.);
#4546=ORIENTED_EDGE('',*,*,#4545,.F.);
#4548=ORIENTED_EDGE('',*,*,#4547,.F.);
#4550=ORIENTED_EDGE('',*,*,#4549,.F.);
#4552=ORIENTED_EDGE('',*,*,#4551,.F.);
#4554=ORIENTED_EDGE('',*,*,#4553,.F.);
#4556=ORIENTED_EDGE('',*,*,#4555,.F.);
#4558=ORIENTED_EDGE('',*,*,#4557,.F.);
#4560=ORIENTED_EDGE('',*,*,#4559,.F.);
#4562=ORIENTED_EDGE('',*,*,#4561,.F.);
#4564=ORIENTED_EDGE('',*,*,#4563,.F.);
#4566=ORIENTED_EDGE('',*,*,#4565,.F.);
#4568=ORIENTED_EDGE('',*,*,#4567,.F.);
#4570=ORIENTED_EDGE('',*,*,#4569,.F.);
#4572=ORIENTED_EDGE('',*,*,#4571,.F.);
#4574=ORIENTED_EDGE('',*,*,#4573,.F.);
#4576=ORIENTED_EDGE('',*,*,#4575,.F.);
#4578=ORIENTED_EDGE('',*,*,#4577,.F.);
#4580=ORIENTED_EDGE('',*,*,#4579,.F.);
#4582=ORIENTED_EDGE('',*,*,#4581,.F.);
#4584=ORIENTED_EDGE('',*,*,#4583,.F.);
#4586=ORIENTED_EDGE('',*,*,#4585,.F.);
#4588=ORIENTED_EDGE('',*,*,#4587,.F.);
#4590=ORIENTED_EDGE('',*,*,#4589,.F.);
#4592=ORIENTED_EDGE('',*,*,#4591,.F.);
#4594=ORIENTED_EDGE('',*,*,#4593,.F.);
#4596=ORIENTED_EDGE('',*,*,#4595,.F.);
#4598=ORIENTED_EDGE('',*,*,#4597,.F.);
#4600=ORIENTED_EDGE('',*,*,#4599,.F.);
#4602=ORIENTED_EDGE('',*,*,#4601,.F.);
#4604=ORIENTED_EDGE('',*,*,#4603,.F.);
#4606=ORIENTED_EDGE('',*,*,#4605,.F.);
#4608=ORIENTED_EDGE('',*,*,#4607,.F.);
#4610=ORIENTED_EDGE('',*,*,#4609,.F.);
#4612=ORIENTED_EDGE('',*,*,#4611,.F.);
#4614=ORIENTED_EDGE('',*,*,#4613,.F.);
#4616=ORIENTED_EDGE('',*,*,#4615,.F.);
#4618=ORIENTED_EDGE('',*,*,#4617,.F.);
#4620=ORIENTED_EDGE('',*,*,#4619,.F.);
#4622=ORIENTED_EDGE('',*,*,#4621,.F.);
#4624=ORIENTED_EDGE('',*,*,#4623,.F.);
#4626=ORIENTED_EDGE('',*,*,#4625,.F.);
#4628=ORIENTED_EDGE('',*,*,#4627,.F.);
#4630=ORIENTED_EDGE('',*,*,#4629,.F.);
#4632=ORIENTED_EDGE('',*,*,#4631,.F.);
#4634=ORIENTED_EDGE('',*,*,#4633,.F.);
#4636=ORIENTED_EDGE('',*,*,#4635,.F.);
#4638=ORIENTED_EDGE('',*,*,#4637,.F.);
#4640=ORIENTED_EDGE('',*,*,#4639,.F.);
#4642=ORIENTED_EDGE('',*,*,#4641,.F.);
#4644=ORIENTED_EDGE('',*,*,#4643,.F.);
#4646=ORIENTED_EDGE('',*,*,#4645,.F.);
#4648=ORIENTED_EDGE('',*,*,#4647,.F.);
#4650=ORIENTED_EDGE('',*,*,#4649,.F.);
#4652=ORIENTED_EDGE('',*,*,#4651,.F.);
#4654=ORIENTED_EDGE('',*,*,#4653,.F.);
#4656=ORIENTED_EDGE('',*,*,#4655,.F.);
#4658=ORIENTED_EDGE('',*,*,#4657,.F.);
#4660=ORIENTED_EDGE('',*,*,#4659,.F.);
#4662=ORIENTED_EDGE('',*,*,#4661,.F.);
#4664=ORIENTED_EDGE('',*,*,#4663,.F.);
#4666=ORIENTED_EDGE('',*,*,#4665,.F.);
#4668=ORIENTED_EDGE('',*,*,#4667,.F.);
#4670=ORIENTED_EDGE('',*,*,#4669,.F.);
#4672=ORIENTED_EDGE('',*,*,#4671,.F.);
#4674=ORIENTED_EDGE('',*,*,#4673,.F.);
#4676=ORIENTED_EDGE('',*,*,#4675,.F.);
#4678=ORIENTED_EDGE('',*,*,#4677,.F.);
#4680=ORIENTED_EDGE('',*,*,#4679,.F.);
#4682=ORIENTED_EDGE('',*,*,#4681,.F.);
#4684=ORIENTED_EDGE('',*,*,#4683,.F.);
#4686=ORIENTED_EDGE('',*,*,#4685,.F.);
#4688=ORIENTED_EDGE('',*,*,#4687,.F.);
#4690=ORIENTED_EDGE('',*,*,#4689,.F.);
#4692=ORIENTED_EDGE('',*,*,#4691,.F.);
#4694=ORIENTED_EDGE('',*,*,#4693,.F.);
#4696=ORIENTED_EDGE('',*,*,#4695,.F.);
#4698=ORIENTED_EDGE('',*,*,#4697,.F.);
#4700=ORIENTED_EDGE('',*,*,#4699,.F.);
#4702=ORIENTED_EDGE('',*,*,#4701,.F.);
#4704=ORIENTED_EDGE('',*,*,#4703,.F.);
#4706=ORIENTED_EDGE('',*,*,#4705,.F.);
#4708=ORIENTED_EDGE('',*,*,#4707,.F.);
#4710=ORIENTED_EDGE('',*,*,#4709,.F.);
#4712=ORIENTED_EDGE('',*,*,#4711,.F.);
#4714=ORIENTED_EDGE('',*,*,#4713,.F.);
#4716=ORIENTED_EDGE('',*,*,#4715,.F.);
#4718=ORIENTED_EDGE('',*,*,#4717,.F.);
#4720=ORIENTED_EDGE('',*,*,#4719,.F.);
#4722=ORIENTED_EDGE('',*,*,#4721,.F.);
#4724=ORIENTED_EDGE('',*,*,#4723,.F.);
#4726=ORIENTED_EDGE('',*,*,#4725,.F.);
#4728=ORIENTED_EDGE('',*,*,#4727,.F.);
#4730=ORIENTED_EDGE('',*,*,#4729,.F.);
#4732=ORIENTED_EDGE('',*,*,#4731,.F.);
#4734=ORIENTED_EDGE('',*,*,#4733,.F.);
#4736=ORIENTED_EDGE('',*,*,#4735,.F.);
#4738=ORIENTED_EDGE('',*,*,#4737,.F.);
#4740=ORIENTED_EDGE('',*,*,#4739,.F.);
#4742=ORIENTED_EDGE('',*,*,#4741,.F.);
#4744=ORIENTED_EDGE('',*,*,#4743,.F.);
#4746=ORIENTED_EDGE('',*,*,#4745,.F.);
#4748=ORIENTED_EDGE('',*,*,#4747,.F.);
#4750=ORIENTED_EDGE('',*,*,#4749,.F.);
#4752=ORIENTED_EDGE('',*,*,#4751,.F.);
#4754=ORIENTED_EDGE('',*,*,#4753,.F.);
#4756=ORIENTED_EDGE('',*,*,#4755,.F.);
#4758=ORIENTED_EDGE('',*,*,#4757,.F.);
#4760=ORIENTED_EDGE('',*,*,#4759,.F.);
#4762=ORIENTED_EDGE('',*,*,#4761,.F.);
#4764=ORIENTED_EDGE('',*,*,#4763,.F.);
#4766=ORIENTED_EDGE('',*,*,#4765,.F.);
#4768=ORIENTED_EDGE('',*,*,#4767,.F.);
#4770=ORIENTED_EDGE('',*,*,#4769,.F.);
#4772=ORIENTED_EDGE('',*,*,#4771,.F.);
#4774=ORIENTED_EDGE('',*,*,#4773,.F.);
#4776=ORIENTED_EDGE('',*,*,#4775,.F.);
#4778=ORIENTED_EDGE('',*,*,#4777,.F.);
#4780=ORIENTED_EDGE('',*,*,#4779,.F.);
#4782=ORIENTED_EDGE('',*,*,#4781,.F.);
#4784=ORIENTED_EDGE('',*,*,#4783,.F.);
#4786=ORIENTED_EDGE('',*,*,#4785,.F.);
#4788=ORIENTED_EDGE('',*,*,#4787,.F.);
#4790=ORIENTED_EDGE('',*,*,#4789,.F.);
#4792=ORIENTED_EDGE('',*,*,#4791,.F.);
#4794=ORIENTED_EDGE('',*,*,#4793,.F.);
#4796=ORIENTED_EDGE('',*,*,#4795,.F.);
#4798=ORIENTED_EDGE('',*,*,#4797,.F.);
#4800=ORIENTED_EDGE('',*,*,#4799,.F.);
#4802=ORIENTED_EDGE('',*,*,#4801,.F.);
#4804=ORIENTED_EDGE('',*,*,#4803,.F.);
#4806=ORIENTED_EDGE('',*,*,#4805,.F.);
#4808=ORIENTED_EDGE('',*,*,#4807,.F.);
#4810=ORIENTED_EDGE('',*,*,#4809,.F.);
#4812=ORIENTED_EDGE('',*,*,#4811,.F.);
#4814=ORIENTED_EDGE('',*,*,#4813,.F.);
#4816=ORIENTED_EDGE('',*,*,#4815,.F.);
#4818=ORIENTED_EDGE('',*,*,#4817,.F.);
#4820=ORIENTED_EDGE('',*,*,#4819,.F.);
#4822=ORIENTED_EDGE('',*,*,#4821,.F.);
#4824=ORIENTED_EDGE('',*,*,#4823,.F.);
#4826=ORIENTED_EDGE('',*,*,#4825,.F.);
#4828=ORIENTED_EDGE('',*,*,#4827,.F.);
#4830=ORIENTED_EDGE('',*,*,#4829,.F.);
#4832=ORIENTED_EDGE('',*,*,#4831,.F.);
#4834=ORIENTED_EDGE('',*,*,#4833,.F.);
#4836=ORIENTED_EDGE('',*,*,#4835,.F.);
#4838=ORIENTED_EDGE('',*,*,#4837,.F.);
#4840=ORIENTED_EDGE('',*,*,#4839,.F.);
#4842=ORIENTED_EDGE('',*,*,#4841,.F.);
#4844=ORIENTED_EDGE('',*,*,#4843,.F.);
#4846=ORIENTED_EDGE('',*,*,#4845,.F.);
#4848=ORIENTED_EDGE('',*,*,#4847,.F.);
#4850=ORIENTED_EDGE('',*,*,#4849,.F.);
#4852=ORIENTED_EDGE('',*,*,#4851,.F.);
#4854=ORIENTED_EDGE('',*,*,#4853,.F.);
#4856=ORIENTED_EDGE('',*,*,#4855,.F.);
#4858=ORIENTED_EDGE('',*,*,#4857,.F.);
#4860=ORIENTED_EDGE('',*,*,#4859,.F.);
#4862=ORIENTED_EDGE('',*,*,#4861,.F.);
#4864=ORIENTED_EDGE('',*,*,#4863,.F.);
#4866=ORIENTED_EDGE('',*,*,#4865,.F.);
#4868=ORIENTED_EDGE('',*,*,#4867,.F.);
#4870=ORIENTED_EDGE('',*,*,#4869,.F.);
#4872=ORIENTED_EDGE('',*,*,#4871,.F.);
#4874=ORIENTED_EDGE('',*,*,#4873,.F.);
#4876=ORIENTED_EDGE('',*,*,#4875,.F.);
#4878=ORIENTED_EDGE('',*,*,#4877,.F.);
#4880=ORIENTED_EDGE('',*,*,#4879,.F.);
#4882=ORIENTED_EDGE('',*,*,#4881,.F.);
#4884=ORIENTED_EDGE('',*,*,#4883,.F.);
#4886=ORIENTED_EDGE('',*,*,#4885,.F.);
#4888=ORIENTED_EDGE('',*,*,#4887,.F.);
#4890=ORIENTED_EDGE('',*,*,#4889,.F.);
#4892=ORIENTED_EDGE('',*,*,#4891,.F.);
#4894=ORIENTED_EDGE('',*,*,#4893,.F.);
#4896=ORIENTED_EDGE('',*,*,#4895,.F.);
#4898=ORIENTED_EDGE('',*,*,#4897,.F.);
#4900=ORIENTED_EDGE('',*,*,#4899,.F.);
#4902=ORIENTED_EDGE('',*,*,#4901,.F.);
#4904=ORIENTED_EDGE('',*,*,#4903,.F.);
#4906=ORIENTED_EDGE('',*,*,#4905,.F.);
#4908=ORIENTED_EDGE('',*,*,#4907,.F.);
#4910=ORIENTED_EDGE('',*,*,#4909,.F.);
#4912=ORIENTED_EDGE('',*,*,#4911,.F.);
#4914=ORIENTED_EDGE('',*,*,#4913,.F.);
#4916=ORIENTED_EDGE('',*,*,#4915,.F.);
#4918=ORIENTED_EDGE('',*,*,#4917,.F.);
#4919=EDGE_LOOP('',(#4442,#4444,#4446,#4448,#4449,#4450,#4452,#4454,#4456,#4458,
#4460,#4462,#4464,#4466,#4468,#4470,#4472,#4474,#4476,#4478,#4480,#4482,#4484,
#4486,#4488,#4490,#4492,#4494,#4496,#4498,#4500,#4502,#4504,#4506,#4508,#4510,
#4512,#4514,#4516,#4518,#4520,#4522,#4524,#4526,#4528,#4530,#4532,#4534,#4536,
#4538,#4540,#4542,#4544,#4546,#4548,#4550,#4552,#4554,#4556,#4558,#4560,#4562,
#4564,#4566,#4568,#4570,#4572,#4574,#4576,#4578,#4580,#4582,#4584,#4586,#4588,
#4590,#4592,#4594,#4596,#4598,#4600,#4602,#4604,#4606,#4608,#4610,#4612,#4614,
#4616,#4618,#4620,#4622,#4624,#4626,#4628,#4630,#4632,#4634,#4636,#4638,#4640,
#4642,#4644,#4646,#4648,#4650,#4652,#4654,#4656,#4658,#4660,#4662,#4664,#4666,
#4668,#4670,#4672,#4674,#4676,#4678,#4680,#4682,#4684,#4686,#4688,#4690,#4692,
#4694,#4696,#4698,#4700,#4702,#4704,#4706,#4708,#4710,#4712,#4714,#4716,#4718,
#4720,#4722,#4724,#4726,#4728,#4730,#4732,#4734,#4736,#4738,#4740,#4742,#4744,
#4746,#4748,#4750,#4752,#4754,#4756,#4758,#4760,#4762,#4764,#4766,#4768,#4770,
#4772,#4774,#4776,#4778,#4780,#4782,#4784,#4786,#4788,#4790,#4792,#4794,#4796,
#4798,#4800,#4802,#4804,#4806,#4808,#4810,#4812,#4814,#4816,#4818,#4820,#4822,
#4824,#4826,#4828,#4830,#4832,#4834,#4836,#4838,#4840,#4842,#4844,#4846,#4848,
#4850,#4852,#4854,#4856,#4858,#4860,#4862,#4864,#4866,#4868,#4870,#4872,#4874,
#4876,#4878,#4880,#4882,#4884,#4886,#4888,#4890,#4892,#4894,#4896,#4898,#4900,
#4902,#4904,#4906,#4908,#4910,#4912,#4914,#4916,#4918));
#4920=FACE_OUTER_BOUND('',#4919,.F.);
#4922=ORIENTED_EDGE('',*,*,#4921,.T.);
#4924=ORIENTED_EDGE('',*,*,#4923,.T.);
#4925=EDGE_LOOP('',(#4922,#4924));
#4926=FACE_BOUND('',#4925,.F.);
#4927=ADVANCED_FACE('',(#4920,#4926),#4440,.T.);
#4928=CARTESIAN_POINT('',(0.E0,1.45E1,0.E0));
#4929=DIRECTION('',(8.765920437393E-1,4.812342349137E-1,0.E0));
#4930=DIRECTION('',(-4.812342349137E-1,8.765920437393E-1,0.E0));
#4931=AXIS2_PLACEMENT_3D('',#4928,#4929,#4930);
#4932=PLANE('',#4931);
#4934=ORIENTED_EDGE('',*,*,#4933,.T.);
#4935=ORIENTED_EDGE('',*,*,#4441,.T.);
#4937=ORIENTED_EDGE('',*,*,#4936,.F.);
#4938=ORIENTED_EDGE('',*,*,#3928,.F.);
#4939=EDGE_LOOP('',(#4934,#4935,#4937,#4938));
#4940=FACE_OUTER_BOUND('',#4939,.F.);
#4941=ADVANCED_FACE('',(#4940),#4932,.T.);
#4942=CARTESIAN_POINT('',(0.E0,1.457987005367E1,0.E0));
#4943=DIRECTION('',(-1.E0,0.E0,0.E0));
#4944=DIRECTION('',(0.E0,-1.E0,0.E0));
#4945=AXIS2_PLACEMENT_3D('',#4942,#4943,#4944);
#4946=PLANE('',#4945);
#4947=ORIENTED_EDGE('',*,*,#4933,.F.);
#4948=ORIENTED_EDGE('',*,*,#3926,.F.);
#4950=ORIENTED_EDGE('',*,*,#4949,.T.);
#4951=ORIENTED_EDGE('',*,*,#4443,.T.);
#4952=EDGE_LOOP('',(#4947,#4948,#4950,#4951));
#4953=FACE_OUTER_BOUND('',#4952,.F.);
#4954=ADVANCED_FACE('',(#4953),#4946,.T.);
#4955=CARTESIAN_POINT('',(5.633488980093E-1,1.552616797812E1,0.E0));
#4956=DIRECTION('',(-8.592624227516E-1,5.115350318865E-1,0.E0));
#4957=DIRECTION('',(-5.115350318865E-1,-8.592624227516E-1,0.E0));
#4958=AXIS2_PLACEMENT_3D('',#4955,#4956,#4957);
#4959=PLANE('',#4958);
#4960=ORIENTED_EDGE('',*,*,#3924,.F.);
#4962=ORIENTED_EDGE('',*,*,#4961,.T.);
#4963=ORIENTED_EDGE('',*,*,#4445,.T.);
#4964=ORIENTED_EDGE('',*,*,#4949,.F.);
#4965=EDGE_LOOP('',(#4960,#4962,#4963,#4964));
#4966=FACE_OUTER_BOUND('',#4965,.F.);
#4967=ADVANCED_FACE('',(#4966),#4959,.T.);
#4968=CARTESIAN_POINT('',(1.062663665387E0,1.55E1,0.E0));
#4969=DIRECTION('',(5.233595624295E-2,9.986295347546E-1,0.E0));
#4970=DIRECTION('',(-9.986295347546E-1,5.233595624295E-2,0.E0));
#4971=AXIS2_PLACEMENT_3D('',#4968,#4969,#4970);
#4972=PLANE('',#4971);
#4973=ORIENTED_EDGE('',*,*,#3922,.F.);
#4974=ORIENTED_EDGE('',*,*,#4430,.T.);
#4975=ORIENTED_EDGE('',*,*,#4447,.T.);
#4976=ORIENTED_EDGE('',*,*,#4961,.F.);
#4977=EDGE_LOOP('',(#4973,#4974,#4975,#4976));
#4978=FACE_OUTER_BOUND('',#4977,.F.);
#4979=ADVANCED_FACE('',(#4978),#4972,.T.);
#4980=CARTESIAN_POINT('',(-5.633488980093E-1,1.552616797812E1,0.E0));
#4981=DIRECTION('',(-5.233595624294E-2,9.986295347546E-1,0.E0));
#4982=DIRECTION('',(-9.986295347546E-1,-5.233595624294E-2,0.E0));
#4983=AXIS2_PLACEMENT_3D('',#4980,#4981,#4982);
#4984=PLANE('',#4983);
#4985=ORIENTED_EDGE('',*,*,#3930,.F.);
#4986=ORIENTED_EDGE('',*,*,#4936,.T.);
#4987=ORIENTED_EDGE('',*,*,#4917,.T.);
#4989=ORIENTED_EDGE('',*,*,#4988,.F.);
#4990=EDGE_LOOP('',(#4985,#4986,#4987,#4989));
#4991=FACE_OUTER_BOUND('',#4990,.F.);
#4992=ADVANCED_FACE('',(#4991),#4984,.T.);
#4993=CARTESIAN_POINT('',(-1.062663665387E0,1.55E1,0.E0));
#4994=DIRECTION('',(-9.080252640843E-1,4.189154088652E-1,0.E0));
#4995=DIRECTION('',(-4.189154088652E-1,-9.080252640843E-1,0.E0));
#4996=AXIS2_PLACEMENT_3D('',#4993,#4994,#4995);
#4997=PLANE('',#4996);
#4998=ORIENTED_EDGE('',*,*,#3932,.F.);
#4999=ORIENTED_EDGE('',*,*,#4988,.T.);
#5000=ORIENTED_EDGE('',*,*,#4915,.T.);
#5002=ORIENTED_EDGE('',*,*,#5001,.F.);
#5003=EDGE_LOOP('',(#4998,#4999,#5000,#5002));
#5004=FACE_OUTER_BOUND('',#5003,.F.);
#5005=ADVANCED_FACE('',(#5004),#4997,.T.);
#5006=CARTESIAN_POINT('',(-1.524011411352E0,1.45E1,0.E0));
#5007=DIRECTION('',(-9.945218953683E-1,-1.045284632677E-1,0.E0));
#5008=DIRECTION('',(1.045284632677E-1,-9.945218953683E-1,0.E0));
#5009=AXIS2_PLACEMENT_3D('',#5006,#5007,#5008);
#5010=PLANE('',#5009);
#5012=ORIENTED_EDGE('',*,*,#5011,.F.);
#5013=ORIENTED_EDGE('',*,*,#3934,.F.);
#5014=ORIENTED_EDGE('',*,*,#5001,.T.);
#5015=ORIENTED_EDGE('',*,*,#4913,.T.);
#5016=EDGE_LOOP('',(#5012,#5013,#5014,#5015));
#5017=FACE_OUTER_BOUND('',#5016,.F.);
#5018=ADVANCED_FACE('',(#5017),#5010,.T.);
#5019=CARTESIAN_POINT('',(-1.515662717381E0,1.442056748284E1,0.E0));
#5020=DIRECTION('',(8.214873057570E-1,5.702268026672E-1,0.E0));
#5021=DIRECTION('',(-5.702268026672E-1,8.214873057570E-1,0.E0));
#5022=AXIS2_PLACEMENT_3D('',#5019,#5020,#5021);
#5023=PLANE('',#5022);
#5024=ORIENTED_EDGE('',*,*,#5011,.T.);
#5025=ORIENTED_EDGE('',*,*,#4911,.T.);
#5027=ORIENTED_EDGE('',*,*,#5026,.F.);
#5028=ORIENTED_EDGE('',*,*,#3936,.F.);
#5029=EDGE_LOOP('',(#5024,#5025,#5027,#5028));
#5030=FACE_OUTER_BOUND('',#5029,.F.);
#5031=ADVANCED_FACE('',(#5030),#5023,.T.);
#5032=CARTESIAN_POINT('',(-2.183189292990E0,1.538222801082E1,0.E0));
#5033=DIRECTION('',(-1.564344650402E-1,9.876883405951E-1,0.E0));
#5034=DIRECTION('',(-9.876883405951E-1,-1.564344650402E-1,0.E0));
#5035=AXIS2_PLACEMENT_3D('',#5032,#5033,#5034);
#5036=PLANE('',#5035);
#5037=ORIENTED_EDGE('',*,*,#3938,.F.);
#5038=ORIENTED_EDGE('',*,*,#5026,.T.);
#5039=ORIENTED_EDGE('',*,*,#4909,.T.);
#5041=ORIENTED_EDGE('',*,*,#5040,.F.);
#5042=EDGE_LOOP('',(#5037,#5038,#5039,#5041));
#5043=FACE_OUTER_BOUND('',#5042,.F.);
#5044=ADVANCED_FACE('',(#5043),#5036,.T.);
#5045=CARTESIAN_POINT('',(-2.677033463288E0,1.530401077829E1,0.E0));
#5046=DIRECTION('',(-9.468395906072E-1,3.217060609606E-1,0.E0));
#5047=DIRECTION('',(-3.217060609606E-1,-9.468395906072E-1,0.E0));
#5048=AXIS2_PLACEMENT_3D('',#5045,#5046,#5047);
#5049=PLANE('',#5048);
#5050=ORIENTED_EDGE('',*,*,#3940,.F.);
#5051=ORIENTED_EDGE('',*,*,#5040,.T.);
#5052=ORIENTED_EDGE('',*,*,#4907,.T.);
#5054=ORIENTED_EDGE('',*,*,#5053,.F.);
#5055=EDGE_LOOP('',(#5050,#5051,#5052,#5054));
#5056=FACE_OUTER_BOUND('',#5055,.F.);
#5057=ADVANCED_FACE('',(#5056),#5049,.T.);
#5058=CARTESIAN_POINT('',(-3.031325434762E0,1.426126491201E1,0.E0));
#5059=DIRECTION('',(-9.781476007338E-1,-2.079116908178E-1,0.E0));
#5060=DIRECTION('',(2.079116908178E-1,-9.781476007338E-1,0.E0));
#5061=AXIS2_PLACEMENT_3D('',#5058,#5059,#5060);
#5062=PLANE('',#5061);
#5064=ORIENTED_EDGE('',*,*,#5063,.F.);
#5065=ORIENTED_EDGE('',*,*,#3942,.F.);
#5066=ORIENTED_EDGE('',*,*,#5053,.T.);
#5067=ORIENTED_EDGE('',*,*,#4905,.T.);
#5068=EDGE_LOOP('',(#5064,#5065,#5066,#5067));
#5069=FACE_OUTER_BOUND('',#5068,.F.);
#5070=ADVANCED_FACE('',(#5069),#5062,.T.);
#5071=CARTESIAN_POINT('',(-3.014719516858E0,1.418314021064E1,0.E0));
#5072=DIRECTION('',(7.573821809456E-1,6.529718462431E-1,0.E0));
#5073=DIRECTION('',(-6.529718462431E-1,7.573821809456E-1,0.E0));
#5074=AXIS2_PLACEMENT_3D('',#5071,#5072,#5073);
#5075=PLANE('',#5074);
#5076=ORIENTED_EDGE('',*,*,#5063,.T.);
#5077=ORIENTED_EDGE('',*,*,#4903,.T.);
#5079=ORIENTED_EDGE('',*,*,#5078,.F.);
#5080=ORIENTED_EDGE('',*,*,#3944,.F.);
#5081=EDGE_LOOP('',(#5076,#5077,#5079,#5080));
#5082=FACE_OUTER_BOUND('',#5081,.F.);
#5083=ADVANCED_FACE('',(#5082),#5075,.T.);
#5084=CARTESIAN_POINT('',(-3.779110209216E0,1.506975713448E1,0.E0));
#5085=DIRECTION('',(-2.588190451025E-1,9.659258262891E-1,0.E0));
#5086=DIRECTION('',(-9.659258262891E-1,-2.588190451025E-1,0.E0));
#5087=AXIS2_PLACEMENT_3D('',#5084,#5085,#5086);
#5088=PLANE('',#5087);
#5089=ORIENTED_EDGE('',*,*,#3946,.F.);
#5090=ORIENTED_EDGE('',*,*,#5078,.T.);
#5091=ORIENTED_EDGE('',*,*,#4901,.T.);
#5093=ORIENTED_EDGE('',*,*,#5092,.F.);
#5094=EDGE_LOOP('',(#5089,#5090,#5091,#5093));
#5095=FACE_OUTER_BOUND('',#5094,.F.);
#5096=ADVANCED_FACE('',(#5095),#5088,.T.);
#5097=CARTESIAN_POINT('',(-4.262073122360E0,1.494034761193E1,0.E0));
#5098=DIRECTION('',(-9.752801444365E-1,2.209720341309E-1,0.E0));
#5099=DIRECTION('',(-2.209720341309E-1,-9.752801444365E-1,0.E0));
#5100=AXIS2_PLACEMENT_3D('',#5097,#5098,#5099);
#5101=PLANE('',#5100);
#5102=ORIENTED_EDGE('',*,*,#3948,.F.);
#5103=ORIENTED_EDGE('',*,*,#5092,.T.);
#5104=ORIENTED_EDGE('',*,*,#4899,.T.);
#5106=ORIENTED_EDGE('',*,*,#5105,.F.);
#5107=EDGE_LOOP('',(#5102,#5103,#5104,#5106));
#5108=FACE_OUTER_BOUND('',#5107,.F.);
#5109=ADVANCED_FACE('',(#5108),#5101,.T.);
#5110=CARTESIAN_POINT('',(-4.505427622363E0,1.386628042128E1,0.E0));
#5111=DIRECTION('',(-9.510565162952E-1,-3.090169943749E-1,0.E0));
#5112=DIRECTION('',(3.090169943749E-1,-9.510565162952E-1,0.E0));
#5113=AXIS2_PLACEMENT_3D('',#5110,#5111,#5112);
#5114=PLANE('',#5113);
#5116=ORIENTED_EDGE('',*,*,#5115,.F.);
#5117=ORIENTED_EDGE('',*,*,#3950,.F.);
#5118=ORIENTED_EDGE('',*,*,#5105,.T.);
#5119=ORIENTED_EDGE('',*,*,#4897,.T.);
#5120=EDGE_LOOP('',(#5116,#5117,#5118,#5119));
#5121=FACE_OUTER_BOUND('',#5120,.F.);
#5122=ADVANCED_FACE('',(#5121),#5114,.T.);
#5123=CARTESIAN_POINT('',(-4.480746418437E0,1.379031948628E1,0.E0));
#5124=DIRECTION('',(6.849790184673E-1,7.285627936283E-1,0.E0));
#5125=DIRECTION('',(-7.285627936283E-1,6.849790184673E-1,0.E0));
#5126=AXIS2_PLACEMENT_3D('',#5123,#5124,#5125);
#5127=PLANE('',#5126);
#5128=ORIENTED_EDGE('',*,*,#5115,.T.);
#5129=ORIENTED_EDGE('',*,*,#4895,.T.);
#5131=ORIENTED_EDGE('',*,*,#5130,.F.);
#5132=ORIENTED_EDGE('',*,*,#3952,.F.);
#5133=EDGE_LOOP('',(#5128,#5129,#5131,#5132));
#5134=FACE_OUTER_BOUND('',#5133,.F.);
#5135=ADVANCED_FACE('',(#5134),#5127,.T.);
#5136=CARTESIAN_POINT('',(-5.333626403159E0,1.459217884544E1,0.E0));
#5137=DIRECTION('',(-3.583679495453E-1,9.335804264972E-1,0.E0));
#5138=DIRECTION('',(-9.335804264972E-1,-3.583679495453E-1,0.E0));
#5139=AXIS2_PLACEMENT_3D('',#5136,#5137,#5138);
#5140=PLANE('',#5139);
#5141=ORIENTED_EDGE('',*,*,#3954,.F.);
#5142=ORIENTED_EDGE('',*,*,#5130,.T.);
#5143=ORIENTED_EDGE('',*,*,#4893,.T.);
#5145=ORIENTED_EDGE('',*,*,#5144,.F.);
#5146=EDGE_LOOP('',(#5141,#5142,#5143,#5145));
#5147=FACE_OUTER_BOUND('',#5146,.F.);
#5148=ADVANCED_FACE('',(#5147),#5140,.T.);
#5149=CARTESIAN_POINT('',(-5.800416616408E0,1.441299487067E1,0.E0));
#5150=DIRECTION('',(-9.930353249128E-1,1.178169914538E-1,0.E0));
#5151=DIRECTION('',(-1.178169914538E-1,-9.930353249128E-1,0.E0));
#5152=AXIS2_PLACEMENT_3D('',#5149,#5150,#5151);
#5153=PLANE('',#5152);
#5154=ORIENTED_EDGE('',*,*,#3956,.F.);
#5155=ORIENTED_EDGE('',*,*,#5144,.T.);
#5156=ORIENTED_EDGE('',*,*,#4891,.T.);
#5158=ORIENTED_EDGE('',*,*,#5157,.F.);
#5159=EDGE_LOOP('',(#5154,#5155,#5156,#5158));
#5160=FACE_OUTER_BOUND('',#5159,.F.);
#5161=ADVANCED_FACE('',(#5160),#5153,.T.);
#5162=CARTESIAN_POINT('',(-5.930167402112E0,1.331937406055E1,0.E0));
#5163=DIRECTION('',(-9.135454576426E-1,-4.067366430758E-1,0.E0));
#5164=DIRECTION('',(4.067366430758E-1,-9.135454576426E-1,0.E0));
#5165=AXIS2_PLACEMENT_3D('',#5162,#5163,#5164);
#5166=PLANE('',#5165);
#5168=ORIENTED_EDGE('',*,*,#5167,.F.);
#5169=ORIENTED_EDGE('',*,*,#3958,.F.);
#5170=ORIENTED_EDGE('',*,*,#5157,.T.);
#5171=ORIENTED_EDGE('',*,*,#4889,.T.);
#5172=EDGE_LOOP('',(#5168,#5169,#5170,#5171));
#5173=FACE_OUTER_BOUND('',#5172,.F.);
#5174=ADVANCED_FACE('',(#5173),#5166,.T.);
#5175=CARTESIAN_POINT('',(-5.897681324599E0,1.324640913582E1,0.E0));
#5176=DIRECTION('',(6.050710825217E-1,7.961714545850E-1,0.E0));
#5177=DIRECTION('',(-7.961714545850E-1,6.050710825217E-1,0.E0));
#5178=AXIS2_PLACEMENT_3D('',#5175,#5176,#5177);
#5179=PLANE('',#5178);
#5180=ORIENTED_EDGE('',*,*,#5167,.T.);
#5181=ORIENTED_EDGE('',*,*,#4887,.T.);
#5183=ORIENTED_EDGE('',*,*,#5182,.F.);
#5184=ORIENTED_EDGE('',*,*,#3960,.F.);
#5185=EDGE_LOOP('',(#5180,#5181,#5183,#5184));
#5186=FACE_OUTER_BOUND('',#5185,.F.);
#5187=ADVANCED_FACE('',(#5186),#5179,.T.);
#5188=CARTESIAN_POINT('',(-6.829706270097E0,1.395472559135E1,0.E0));
#5189=DIRECTION('',(-4.539904997395E-1,8.910065241884E-1,0.E0));
#5190=DIRECTION('',(-8.910065241884E-1,-4.539904997395E-1,0.E0));
#5191=AXIS2_PLACEMENT_3D('',#5188,#5189,#5190);
#5192=PLANE('',#5191);
#5193=ORIENTED_EDGE('',*,*,#3962,.F.);
#5194=ORIENTED_EDGE('',*,*,#5182,.T.);
#5195=ORIENTED_EDGE('',*,*,#4885,.T.);
#5197=ORIENTED_EDGE('',*,*,#5196,.F.);
#5198=EDGE_LOOP('',(#5193,#5194,#5195,#5197));
#5199=FACE_OUTER_BOUND('',#5198,.F.);
#5200=ADVANCED_FACE('',(#5199),#5192,.T.);
#5201=CARTESIAN_POINT('',(-7.275209532191E0,1.372773034148E1,0.E0));
#5202=DIRECTION('',(-9.999106025635E-1,1.337112116362E-2,0.E0));
#5203=DIRECTION('',(-1.337112116362E-2,-9.999106025635E-1,0.E0));
#5204=AXIS2_PLACEMENT_3D('',#5201,#5202,#5203);
#5205=PLANE('',#5204);
#5206=ORIENTED_EDGE('',*,*,#3964,.F.);
#5207=ORIENTED_EDGE('',*,*,#5196,.T.);
#5208=ORIENTED_EDGE('',*,*,#4883,.T.);
#5210=ORIENTED_EDGE('',*,*,#5209,.F.);
#5211=EDGE_LOOP('',(#5206,#5207,#5208,#5210));
#5212=FACE_OUTER_BOUND('',#5211,.F.);
#5213=ADVANCED_FACE('',(#5212),#5205,.T.);
#5214=CARTESIAN_POINT('',(-7.289935026835E0,1.262653785036E1,0.E0));
#5215=DIRECTION('',(-8.660254037844E-1,-5.E-1,0.E0));
#5216=DIRECTION('',(5.E-1,-8.660254037844E-1,0.E0));
#5217=AXIS2_PLACEMENT_3D('',#5214,#5215,#5216);
#5218=PLANE('',#5217);
#5220=ORIENTED_EDGE('',*,*,#5219,.F.);
#5221=ORIENTED_EDGE('',*,*,#3966,.F.);
#5222=ORIENTED_EDGE('',*,*,#5209,.T.);
#5223=ORIENTED_EDGE('',*,*,#4881,.T.);
#5224=EDGE_LOOP('',(#5220,#5221,#5222,#5223));
#5225=FACE_OUTER_BOUND('',#5224,.F.);
#5226=ADVANCED_FACE('',(#5225),#5218,.T.);
#5227=CARTESIAN_POINT('',(-7.25E0,1.255736835487E1,0.E0));
#5228=DIRECTION('',(5.185338611767E-1,8.550570944757E-1,0.E0));
#5229=DIRECTION('',(-8.550570944757E-1,5.185338611767E-1,0.E0));
#5230=AXIS2_PLACEMENT_3D('',#5227,#5228,#5229);
#5231=PLANE('',#5230);
#5232=ORIENTED_EDGE('',*,*,#5219,.T.);
#5233=ORIENTED_EDGE('',*,*,#4879,.T.);
#5235=ORIENTED_EDGE('',*,*,#5234,.F.);
#5236=ORIENTED_EDGE('',*,*,#3968,.F.);
#5237=EDGE_LOOP('',(#5232,#5233,#5235,#5236));
#5238=FACE_OUTER_BOUND('',#5237,.F.);
#5239=ADVANCED_FACE('',(#5238),#5231,.T.);
#5240=CARTESIAN_POINT('',(-8.250958445931E0,1.316438144347E1,0.E0));
#5241=DIRECTION('',(-5.446390350150E-1,8.386705679454E-1,0.E0));
#5242=DIRECTION('',(-8.386705679454E-1,-5.446390350150E-1,0.E0));
#5243=AXIS2_PLACEMENT_3D('',#5240,#5241,#5242);
#5244=PLANE('',#5243);
#5245=ORIENTED_EDGE('',*,*,#3970,.F.);
#5246=ORIENTED_EDGE('',*,*,#5234,.T.);
#5247=ORIENTED_EDGE('',*,*,#4877,.T.);
#5249=ORIENTED_EDGE('',*,*,#5248,.F.);
#5250=EDGE_LOOP('',(#5245,#5246,#5247,#5249));
#5251=FACE_OUTER_BOUND('',#5250,.F.);
#5252=ADVANCED_FACE('',(#5251),#5244,.T.);
#5253=CARTESIAN_POINT('',(-8.670293729904E0,1.289206192597E1,0.E0));
#5254=DIRECTION('',(-9.958306504076E-1,-9.122124592815E-2,0.E0));
#5255=DIRECTION('',(9.122124592815E-2,-9.958306504076E-1,0.E0));
#5256=AXIS2_PLACEMENT_3D('',#5253,#5254,#5255);
#5257=PLANE('',#5256);
#5258=ORIENTED_EDGE('',*,*,#3972,.F.);
#5259=ORIENTED_EDGE('',*,*,#5248,.T.);
#5260=ORIENTED_EDGE('',*,*,#4875,.T.);
#5262=ORIENTED_EDGE('',*,*,#5261,.F.);
#5263=EDGE_LOOP('',(#5258,#5259,#5260,#5262));
#5264=FACE_OUTER_BOUND('',#5263,.F.);
#5265=ADVANCED_FACE('',(#5264),#5257,.T.);
#5266=CARTESIAN_POINT('',(-8.569832597888E0,1.179536264920E1,0.E0));
#5267=DIRECTION('',(-8.090169943749E-1,-5.877852522925E-1,0.E0));
#5268=DIRECTION('',(5.877852522925E-1,-8.090169943749E-1,0.E0));
#5269=AXIS2_PLACEMENT_3D('',#5266,#5267,#5268);
#5270=PLANE('',#5269);
#5272=ORIENTED_EDGE('',*,*,#5271,.F.);
#5273=ORIENTED_EDGE('',*,*,#3974,.F.);
#5274=ORIENTED_EDGE('',*,*,#5261,.T.);
#5275=ORIENTED_EDGE('',*,*,#4873,.T.);
#5276=EDGE_LOOP('',(#5272,#5273,#5274,#5275));
#5277=FACE_OUTER_BOUND('',#5276,.F.);
#5278=ADVANCED_FACE('',(#5277),#5270,.T.);
#5279=CARTESIAN_POINT('',(-8.522886158241E0,1.173074641844E1,0.E0));
#5280=DIRECTION('',(4.263154743384E-1,9.045745499071E-1,0.E0));
#5281=DIRECTION('',(-9.045745499071E-1,4.263154743384E-1,0.E0));
#5282=AXIS2_PLACEMENT_3D('',#5279,#5280,#5281);
#5283=PLANE('',#5282);
#5284=ORIENTED_EDGE('',*,*,#5271,.T.);
#5285=ORIENTED_EDGE('',*,*,#4871,.T.);
#5287=ORIENTED_EDGE('',*,*,#5286,.F.);
#5288=ORIENTED_EDGE('',*,*,#3976,.F.);
#5289=EDGE_LOOP('',(#5284,#5285,#5287,#5288));
#5290=FACE_OUTER_BOUND('',#5289,.F.);
#5291=ADVANCED_FACE('',(#5290),#5283,.T.);
#5292=CARTESIAN_POINT('',(-9.581811394407E0,1.222980557768E1,0.E0));
#5293=DIRECTION('',(-6.293203910498E-1,7.771459614570E-1,0.E0));
#5294=DIRECTION('',(-7.771459614570E-1,-6.293203910498E-1,0.E0));
#5295=AXIS2_PLACEMENT_3D('',#5292,#5293,#5294);
#5296=PLANE('',#5295);
#5297=ORIENTED_EDGE('',*,*,#3978,.F.);
#5298=ORIENTED_EDGE('',*,*,#5286,.T.);
#5299=ORIENTED_EDGE('',*,*,#4869,.T.);
#5301=ORIENTED_EDGE('',*,*,#5300,.F.);
#5302=EDGE_LOOP('',(#5297,#5298,#5299,#5301));
#5303=FACE_OUTER_BOUND('',#5302,.F.);
#5304=ADVANCED_FACE('',(#5303),#5296,.T.);
#5305=CARTESIAN_POINT('',(-9.970384375136E0,1.191514538215E1,0.E0));
#5306=DIRECTION('',(-9.808401692550E-1,-1.948141739603E-1,0.E0));
#5307=DIRECTION('',(1.948141739603E-1,-9.808401692550E-1,0.E0));
#5308=AXIS2_PLACEMENT_3D('',#5305,#5306,#5307);
#5309=PLANE('',#5308);
#5310=ORIENTED_EDGE('',*,*,#3980,.F.);
#5311=ORIENTED_EDGE('',*,*,#5300,.T.);
#5312=ORIENTED_EDGE('',*,*,#4867,.T.);
#5314=ORIENTED_EDGE('',*,*,#5313,.F.);
#5315=EDGE_LOOP('',(#5310,#5311,#5312,#5314));
#5316=FACE_OUTER_BOUND('',#5315,.F.);
#5317=ADVANCED_FACE('',(#5316),#5309,.T.);
#5318=CARTESIAN_POINT('',(-9.755837289646E0,1.083495498652E1,0.E0));
#5319=DIRECTION('',(-7.431448254774E-1,-6.691306063589E-1,0.E0));
#5320=DIRECTION('',(6.691306063589E-1,-7.431448254774E-1,0.E0));
#5321=AXIS2_PLACEMENT_3D('',#5318,#5319,#5320);
#5322=PLANE('',#5321);
#5324=ORIENTED_EDGE('',*,*,#5323,.F.);
#5325=ORIENTED_EDGE('',*,*,#3982,.F.);
#5326=ORIENTED_EDGE('',*,*,#5313,.T.);
#5327=ORIENTED_EDGE('',*,*,#4865,.T.);
#5328=EDGE_LOOP('',(#5324,#5325,#5326,#5327));
#5329=FACE_OUTER_BOUND('',#5328,.F.);
#5330=ADVANCED_FACE('',(#5329),#5322,.T.);
#5331=CARTESIAN_POINT('',(-9.702393792203E0,1.077559996942E1,0.E0));
#5332=DIRECTION('',(3.294262859510E-1,9.441812972753E-1,0.E0));
#5333=DIRECTION('',(-9.441812972753E-1,3.294262859510E-1,0.E0));
#5334=AXIS2_PLACEMENT_3D('',#5331,#5332,#5333);
#5335=PLANE('',#5334);
#5336=ORIENTED_EDGE('',*,*,#5323,.T.);
#5337=ORIENTED_EDGE('',*,*,#4863,.T.);
#5339=ORIENTED_EDGE('',*,*,#5338,.F.);
#5340=ORIENTED_EDGE('',*,*,#3984,.F.);
#5341=EDGE_LOOP('',(#5336,#5337,#5339,#5340));
#5342=FACE_OUTER_BOUND('',#5341,.F.);
#5343=ADVANCED_FACE('',(#5342),#5335,.T.);
#5344=CARTESIAN_POINT('',(-1.080768401212E1,1.116123740272E1,0.E0));
#5345=DIRECTION('',(-7.071067811865E-1,7.071067811865E-1,0.E0));
#5346=DIRECTION('',(-7.071067811865E-1,-7.071067811865E-1,0.E0));
#5347=AXIS2_PLACEMENT_3D('',#5344,#5345,#5346);
#5348=PLANE('',#5347);
#5349=ORIENTED_EDGE('',*,*,#3986,.F.);
#5350=ORIENTED_EDGE('',*,*,#5338,.T.);
#5351=ORIENTED_EDGE('',*,*,#4861,.T.);
#5353=ORIENTED_EDGE('',*,*,#5352,.F.);
#5354=EDGE_LOOP('',(#5349,#5350,#5351,#5353));
#5355=FACE_OUTER_BOUND('',#5354,.F.);
#5356=ADVANCED_FACE('',(#5355),#5348,.T.);
#5357=CARTESIAN_POINT('',(-1.116123740272E1,1.080768401212E1,0.E0));
#5358=DIRECTION('',(-9.551033979540E-1,-2.962726771350E-1,0.E0));
#5359=DIRECTION('',(2.962726771350E-1,-9.551033979540E-1,0.E0));
#5360=AXIS2_PLACEMENT_3D('',#5357,#5358,#5359);
#5361=PLANE('',#5360);
#5362=ORIENTED_EDGE('',*,*,#3988,.F.);
#5363=ORIENTED_EDGE('',*,*,#5352,.T.);
#5364=ORIENTED_EDGE('',*,*,#4859,.T.);
#5366=ORIENTED_EDGE('',*,*,#5365,.F.);
#5367=EDGE_LOOP('',(#5362,#5363,#5364,#5366));
#5368=FACE_OUTER_BOUND('',#5367,.F.);
#5369=ADVANCED_FACE('',(#5368),#5361,.T.);
#5370=CARTESIAN_POINT('',(-1.083495498652E1,9.755837289646E0,0.E0));
#5371=DIRECTION('',(-6.691306063589E-1,-7.431448254774E-1,0.E0));
#5372=DIRECTION('',(7.431448254774E-1,-6.691306063589E-1,0.E0));
#5373=AXIS2_PLACEMENT_3D('',#5370,#5371,#5372);
#5374=PLANE('',#5373);
#5376=ORIENTED_EDGE('',*,*,#5375,.F.);
#5377=ORIENTED_EDGE('',*,*,#3990,.F.);
#5378=ORIENTED_EDGE('',*,*,#5365,.T.);
#5379=ORIENTED_EDGE('',*,*,#4857,.T.);
#5380=EDGE_LOOP('',(#5376,#5377,#5378,#5379));
#5381=FACE_OUTER_BOUND('',#5380,.F.);
#5382=ADVANCED_FACE('',(#5381),#5374,.T.);
#5383=CARTESIAN_POINT('',(-1.077559996942E1,9.702393792203E0,0.E0));
#5384=DIRECTION('',(2.289278342379E-1,9.734433967680E-1,0.E0));
#5385=DIRECTION('',(-9.734433967680E-1,2.289278342379E-1,0.E0));
#5386=AXIS2_PLACEMENT_3D('',#5383,#5384,#5385);
#5387=PLANE('',#5386);
#5388=ORIENTED_EDGE('',*,*,#5375,.T.);
#5389=ORIENTED_EDGE('',*,*,#4855,.T.);
#5391=ORIENTED_EDGE('',*,*,#5390,.F.);
#5392=ORIENTED_EDGE('',*,*,#3992,.F.);
#5393=EDGE_LOOP('',(#5388,#5389,#5391,#5392));
#5394=FACE_OUTER_BOUND('',#5393,.F.);
#5395=ADVANCED_FACE('',(#5394),#5387,.T.);
#5396=CARTESIAN_POINT('',(-1.191514538215E1,9.970384375136E0,0.E0));
#5397=DIRECTION('',(-7.771459614570E-1,6.293203910498E-1,0.E0));
#5398=DIRECTION('',(-6.293203910498E-1,-7.771459614570E-1,0.E0));
#5399=AXIS2_PLACEMENT_3D('',#5396,#5397,#5398);
#5400=PLANE('',#5399);
#5401=ORIENTED_EDGE('',*,*,#3994,.F.);
#5402=ORIENTED_EDGE('',*,*,#5390,.T.);
#5403=ORIENTED_EDGE('',*,*,#4853,.T.);
#5405=ORIENTED_EDGE('',*,*,#5404,.F.);
#5406=EDGE_LOOP('',(#5401,#5402,#5403,#5405));
#5407=FACE_OUTER_BOUND('',#5406,.F.);
#5408=ADVANCED_FACE('',(#5407),#5400,.T.);
#5409=CARTESIAN_POINT('',(-1.222980557768E1,9.581811394407E0,0.E0));
#5410=DIRECTION('',(-9.189023139568E-1,-3.944851548600E-1,0.E0));
#5411=DIRECTION('',(3.944851548600E-1,-9.189023139568E-1,0.E0));
#5412=AXIS2_PLACEMENT_3D('',#5409,#5410,#5411);
#5413=PLANE('',#5412);
#5414=ORIENTED_EDGE('',*,*,#3996,.F.);
#5415=ORIENTED_EDGE('',*,*,#5404,.T.);
#5416=ORIENTED_EDGE('',*,*,#4851,.T.);
#5418=ORIENTED_EDGE('',*,*,#5417,.F.);
#5419=EDGE_LOOP('',(#5414,#5415,#5416,#5418));
#5420=FACE_OUTER_BOUND('',#5419,.F.);
#5421=ADVANCED_FACE('',(#5420),#5413,.T.);
#5422=CARTESIAN_POINT('',(-1.179536264920E1,8.569832597888E0,0.E0));
#5423=DIRECTION('',(-5.877852522925E-1,-8.090169943749E-1,0.E0));
#5424=DIRECTION('',(8.090169943749E-1,-5.877852522925E-1,0.E0));
#5425=AXIS2_PLACEMENT_3D('',#5422,#5423,#5424);
#5426=PLANE('',#5425);
#5428=ORIENTED_EDGE('',*,*,#5427,.F.);
#5429=ORIENTED_EDGE('',*,*,#3998,.F.);
#5430=ORIENTED_EDGE('',*,*,#5417,.T.);
#5431=ORIENTED_EDGE('',*,*,#4849,.T.);
#5432=EDGE_LOOP('',(#5428,#5429,#5430,#5431));
#5433=FACE_OUTER_BOUND('',#5432,.F.);
#5434=ADVANCED_FACE('',(#5433),#5426,.T.);
#5435=CARTESIAN_POINT('',(-1.173074641844E1,8.522886158241E0,0.E0));
#5436=DIRECTION('',(1.259212012666E-1,9.920402466995E-1,0.E0));
#5437=DIRECTION('',(-9.920402466995E-1,1.259212012666E-1,0.E0));
#5438=AXIS2_PLACEMENT_3D('',#5435,#5436,#5437);
#5439=PLANE('',#5438);
#5440=ORIENTED_EDGE('',*,*,#5427,.T.);
#5441=ORIENTED_EDGE('',*,*,#4847,.T.);
#5443=ORIENTED_EDGE('',*,*,#5442,.F.);
#5444=ORIENTED_EDGE('',*,*,#4000,.F.);
#5445=EDGE_LOOP('',(#5440,#5441,#5443,#5444));
#5446=FACE_OUTER_BOUND('',#5445,.F.);
#5447=ADVANCED_FACE('',(#5446),#5439,.T.);
#5448=CARTESIAN_POINT('',(-1.289206192597E1,8.670293729903E0,0.E0));
#5449=DIRECTION('',(-8.386705679454E-1,5.446390350150E-1,0.E0));
#5450=DIRECTION('',(-5.446390350150E-1,-8.386705679454E-1,0.E0));
#5451=AXIS2_PLACEMENT_3D('',#5448,#5449,#5450);
#5452=PLANE('',#5451);
#5453=ORIENTED_EDGE('',*,*,#4002,.F.);
#5454=ORIENTED_EDGE('',*,*,#5442,.T.);
#5455=ORIENTED_EDGE('',*,*,#4845,.T.);
#5457=ORIENTED_EDGE('',*,*,#5456,.F.);
#5458=EDGE_LOOP('',(#5453,#5454,#5455,#5457));
#5459=FACE_OUTER_BOUND('',#5458,.F.);
#5460=ADVANCED_FACE('',(#5459),#5452,.T.);
#5461=CARTESIAN_POINT('',(-1.316438144347E1,8.250958445931E0,0.E0));
#5462=DIRECTION('',(-8.726335439152E-1,-4.883755706770E-1,0.E0));
#5463=DIRECTION('',(4.883755706770E-1,-8.726335439152E-1,0.E0));
#5464=AXIS2_PLACEMENT_3D('',#5461,#5462,#5463);
#5465=PLANE('',#5464);
#5466=ORIENTED_EDGE('',*,*,#4004,.F.);
#5467=ORIENTED_EDGE('',*,*,#5456,.T.);
#5468=ORIENTED_EDGE('',*,*,#4843,.T.);
#5470=ORIENTED_EDGE('',*,*,#5469,.F.);
#5471=EDGE_LOOP('',(#5466,#5467,#5468,#5470));
#5472=FACE_OUTER_BOUND('',#5471,.F.);
#5473=ADVANCED_FACE('',(#5472),#5465,.T.);
#5474=CARTESIAN_POINT('',(-1.262653785036E1,7.289935026835E0,0.E0));
#5475=DIRECTION('',(-5.E-1,-8.660254037844E-1,0.E0));
#5476=DIRECTION('',(8.660254037844E-1,-5.E-1,0.E0));
#5477=AXIS2_PLACEMENT_3D('',#5474,#5475,#5476);
#5478=PLANE('',#5477);
#5480=ORIENTED_EDGE('',*,*,#5479,.F.);
#5481=ORIENTED_EDGE('',*,*,#4006,.F.);
#5482=ORIENTED_EDGE('',*,*,#5469,.T.);
#5483=ORIENTED_EDGE('',*,*,#4841,.T.);
#5484=EDGE_LOOP('',(#5480,#5481,#5482,#5483));
#5485=FACE_OUTER_BOUND('',#5484,.F.);
#5486=ADVANCED_FACE('',(#5485),#5478,.T.);
#5487=CARTESIAN_POINT('',(-1.255736835487E1,7.25E0,0.E0));
#5488=DIRECTION('',(2.153494926357E-2,9.997680960904E-1,0.E0));
#5489=DIRECTION('',(-9.997680960904E-1,2.153494926357E-2,0.E0));
#5490=AXIS2_PLACEMENT_3D('',#5487,#5488,#5489);
#5491=PLANE('',#5490);
#5492=ORIENTED_EDGE('',*,*,#5479,.T.);
#5493=ORIENTED_EDGE('',*,*,#4839,.T.);
#5495=ORIENTED_EDGE('',*,*,#5494,.F.);
#5496=ORIENTED_EDGE('',*,*,#4008,.F.);
#5497=EDGE_LOOP('',(#5492,#5493,#5495,#5496));
#5498=FACE_OUTER_BOUND('',#5497,.F.);
#5499=ADVANCED_FACE('',(#5498),#5491,.T.);
#5500=CARTESIAN_POINT('',(-1.372773034148E1,7.275209532191E0,0.E0));
#5501=DIRECTION('',(-8.910065241884E-1,4.539904997395E-1,0.E0));
#5502=DIRECTION('',(-4.539904997395E-1,-8.910065241884E-1,0.E0));
#5503=AXIS2_PLACEMENT_3D('',#5500,#5501,#5502);
#5504=PLANE('',#5503);
#5505=ORIENTED_EDGE('',*,*,#4010,.F.);
#5506=ORIENTED_EDGE('',*,*,#5494,.T.);
#5507=ORIENTED_EDGE('',*,*,#4837,.T.);
#5509=ORIENTED_EDGE('',*,*,#5508,.F.);
#5510=EDGE_LOOP('',(#5505,#5506,#5507,#5509));
#5511=FACE_OUTER_BOUND('',#5510,.F.);
#5512=ADVANCED_FACE('',(#5511),#5504,.T.);
#5513=CARTESIAN_POINT('',(-1.395472559135E1,6.829706270097E0,0.E0));
#5514=DIRECTION('',(-8.168040181561E-1,-5.769152415425E-1,0.E0));
#5515=DIRECTION('',(5.769152415425E-1,-8.168040181561E-1,0.E0));
#5516=AXIS2_PLACEMENT_3D('',#5513,#5514,#5515);
#5517=PLANE('',#5516);
#5518=ORIENTED_EDGE('',*,*,#4012,.F.);
#5519=ORIENTED_EDGE('',*,*,#5508,.T.);
#5520=ORIENTED_EDGE('',*,*,#4835,.T.);
#5522=ORIENTED_EDGE('',*,*,#5521,.F.);
#5523=EDGE_LOOP('',(#5518,#5519,#5520,#5522));
#5524=FACE_OUTER_BOUND('',#5523,.F.);
#5525=ADVANCED_FACE('',(#5524),#5517,.T.);
#5526=CARTESIAN_POINT('',(-1.331937406055E1,5.930167402112E0,0.E0));
#5527=DIRECTION('',(-4.067366430758E-1,-9.135454576426E-1,0.E0));
#5528=DIRECTION('',(9.135454576426E-1,-4.067366430758E-1,0.E0));
#5529=AXIS2_PLACEMENT_3D('',#5526,#5527,#5528);
#5530=PLANE('',#5529);
#5532=ORIENTED_EDGE('',*,*,#5531,.F.);
#5533=ORIENTED_EDGE('',*,*,#4014,.F.);
#5534=ORIENTED_EDGE('',*,*,#5521,.T.);
#5535=ORIENTED_EDGE('',*,*,#4833,.T.);
#5536=EDGE_LOOP('',(#5532,#5533,#5534,#5535));
#5537=FACE_OUTER_BOUND('',#5536,.F.);
#5538=ADVANCED_FACE('',(#5537),#5530,.T.);
#5539=CARTESIAN_POINT('',(-1.324640913582E1,5.897681324599E0,0.E0));
#5540=DIRECTION('',(-8.308724415010E-2,9.965422770056E-1,0.E0));
#5541=DIRECTION('',(-9.965422770056E-1,-8.308724415010E-2,0.E0));
#5542=AXIS2_PLACEMENT_3D('',#5539,#5540,#5541);
#5543=PLANE('',#5542);
#5544=ORIENTED_EDGE('',*,*,#5531,.T.);
#5545=ORIENTED_EDGE('',*,*,#4831,.T.);
#5547=ORIENTED_EDGE('',*,*,#5546,.F.);
#5548=ORIENTED_EDGE('',*,*,#4016,.F.);
#5549=EDGE_LOOP('',(#5544,#5545,#5547,#5548));
#5550=FACE_OUTER_BOUND('',#5549,.F.);
#5551=ADVANCED_FACE('',(#5550),#5543,.T.);
#5552=CARTESIAN_POINT('',(-1.441299487067E1,5.800416616408E0,0.E0));
#5553=DIRECTION('',(-9.335804264972E-1,3.583679495453E-1,0.E0));
#5554=DIRECTION('',(-3.583679495453E-1,-9.335804264972E-1,0.E0));
#5555=AXIS2_PLACEMENT_3D('',#5552,#5553,#5554);
#5556=PLANE('',#5555);
#5557=ORIENTED_EDGE('',*,*,#4018,.F.);
#5558=ORIENTED_EDGE('',*,*,#5546,.T.);
#5559=ORIENTED_EDGE('',*,*,#4829,.T.);
#5561=ORIENTED_EDGE('',*,*,#5560,.F.);
#5562=EDGE_LOOP('',(#5557,#5558,#5559,#5561));
#5563=FACE_OUTER_BOUND('',#5562,.F.);
#5564=ADVANCED_FACE('',(#5563),#5556,.T.);
#5565=CARTESIAN_POINT('',(-1.459217884544E1,5.333626403159E0,0.E0));
#5566=DIRECTION('',(-7.520254166469E-1,-6.591341082944E-1,0.E0));
#5567=DIRECTION('',(6.591341082944E-1,-7.520254166469E-1,0.E0));
#5568=AXIS2_PLACEMENT_3D('',#5565,#5566,#5567);
#5569=PLANE('',#5568);
#5570=ORIENTED_EDGE('',*,*,#4020,.F.);
#5571=ORIENTED_EDGE('',*,*,#5560,.T.);
#5572=ORIENTED_EDGE('',*,*,#4827,.T.);
#5574=ORIENTED_EDGE('',*,*,#5573,.F.);
#5575=EDGE_LOOP('',(#5570,#5571,#5572,#5574));
#5576=FACE_OUTER_BOUND('',#5575,.F.);
#5577=ADVANCED_FACE('',(#5576),#5569,.T.);
#5578=CARTESIAN_POINT('',(-1.386628042128E1,4.505427622363E0,0.E0));
#5579=DIRECTION('',(-3.090169943749E-1,-9.510565162952E-1,0.E0));
#5580=DIRECTION('',(9.510565162952E-1,-3.090169943749E-1,0.E0));
#5581=AXIS2_PLACEMENT_3D('',#5578,#5579,#5580);
#5582=PLANE('',#5581);
#5584=ORIENTED_EDGE('',*,*,#5583,.F.);
#5585=ORIENTED_EDGE('',*,*,#4022,.F.);
#5586=ORIENTED_EDGE('',*,*,#5573,.T.);
#5587=ORIENTED_EDGE('',*,*,#4825,.T.);
#5588=EDGE_LOOP('',(#5584,#5585,#5586,#5587));
#5589=FACE_OUTER_BOUND('',#5588,.F.);
#5590=ADVANCED_FACE('',(#5589),#5582,.T.);
#5591=CARTESIAN_POINT('',(-1.379031948628E1,4.480746418437E0,0.E0));
#5592=DIRECTION('',(-1.867991163297E-1,9.823981321941E-1,0.E0));
#5593=DIRECTION('',(-9.823981321941E-1,-1.867991163297E-1,0.E0));
#5594=AXIS2_PLACEMENT_3D('',#5591,#5592,#5593);
#5595=PLANE('',#5594);
#5596=ORIENTED_EDGE('',*,*,#5583,.T.);
#5597=ORIENTED_EDGE('',*,*,#4823,.T.);
#5599=ORIENTED_EDGE('',*,*,#5598,.F.);
#5600=ORIENTED_EDGE('',*,*,#4024,.F.);
#5601=EDGE_LOOP('',(#5596,#5597,#5599,#5600));
#5602=FACE_OUTER_BOUND('',#5601,.F.);
#5603=ADVANCED_FACE('',(#5602),#5595,.T.);
#5604=CARTESIAN_POINT('',(-1.494034761193E1,4.262073122360E0,0.E0));
#5605=DIRECTION('',(-9.659258262891E-1,2.588190451025E-1,0.E0));
#5606=DIRECTION('',(-2.588190451025E-1,-9.659258262891E-1,0.E0));
#5607=AXIS2_PLACEMENT_3D('',#5604,#5605,#5606);
#5608=PLANE('',#5607);
#5609=ORIENTED_EDGE('',*,*,#4026,.F.);
#5610=ORIENTED_EDGE('',*,*,#5598,.T.);
#5611=ORIENTED_EDGE('',*,*,#4821,.T.);
#5613=ORIENTED_EDGE('',*,*,#5612,.F.);
#5614=EDGE_LOOP('',(#5609,#5610,#5611,#5613));
#5615=FACE_OUTER_BOUND('',#5614,.F.);
#5616=ADVANCED_FACE('',(#5615),#5608,.T.);
#5617=CARTESIAN_POINT('',(-1.506975713448E1,3.779110209216E0,0.E0));
#5618=DIRECTION('',(-6.790074673015E-1,-7.341313638231E-1,0.E0));
#5619=DIRECTION('',(7.341313638231E-1,-6.790074673015E-1,0.E0));
#5620=AXIS2_PLACEMENT_3D('',#5617,#5618,#5619);
#5621=PLANE('',#5620);
#5622=ORIENTED_EDGE('',*,*,#4028,.F.);
#5623=ORIENTED_EDGE('',*,*,#5612,.T.);
#5624=ORIENTED_EDGE('',*,*,#4819,.T.);
#5626=ORIENTED_EDGE('',*,*,#5625,.F.);
#5627=EDGE_LOOP('',(#5622,#5623,#5624,#5626));
#5628=FACE_OUTER_BOUND('',#5627,.F.);
#5629=ADVANCED_FACE('',(#5628),#5621,.T.);
#5630=CARTESIAN_POINT('',(-1.426126491201E1,3.031325434762E0,0.E0));
#5631=DIRECTION('',(-2.079116908178E-1,-9.781476007338E-1,0.E0));
#5632=DIRECTION('',(9.781476007338E-1,-2.079116908178E-1,0.E0));
#5633=AXIS2_PLACEMENT_3D('',#5630,#5631,#5632);
#5634=PLANE('',#5633);
#5636=ORIENTED_EDGE('',*,*,#5635,.F.);
#5637=ORIENTED_EDGE('',*,*,#4030,.F.);
#5638=ORIENTED_EDGE('',*,*,#5625,.T.);
#5639=ORIENTED_EDGE('',*,*,#4817,.T.);
#5640=EDGE_LOOP('',(#5636,#5637,#5638,#5639));
#5641=FACE_OUTER_BOUND('',#5640,.F.);
#5642=ADVANCED_FACE('',(#5641),#5634,.T.);
#5643=CARTESIAN_POINT('',(-1.418314021064E1,3.014719516858E0,0.E0));
#5644=DIRECTION('',(-2.884643783006E-1,9.574906278662E-1,0.E0));
#5645=DIRECTION('',(-9.574906278662E-1,-2.884643783006E-1,0.E0));
#5646=AXIS2_PLACEMENT_3D('',#5643,#5644,#5645);
#5647=PLANE('',#5646);
#5648=ORIENTED_EDGE('',*,*,#5635,.T.);
#5649=ORIENTED_EDGE('',*,*,#4815,.T.);
#5651=ORIENTED_EDGE('',*,*,#5650,.F.);
#5652=ORIENTED_EDGE('',*,*,#4032,.F.);
#5653=EDGE_LOOP('',(#5648,#5649,#5651,#5652));
#5654=FACE_OUTER_BOUND('',#5653,.F.);
#5655=ADVANCED_FACE('',(#5654),#5647,.T.);
#5656=CARTESIAN_POINT('',(-1.530401077829E1,2.677033463288E0,0.E0));
#5657=DIRECTION('',(-9.876883405951E-1,1.564344650402E-1,0.E0));
#5658=DIRECTION('',(-1.564344650402E-1,-9.876883405951E-1,0.E0));
#5659=AXIS2_PLACEMENT_3D('',#5656,#5657,#5658);
#5660=PLANE('',#5659);
#5661=ORIENTED_EDGE('',*,*,#4034,.F.);
#5662=ORIENTED_EDGE('',*,*,#5650,.T.);
#5663=ORIENTED_EDGE('',*,*,#4813,.T.);
#5665=ORIENTED_EDGE('',*,*,#5664,.F.);
#5666=EDGE_LOOP('',(#5661,#5662,#5663,#5665));
#5667=FACE_OUTER_BOUND('',#5666,.F.);
#5668=ADVANCED_FACE('',(#5667),#5660,.T.);
#5669=CARTESIAN_POINT('',(-1.538222801082E1,2.183189292990E0,0.E0));
#5670=DIRECTION('',(-5.985501700529E-1,-8.010853225029E-1,0.E0));
#5671=DIRECTION('',(8.010853225029E-1,-5.985501700529E-1,0.E0));
#5672=AXIS2_PLACEMENT_3D('',#5669,#5670,#5671);
#5673=PLANE('',#5672);
#5674=ORIENTED_EDGE('',*,*,#4036,.F.);
#5675=ORIENTED_EDGE('',*,*,#5664,.T.);
#5676=ORIENTED_EDGE('',*,*,#4811,.T.);
#5678=ORIENTED_EDGE('',*,*,#5677,.F.);
#5679=EDGE_LOOP('',(#5674,#5675,#5676,#5678));
#5680=FACE_OUTER_BOUND('',#5679,.F.);
#5681=ADVANCED_FACE('',(#5680),#5673,.T.);
#5682=CARTESIAN_POINT('',(-1.45E1,1.524011411352E0,0.E0));
#5683=DIRECTION('',(-1.045284632677E-1,-9.945218953683E-1,0.E0));
#5684=DIRECTION('',(9.945218953683E-1,-1.045284632677E-1,0.E0));
#5685=AXIS2_PLACEMENT_3D('',#5682,#5683,#5684);
#5686=PLANE('',#5685);
#5688=ORIENTED_EDGE('',*,*,#5687,.F.);
#5689=ORIENTED_EDGE('',*,*,#4038,.F.);
#5690=ORIENTED_EDGE('',*,*,#5677,.T.);
#5691=ORIENTED_EDGE('',*,*,#4809,.T.);
#5692=EDGE_LOOP('',(#5688,#5689,#5690,#5691));
#5693=FACE_OUTER_BOUND('',#5692,.F.);
#5694=ADVANCED_FACE('',(#5693),#5686,.T.);
#5695=CARTESIAN_POINT('',(-1.442056748284E1,1.515662717381E0,0.E0));
#5696=DIRECTION('',(-3.869691641778E-1,9.220926558516E-1,0.E0));
#5697=DIRECTION('',(-9.220926558516E-1,-3.869691641778E-1,0.E0));
#5698=AXIS2_PLACEMENT_3D('',#5695,#5696,#5697);
#5699=PLANE('',#5698);
#5700=ORIENTED_EDGE('',*,*,#5687,.T.);
#5701=ORIENTED_EDGE('',*,*,#4807,.T.);
#5703=ORIENTED_EDGE('',*,*,#5702,.F.);
#5704=ORIENTED_EDGE('',*,*,#4040,.F.);
#5705=EDGE_LOOP('',(#5700,#5701,#5703,#5704));
#5706=FACE_OUTER_BOUND('',#5705,.F.);
#5707=ADVANCED_FACE('',(#5706),#5699,.T.);
#5708=CARTESIAN_POINT('',(-1.55E1,1.062663665387E0,0.E0));
#5709=DIRECTION('',(-9.986295347546E-1,5.233595624295E-2,0.E0));
#5710=DIRECTION('',(-5.233595624295E-2,-9.986295347546E-1,0.E0));
#5711=AXIS2_PLACEMENT_3D('',#5708,#5709,#5710);
#5712=PLANE('',#5711);
#5713=ORIENTED_EDGE('',*,*,#4042,.F.);
#5714=ORIENTED_EDGE('',*,*,#5702,.T.);
#5715=ORIENTED_EDGE('',*,*,#4805,.T.);
#5717=ORIENTED_EDGE('',*,*,#5716,.F.);
#5718=EDGE_LOOP('',(#5713,#5714,#5715,#5717));
#5719=FACE_OUTER_BOUND('',#5718,.F.);
#5720=ADVANCED_FACE('',(#5719),#5712,.T.);
#5721=CARTESIAN_POINT('',(-1.552616797812E1,5.633488980093E-1,0.E0));
#5722=DIRECTION('',(-5.115350318865E-1,-8.592624227516E-1,0.E0));
#5723=DIRECTION('',(8.592624227516E-1,-5.115350318865E-1,0.E0));
#5724=AXIS2_PLACEMENT_3D('',#5721,#5722,#5723);
#5725=PLANE('',#5724);
#5726=ORIENTED_EDGE('',*,*,#4044,.F.);
#5727=ORIENTED_EDGE('',*,*,#5716,.T.);
#5728=ORIENTED_EDGE('',*,*,#4803,.T.);
#5730=ORIENTED_EDGE('',*,*,#5729,.F.);
#5731=EDGE_LOOP('',(#5726,#5727,#5728,#5730));
#5732=FACE_OUTER_BOUND('',#5731,.F.);
#5733=ADVANCED_FACE('',(#5732),#5725,.T.);
#5734=CARTESIAN_POINT('',(-1.457987005367E1,0.E0,0.E0));
#5735=DIRECTION('',(0.E0,-1.E0,0.E0));
#5736=DIRECTION('',(1.E0,0.E0,0.E0));
#5737=AXIS2_PLACEMENT_3D('',#5734,#5735,#5736);
#5738=PLANE('',#5737);
#5740=ORIENTED_EDGE('',*,*,#5739,.F.);
#5741=ORIENTED_EDGE('',*,*,#4046,.F.);
#5742=ORIENTED_EDGE('',*,*,#5729,.T.);
#5743=ORIENTED_EDGE('',*,*,#4801,.T.);
#5744=EDGE_LOOP('',(#5740,#5741,#5742,#5743));
#5745=FACE_OUTER_BOUND('',#5744,.F.);
#5746=ADVANCED_FACE('',(#5745),#5738,.T.);
#5747=CARTESIAN_POINT('',(-1.45E1,0.E0,0.E0));
#5748=DIRECTION('',(-4.812342349137E-1,8.765920437393E-1,0.E0));
#5749=DIRECTION('',(-8.765920437393E-1,-4.812342349137E-1,0.E0));
#5750=AXIS2_PLACEMENT_3D('',#5747,#5748,#5749);
#5751=PLANE('',#5750);
#5752=ORIENTED_EDGE('',*,*,#5739,.T.);
#5753=ORIENTED_EDGE('',*,*,#4799,.T.);
#5755=ORIENTED_EDGE('',*,*,#5754,.F.);
#5756=ORIENTED_EDGE('',*,*,#4048,.F.);
#5757=EDGE_LOOP('',(#5752,#5753,#5755,#5756));
#5758=FACE_OUTER_BOUND('',#5757,.F.);
#5759=ADVANCED_FACE('',(#5758),#5751,.T.);
#5760=CARTESIAN_POINT('',(-1.552616797812E1,-5.633488980093E-1,0.E0));
#5761=DIRECTION('',(-9.986295347546E-1,-5.233595624294E-2,0.E0));
#5762=DIRECTION('',(5.233595624294E-2,-9.986295347546E-1,0.E0));
#5763=AXIS2_PLACEMENT_3D('',#5760,#5761,#5762);
#5764=PLANE('',#5763);
#5765=ORIENTED_EDGE('',*,*,#4050,.F.);
#5766=ORIENTED_EDGE('',*,*,#5754,.T.);
#5767=ORIENTED_EDGE('',*,*,#4797,.T.);
#5769=ORIENTED_EDGE('',*,*,#5768,.F.);
#5770=EDGE_LOOP('',(#5765,#5766,#5767,#5769));
#5771=FACE_OUTER_BOUND('',#5770,.F.);
#5772=ADVANCED_FACE('',(#5771),#5764,.T.);
#5773=CARTESIAN_POINT('',(-1.55E1,-1.062663665387E0,0.E0));
#5774=DIRECTION('',(-4.189154088652E-1,-9.080252640843E-1,0.E0));
#5775=DIRECTION('',(9.080252640843E-1,-4.189154088652E-1,0.E0));
#5776=AXIS2_PLACEMENT_3D('',#5773,#5774,#5775);
#5777=PLANE('',#5776);
#5778=ORIENTED_EDGE('',*,*,#4052,.F.);
#5779=ORIENTED_EDGE('',*,*,#5768,.T.);
#5780=ORIENTED_EDGE('',*,*,#4795,.T.);
#5782=ORIENTED_EDGE('',*,*,#5781,.F.);
#5783=EDGE_LOOP('',(#5778,#5779,#5780,#5782));
#5784=FACE_OUTER_BOUND('',#5783,.F.);
#5785=ADVANCED_FACE('',(#5784),#5777,.T.);
#5786=CARTESIAN_POINT('',(-1.45E1,-1.524011411352E0,0.E0));
#5787=DIRECTION('',(1.045284632677E-1,-9.945218953683E-1,0.E0));
#5788=DIRECTION('',(9.945218953683E-1,1.045284632677E-1,0.E0));
#5789=AXIS2_PLACEMENT_3D('',#5786,#5787,#5788);
#5790=PLANE('',#5789);
#5792=ORIENTED_EDGE('',*,*,#5791,.F.);
#5793=ORIENTED_EDGE('',*,*,#4054,.F.);
#5794=ORIENTED_EDGE('',*,*,#5781,.T.);
#5795=ORIENTED_EDGE('',*,*,#4793,.T.);
#5796=EDGE_LOOP('',(#5792,#5793,#5794,#5795));
#5797=FACE_OUTER_BOUND('',#5796,.F.);
#5798=ADVANCED_FACE('',(#5797),#5790,.T.);
#5799=CARTESIAN_POINT('',(-1.442056748284E1,-1.515662717381E0,0.E0));
#5800=DIRECTION('',(-5.702268026672E-1,8.214873057570E-1,0.E0));
#5801=DIRECTION('',(-8.214873057570E-1,-5.702268026672E-1,0.E0));
#5802=AXIS2_PLACEMENT_3D('',#5799,#5800,#5801);
#5803=PLANE('',#5802);
#5804=ORIENTED_EDGE('',*,*,#5791,.T.);
#5805=ORIENTED_EDGE('',*,*,#4791,.T.);
#5807=ORIENTED_EDGE('',*,*,#5806,.F.);
#5808=ORIENTED_EDGE('',*,*,#4056,.F.);
#5809=EDGE_LOOP('',(#5804,#5805,#5807,#5808));
#5810=FACE_OUTER_BOUND('',#5809,.F.);
#5811=ADVANCED_FACE('',(#5810),#5803,.T.);
#5812=CARTESIAN_POINT('',(-1.538222801082E1,-2.183189292990E0,0.E0));
#5813=DIRECTION('',(-9.876883405951E-1,-1.564344650402E-1,0.E0));
#5814=DIRECTION('',(1.564344650402E-1,-9.876883405951E-1,0.E0));
#5815=AXIS2_PLACEMENT_3D('',#5812,#5813,#5814);
#5816=PLANE('',#5815);
#5817=ORIENTED_EDGE('',*,*,#4058,.F.);
#5818=ORIENTED_EDGE('',*,*,#5806,.T.);
#5819=ORIENTED_EDGE('',*,*,#4789,.T.);
#5821=ORIENTED_EDGE('',*,*,#5820,.F.);
#5822=EDGE_LOOP('',(#5817,#5818,#5819,#5821));
#5823=FACE_OUTER_BOUND('',#5822,.F.);
#5824=ADVANCED_FACE('',(#5823),#5816,.T.);
#5825=CARTESIAN_POINT('',(-1.530401077829E1,-2.677033463288E0,0.E0));
#5826=DIRECTION('',(-3.217060609606E-1,-9.468395906072E-1,0.E0));
#5827=DIRECTION('',(9.468395906072E-1,-3.217060609606E-1,0.E0));
#5828=AXIS2_PLACEMENT_3D('',#5825,#5826,#5827);
#5829=PLANE('',#5828);
#5830=ORIENTED_EDGE('',*,*,#4060,.F.);
#5831=ORIENTED_EDGE('',*,*,#5820,.T.);
#5832=ORIENTED_EDGE('',*,*,#4787,.T.);
#5834=ORIENTED_EDGE('',*,*,#5833,.F.);
#5835=EDGE_LOOP('',(#5830,#5831,#5832,#5834));
#5836=FACE_OUTER_BOUND('',#5835,.F.);
#5837=ADVANCED_FACE('',(#5836),#5829,.T.);
#5838=CARTESIAN_POINT('',(-1.426126491201E1,-3.031325434762E0,0.E0));
#5839=DIRECTION('',(2.079116908178E-1,-9.781476007338E-1,0.E0));
#5840=DIRECTION('',(9.781476007338E-1,2.079116908178E-1,0.E0));
#5841=AXIS2_PLACEMENT_3D('',#5838,#5839,#5840);
#5842=PLANE('',#5841);
#5844=ORIENTED_EDGE('',*,*,#5843,.F.);
#5845=ORIENTED_EDGE('',*,*,#4062,.F.);
#5846=ORIENTED_EDGE('',*,*,#5833,.T.);
#5847=ORIENTED_EDGE('',*,*,#4785,.T.);
#5848=EDGE_LOOP('',(#5844,#5845,#5846,#5847));
#5849=FACE_OUTER_BOUND('',#5848,.F.);
#5850=ADVANCED_FACE('',(#5849),#5842,.T.);
#5851=CARTESIAN_POINT('',(-1.418314021064E1,-3.014719516858E0,0.E0));
#5852=DIRECTION('',(-6.529718462431E-1,7.573821809456E-1,0.E0));
#5853=DIRECTION('',(-7.573821809456E-1,-6.529718462431E-1,0.E0));
#5854=AXIS2_PLACEMENT_3D('',#5851,#5852,#5853);
#5855=PLANE('',#5854);
#5856=ORIENTED_EDGE('',*,*,#5843,.T.);
#5857=ORIENTED_EDGE('',*,*,#4783,.T.);
#5859=ORIENTED_EDGE('',*,*,#5858,.F.);
#5860=ORIENTED_EDGE('',*,*,#4064,.F.);
#5861=EDGE_LOOP('',(#5856,#5857,#5859,#5860));
#5862=FACE_OUTER_BOUND('',#5861,.F.);
#5863=ADVANCED_FACE('',(#5862),#5855,.T.);
#5864=CARTESIAN_POINT('',(-1.506975713448E1,-3.779110209216E0,0.E0));
#5865=DIRECTION('',(-9.659258262891E-1,-2.588190451025E-1,0.E0));
#5866=DIRECTION('',(2.588190451025E-1,-9.659258262891E-1,0.E0));
#5867=AXIS2_PLACEMENT_3D('',#5864,#5865,#5866);
#5868=PLANE('',#5867);
#5869=ORIENTED_EDGE('',*,*,#4066,.F.);
#5870=ORIENTED_EDGE('',*,*,#5858,.T.);
#5871=ORIENTED_EDGE('',*,*,#4781,.T.);
#5873=ORIENTED_EDGE('',*,*,#5872,.F.);
#5874=EDGE_LOOP('',(#5869,#5870,#5871,#5873));
#5875=FACE_OUTER_BOUND('',#5874,.F.);
#5876=ADVANCED_FACE('',(#5875),#5868,.T.);
#5877=CARTESIAN_POINT('',(-1.494034761193E1,-4.262073122360E0,0.E0));
#5878=DIRECTION('',(-2.209720341309E-1,-9.752801444365E-1,0.E0));
#5879=DIRECTION('',(9.752801444365E-1,-2.209720341309E-1,0.E0));
#5880=AXIS2_PLACEMENT_3D('',#5877,#5878,#5879);
#5881=PLANE('',#5880);
#5882=ORIENTED_EDGE('',*,*,#4068,.F.);
#5883=ORIENTED_EDGE('',*,*,#5872,.T.);
#5884=ORIENTED_EDGE('',*,*,#4779,.T.);
#5886=ORIENTED_EDGE('',*,*,#5885,.F.);
#5887=EDGE_LOOP('',(#5882,#5883,#5884,#5886));
#5888=FACE_OUTER_BOUND('',#5887,.F.);
#5889=ADVANCED_FACE('',(#5888),#5881,.T.);
#5890=CARTESIAN_POINT('',(-1.386628042128E1,-4.505427622363E0,0.E0));
#5891=DIRECTION('',(3.090169943749E-1,-9.510565162952E-1,0.E0));
#5892=DIRECTION('',(9.510565162952E-1,3.090169943749E-1,0.E0));
#5893=AXIS2_PLACEMENT_3D('',#5890,#5891,#5892);
#5894=PLANE('',#5893);
#5896=ORIENTED_EDGE('',*,*,#5895,.F.);
#5897=ORIENTED_EDGE('',*,*,#4070,.F.);
#5898=ORIENTED_EDGE('',*,*,#5885,.T.);
#5899=ORIENTED_EDGE('',*,*,#4777,.T.);
#5900=EDGE_LOOP('',(#5896,#5897,#5898,#5899));
#5901=FACE_OUTER_BOUND('',#5900,.F.);
#5902=ADVANCED_FACE('',(#5901),#5894,.T.);
#5903=CARTESIAN_POINT('',(-1.379031948628E1,-4.480746418437E0,0.E0));
#5904=DIRECTION('',(-7.285627936283E-1,6.849790184673E-1,0.E0));
#5905=DIRECTION('',(-6.849790184673E-1,-7.285627936283E-1,0.E0));
#5906=AXIS2_PLACEMENT_3D('',#5903,#5904,#5905);
#5907=PLANE('',#5906);
#5908=ORIENTED_EDGE('',*,*,#5895,.T.);
#5909=ORIENTED_EDGE('',*,*,#4775,.T.);
#5911=ORIENTED_EDGE('',*,*,#5910,.F.);
#5912=ORIENTED_EDGE('',*,*,#4072,.F.);
#5913=EDGE_LOOP('',(#5908,#5909,#5911,#5912));
#5914=FACE_OUTER_BOUND('',#5913,.F.);
#5915=ADVANCED_FACE('',(#5914),#5907,.T.);
#5916=CARTESIAN_POINT('',(-1.459217884544E1,-5.333626403159E0,0.E0));
#5917=DIRECTION('',(-9.335804264972E-1,-3.583679495453E-1,0.E0));
#5918=DIRECTION('',(3.583679495453E-1,-9.335804264972E-1,0.E0));
#5919=AXIS2_PLACEMENT_3D('',#5916,#5917,#5918);
#5920=PLANE('',#5919);
#5921=ORIENTED_EDGE('',*,*,#4074,.F.);
#5922=ORIENTED_EDGE('',*,*,#5910,.T.);
#5923=ORIENTED_EDGE('',*,*,#4773,.T.);
#5925=ORIENTED_EDGE('',*,*,#5924,.F.);
#5926=EDGE_LOOP('',(#5921,#5922,#5923,#5925));
#5927=FACE_OUTER_BOUND('',#5926,.F.);
#5928=ADVANCED_FACE('',(#5927),#5920,.T.);
#5929=CARTESIAN_POINT('',(-1.441299487067E1,-5.800416616408E0,0.E0));
#5930=DIRECTION('',(-1.178169914538E-1,-9.930353249128E-1,0.E0));
#5931=DIRECTION('',(9.930353249128E-1,-1.178169914538E-1,0.E0));
#5932=AXIS2_PLACEMENT_3D('',#5929,#5930,#5931);
#5933=PLANE('',#5932);
#5934=ORIENTED_EDGE('',*,*,#4076,.F.);
#5935=ORIENTED_EDGE('',*,*,#5924,.T.);
#5936=ORIENTED_EDGE('',*,*,#4771,.T.);
#5938=ORIENTED_EDGE('',*,*,#5937,.F.);
#5939=EDGE_LOOP('',(#5934,#5935,#5936,#5938));
#5940=FACE_OUTER_BOUND('',#5939,.F.);
#5941=ADVANCED_FACE('',(#5940),#5933,.T.);
#5942=CARTESIAN_POINT('',(-1.331937406055E1,-5.930167402112E0,0.E0));
#5943=DIRECTION('',(4.067366430758E-1,-9.135454576426E-1,0.E0));
#5944=DIRECTION('',(9.135454576426E-1,4.067366430758E-1,0.E0));
#5945=AXIS2_PLACEMENT_3D('',#5942,#5943,#5944);
#5946=PLANE('',#5945);
#5948=ORIENTED_EDGE('',*,*,#5947,.F.);
#5949=ORIENTED_EDGE('',*,*,#4078,.F.);
#5950=ORIENTED_EDGE('',*,*,#5937,.T.);
#5951=ORIENTED_EDGE('',*,*,#4769,.T.);
#5952=EDGE_LOOP('',(#5948,#5949,#5950,#5951));
#5953=FACE_OUTER_BOUND('',#5952,.F.);
#5954=ADVANCED_FACE('',(#5953),#5946,.T.);
#5955=CARTESIAN_POINT('',(-1.324640913582E1,-5.897681324599E0,0.E0));
#5956=DIRECTION('',(-7.961714545850E-1,6.050710825217E-1,0.E0));
#5957=DIRECTION('',(-6.050710825217E-1,-7.961714545850E-1,0.E0));
#5958=AXIS2_PLACEMENT_3D('',#5955,#5956,#5957);
#5959=PLANE('',#5958);
#5960=ORIENTED_EDGE('',*,*,#5947,.T.);
#5961=ORIENTED_EDGE('',*,*,#4767,.T.);
#5963=ORIENTED_EDGE('',*,*,#5962,.F.);
#5964=ORIENTED_EDGE('',*,*,#4080,.F.);
#5965=EDGE_LOOP('',(#5960,#5961,#5963,#5964));
#5966=FACE_OUTER_BOUND('',#5965,.F.);
#5967=ADVANCED_FACE('',(#5966),#5959,.T.);
#5968=CARTESIAN_POINT('',(-1.395472559135E1,-6.829706270097E0,0.E0));
#5969=DIRECTION('',(-8.910065241884E-1,-4.539904997395E-1,0.E0));
#5970=DIRECTION('',(4.539904997395E-1,-8.910065241884E-1,0.E0));
#5971=AXIS2_PLACEMENT_3D('',#5968,#5969,#5970);
#5972=PLANE('',#5971);
#5973=ORIENTED_EDGE('',*,*,#4082,.F.);
#5974=ORIENTED_EDGE('',*,*,#5962,.T.);
#5975=ORIENTED_EDGE('',*,*,#4765,.T.);
#5977=ORIENTED_EDGE('',*,*,#5976,.F.);
#5978=EDGE_LOOP('',(#5973,#5974,#5975,#5977));
#5979=FACE_OUTER_BOUND('',#5978,.F.);
#5980=ADVANCED_FACE('',(#5979),#5972,.T.);
#5981=CARTESIAN_POINT('',(-1.372773034148E1,-7.275209532191E0,0.E0));
#5982=DIRECTION('',(-1.337112116362E-2,-9.999106025635E-1,0.E0));
#5983=DIRECTION('',(9.999106025635E-1,-1.337112116362E-2,0.E0));
#5984=AXIS2_PLACEMENT_3D('',#5981,#5982,#5983);
#5985=PLANE('',#5984);
#5986=ORIENTED_EDGE('',*,*,#4084,.F.);
#5987=ORIENTED_EDGE('',*,*,#5976,.T.);
#5988=ORIENTED_EDGE('',*,*,#4763,.T.);
#5990=ORIENTED_EDGE('',*,*,#5989,.F.);
#5991=EDGE_LOOP('',(#5986,#5987,#5988,#5990));
#5992=FACE_OUTER_BOUND('',#5991,.F.);
#5993=ADVANCED_FACE('',(#5992),#5985,.T.);
#5994=CARTESIAN_POINT('',(-1.262653785036E1,-7.289935026835E0,0.E0));
#5995=DIRECTION('',(5.E-1,-8.660254037844E-1,0.E0));
#5996=DIRECTION('',(8.660254037844E-1,5.E-1,0.E0));
#5997=AXIS2_PLACEMENT_3D('',#5994,#5995,#5996);
#5998=PLANE('',#5997);
#6000=ORIENTED_EDGE('',*,*,#5999,.F.);
#6001=ORIENTED_EDGE('',*,*,#4086,.F.);
#6002=ORIENTED_EDGE('',*,*,#5989,.T.);
#6003=ORIENTED_EDGE('',*,*,#4761,.T.);
#6004=EDGE_LOOP('',(#6000,#6001,#6002,#6003));
#6005=FACE_OUTER_BOUND('',#6004,.F.);
#6006=ADVANCED_FACE('',(#6005),#5998,.T.);
#6007=CARTESIAN_POINT('',(-1.255736835487E1,-7.25E0,0.E0));
#6008=DIRECTION('',(-8.550570944757E-1,5.185338611767E-1,0.E0));
#6009=DIRECTION('',(-5.185338611767E-1,-8.550570944757E-1,0.E0));
#6010=AXIS2_PLACEMENT_3D('',#6007,#6008,#6009);
#6011=PLANE('',#6010);
#6012=ORIENTED_EDGE('',*,*,#5999,.T.);
#6013=ORIENTED_EDGE('',*,*,#4759,.T.);
#6015=ORIENTED_EDGE('',*,*,#6014,.F.);
#6016=ORIENTED_EDGE('',*,*,#4088,.F.);
#6017=EDGE_LOOP('',(#6012,#6013,#6015,#6016));
#6018=FACE_OUTER_BOUND('',#6017,.F.);
#6019=ADVANCED_FACE('',(#6018),#6011,.T.);
#6020=CARTESIAN_POINT('',(-1.316438144347E1,-8.250958445931E0,0.E0));
#6021=DIRECTION('',(-8.386705679454E-1,-5.446390350150E-1,0.E0));
#6022=DIRECTION('',(5.446390350150E-1,-8.386705679454E-1,0.E0));
#6023=AXIS2_PLACEMENT_3D('',#6020,#6021,#6022);
#6024=PLANE('',#6023);
#6025=ORIENTED_EDGE('',*,*,#4090,.F.);
#6026=ORIENTED_EDGE('',*,*,#6014,.T.);
#6027=ORIENTED_EDGE('',*,*,#4757,.T.);
#6029=ORIENTED_EDGE('',*,*,#6028,.F.);
#6030=EDGE_LOOP('',(#6025,#6026,#6027,#6029));
#6031=FACE_OUTER_BOUND('',#6030,.F.);
#6032=ADVANCED_FACE('',(#6031),#6024,.T.);
#6033=CARTESIAN_POINT('',(-1.289206192597E1,-8.670293729903E0,0.E0));
#6034=DIRECTION('',(9.122124592815E-2,-9.958306504076E-1,0.E0));
#6035=DIRECTION('',(9.958306504076E-1,9.122124592815E-2,0.E0));
#6036=AXIS2_PLACEMENT_3D('',#6033,#6034,#6035);
#6037=PLANE('',#6036);
#6038=ORIENTED_EDGE('',*,*,#4092,.F.);
#6039=ORIENTED_EDGE('',*,*,#6028,.T.);
#6040=ORIENTED_EDGE('',*,*,#4755,.T.);
#6042=ORIENTED_EDGE('',*,*,#6041,.F.);
#6043=EDGE_LOOP('',(#6038,#6039,#6040,#6042));
#6044=FACE_OUTER_BOUND('',#6043,.F.);
#6045=ADVANCED_FACE('',(#6044),#6037,.T.);
#6046=CARTESIAN_POINT('',(-1.179536264920E1,-8.569832597888E0,0.E0));
#6047=DIRECTION('',(5.877852522925E-1,-8.090169943749E-1,0.E0));
#6048=DIRECTION('',(8.090169943749E-1,5.877852522925E-1,0.E0));
#6049=AXIS2_PLACEMENT_3D('',#6046,#6047,#6048);
#6050=PLANE('',#6049);
#6052=ORIENTED_EDGE('',*,*,#6051,.F.);
#6053=ORIENTED_EDGE('',*,*,#4094,.F.);
#6054=ORIENTED_EDGE('',*,*,#6041,.T.);
#6055=ORIENTED_EDGE('',*,*,#4753,.T.);
#6056=EDGE_LOOP('',(#6052,#6053,#6054,#6055));
#6057=FACE_OUTER_BOUND('',#6056,.F.);
#6058=ADVANCED_FACE('',(#6057),#6050,.T.);
#6059=CARTESIAN_POINT('',(-1.173074641844E1,-8.522886158241E0,0.E0));
#6060=DIRECTION('',(-9.045745499071E-1,4.263154743384E-1,0.E0));
#6061=DIRECTION('',(-4.263154743384E-1,-9.045745499071E-1,0.E0));
#6062=AXIS2_PLACEMENT_3D('',#6059,#6060,#6061);
#6063=PLANE('',#6062);
#6064=ORIENTED_EDGE('',*,*,#6051,.T.);
#6065=ORIENTED_EDGE('',*,*,#4751,.T.);
#6067=ORIENTED_EDGE('',*,*,#6066,.F.);
#6068=ORIENTED_EDGE('',*,*,#4096,.F.);
#6069=EDGE_LOOP('',(#6064,#6065,#6067,#6068));
#6070=FACE_OUTER_BOUND('',#6069,.F.);
#6071=ADVANCED_FACE('',(#6070),#6063,.T.);
#6072=CARTESIAN_POINT('',(-1.222980557768E1,-9.581811394407E0,0.E0));
#6073=DIRECTION('',(-7.771459614570E-1,-6.293203910498E-1,0.E0));
#6074=DIRECTION('',(6.293203910498E-1,-7.771459614570E-1,0.E0));
#6075=AXIS2_PLACEMENT_3D('',#6072,#6073,#6074);
#6076=PLANE('',#6075);
#6077=ORIENTED_EDGE('',*,*,#4098,.F.);
#6078=ORIENTED_EDGE('',*,*,#6066,.T.);
#6079=ORIENTED_EDGE('',*,*,#4749,.T.);
#6081=ORIENTED_EDGE('',*,*,#6080,.F.);
#6082=EDGE_LOOP('',(#6077,#6078,#6079,#6081));
#6083=FACE_OUTER_BOUND('',#6082,.F.);
#6084=ADVANCED_FACE('',(#6083),#6076,.T.);
#6085=CARTESIAN_POINT('',(-1.191514538215E1,-9.970384375136E0,0.E0));
#6086=DIRECTION('',(1.948141739603E-1,-9.808401692550E-1,0.E0));
#6087=DIRECTION('',(9.808401692550E-1,1.948141739603E-1,0.E0));
#6088=AXIS2_PLACEMENT_3D('',#6085,#6086,#6087);
#6089=PLANE('',#6088);
#6090=ORIENTED_EDGE('',*,*,#4100,.F.);
#6091=ORIENTED_EDGE('',*,*,#6080,.T.);
#6092=ORIENTED_EDGE('',*,*,#4747,.T.);
#6094=ORIENTED_EDGE('',*,*,#6093,.F.);
#6095=EDGE_LOOP('',(#6090,#6091,#6092,#6094));
#6096=FACE_OUTER_BOUND('',#6095,.F.);
#6097=ADVANCED_FACE('',(#6096),#6089,.T.);
#6098=CARTESIAN_POINT('',(-1.083495498652E1,-9.755837289646E0,0.E0));
#6099=DIRECTION('',(6.691306063589E-1,-7.431448254774E-1,0.E0));
#6100=DIRECTION('',(7.431448254774E-1,6.691306063589E-1,0.E0));
#6101=AXIS2_PLACEMENT_3D('',#6098,#6099,#6100);
#6102=PLANE('',#6101);
#6104=ORIENTED_EDGE('',*,*,#6103,.F.);
#6105=ORIENTED_EDGE('',*,*,#4102,.F.);
#6106=ORIENTED_EDGE('',*,*,#6093,.T.);
#6107=ORIENTED_EDGE('',*,*,#4745,.T.);
#6108=EDGE_LOOP('',(#6104,#6105,#6106,#6107));
#6109=FACE_OUTER_BOUND('',#6108,.F.);
#6110=ADVANCED_FACE('',(#6109),#6102,.T.);
#6111=CARTESIAN_POINT('',(-1.077559996942E1,-9.702393792203E0,0.E0));
#6112=DIRECTION('',(-9.441812972753E-1,3.294262859510E-1,0.E0));
#6113=DIRECTION('',(-3.294262859510E-1,-9.441812972753E-1,0.E0));
#6114=AXIS2_PLACEMENT_3D('',#6111,#6112,#6113);
#6115=PLANE('',#6114);
#6116=ORIENTED_EDGE('',*,*,#6103,.T.);
#6117=ORIENTED_EDGE('',*,*,#4743,.T.);
#6119=ORIENTED_EDGE('',*,*,#6118,.F.);
#6120=ORIENTED_EDGE('',*,*,#4104,.F.);
#6121=EDGE_LOOP('',(#6116,#6117,#6119,#6120));
#6122=FACE_OUTER_BOUND('',#6121,.F.);
#6123=ADVANCED_FACE('',(#6122),#6115,.T.);
#6124=CARTESIAN_POINT('',(-1.116123740272E1,-1.080768401212E1,0.E0));
#6125=DIRECTION('',(-7.071067811865E-1,-7.071067811865E-1,0.E0));
#6126=DIRECTION('',(7.071067811865E-1,-7.071067811865E-1,0.E0));
#6127=AXIS2_PLACEMENT_3D('',#6124,#6125,#6126);
#6128=PLANE('',#6127);
#6129=ORIENTED_EDGE('',*,*,#4106,.F.);
#6130=ORIENTED_EDGE('',*,*,#6118,.T.);
#6131=ORIENTED_EDGE('',*,*,#4741,.T.);
#6133=ORIENTED_EDGE('',*,*,#6132,.F.);
#6134=EDGE_LOOP('',(#6129,#6130,#6131,#6133));
#6135=FACE_OUTER_BOUND('',#6134,.F.);
#6136=ADVANCED_FACE('',(#6135),#6128,.T.);
#6137=CARTESIAN_POINT('',(-1.080768401212E1,-1.116123740272E1,0.E0));
#6138=DIRECTION('',(2.962726771350E-1,-9.551033979540E-1,0.E0));
#6139=DIRECTION('',(9.551033979540E-1,2.962726771350E-1,0.E0));
#6140=AXIS2_PLACEMENT_3D('',#6137,#6138,#6139);
#6141=PLANE('',#6140);
#6142=ORIENTED_EDGE('',*,*,#4108,.F.);
#6143=ORIENTED_EDGE('',*,*,#6132,.T.);
#6144=ORIENTED_EDGE('',*,*,#4739,.T.);
#6146=ORIENTED_EDGE('',*,*,#6145,.F.);
#6147=EDGE_LOOP('',(#6142,#6143,#6144,#6146));
#6148=FACE_OUTER_BOUND('',#6147,.F.);
#6149=ADVANCED_FACE('',(#6148),#6141,.T.);
#6150=CARTESIAN_POINT('',(-9.755837289646E0,-1.083495498652E1,0.E0));
#6151=DIRECTION('',(7.431448254774E-1,-6.691306063589E-1,0.E0));
#6152=DIRECTION('',(6.691306063589E-1,7.431448254774E-1,0.E0));
#6153=AXIS2_PLACEMENT_3D('',#6150,#6151,#6152);
#6154=PLANE('',#6153);
#6156=ORIENTED_EDGE('',*,*,#6155,.F.);
#6157=ORIENTED_EDGE('',*,*,#4110,.F.);
#6158=ORIENTED_EDGE('',*,*,#6145,.T.);
#6159=ORIENTED_EDGE('',*,*,#4737,.T.);
#6160=EDGE_LOOP('',(#6156,#6157,#6158,#6159));
#6161=FACE_OUTER_BOUND('',#6160,.F.);
#6162=ADVANCED_FACE('',(#6161),#6154,.T.);
#6163=CARTESIAN_POINT('',(-9.702393792203E0,-1.077559996942E1,0.E0));
#6164=DIRECTION('',(-9.734433967680E-1,2.289278342379E-1,0.E0));
#6165=DIRECTION('',(-2.289278342379E-1,-9.734433967680E-1,0.E0));
#6166=AXIS2_PLACEMENT_3D('',#6163,#6164,#6165);
#6167=PLANE('',#6166);
#6168=ORIENTED_EDGE('',*,*,#6155,.T.);
#6169=ORIENTED_EDGE('',*,*,#4735,.T.);
#6171=ORIENTED_EDGE('',*,*,#6170,.F.);
#6172=ORIENTED_EDGE('',*,*,#4112,.F.);
#6173=EDGE_LOOP('',(#6168,#6169,#6171,#6172));
#6174=FACE_OUTER_BOUND('',#6173,.F.);
#6175=ADVANCED_FACE('',(#6174),#6167,.T.);
#6176=CARTESIAN_POINT('',(-9.970384375136E0,-1.191514538215E1,0.E0));
#6177=DIRECTION('',(-6.293203910498E-1,-7.771459614570E-1,0.E0));
#6178=DIRECTION('',(7.771459614570E-1,-6.293203910498E-1,0.E0));
#6179=AXIS2_PLACEMENT_3D('',#6176,#6177,#6178);
#6180=PLANE('',#6179);
#6181=ORIENTED_EDGE('',*,*,#4114,.F.);
#6182=ORIENTED_EDGE('',*,*,#6170,.T.);
#6183=ORIENTED_EDGE('',*,*,#4733,.T.);
#6185=ORIENTED_EDGE('',*,*,#6184,.F.);
#6186=EDGE_LOOP('',(#6181,#6182,#6183,#6185));
#6187=FACE_OUTER_BOUND('',#6186,.F.);
#6188=ADVANCED_FACE('',(#6187),#6180,.T.);
#6189=CARTESIAN_POINT('',(-9.581811394407E0,-1.222980557768E1,0.E0));
#6190=DIRECTION('',(3.944851548600E-1,-9.189023139568E-1,0.E0));
#6191=DIRECTION('',(9.189023139568E-1,3.944851548600E-1,0.E0));
#6192=AXIS2_PLACEMENT_3D('',#6189,#6190,#6191);
#6193=PLANE('',#6192);
#6194=ORIENTED_EDGE('',*,*,#4116,.F.);
#6195=ORIENTED_EDGE('',*,*,#6184,.T.);
#6196=ORIENTED_EDGE('',*,*,#4731,.T.);
#6198=ORIENTED_EDGE('',*,*,#6197,.F.);
#6199=EDGE_LOOP('',(#6194,#6195,#6196,#6198));
#6200=FACE_OUTER_BOUND('',#6199,.F.);
#6201=ADVANCED_FACE('',(#6200),#6193,.T.);
#6202=CARTESIAN_POINT('',(-8.569832597888E0,-1.179536264920E1,0.E0));
#6203=DIRECTION('',(8.090169943749E-1,-5.877852522925E-1,0.E0));
#6204=DIRECTION('',(5.877852522925E-1,8.090169943749E-1,0.E0));
#6205=AXIS2_PLACEMENT_3D('',#6202,#6203,#6204);
#6206=PLANE('',#6205);
#6208=ORIENTED_EDGE('',*,*,#6207,.F.);
#6209=ORIENTED_EDGE('',*,*,#4118,.F.);
#6210=ORIENTED_EDGE('',*,*,#6197,.T.);
#6211=ORIENTED_EDGE('',*,*,#4729,.T.);
#6212=EDGE_LOOP('',(#6208,#6209,#6210,#6211));
#6213=FACE_OUTER_BOUND('',#6212,.F.);
#6214=ADVANCED_FACE('',(#6213),#6206,.T.);
#6215=CARTESIAN_POINT('',(-8.522886158241E0,-1.173074641844E1,0.E0));
#6216=DIRECTION('',(-9.920402466995E-1,1.259212012666E-1,0.E0));
#6217=DIRECTION('',(-1.259212012666E-1,-9.920402466995E-1,0.E0));
#6218=AXIS2_PLACEMENT_3D('',#6215,#6216,#6217);
#6219=PLANE('',#6218);
#6220=ORIENTED_EDGE('',*,*,#6207,.T.);
#6221=ORIENTED_EDGE('',*,*,#4727,.T.);
#6223=ORIENTED_EDGE('',*,*,#6222,.F.);
#6224=ORIENTED_EDGE('',*,*,#4120,.F.);
#6225=EDGE_LOOP('',(#6220,#6221,#6223,#6224));
#6226=FACE_OUTER_BOUND('',#6225,.F.);
#6227=ADVANCED_FACE('',(#6226),#6219,.T.);
#6228=CARTESIAN_POINT('',(-8.670293729903E0,-1.289206192597E1,0.E0));
#6229=DIRECTION('',(-5.446390350150E-1,-8.386705679454E-1,0.E0));
#6230=DIRECTION('',(8.386705679454E-1,-5.446390350150E-1,0.E0));
#6231=AXIS2_PLACEMENT_3D('',#6228,#6229,#6230);
#6232=PLANE('',#6231);
#6233=ORIENTED_EDGE('',*,*,#4122,.F.);
#6234=ORIENTED_EDGE('',*,*,#6222,.T.);
#6235=ORIENTED_EDGE('',*,*,#4725,.T.);
#6237=ORIENTED_EDGE('',*,*,#6236,.F.);
#6238=EDGE_LOOP('',(#6233,#6234,#6235,#6237));
#6239=FACE_OUTER_BOUND('',#6238,.F.);
#6240=ADVANCED_FACE('',(#6239),#6232,.T.);
#6241=CARTESIAN_POINT('',(-8.250958445931E0,-1.316438144347E1,0.E0));
#6242=DIRECTION('',(4.883755706770E-1,-8.726335439152E-1,0.E0));
#6243=DIRECTION('',(8.726335439152E-1,4.883755706770E-1,0.E0));
#6244=AXIS2_PLACEMENT_3D('',#6241,#6242,#6243);
#6245=PLANE('',#6244);
#6246=ORIENTED_EDGE('',*,*,#4124,.F.);
#6247=ORIENTED_EDGE('',*,*,#6236,.T.);
#6248=ORIENTED_EDGE('',*,*,#4723,.T.);
#6250=ORIENTED_EDGE('',*,*,#6249,.F.);
#6251=EDGE_LOOP('',(#6246,#6247,#6248,#6250));
#6252=FACE_OUTER_BOUND('',#6251,.F.);
#6253=ADVANCED_FACE('',(#6252),#6245,.T.);
#6254=CARTESIAN_POINT('',(-7.289935026835E0,-1.262653785036E1,0.E0));
#6255=DIRECTION('',(8.660254037844E-1,-5.E-1,0.E0));
#6256=DIRECTION('',(5.E-1,8.660254037844E-1,0.E0));
#6257=AXIS2_PLACEMENT_3D('',#6254,#6255,#6256);
#6258=PLANE('',#6257);
#6260=ORIENTED_EDGE('',*,*,#6259,.F.);
#6261=ORIENTED_EDGE('',*,*,#4126,.F.);
#6262=ORIENTED_EDGE('',*,*,#6249,.T.);
#6263=ORIENTED_EDGE('',*,*,#4721,.T.);
#6264=EDGE_LOOP('',(#6260,#6261,#6262,#6263));
#6265=FACE_OUTER_BOUND('',#6264,.F.);
#6266=ADVANCED_FACE('',(#6265),#6258,.T.);
#6267=CARTESIAN_POINT('',(-7.25E0,-1.255736835487E1,0.E0));
#6268=DIRECTION('',(-9.997680960904E-1,2.153494926356E-2,0.E0));
#6269=DIRECTION('',(-2.153494926356E-2,-9.997680960904E-1,0.E0));
#6270=AXIS2_PLACEMENT_3D('',#6267,#6268,#6269);
#6271=PLANE('',#6270);
#6272=ORIENTED_EDGE('',*,*,#6259,.T.);
#6273=ORIENTED_EDGE('',*,*,#4719,.T.);
#6275=ORIENTED_EDGE('',*,*,#6274,.F.);
#6276=ORIENTED_EDGE('',*,*,#4128,.F.);
#6277=EDGE_LOOP('',(#6272,#6273,#6275,#6276));
#6278=FACE_OUTER_BOUND('',#6277,.F.);
#6279=ADVANCED_FACE('',(#6278),#6271,.T.);
#6280=CARTESIAN_POINT('',(-7.275209532191E0,-1.372773034148E1,0.E0));
#6281=DIRECTION('',(-4.539904997395E-1,-8.910065241884E-1,0.E0));
#6282=DIRECTION('',(8.910065241884E-1,-4.539904997395E-1,0.E0));
#6283=AXIS2_PLACEMENT_3D('',#6280,#6281,#6282);
#6284=PLANE('',#6283);
#6285=ORIENTED_EDGE('',*,*,#4130,.F.);
#6286=ORIENTED_EDGE('',*,*,#6274,.T.);
#6287=ORIENTED_EDGE('',*,*,#4717,.T.);
#6289=ORIENTED_EDGE('',*,*,#6288,.F.);
#6290=EDGE_LOOP('',(#6285,#6286,#6287,#6289));
#6291=FACE_OUTER_BOUND('',#6290,.F.);
#6292=ADVANCED_FACE('',(#6291),#6284,.T.);
#6293=CARTESIAN_POINT('',(-6.829706270096E0,-1.395472559135E1,0.E0));
#6294=DIRECTION('',(5.769152415425E-1,-8.168040181561E-1,0.E0));
#6295=DIRECTION('',(8.168040181561E-1,5.769152415425E-1,0.E0));
#6296=AXIS2_PLACEMENT_3D('',#6293,#6294,#6295);
#6297=PLANE('',#6296);
#6298=ORIENTED_EDGE('',*,*,#4132,.F.);
#6299=ORIENTED_EDGE('',*,*,#6288,.T.);
#6300=ORIENTED_EDGE('',*,*,#4715,.T.);
#6302=ORIENTED_EDGE('',*,*,#6301,.F.);
#6303=EDGE_LOOP('',(#6298,#6299,#6300,#6302));
#6304=FACE_OUTER_BOUND('',#6303,.F.);
#6305=ADVANCED_FACE('',(#6304),#6297,.T.);
#6306=CARTESIAN_POINT('',(-5.930167402112E0,-1.331937406055E1,0.E0));
#6307=DIRECTION('',(9.135454576426E-1,-4.067366430758E-1,0.E0));
#6308=DIRECTION('',(4.067366430758E-1,9.135454576426E-1,0.E0));
#6309=AXIS2_PLACEMENT_3D('',#6306,#6307,#6308);
#6310=PLANE('',#6309);
#6312=ORIENTED_EDGE('',*,*,#6311,.F.);
#6313=ORIENTED_EDGE('',*,*,#4134,.F.);
#6314=ORIENTED_EDGE('',*,*,#6301,.T.);
#6315=ORIENTED_EDGE('',*,*,#4713,.T.);
#6316=EDGE_LOOP('',(#6312,#6313,#6314,#6315));
#6317=FACE_OUTER_BOUND('',#6316,.F.);
#6318=ADVANCED_FACE('',(#6317),#6310,.T.);
#6319=CARTESIAN_POINT('',(-5.897681324599E0,-1.324640913582E1,0.E0));
#6320=DIRECTION('',(-9.965422770056E-1,-8.308724415010E-2,0.E0));
#6321=DIRECTION('',(8.308724415010E-2,-9.965422770056E-1,0.E0));
#6322=AXIS2_PLACEMENT_3D('',#6319,#6320,#6321);
#6323=PLANE('',#6322);
#6324=ORIENTED_EDGE('',*,*,#6311,.T.);
#6325=ORIENTED_EDGE('',*,*,#4711,.T.);
#6327=ORIENTED_EDGE('',*,*,#6326,.F.);
#6328=ORIENTED_EDGE('',*,*,#4136,.F.);
#6329=EDGE_LOOP('',(#6324,#6325,#6327,#6328));
#6330=FACE_OUTER_BOUND('',#6329,.F.);
#6331=ADVANCED_FACE('',(#6330),#6323,.T.);
#6332=CARTESIAN_POINT('',(-5.800416616408E0,-1.441299487067E1,0.E0));
#6333=DIRECTION('',(-3.583679495453E-1,-9.335804264972E-1,0.E0));
#6334=DIRECTION('',(9.335804264972E-1,-3.583679495453E-1,0.E0));
#6335=AXIS2_PLACEMENT_3D('',#6332,#6333,#6334);
#6336=PLANE('',#6335);
#6337=ORIENTED_EDGE('',*,*,#4138,.F.);
#6338=ORIENTED_EDGE('',*,*,#6326,.T.);
#6339=ORIENTED_EDGE('',*,*,#4709,.T.);
#6341=ORIENTED_EDGE('',*,*,#6340,.F.);
#6342=EDGE_LOOP('',(#6337,#6338,#6339,#6341));
#6343=FACE_OUTER_BOUND('',#6342,.F.);
#6344=ADVANCED_FACE('',(#6343),#6336,.T.);
#6345=CARTESIAN_POINT('',(-5.333626403159E0,-1.459217884544E1,0.E0));
#6346=DIRECTION('',(6.591341082944E-1,-7.520254166469E-1,0.E0));
#6347=DIRECTION('',(7.520254166469E-1,6.591341082944E-1,0.E0));
#6348=AXIS2_PLACEMENT_3D('',#6345,#6346,#6347);
#6349=PLANE('',#6348);
#6350=ORIENTED_EDGE('',*,*,#4140,.F.);
#6351=ORIENTED_EDGE('',*,*,#6340,.T.);
#6352=ORIENTED_EDGE('',*,*,#4707,.T.);
#6354=ORIENTED_EDGE('',*,*,#6353,.F.);
#6355=EDGE_LOOP('',(#6350,#6351,#6352,#6354));
#6356=FACE_OUTER_BOUND('',#6355,.F.);
#6357=ADVANCED_FACE('',(#6356),#6349,.T.);
#6358=CARTESIAN_POINT('',(-4.505427622363E0,-1.386628042128E1,0.E0));
#6359=DIRECTION('',(9.510565162952E-1,-3.090169943749E-1,0.E0));
#6360=DIRECTION('',(3.090169943749E-1,9.510565162952E-1,0.E0));
#6361=AXIS2_PLACEMENT_3D('',#6358,#6359,#6360);
#6362=PLANE('',#6361);
#6364=ORIENTED_EDGE('',*,*,#6363,.F.);
#6365=ORIENTED_EDGE('',*,*,#4142,.F.);
#6366=ORIENTED_EDGE('',*,*,#6353,.T.);
#6367=ORIENTED_EDGE('',*,*,#4705,.T.);
#6368=EDGE_LOOP('',(#6364,#6365,#6366,#6367));
#6369=FACE_OUTER_BOUND('',#6368,.F.);
#6370=ADVANCED_FACE('',(#6369),#6362,.T.);
#6371=CARTESIAN_POINT('',(-4.480746418437E0,-1.379031948628E1,0.E0));
#6372=DIRECTION('',(-9.823981321941E-1,-1.867991163297E-1,0.E0));
#6373=DIRECTION('',(1.867991163297E-1,-9.823981321941E-1,0.E0));
#6374=AXIS2_PLACEMENT_3D('',#6371,#6372,#6373);
#6375=PLANE('',#6374);
#6376=ORIENTED_EDGE('',*,*,#6363,.T.);
#6377=ORIENTED_EDGE('',*,*,#4703,.T.);
#6379=ORIENTED_EDGE('',*,*,#6378,.F.);
#6380=ORIENTED_EDGE('',*,*,#4144,.F.);
#6381=EDGE_LOOP('',(#6376,#6377,#6379,#6380));
#6382=FACE_OUTER_BOUND('',#6381,.F.);
#6383=ADVANCED_FACE('',(#6382),#6375,.T.);
#6384=CARTESIAN_POINT('',(-4.262073122360E0,-1.494034761193E1,0.E0));
#6385=DIRECTION('',(-2.588190451025E-1,-9.659258262891E-1,0.E0));
#6386=DIRECTION('',(9.659258262891E-1,-2.588190451025E-1,0.E0));
#6387=AXIS2_PLACEMENT_3D('',#6384,#6385,#6386);
#6388=PLANE('',#6387);
#6389=ORIENTED_EDGE('',*,*,#4146,.F.);
#6390=ORIENTED_EDGE('',*,*,#6378,.T.);
#6391=ORIENTED_EDGE('',*,*,#4701,.T.);
#6393=ORIENTED_EDGE('',*,*,#6392,.F.);
#6394=EDGE_LOOP('',(#6389,#6390,#6391,#6393));
#6395=FACE_OUTER_BOUND('',#6394,.F.);
#6396=ADVANCED_FACE('',(#6395),#6388,.T.);
#6397=CARTESIAN_POINT('',(-3.779110209216E0,-1.506975713448E1,0.E0));
#6398=DIRECTION('',(7.341313638231E-1,-6.790074673015E-1,0.E0));
#6399=DIRECTION('',(6.790074673015E-1,7.341313638231E-1,0.E0));
#6400=AXIS2_PLACEMENT_3D('',#6397,#6398,#6399);
#6401=PLANE('',#6400);
#6402=ORIENTED_EDGE('',*,*,#4148,.F.);
#6403=ORIENTED_EDGE('',*,*,#6392,.T.);
#6404=ORIENTED_EDGE('',*,*,#4699,.T.);
#6406=ORIENTED_EDGE('',*,*,#6405,.F.);
#6407=EDGE_LOOP('',(#6402,#6403,#6404,#6406));
#6408=FACE_OUTER_BOUND('',#6407,.F.);
#6409=ADVANCED_FACE('',(#6408),#6401,.T.);
#6410=CARTESIAN_POINT('',(-3.031325434762E0,-1.426126491201E1,0.E0));
#6411=DIRECTION('',(9.781476007338E-1,-2.079116908178E-1,0.E0));
#6412=DIRECTION('',(2.079116908178E-1,9.781476007338E-1,0.E0));
#6413=AXIS2_PLACEMENT_3D('',#6410,#6411,#6412);
#6414=PLANE('',#6413);
#6416=ORIENTED_EDGE('',*,*,#6415,.F.);
#6417=ORIENTED_EDGE('',*,*,#4150,.F.);
#6418=ORIENTED_EDGE('',*,*,#6405,.T.);
#6419=ORIENTED_EDGE('',*,*,#4697,.T.);
#6420=EDGE_LOOP('',(#6416,#6417,#6418,#6419));
#6421=FACE_OUTER_BOUND('',#6420,.F.);
#6422=ADVANCED_FACE('',(#6421),#6414,.T.);
#6423=CARTESIAN_POINT('',(-3.014719516858E0,-1.418314021064E1,0.E0));
#6424=DIRECTION('',(-9.574906278662E-1,-2.884643783006E-1,0.E0));
#6425=DIRECTION('',(2.884643783006E-1,-9.574906278662E-1,0.E0));
#6426=AXIS2_PLACEMENT_3D('',#6423,#6424,#6425);
#6427=PLANE('',#6426);
#6428=ORIENTED_EDGE('',*,*,#6415,.T.);
#6429=ORIENTED_EDGE('',*,*,#4695,.T.);
#6431=ORIENTED_EDGE('',*,*,#6430,.F.);
#6432=ORIENTED_EDGE('',*,*,#4152,.F.);
#6433=EDGE_LOOP('',(#6428,#6429,#6431,#6432));
#6434=FACE_OUTER_BOUND('',#6433,.F.);
#6435=ADVANCED_FACE('',(#6434),#6427,.T.);
#6436=CARTESIAN_POINT('',(-2.677033463288E0,-1.530401077830E1,0.E0));
#6437=DIRECTION('',(-1.564344650402E-1,-9.876883405951E-1,0.E0));
#6438=DIRECTION('',(9.876883405951E-1,-1.564344650402E-1,0.E0));
#6439=AXIS2_PLACEMENT_3D('',#6436,#6437,#6438);
#6440=PLANE('',#6439);
#6441=ORIENTED_EDGE('',*,*,#4154,.F.);
#6442=ORIENTED_EDGE('',*,*,#6430,.T.);
#6443=ORIENTED_EDGE('',*,*,#4693,.T.);
#6445=ORIENTED_EDGE('',*,*,#6444,.F.);
#6446=EDGE_LOOP('',(#6441,#6442,#6443,#6445));
#6447=FACE_OUTER_BOUND('',#6446,.F.);
#6448=ADVANCED_FACE('',(#6447),#6440,.T.);
#6449=CARTESIAN_POINT('',(-2.183189292990E0,-1.538222801082E1,0.E0));
#6450=DIRECTION('',(8.010853225029E-1,-5.985501700529E-1,0.E0));
#6451=DIRECTION('',(5.985501700529E-1,8.010853225029E-1,0.E0));
#6452=AXIS2_PLACEMENT_3D('',#6449,#6450,#6451);
#6453=PLANE('',#6452);
#6454=ORIENTED_EDGE('',*,*,#4156,.F.);
#6455=ORIENTED_EDGE('',*,*,#6444,.T.);
#6456=ORIENTED_EDGE('',*,*,#4691,.T.);
#6458=ORIENTED_EDGE('',*,*,#6457,.F.);
#6459=EDGE_LOOP('',(#6454,#6455,#6456,#6458));
#6460=FACE_OUTER_BOUND('',#6459,.F.);
#6461=ADVANCED_FACE('',(#6460),#6453,.T.);
#6462=CARTESIAN_POINT('',(-1.524011411352E0,-1.45E1,0.E0));
#6463=DIRECTION('',(9.945218953683E-1,-1.045284632677E-1,0.E0));
#6464=DIRECTION('',(1.045284632677E-1,9.945218953683E-1,0.E0));
#6465=AXIS2_PLACEMENT_3D('',#6462,#6463,#6464);
#6466=PLANE('',#6465);
#6468=ORIENTED_EDGE('',*,*,#6467,.F.);
#6469=ORIENTED_EDGE('',*,*,#4158,.F.);
#6470=ORIENTED_EDGE('',*,*,#6457,.T.);
#6471=ORIENTED_EDGE('',*,*,#4689,.T.);
#6472=EDGE_LOOP('',(#6468,#6469,#6470,#6471));
#6473=FACE_OUTER_BOUND('',#6472,.F.);
#6474=ADVANCED_FACE('',(#6473),#6466,.T.);
#6475=CARTESIAN_POINT('',(-1.515662717381E0,-1.442056748284E1,0.E0));
#6476=DIRECTION('',(-9.220926558516E-1,-3.869691641778E-1,0.E0));
#6477=DIRECTION('',(3.869691641778E-1,-9.220926558516E-1,0.E0));
#6478=AXIS2_PLACEMENT_3D('',#6475,#6476,#6477);
#6479=PLANE('',#6478);
#6480=ORIENTED_EDGE('',*,*,#6467,.T.);
#6481=ORIENTED_EDGE('',*,*,#4687,.T.);
#6483=ORIENTED_EDGE('',*,*,#6482,.F.);
#6484=ORIENTED_EDGE('',*,*,#4160,.F.);
#6485=EDGE_LOOP('',(#6480,#6481,#6483,#6484));
#6486=FACE_OUTER_BOUND('',#6485,.F.);
#6487=ADVANCED_FACE('',(#6486),#6479,.T.);
#6488=CARTESIAN_POINT('',(-1.062663665387E0,-1.55E1,0.E0));
#6489=DIRECTION('',(-5.233595624295E-2,-9.986295347546E-1,0.E0));
#6490=DIRECTION('',(9.986295347546E-1,-5.233595624295E-2,0.E0));
#6491=AXIS2_PLACEMENT_3D('',#6488,#6489,#6490);
#6492=PLANE('',#6491);
#6493=ORIENTED_EDGE('',*,*,#4162,.F.);
#6494=ORIENTED_EDGE('',*,*,#6482,.T.);
#6495=ORIENTED_EDGE('',*,*,#4685,.T.);
#6497=ORIENTED_EDGE('',*,*,#6496,.F.);
#6498=EDGE_LOOP('',(#6493,#6494,#6495,#6497));
#6499=FACE_OUTER_BOUND('',#6498,.F.);
#6500=ADVANCED_FACE('',(#6499),#6492,.T.);
#6501=CARTESIAN_POINT('',(-5.633488980093E-1,-1.552616797812E1,0.E0));
#6502=DIRECTION('',(8.592624227516E-1,-5.115350318865E-1,0.E0));
#6503=DIRECTION('',(5.115350318865E-1,8.592624227516E-1,0.E0));
#6504=AXIS2_PLACEMENT_3D('',#6501,#6502,#6503);
#6505=PLANE('',#6504);
#6506=ORIENTED_EDGE('',*,*,#4164,.F.);
#6507=ORIENTED_EDGE('',*,*,#6496,.T.);
#6508=ORIENTED_EDGE('',*,*,#4683,.T.);
#6510=ORIENTED_EDGE('',*,*,#6509,.F.);
#6511=EDGE_LOOP('',(#6506,#6507,#6508,#6510));
#6512=FACE_OUTER_BOUND('',#6511,.F.);
#6513=ADVANCED_FACE('',(#6512),#6505,.T.);
#6514=CARTESIAN_POINT('',(0.E0,0.E0,0.E0));
#6515=DIRECTION('',(1.E0,0.E0,0.E0));
#6516=DIRECTION('',(0.E0,1.E0,0.E0));
#6517=AXIS2_PLACEMENT_3D('',#6514,#6515,#6516);
#6518=PLANE('',#6517);
#6520=ORIENTED_EDGE('',*,*,#6519,.F.);
#6521=ORIENTED_EDGE('',*,*,#4166,.T.);
#6522=ORIENTED_EDGE('',*,*,#6509,.T.);
#6523=ORIENTED_EDGE('',*,*,#4681,.T.);
#6524=EDGE_LOOP('',(#6520,#6521,#6522,#6523));
#6525=FACE_OUTER_BOUND('',#6524,.F.);
#6526=ADVANCED_FACE('',(#6525),#6518,.T.);
#6527=CARTESIAN_POINT('',(0.E0,-1.45E1,0.E0));
#6528=DIRECTION('',(-8.765920437393E-1,-4.812342349137E-1,0.E0));
#6529=DIRECTION('',(4.812342349137E-1,-8.765920437393E-1,0.E0));
#6530=AXIS2_PLACEMENT_3D('',#6527,#6528,#6529);
#6531=PLANE('',#6530);
#6532=ORIENTED_EDGE('',*,*,#6519,.T.);
#6533=ORIENTED_EDGE('',*,*,#4679,.T.);
#6535=ORIENTED_EDGE('',*,*,#6534,.F.);
#6536=ORIENTED_EDGE('',*,*,#4168,.F.);
#6537=EDGE_LOOP('',(#6532,#6533,#6535,#6536));
#6538=FACE_OUTER_BOUND('',#6537,.F.);
#6539=ADVANCED_FACE('',(#6538),#6531,.T.);
#6540=CARTESIAN_POINT('',(5.633488980093E-1,-1.552616797812E1,0.E0));
#6541=DIRECTION('',(5.233595624294E-2,-9.986295347546E-1,0.E0));
#6542=DIRECTION('',(9.986295347546E-1,5.233595624294E-2,0.E0));
#6543=AXIS2_PLACEMENT_3D('',#6540,#6541,#6542);
#6544=PLANE('',#6543);
#6545=ORIENTED_EDGE('',*,*,#4170,.F.);
#6546=ORIENTED_EDGE('',*,*,#6534,.T.);
#6547=ORIENTED_EDGE('',*,*,#4677,.T.);
#6549=ORIENTED_EDGE('',*,*,#6548,.F.);
#6550=EDGE_LOOP('',(#6545,#6546,#6547,#6549));
#6551=FACE_OUTER_BOUND('',#6550,.F.);
#6552=ADVANCED_FACE('',(#6551),#6544,.T.);
#6553=CARTESIAN_POINT('',(1.062663665387E0,-1.55E1,0.E0));
#6554=DIRECTION('',(9.080252640843E-1,-4.189154088652E-1,0.E0));
#6555=DIRECTION('',(4.189154088652E-1,9.080252640843E-1,0.E0));
#6556=AXIS2_PLACEMENT_3D('',#6553,#6554,#6555);
#6557=PLANE('',#6556);
#6558=ORIENTED_EDGE('',*,*,#4172,.F.);
#6559=ORIENTED_EDGE('',*,*,#6548,.T.);
#6560=ORIENTED_EDGE('',*,*,#4675,.T.);
#6562=ORIENTED_EDGE('',*,*,#6561,.F.);
#6563=EDGE_LOOP('',(#6558,#6559,#6560,#6562));
#6564=FACE_OUTER_BOUND('',#6563,.F.);
#6565=ADVANCED_FACE('',(#6564),#6557,.T.);
#6566=CARTESIAN_POINT('',(1.524011411352E0,-1.45E1,0.E0));
#6567=DIRECTION('',(9.945218953683E-1,1.045284632677E-1,0.E0));
#6568=DIRECTION('',(-1.045284632677E-1,9.945218953683E-1,0.E0));
#6569=AXIS2_PLACEMENT_3D('',#6566,#6567,#6568);
#6570=PLANE('',#6569);
#6572=ORIENTED_EDGE('',*,*,#6571,.F.);
#6573=ORIENTED_EDGE('',*,*,#4174,.F.);
#6574=ORIENTED_EDGE('',*,*,#6561,.T.);
#6575=ORIENTED_EDGE('',*,*,#4673,.T.);
#6576=EDGE_LOOP('',(#6572,#6573,#6574,#6575));
#6577=FACE_OUTER_BOUND('',#6576,.F.);
#6578=ADVANCED_FACE('',(#6577),#6570,.T.);
#6579=CARTESIAN_POINT('',(1.515662717381E0,-1.442056748284E1,0.E0));
#6580=DIRECTION('',(-8.214873057570E-1,-5.702268026672E-1,0.E0));
#6581=DIRECTION('',(5.702268026672E-1,-8.214873057570E-1,0.E0));
#6582=AXIS2_PLACEMENT_3D('',#6579,#6580,#6581);
#6583=PLANE('',#6582);
#6584=ORIENTED_EDGE('',*,*,#6571,.T.);
#6585=ORIENTED_EDGE('',*,*,#4671,.T.);
#6587=ORIENTED_EDGE('',*,*,#6586,.F.);
#6588=ORIENTED_EDGE('',*,*,#4176,.F.);
#6589=EDGE_LOOP('',(#6584,#6585,#6587,#6588));
#6590=FACE_OUTER_BOUND('',#6589,.F.);
#6591=ADVANCED_FACE('',(#6590),#6583,.T.);
#6592=CARTESIAN_POINT('',(2.183189292990E0,-1.538222801082E1,0.E0));
#6593=DIRECTION('',(1.564344650402E-1,-9.876883405951E-1,0.E0));
#6594=DIRECTION('',(9.876883405951E-1,1.564344650402E-1,0.E0));
#6595=AXIS2_PLACEMENT_3D('',#6592,#6593,#6594);
#6596=PLANE('',#6595);
#6597=ORIENTED_EDGE('',*,*,#4178,.F.);
#6598=ORIENTED_EDGE('',*,*,#6586,.T.);
#6599=ORIENTED_EDGE('',*,*,#4669,.T.);
#6601=ORIENTED_EDGE('',*,*,#6600,.F.);
#6602=EDGE_LOOP('',(#6597,#6598,#6599,#6601));
#6603=FACE_OUTER_BOUND('',#6602,.F.);
#6604=ADVANCED_FACE('',(#6603),#6596,.T.);
#6605=CARTESIAN_POINT('',(2.677033463288E0,-1.530401077829E1,0.E0));
#6606=DIRECTION('',(9.468395906072E-1,-3.217060609606E-1,0.E0));
#6607=DIRECTION('',(3.217060609606E-1,9.468395906072E-1,0.E0));
#6608=AXIS2_PLACEMENT_3D('',#6605,#6606,#6607);
#6609=PLANE('',#6608);
#6610=ORIENTED_EDGE('',*,*,#4180,.F.);
#6611=ORIENTED_EDGE('',*,*,#6600,.T.);
#6612=ORIENTED_EDGE('',*,*,#4667,.T.);
#6614=ORIENTED_EDGE('',*,*,#6613,.F.);
#6615=EDGE_LOOP('',(#6610,#6611,#6612,#6614));
#6616=FACE_OUTER_BOUND('',#6615,.F.);
#6617=ADVANCED_FACE('',(#6616),#6609,.T.);
#6618=CARTESIAN_POINT('',(3.031325434762E0,-1.426126491201E1,0.E0));
#6619=DIRECTION('',(9.781476007338E-1,2.079116908178E-1,0.E0));
#6620=DIRECTION('',(-2.079116908178E-1,9.781476007338E-1,0.E0));
#6621=AXIS2_PLACEMENT_3D('',#6618,#6619,#6620);
#6622=PLANE('',#6621);
#6624=ORIENTED_EDGE('',*,*,#6623,.F.);
#6625=ORIENTED_EDGE('',*,*,#4182,.F.);
#6626=ORIENTED_EDGE('',*,*,#6613,.T.);
#6627=ORIENTED_EDGE('',*,*,#4665,.T.);
#6628=EDGE_LOOP('',(#6624,#6625,#6626,#6627));
#6629=FACE_OUTER_BOUND('',#6628,.F.);
#6630=ADVANCED_FACE('',(#6629),#6622,.T.);
#6631=CARTESIAN_POINT('',(3.014719516858E0,-1.418314021064E1,0.E0));
#6632=DIRECTION('',(-7.573821809456E-1,-6.529718462431E-1,0.E0));
#6633=DIRECTION('',(6.529718462431E-1,-7.573821809456E-1,0.E0));
#6634=AXIS2_PLACEMENT_3D('',#6631,#6632,#6633);
#6635=PLANE('',#6634);
#6636=ORIENTED_EDGE('',*,*,#6623,.T.);
#6637=ORIENTED_EDGE('',*,*,#4663,.T.);
#6639=ORIENTED_EDGE('',*,*,#6638,.F.);
#6640=ORIENTED_EDGE('',*,*,#4184,.F.);
#6641=EDGE_LOOP('',(#6636,#6637,#6639,#6640));
#6642=FACE_OUTER_BOUND('',#6641,.F.);
#6643=ADVANCED_FACE('',(#6642),#6635,.T.);
#6644=CARTESIAN_POINT('',(3.779110209216E0,-1.506975713448E1,0.E0));
#6645=DIRECTION('',(2.588190451025E-1,-9.659258262891E-1,0.E0));
#6646=DIRECTION('',(9.659258262891E-1,2.588190451025E-1,0.E0));
#6647=AXIS2_PLACEMENT_3D('',#6644,#6645,#6646);
#6648=PLANE('',#6647);
#6649=ORIENTED_EDGE('',*,*,#4186,.F.);
#6650=ORIENTED_EDGE('',*,*,#6638,.T.);
#6651=ORIENTED_EDGE('',*,*,#4661,.T.);
#6653=ORIENTED_EDGE('',*,*,#6652,.F.);
#6654=EDGE_LOOP('',(#6649,#6650,#6651,#6653));
#6655=FACE_OUTER_BOUND('',#6654,.F.);
#6656=ADVANCED_FACE('',(#6655),#6648,.T.);
#6657=CARTESIAN_POINT('',(4.262073122360E0,-1.494034761193E1,0.E0));
#6658=DIRECTION('',(9.752801444365E-1,-2.209720341309E-1,0.E0));
#6659=DIRECTION('',(2.209720341309E-1,9.752801444365E-1,0.E0));
#6660=AXIS2_PLACEMENT_3D('',#6657,#6658,#6659);
#6661=PLANE('',#6660);
#6662=ORIENTED_EDGE('',*,*,#4188,.F.);
#6663=ORIENTED_EDGE('',*,*,#6652,.T.);
#6664=ORIENTED_EDGE('',*,*,#4659,.T.);
#6666=ORIENTED_EDGE('',*,*,#6665,.F.);
#6667=EDGE_LOOP('',(#6662,#6663,#6664,#6666));
#6668=FACE_OUTER_BOUND('',#6667,.F.);
#6669=ADVANCED_FACE('',(#6668),#6661,.T.);
#6670=CARTESIAN_POINT('',(4.505427622363E0,-1.386628042128E1,0.E0));
#6671=DIRECTION('',(9.510565162952E-1,3.090169943749E-1,0.E0));
#6672=DIRECTION('',(-3.090169943749E-1,9.510565162952E-1,0.E0));
#6673=AXIS2_PLACEMENT_3D('',#6670,#6671,#6672);
#6674=PLANE('',#6673);
#6676=ORIENTED_EDGE('',*,*,#6675,.F.);
#6677=ORIENTED_EDGE('',*,*,#4190,.F.);
#6678=ORIENTED_EDGE('',*,*,#6665,.T.);
#6679=ORIENTED_EDGE('',*,*,#4657,.T.);
#6680=EDGE_LOOP('',(#6676,#6677,#6678,#6679));
#6681=FACE_OUTER_BOUND('',#6680,.F.);
#6682=ADVANCED_FACE('',(#6681),#6674,.T.);
#6683=CARTESIAN_POINT('',(4.480746418437E0,-1.379031948628E1,0.E0));
#6684=DIRECTION('',(-6.849790184673E-1,-7.285627936283E-1,0.E0));
#6685=DIRECTION('',(7.285627936283E-1,-6.849790184673E-1,0.E0));
#6686=AXIS2_PLACEMENT_3D('',#6683,#6684,#6685);
#6687=PLANE('',#6686);
#6688=ORIENTED_EDGE('',*,*,#6675,.T.);
#6689=ORIENTED_EDGE('',*,*,#4655,.T.);
#6691=ORIENTED_EDGE('',*,*,#6690,.F.);
#6692=ORIENTED_EDGE('',*,*,#4192,.F.);
#6693=EDGE_LOOP('',(#6688,#6689,#6691,#6692));
#6694=FACE_OUTER_BOUND('',#6693,.F.);
#6695=ADVANCED_FACE('',(#6694),#6687,.T.);
#6696=CARTESIAN_POINT('',(5.333626403159E0,-1.459217884544E1,0.E0));
#6697=DIRECTION('',(3.583679495453E-1,-9.335804264972E-1,0.E0));
#6698=DIRECTION('',(9.335804264972E-1,3.583679495453E-1,0.E0));
#6699=AXIS2_PLACEMENT_3D('',#6696,#6697,#6698);
#6700=PLANE('',#6699);
#6701=ORIENTED_EDGE('',*,*,#4194,.F.);
#6702=ORIENTED_EDGE('',*,*,#6690,.T.);
#6703=ORIENTED_EDGE('',*,*,#4653,.T.);
#6705=ORIENTED_EDGE('',*,*,#6704,.F.);
#6706=EDGE_LOOP('',(#6701,#6702,#6703,#6705));
#6707=FACE_OUTER_BOUND('',#6706,.F.);
#6708=ADVANCED_FACE('',(#6707),#6700,.T.);
#6709=CARTESIAN_POINT('',(5.800416616408E0,-1.441299487067E1,0.E0));
#6710=DIRECTION('',(9.930353249128E-1,-1.178169914538E-1,0.E0));
#6711=DIRECTION('',(1.178169914538E-1,9.930353249128E-1,0.E0));
#6712=AXIS2_PLACEMENT_3D('',#6709,#6710,#6711);
#6713=PLANE('',#6712);
#6714=ORIENTED_EDGE('',*,*,#4196,.F.);
#6715=ORIENTED_EDGE('',*,*,#6704,.T.);
#6716=ORIENTED_EDGE('',*,*,#4651,.T.);
#6718=ORIENTED_EDGE('',*,*,#6717,.F.);
#6719=EDGE_LOOP('',(#6714,#6715,#6716,#6718));
#6720=FACE_OUTER_BOUND('',#6719,.F.);
#6721=ADVANCED_FACE('',(#6720),#6713,.T.);
#6722=CARTESIAN_POINT('',(5.930167402112E0,-1.331937406055E1,0.E0));
#6723=DIRECTION('',(9.135454576426E-1,4.067366430758E-1,0.E0));
#6724=DIRECTION('',(-4.067366430758E-1,9.135454576426E-1,0.E0));
#6725=AXIS2_PLACEMENT_3D('',#6722,#6723,#6724);
#6726=PLANE('',#6725);
#6728=ORIENTED_EDGE('',*,*,#6727,.F.);
#6729=ORIENTED_EDGE('',*,*,#4198,.F.);
#6730=ORIENTED_EDGE('',*,*,#6717,.T.);
#6731=ORIENTED_EDGE('',*,*,#4649,.T.);
#6732=EDGE_LOOP('',(#6728,#6729,#6730,#6731));
#6733=FACE_OUTER_BOUND('',#6732,.F.);
#6734=ADVANCED_FACE('',(#6733),#6726,.T.);
#6735=CARTESIAN_POINT('',(5.897681324599E0,-1.324640913582E1,0.E0));
#6736=DIRECTION('',(-6.050710825217E-1,-7.961714545850E-1,0.E0));
#6737=DIRECTION('',(7.961714545850E-1,-6.050710825217E-1,0.E0));
#6738=AXIS2_PLACEMENT_3D('',#6735,#6736,#6737);
#6739=PLANE('',#6738);
#6740=ORIENTED_EDGE('',*,*,#6727,.T.);
#6741=ORIENTED_EDGE('',*,*,#4647,.T.);
#6743=ORIENTED_EDGE('',*,*,#6742,.F.);
#6744=ORIENTED_EDGE('',*,*,#4200,.F.);
#6745=EDGE_LOOP('',(#6740,#6741,#6743,#6744));
#6746=FACE_OUTER_BOUND('',#6745,.F.);
#6747=ADVANCED_FACE('',(#6746),#6739,.T.);
#6748=CARTESIAN_POINT('',(6.829706270097E0,-1.395472559135E1,0.E0));
#6749=DIRECTION('',(4.539904997395E-1,-8.910065241884E-1,0.E0));
#6750=DIRECTION('',(8.910065241884E-1,4.539904997395E-1,0.E0));
#6751=AXIS2_PLACEMENT_3D('',#6748,#6749,#6750);
#6752=PLANE('',#6751);
#6753=ORIENTED_EDGE('',*,*,#4202,.F.);
#6754=ORIENTED_EDGE('',*,*,#6742,.T.);
#6755=ORIENTED_EDGE('',*,*,#4645,.T.);
#6757=ORIENTED_EDGE('',*,*,#6756,.F.);
#6758=EDGE_LOOP('',(#6753,#6754,#6755,#6757));
#6759=FACE_OUTER_BOUND('',#6758,.F.);
#6760=ADVANCED_FACE('',(#6759),#6752,.T.);
#6761=CARTESIAN_POINT('',(7.275209532191E0,-1.372773034148E1,0.E0));
#6762=DIRECTION('',(9.999106025635E-1,-1.337112116362E-2,0.E0));
#6763=DIRECTION('',(1.337112116362E-2,9.999106025635E-1,0.E0));
#6764=AXIS2_PLACEMENT_3D('',#6761,#6762,#6763);
#6765=PLANE('',#6764);
#6766=ORIENTED_EDGE('',*,*,#4204,.F.);
#6767=ORIENTED_EDGE('',*,*,#6756,.T.);
#6768=ORIENTED_EDGE('',*,*,#4643,.T.);
#6770=ORIENTED_EDGE('',*,*,#6769,.F.);
#6771=EDGE_LOOP('',(#6766,#6767,#6768,#6770));
#6772=FACE_OUTER_BOUND('',#6771,.F.);
#6773=ADVANCED_FACE('',(#6772),#6765,.T.);
#6774=CARTESIAN_POINT('',(7.289935026835E0,-1.262653785036E1,0.E0));
#6775=DIRECTION('',(8.660254037844E-1,5.E-1,0.E0));
#6776=DIRECTION('',(-5.E-1,8.660254037844E-1,0.E0));
#6777=AXIS2_PLACEMENT_3D('',#6774,#6775,#6776);
#6778=PLANE('',#6777);
#6780=ORIENTED_EDGE('',*,*,#6779,.F.);
#6781=ORIENTED_EDGE('',*,*,#4206,.F.);
#6782=ORIENTED_EDGE('',*,*,#6769,.T.);
#6783=ORIENTED_EDGE('',*,*,#4641,.T.);
#6784=EDGE_LOOP('',(#6780,#6781,#6782,#6783));
#6785=FACE_OUTER_BOUND('',#6784,.F.);
#6786=ADVANCED_FACE('',(#6785),#6778,.T.);
#6787=CARTESIAN_POINT('',(7.25E0,-1.255736835487E1,0.E0));
#6788=DIRECTION('',(-5.185338611767E-1,-8.550570944757E-1,0.E0));
#6789=DIRECTION('',(8.550570944757E-1,-5.185338611767E-1,0.E0));
#6790=AXIS2_PLACEMENT_3D('',#6787,#6788,#6789);
#6791=PLANE('',#6790);
#6792=ORIENTED_EDGE('',*,*,#6779,.T.);
#6793=ORIENTED_EDGE('',*,*,#4639,.T.);
#6795=ORIENTED_EDGE('',*,*,#6794,.F.);
#6796=ORIENTED_EDGE('',*,*,#4208,.F.);
#6797=EDGE_LOOP('',(#6792,#6793,#6795,#6796));
#6798=FACE_OUTER_BOUND('',#6797,.F.);
#6799=ADVANCED_FACE('',(#6798),#6791,.T.);
#6800=CARTESIAN_POINT('',(8.250958445931E0,-1.316438144347E1,0.E0));
#6801=DIRECTION('',(5.446390350150E-1,-8.386705679454E-1,0.E0));
#6802=DIRECTION('',(8.386705679454E-1,5.446390350150E-1,0.E0));
#6803=AXIS2_PLACEMENT_3D('',#6800,#6801,#6802);
#6804=PLANE('',#6803);
#6805=ORIENTED_EDGE('',*,*,#4210,.F.);
#6806=ORIENTED_EDGE('',*,*,#6794,.T.);
#6807=ORIENTED_EDGE('',*,*,#4637,.T.);
#6809=ORIENTED_EDGE('',*,*,#6808,.F.);
#6810=EDGE_LOOP('',(#6805,#6806,#6807,#6809));
#6811=FACE_OUTER_BOUND('',#6810,.F.);
#6812=ADVANCED_FACE('',(#6811),#6804,.T.);
#6813=CARTESIAN_POINT('',(8.670293729904E0,-1.289206192597E1,0.E0));
#6814=DIRECTION('',(9.958306504076E-1,9.122124592815E-2,0.E0));
#6815=DIRECTION('',(-9.122124592815E-2,9.958306504076E-1,0.E0));
#6816=AXIS2_PLACEMENT_3D('',#6813,#6814,#6815);
#6817=PLANE('',#6816);
#6818=ORIENTED_EDGE('',*,*,#4212,.F.);
#6819=ORIENTED_EDGE('',*,*,#6808,.T.);
#6820=ORIENTED_EDGE('',*,*,#4635,.T.);
#6822=ORIENTED_EDGE('',*,*,#6821,.F.);
#6823=EDGE_LOOP('',(#6818,#6819,#6820,#6822));
#6824=FACE_OUTER_BOUND('',#6823,.F.);
#6825=ADVANCED_FACE('',(#6824),#6817,.T.);
#6826=CARTESIAN_POINT('',(8.569832597888E0,-1.179536264920E1,0.E0));
#6827=DIRECTION('',(8.090169943749E-1,5.877852522925E-1,0.E0));
#6828=DIRECTION('',(-5.877852522925E-1,8.090169943749E-1,0.E0));
#6829=AXIS2_PLACEMENT_3D('',#6826,#6827,#6828);
#6830=PLANE('',#6829);
#6832=ORIENTED_EDGE('',*,*,#6831,.F.);
#6833=ORIENTED_EDGE('',*,*,#4214,.F.);
#6834=ORIENTED_EDGE('',*,*,#6821,.T.);
#6835=ORIENTED_EDGE('',*,*,#4633,.T.);
#6836=EDGE_LOOP('',(#6832,#6833,#6834,#6835));
#6837=FACE_OUTER_BOUND('',#6836,.F.);
#6838=ADVANCED_FACE('',(#6837),#6830,.T.);
#6839=CARTESIAN_POINT('',(8.522886158241E0,-1.173074641844E1,0.E0));
#6840=DIRECTION('',(-4.263154743384E-1,-9.045745499071E-1,0.E0));
#6841=DIRECTION('',(9.045745499071E-1,-4.263154743384E-1,0.E0));
#6842=AXIS2_PLACEMENT_3D('',#6839,#6840,#6841);
#6843=PLANE('',#6842);
#6844=ORIENTED_EDGE('',*,*,#6831,.T.);
#6845=ORIENTED_EDGE('',*,*,#4631,.T.);
#6847=ORIENTED_EDGE('',*,*,#6846,.F.);
#6848=ORIENTED_EDGE('',*,*,#4216,.F.);
#6849=EDGE_LOOP('',(#6844,#6845,#6847,#6848));
#6850=FACE_OUTER_BOUND('',#6849,.F.);
#6851=ADVANCED_FACE('',(#6850),#6843,.T.);
#6852=CARTESIAN_POINT('',(9.581811394407E0,-1.222980557768E1,0.E0));
#6853=DIRECTION('',(6.293203910498E-1,-7.771459614570E-1,0.E0));
#6854=DIRECTION('',(7.771459614570E-1,6.293203910498E-1,0.E0));
#6855=AXIS2_PLACEMENT_3D('',#6852,#6853,#6854);
#6856=PLANE('',#6855);
#6857=ORIENTED_EDGE('',*,*,#4218,.F.);
#6858=ORIENTED_EDGE('',*,*,#6846,.T.);
#6859=ORIENTED_EDGE('',*,*,#4629,.T.);
#6861=ORIENTED_EDGE('',*,*,#6860,.F.);
#6862=EDGE_LOOP('',(#6857,#6858,#6859,#6861));
#6863=FACE_OUTER_BOUND('',#6862,.F.);
#6864=ADVANCED_FACE('',(#6863),#6856,.T.);
#6865=CARTESIAN_POINT('',(9.970384375136E0,-1.191514538215E1,0.E0));
#6866=DIRECTION('',(9.808401692550E-1,1.948141739603E-1,0.E0));
#6867=DIRECTION('',(-1.948141739603E-1,9.808401692550E-1,0.E0));
#6868=AXIS2_PLACEMENT_3D('',#6865,#6866,#6867);
#6869=PLANE('',#6868);
#6870=ORIENTED_EDGE('',*,*,#4220,.F.);
#6871=ORIENTED_EDGE('',*,*,#6860,.T.);
#6872=ORIENTED_EDGE('',*,*,#4627,.T.);
#6874=ORIENTED_EDGE('',*,*,#6873,.F.);
#6875=EDGE_LOOP('',(#6870,#6871,#6872,#6874));
#6876=FACE_OUTER_BOUND('',#6875,.F.);
#6877=ADVANCED_FACE('',(#6876),#6869,.T.);
#6878=CARTESIAN_POINT('',(9.755837289646E0,-1.083495498652E1,0.E0));
#6879=DIRECTION('',(7.431448254774E-1,6.691306063589E-1,0.E0));
#6880=DIRECTION('',(-6.691306063589E-1,7.431448254774E-1,0.E0));
#6881=AXIS2_PLACEMENT_3D('',#6878,#6879,#6880);
#6882=PLANE('',#6881);
#6884=ORIENTED_EDGE('',*,*,#6883,.F.);
#6885=ORIENTED_EDGE('',*,*,#4222,.F.);
#6886=ORIENTED_EDGE('',*,*,#6873,.T.);
#6887=ORIENTED_EDGE('',*,*,#4625,.T.);
#6888=EDGE_LOOP('',(#6884,#6885,#6886,#6887));
#6889=FACE_OUTER_BOUND('',#6888,.F.);
#6890=ADVANCED_FACE('',(#6889),#6882,.T.);
#6891=CARTESIAN_POINT('',(9.702393792203E0,-1.077559996942E1,0.E0));
#6892=DIRECTION('',(-3.294262859510E-1,-9.441812972753E-1,0.E0));
#6893=DIRECTION('',(9.441812972753E-1,-3.294262859510E-1,0.E0));
#6894=AXIS2_PLACEMENT_3D('',#6891,#6892,#6893);
#6895=PLANE('',#6894);
#6896=ORIENTED_EDGE('',*,*,#6883,.T.);
#6897=ORIENTED_EDGE('',*,*,#4623,.T.);
#6899=ORIENTED_EDGE('',*,*,#6898,.F.);
#6900=ORIENTED_EDGE('',*,*,#4224,.F.);
#6901=EDGE_LOOP('',(#6896,#6897,#6899,#6900));
#6902=FACE_OUTER_BOUND('',#6901,.F.);
#6903=ADVANCED_FACE('',(#6902),#6895,.T.);
#6904=CARTESIAN_POINT('',(1.080768401212E1,-1.116123740272E1,0.E0));
#6905=DIRECTION('',(7.071067811865E-1,-7.071067811865E-1,0.E0));
#6906=DIRECTION('',(7.071067811865E-1,7.071067811865E-1,0.E0));
#6907=AXIS2_PLACEMENT_3D('',#6904,#6905,#6906);
#6908=PLANE('',#6907);
#6909=ORIENTED_EDGE('',*,*,#4226,.F.);
#6910=ORIENTED_EDGE('',*,*,#6898,.T.);
#6911=ORIENTED_EDGE('',*,*,#4621,.T.);
#6913=ORIENTED_EDGE('',*,*,#6912,.F.);
#6914=EDGE_LOOP('',(#6909,#6910,#6911,#6913));
#6915=FACE_OUTER_BOUND('',#6914,.F.);
#6916=ADVANCED_FACE('',(#6915),#6908,.T.);
#6917=CARTESIAN_POINT('',(1.116123740272E1,-1.080768401212E1,0.E0));
#6918=DIRECTION('',(9.551033979540E-1,2.962726771350E-1,0.E0));
#6919=DIRECTION('',(-2.962726771350E-1,9.551033979540E-1,0.E0));
#6920=AXIS2_PLACEMENT_3D('',#6917,#6918,#6919);
#6921=PLANE('',#6920);
#6922=ORIENTED_EDGE('',*,*,#4228,.F.);
#6923=ORIENTED_EDGE('',*,*,#6912,.T.);
#6924=ORIENTED_EDGE('',*,*,#4619,.T.);
#6926=ORIENTED_EDGE('',*,*,#6925,.F.);
#6927=EDGE_LOOP('',(#6922,#6923,#6924,#6926));
#6928=FACE_OUTER_BOUND('',#6927,.F.);
#6929=ADVANCED_FACE('',(#6928),#6921,.T.);
#6930=CARTESIAN_POINT('',(1.083495498652E1,-9.755837289646E0,0.E0));
#6931=DIRECTION('',(6.691306063589E-1,7.431448254774E-1,0.E0));
#6932=DIRECTION('',(-7.431448254774E-1,6.691306063589E-1,0.E0));
#6933=AXIS2_PLACEMENT_3D('',#6930,#6931,#6932);
#6934=PLANE('',#6933);
#6936=ORIENTED_EDGE('',*,*,#6935,.F.);
#6937=ORIENTED_EDGE('',*,*,#4230,.F.);
#6938=ORIENTED_EDGE('',*,*,#6925,.T.);
#6939=ORIENTED_EDGE('',*,*,#4617,.T.);
#6940=EDGE_LOOP('',(#6936,#6937,#6938,#6939));
#6941=FACE_OUTER_BOUND('',#6940,.F.);
#6942=ADVANCED_FACE('',(#6941),#6934,.T.);
#6943=CARTESIAN_POINT('',(1.077559996942E1,-9.702393792203E0,0.E0));
#6944=DIRECTION('',(-2.289278342379E-1,-9.734433967680E-1,0.E0));
#6945=DIRECTION('',(9.734433967680E-1,-2.289278342379E-1,0.E0));
#6946=AXIS2_PLACEMENT_3D('',#6943,#6944,#6945);
#6947=PLANE('',#6946);
#6948=ORIENTED_EDGE('',*,*,#6935,.T.);
#6949=ORIENTED_EDGE('',*,*,#4615,.T.);
#6951=ORIENTED_EDGE('',*,*,#6950,.F.);
#6952=ORIENTED_EDGE('',*,*,#4232,.F.);
#6953=EDGE_LOOP('',(#6948,#6949,#6951,#6952));
#6954=FACE_OUTER_BOUND('',#6953,.F.);
#6955=ADVANCED_FACE('',(#6954),#6947,.T.);
#6956=CARTESIAN_POINT('',(1.191514538215E1,-9.970384375136E0,0.E0));
#6957=DIRECTION('',(7.771459614570E-1,-6.293203910498E-1,0.E0));
#6958=DIRECTION('',(6.293203910498E-1,7.771459614570E-1,0.E0));
#6959=AXIS2_PLACEMENT_3D('',#6956,#6957,#6958);
#6960=PLANE('',#6959);
#6961=ORIENTED_EDGE('',*,*,#4234,.F.);
#6962=ORIENTED_EDGE('',*,*,#6950,.T.);
#6963=ORIENTED_EDGE('',*,*,#4613,.T.);
#6965=ORIENTED_EDGE('',*,*,#6964,.F.);
#6966=EDGE_LOOP('',(#6961,#6962,#6963,#6965));
#6967=FACE_OUTER_BOUND('',#6966,.F.);
#6968=ADVANCED_FACE('',(#6967),#6960,.T.);
#6969=CARTESIAN_POINT('',(1.222980557768E1,-9.581811394407E0,0.E0));
#6970=DIRECTION('',(9.189023139568E-1,3.944851548600E-1,0.E0));
#6971=DIRECTION('',(-3.944851548600E-1,9.189023139568E-1,0.E0));
#6972=AXIS2_PLACEMENT_3D('',#6969,#6970,#6971);
#6973=PLANE('',#6972);
#6974=ORIENTED_EDGE('',*,*,#4236,.F.);
#6975=ORIENTED_EDGE('',*,*,#6964,.T.);
#6976=ORIENTED_EDGE('',*,*,#4611,.T.);
#6978=ORIENTED_EDGE('',*,*,#6977,.F.);
#6979=EDGE_LOOP('',(#6974,#6975,#6976,#6978));
#6980=FACE_OUTER_BOUND('',#6979,.F.);
#6981=ADVANCED_FACE('',(#6980),#6973,.T.);
#6982=CARTESIAN_POINT('',(1.179536264920E1,-8.569832597888E0,0.E0));
#6983=DIRECTION('',(5.877852522925E-1,8.090169943749E-1,0.E0));
#6984=DIRECTION('',(-8.090169943749E-1,5.877852522925E-1,0.E0));
#6985=AXIS2_PLACEMENT_3D('',#6982,#6983,#6984);
#6986=PLANE('',#6985);
#6988=ORIENTED_EDGE('',*,*,#6987,.F.);
#6989=ORIENTED_EDGE('',*,*,#4238,.F.);
#6990=ORIENTED_EDGE('',*,*,#6977,.T.);
#6991=ORIENTED_EDGE('',*,*,#4609,.T.);
#6992=EDGE_LOOP('',(#6988,#6989,#6990,#6991));
#6993=FACE_OUTER_BOUND('',#6992,.F.);
#6994=ADVANCED_FACE('',(#6993),#6986,.T.);
#6995=CARTESIAN_POINT('',(1.173074641844E1,-8.522886158241E0,0.E0));
#6996=DIRECTION('',(-1.259212012666E-1,-9.920402466995E-1,0.E0));
#6997=DIRECTION('',(9.920402466995E-1,-1.259212012666E-1,0.E0));
#6998=AXIS2_PLACEMENT_3D('',#6995,#6996,#6997);
#6999=PLANE('',#6998);
#7000=ORIENTED_EDGE('',*,*,#6987,.T.);
#7001=ORIENTED_EDGE('',*,*,#4607,.T.);
#7003=ORIENTED_EDGE('',*,*,#7002,.F.);
#7004=ORIENTED_EDGE('',*,*,#4240,.F.);
#7005=EDGE_LOOP('',(#7000,#7001,#7003,#7004));
#7006=FACE_OUTER_BOUND('',#7005,.F.);
#7007=ADVANCED_FACE('',(#7006),#6999,.T.);
#7008=CARTESIAN_POINT('',(1.289206192597E1,-8.670293729903E0,0.E0));
#7009=DIRECTION('',(8.386705679454E-1,-5.446390350150E-1,0.E0));
#7010=DIRECTION('',(5.446390350150E-1,8.386705679454E-1,0.E0));
#7011=AXIS2_PLACEMENT_3D('',#7008,#7009,#7010);
#7012=PLANE('',#7011);
#7013=ORIENTED_EDGE('',*,*,#4242,.F.);
#7014=ORIENTED_EDGE('',*,*,#7002,.T.);
#7015=ORIENTED_EDGE('',*,*,#4605,.T.);
#7017=ORIENTED_EDGE('',*,*,#7016,.F.);
#7018=EDGE_LOOP('',(#7013,#7014,#7015,#7017));
#7019=FACE_OUTER_BOUND('',#7018,.F.);
#7020=ADVANCED_FACE('',(#7019),#7012,.T.);
#7021=CARTESIAN_POINT('',(1.316438144347E1,-8.250958445931E0,0.E0));
#7022=DIRECTION('',(8.726335439152E-1,4.883755706770E-1,0.E0));
#7023=DIRECTION('',(-4.883755706770E-1,8.726335439152E-1,0.E0));
#7024=AXIS2_PLACEMENT_3D('',#7021,#7022,#7023);
#7025=PLANE('',#7024);
#7026=ORIENTED_EDGE('',*,*,#4244,.F.);
#7027=ORIENTED_EDGE('',*,*,#7016,.T.);
#7028=ORIENTED_EDGE('',*,*,#4603,.T.);
#7030=ORIENTED_EDGE('',*,*,#7029,.F.);
#7031=EDGE_LOOP('',(#7026,#7027,#7028,#7030));
#7032=FACE_OUTER_BOUND('',#7031,.F.);
#7033=ADVANCED_FACE('',(#7032),#7025,.T.);
#7034=CARTESIAN_POINT('',(1.262653785036E1,-7.289935026835E0,0.E0));
#7035=DIRECTION('',(5.E-1,8.660254037844E-1,0.E0));
#7036=DIRECTION('',(-8.660254037844E-1,5.E-1,0.E0));
#7037=AXIS2_PLACEMENT_3D('',#7034,#7035,#7036);
#7038=PLANE('',#7037);
#7040=ORIENTED_EDGE('',*,*,#7039,.F.);
#7041=ORIENTED_EDGE('',*,*,#4246,.F.);
#7042=ORIENTED_EDGE('',*,*,#7029,.T.);
#7043=ORIENTED_EDGE('',*,*,#4601,.T.);
#7044=EDGE_LOOP('',(#7040,#7041,#7042,#7043));
#7045=FACE_OUTER_BOUND('',#7044,.F.);
#7046=ADVANCED_FACE('',(#7045),#7038,.T.);
#7047=CARTESIAN_POINT('',(1.255736835487E1,-7.25E0,0.E0));
#7048=DIRECTION('',(-2.153494926357E-2,-9.997680960904E-1,0.E0));
#7049=DIRECTION('',(9.997680960904E-1,-2.153494926357E-2,0.E0));
#7050=AXIS2_PLACEMENT_3D('',#7047,#7048,#7049);
#7051=PLANE('',#7050);
#7052=ORIENTED_EDGE('',*,*,#7039,.T.);
#7053=ORIENTED_EDGE('',*,*,#4599,.T.);
#7055=ORIENTED_EDGE('',*,*,#7054,.F.);
#7056=ORIENTED_EDGE('',*,*,#4248,.F.);
#7057=EDGE_LOOP('',(#7052,#7053,#7055,#7056));
#7058=FACE_OUTER_BOUND('',#7057,.F.);
#7059=ADVANCED_FACE('',(#7058),#7051,.T.);
#7060=CARTESIAN_POINT('',(1.372773034148E1,-7.275209532191E0,0.E0));
#7061=DIRECTION('',(8.910065241884E-1,-4.539904997395E-1,0.E0));
#7062=DIRECTION('',(4.539904997395E-1,8.910065241884E-1,0.E0));
#7063=AXIS2_PLACEMENT_3D('',#7060,#7061,#7062);
#7064=PLANE('',#7063);
#7065=ORIENTED_EDGE('',*,*,#4250,.F.);
#7066=ORIENTED_EDGE('',*,*,#7054,.T.);
#7067=ORIENTED_EDGE('',*,*,#4597,.T.);
#7069=ORIENTED_EDGE('',*,*,#7068,.F.);
#7070=EDGE_LOOP('',(#7065,#7066,#7067,#7069));
#7071=FACE_OUTER_BOUND('',#7070,.F.);
#7072=ADVANCED_FACE('',(#7071),#7064,.T.);
#7073=CARTESIAN_POINT('',(1.395472559135E1,-6.829706270097E0,0.E0));
#7074=DIRECTION('',(8.168040181561E-1,5.769152415425E-1,0.E0));
#7075=DIRECTION('',(-5.769152415425E-1,8.168040181561E-1,0.E0));
#7076=AXIS2_PLACEMENT_3D('',#7073,#7074,#7075);
#7077=PLANE('',#7076);
#7078=ORIENTED_EDGE('',*,*,#4252,.F.);
#7079=ORIENTED_EDGE('',*,*,#7068,.T.);
#7080=ORIENTED_EDGE('',*,*,#4595,.T.);
#7082=ORIENTED_EDGE('',*,*,#7081,.F.);
#7083=EDGE_LOOP('',(#7078,#7079,#7080,#7082));
#7084=FACE_OUTER_BOUND('',#7083,.F.);
#7085=ADVANCED_FACE('',(#7084),#7077,.T.);
#7086=CARTESIAN_POINT('',(1.331937406055E1,-5.930167402112E0,0.E0));
#7087=DIRECTION('',(4.067366430758E-1,9.135454576426E-1,0.E0));
#7088=DIRECTION('',(-9.135454576426E-1,4.067366430758E-1,0.E0));
#7089=AXIS2_PLACEMENT_3D('',#7086,#7087,#7088);
#7090=PLANE('',#7089);
#7092=ORIENTED_EDGE('',*,*,#7091,.F.);
#7093=ORIENTED_EDGE('',*,*,#4254,.F.);
#7094=ORIENTED_EDGE('',*,*,#7081,.T.);
#7095=ORIENTED_EDGE('',*,*,#4593,.T.);
#7096=EDGE_LOOP('',(#7092,#7093,#7094,#7095));
#7097=FACE_OUTER_BOUND('',#7096,.F.);
#7098=ADVANCED_FACE('',(#7097),#7090,.T.);
#7099=CARTESIAN_POINT('',(1.324640913582E1,-5.897681324599E0,0.E0));
#7100=DIRECTION('',(8.308724415010E-2,-9.965422770056E-1,0.E0));
#7101=DIRECTION('',(9.965422770056E-1,8.308724415010E-2,0.E0));
#7102=AXIS2_PLACEMENT_3D('',#7099,#7100,#7101);
#7103=PLANE('',#7102);
#7104=ORIENTED_EDGE('',*,*,#7091,.T.);
#7105=ORIENTED_EDGE('',*,*,#4591,.T.);
#7107=ORIENTED_EDGE('',*,*,#7106,.F.);
#7108=ORIENTED_EDGE('',*,*,#4256,.F.);
#7109=EDGE_LOOP('',(#7104,#7105,#7107,#7108));
#7110=FACE_OUTER_BOUND('',#7109,.F.);
#7111=ADVANCED_FACE('',(#7110),#7103,.T.);
#7112=CARTESIAN_POINT('',(1.441299487067E1,-5.800416616408E0,0.E0));
#7113=DIRECTION('',(9.335804264972E-1,-3.583679495453E-1,0.E0));
#7114=DIRECTION('',(3.583679495453E-1,9.335804264972E-1,0.E0));
#7115=AXIS2_PLACEMENT_3D('',#7112,#7113,#7114);
#7116=PLANE('',#7115);
#7117=ORIENTED_EDGE('',*,*,#4258,.F.);
#7118=ORIENTED_EDGE('',*,*,#7106,.T.);
#7119=ORIENTED_EDGE('',*,*,#4589,.T.);
#7121=ORIENTED_EDGE('',*,*,#7120,.F.);
#7122=EDGE_LOOP('',(#7117,#7118,#7119,#7121));
#7123=FACE_OUTER_BOUND('',#7122,.F.);
#7124=ADVANCED_FACE('',(#7123),#7116,.T.);
#7125=CARTESIAN_POINT('',(1.459217884544E1,-5.333626403159E0,0.E0));
#7126=DIRECTION('',(7.520254166469E-1,6.591341082944E-1,0.E0));
#7127=DIRECTION('',(-6.591341082944E-1,7.520254166469E-1,0.E0));
#7128=AXIS2_PLACEMENT_3D('',#7125,#7126,#7127);
#7129=PLANE('',#7128);
#7130=ORIENTED_EDGE('',*,*,#4260,.F.);
#7131=ORIENTED_EDGE('',*,*,#7120,.T.);
#7132=ORIENTED_EDGE('',*,*,#4587,.T.);
#7134=ORIENTED_EDGE('',*,*,#7133,.F.);
#7135=EDGE_LOOP('',(#7130,#7131,#7132,#7134));
#7136=FACE_OUTER_BOUND('',#7135,.F.);
#7137=ADVANCED_FACE('',(#7136),#7129,.T.);
#7138=CARTESIAN_POINT('',(1.386628042128E1,-4.505427622363E0,0.E0));
#7139=DIRECTION('',(3.090169943749E-1,9.510565162952E-1,0.E0));
#7140=DIRECTION('',(-9.510565162952E-1,3.090169943749E-1,0.E0));
#7141=AXIS2_PLACEMENT_3D('',#7138,#7139,#7140);
#7142=PLANE('',#7141);
#7144=ORIENTED_EDGE('',*,*,#7143,.F.);
#7145=ORIENTED_EDGE('',*,*,#4262,.F.);
#7146=ORIENTED_EDGE('',*,*,#7133,.T.);
#7147=ORIENTED_EDGE('',*,*,#4585,.T.);
#7148=EDGE_LOOP('',(#7144,#7145,#7146,#7147));
#7149=FACE_OUTER_BOUND('',#7148,.F.);
#7150=ADVANCED_FACE('',(#7149),#7142,.T.);
#7151=CARTESIAN_POINT('',(1.379031948628E1,-4.480746418437E0,0.E0));
#7152=DIRECTION('',(1.867991163297E-1,-9.823981321941E-1,0.E0));
#7153=DIRECTION('',(9.823981321941E-1,1.867991163297E-1,0.E0));
#7154=AXIS2_PLACEMENT_3D('',#7151,#7152,#7153);
#7155=PLANE('',#7154);
#7156=ORIENTED_EDGE('',*,*,#7143,.T.);
#7157=ORIENTED_EDGE('',*,*,#4583,.T.);
#7159=ORIENTED_EDGE('',*,*,#7158,.F.);
#7160=ORIENTED_EDGE('',*,*,#4264,.F.);
#7161=EDGE_LOOP('',(#7156,#7157,#7159,#7160));
#7162=FACE_OUTER_BOUND('',#7161,.F.);
#7163=ADVANCED_FACE('',(#7162),#7155,.T.);
#7164=CARTESIAN_POINT('',(1.494034761193E1,-4.262073122360E0,0.E0));
#7165=DIRECTION('',(9.659258262891E-1,-2.588190451025E-1,0.E0));
#7166=DIRECTION('',(2.588190451025E-1,9.659258262891E-1,0.E0));
#7167=AXIS2_PLACEMENT_3D('',#7164,#7165,#7166);
#7168=PLANE('',#7167);
#7169=ORIENTED_EDGE('',*,*,#4266,.F.);
#7170=ORIENTED_EDGE('',*,*,#7158,.T.);
#7171=ORIENTED_EDGE('',*,*,#4581,.T.);
#7173=ORIENTED_EDGE('',*,*,#7172,.F.);
#7174=EDGE_LOOP('',(#7169,#7170,#7171,#7173));
#7175=FACE_OUTER_BOUND('',#7174,.F.);
#7176=ADVANCED_FACE('',(#7175),#7168,.T.);
#7177=CARTESIAN_POINT('',(1.506975713448E1,-3.779110209216E0,0.E0));
#7178=DIRECTION('',(6.790074673015E-1,7.341313638231E-1,0.E0));
#7179=DIRECTION('',(-7.341313638231E-1,6.790074673015E-1,0.E0));
#7180=AXIS2_PLACEMENT_3D('',#7177,#7178,#7179);
#7181=PLANE('',#7180);
#7182=ORIENTED_EDGE('',*,*,#4268,.F.);
#7183=ORIENTED_EDGE('',*,*,#7172,.T.);
#7184=ORIENTED_EDGE('',*,*,#4579,.T.);
#7186=ORIENTED_EDGE('',*,*,#7185,.F.);
#7187=EDGE_LOOP('',(#7182,#7183,#7184,#7186));
#7188=FACE_OUTER_BOUND('',#7187,.F.);
#7189=ADVANCED_FACE('',(#7188),#7181,.T.);
#7190=CARTESIAN_POINT('',(1.426126491201E1,-3.031325434762E0,0.E0));
#7191=DIRECTION('',(2.079116908178E-1,9.781476007338E-1,0.E0));
#7192=DIRECTION('',(-9.781476007338E-1,2.079116908178E-1,0.E0));
#7193=AXIS2_PLACEMENT_3D('',#7190,#7191,#7192);
#7194=PLANE('',#7193);
#7196=ORIENTED_EDGE('',*,*,#7195,.F.);
#7197=ORIENTED_EDGE('',*,*,#4270,.F.);
#7198=ORIENTED_EDGE('',*,*,#7185,.T.);
#7199=ORIENTED_EDGE('',*,*,#4577,.T.);
#7200=EDGE_LOOP('',(#7196,#7197,#7198,#7199));
#7201=FACE_OUTER_BOUND('',#7200,.F.);
#7202=ADVANCED_FACE('',(#7201),#7194,.T.);
#7203=CARTESIAN_POINT('',(1.418314021064E1,-3.014719516858E0,0.E0));
#7204=DIRECTION('',(2.884643783006E-1,-9.574906278662E-1,0.E0));
#7205=DIRECTION('',(9.574906278662E-1,2.884643783006E-1,0.E0));
#7206=AXIS2_PLACEMENT_3D('',#7203,#7204,#7205);
#7207=PLANE('',#7206);
#7208=ORIENTED_EDGE('',*,*,#7195,.T.);
#7209=ORIENTED_EDGE('',*,*,#4575,.T.);
#7211=ORIENTED_EDGE('',*,*,#7210,.F.);
#7212=ORIENTED_EDGE('',*,*,#4272,.F.);
#7213=EDGE_LOOP('',(#7208,#7209,#7211,#7212));
#7214=FACE_OUTER_BOUND('',#7213,.F.);
#7215=ADVANCED_FACE('',(#7214),#7207,.T.);
#7216=CARTESIAN_POINT('',(1.530401077829E1,-2.677033463288E0,0.E0));
#7217=DIRECTION('',(9.876883405951E-1,-1.564344650402E-1,0.E0));
#7218=DIRECTION('',(1.564344650402E-1,9.876883405951E-1,0.E0));
#7219=AXIS2_PLACEMENT_3D('',#7216,#7217,#7218);
#7220=PLANE('',#7219);
#7221=ORIENTED_EDGE('',*,*,#4274,.F.);
#7222=ORIENTED_EDGE('',*,*,#7210,.T.);
#7223=ORIENTED_EDGE('',*,*,#4573,.T.);
#7225=ORIENTED_EDGE('',*,*,#7224,.F.);
#7226=EDGE_LOOP('',(#7221,#7222,#7223,#7225));
#7227=FACE_OUTER_BOUND('',#7226,.F.);
#7228=ADVANCED_FACE('',(#7227),#7220,.T.);
#7229=CARTESIAN_POINT('',(1.538222801082E1,-2.183189292990E0,0.E0));
#7230=DIRECTION('',(5.985501700529E-1,8.010853225029E-1,0.E0));
#7231=DIRECTION('',(-8.010853225029E-1,5.985501700529E-1,0.E0));
#7232=AXIS2_PLACEMENT_3D('',#7229,#7230,#7231);
#7233=PLANE('',#7232);
#7234=ORIENTED_EDGE('',*,*,#4276,.F.);
#7235=ORIENTED_EDGE('',*,*,#7224,.T.);
#7236=ORIENTED_EDGE('',*,*,#4571,.T.);
#7238=ORIENTED_EDGE('',*,*,#7237,.F.);
#7239=EDGE_LOOP('',(#7234,#7235,#7236,#7238));
#7240=FACE_OUTER_BOUND('',#7239,.F.);
#7241=ADVANCED_FACE('',(#7240),#7233,.T.);
#7242=CARTESIAN_POINT('',(1.45E1,-1.524011411352E0,0.E0));
#7243=DIRECTION('',(1.045284632677E-1,9.945218953683E-1,0.E0));
#7244=DIRECTION('',(-9.945218953683E-1,1.045284632677E-1,0.E0));
#7245=AXIS2_PLACEMENT_3D('',#7242,#7243,#7244);
#7246=PLANE('',#7245);
#7248=ORIENTED_EDGE('',*,*,#7247,.F.);
#7249=ORIENTED_EDGE('',*,*,#4278,.F.);
#7250=ORIENTED_EDGE('',*,*,#7237,.T.);
#7251=ORIENTED_EDGE('',*,*,#4569,.T.);
#7252=EDGE_LOOP('',(#7248,#7249,#7250,#7251));
#7253=FACE_OUTER_BOUND('',#7252,.F.);
#7254=ADVANCED_FACE('',(#7253),#7246,.T.);
#7255=CARTESIAN_POINT('',(1.442056748284E1,-1.515662717381E0,0.E0));
#7256=DIRECTION('',(3.869691641778E-1,-9.220926558516E-1,0.E0));
#7257=DIRECTION('',(9.220926558516E-1,3.869691641778E-1,0.E0));
#7258=AXIS2_PLACEMENT_3D('',#7255,#7256,#7257);
#7259=PLANE('',#7258);
#7260=ORIENTED_EDGE('',*,*,#7247,.T.);
#7261=ORIENTED_EDGE('',*,*,#4567,.T.);
#7263=ORIENTED_EDGE('',*,*,#7262,.F.);
#7264=ORIENTED_EDGE('',*,*,#4280,.F.);
#7265=EDGE_LOOP('',(#7260,#7261,#7263,#7264));
#7266=FACE_OUTER_BOUND('',#7265,.F.);
#7267=ADVANCED_FACE('',(#7266),#7259,.T.);
#7268=CARTESIAN_POINT('',(1.55E1,-1.062663665387E0,0.E0));
#7269=DIRECTION('',(9.986295347546E-1,-5.233595624295E-2,0.E0));
#7270=DIRECTION('',(5.233595624295E-2,9.986295347546E-1,0.E0));
#7271=AXIS2_PLACEMENT_3D('',#7268,#7269,#7270);
#7272=PLANE('',#7271);
#7273=ORIENTED_EDGE('',*,*,#4282,.F.);
#7274=ORIENTED_EDGE('',*,*,#7262,.T.);
#7275=ORIENTED_EDGE('',*,*,#4565,.T.);
#7277=ORIENTED_EDGE('',*,*,#7276,.F.);
#7278=EDGE_LOOP('',(#7273,#7274,#7275,#7277));
#7279=FACE_OUTER_BOUND('',#7278,.F.);
#7280=ADVANCED_FACE('',(#7279),#7272,.T.);
#7281=CARTESIAN_POINT('',(1.552616797812E1,-5.633488980093E-1,0.E0));
#7282=DIRECTION('',(5.115350318865E-1,8.592624227516E-1,0.E0));
#7283=DIRECTION('',(-8.592624227516E-1,5.115350318865E-1,0.E0));
#7284=AXIS2_PLACEMENT_3D('',#7281,#7282,#7283);
#7285=PLANE('',#7284);
#7286=ORIENTED_EDGE('',*,*,#4284,.F.);
#7287=ORIENTED_EDGE('',*,*,#7276,.T.);
#7288=ORIENTED_EDGE('',*,*,#4563,.T.);
#7290=ORIENTED_EDGE('',*,*,#7289,.F.);
#7291=EDGE_LOOP('',(#7286,#7287,#7288,#7290));
#7292=FACE_OUTER_BOUND('',#7291,.F.);
#7293=ADVANCED_FACE('',(#7292),#7285,.T.);
#7294=CARTESIAN_POINT('',(1.457987005367E1,0.E0,0.E0));
#7295=DIRECTION('',(0.E0,1.E0,0.E0));
#7296=DIRECTION('',(-1.E0,0.E0,0.E0));
#7297=AXIS2_PLACEMENT_3D('',#7294,#7295,#7296);
#7298=PLANE('',#7297);
#7300=ORIENTED_EDGE('',*,*,#7299,.F.);
#7301=ORIENTED_EDGE('',*,*,#4286,.F.);
#7302=ORIENTED_EDGE('',*,*,#7289,.T.);
#7303=ORIENTED_EDGE('',*,*,#4561,.T.);
#7304=EDGE_LOOP('',(#7300,#7301,#7302,#7303));
#7305=FACE_OUTER_BOUND('',#7304,.F.);
#7306=ADVANCED_FACE('',(#7305),#7298,.T.);
#7307=CARTESIAN_POINT('',(1.45E1,0.E0,0.E0));
#7308=DIRECTION('',(4.812342349137E-1,-8.765920437393E-1,0.E0));
#7309=DIRECTION('',(8.765920437393E-1,4.812342349137E-1,0.E0));
#7310=AXIS2_PLACEMENT_3D('',#7307,#7308,#7309);
#7311=PLANE('',#7310);
#7312=ORIENTED_EDGE('',*,*,#7299,.T.);
#7313=ORIENTED_EDGE('',*,*,#4559,.T.);
#7315=ORIENTED_EDGE('',*,*,#7314,.F.);
#7316=ORIENTED_EDGE('',*,*,#4288,.F.);
#7317=EDGE_LOOP('',(#7312,#7313,#7315,#7316));
#7318=FACE_OUTER_BOUND('',#7317,.F.);
#7319=ADVANCED_FACE('',(#7318),#7311,.T.);
#7320=CARTESIAN_POINT('',(1.552616797812E1,5.633488980093E-1,0.E0));
#7321=DIRECTION('',(9.986295347546E-1,5.233595624294E-2,0.E0));
#7322=DIRECTION('',(-5.233595624294E-2,9.986295347546E-1,0.E0));
#7323=AXIS2_PLACEMENT_3D('',#7320,#7321,#7322);
#7324=PLANE('',#7323);
#7325=ORIENTED_EDGE('',*,*,#4290,.F.);
#7326=ORIENTED_EDGE('',*,*,#7314,.T.);
#7327=ORIENTED_EDGE('',*,*,#4557,.T.);
#7329=ORIENTED_EDGE('',*,*,#7328,.F.);
#7330=EDGE_LOOP('',(#7325,#7326,#7327,#7329));
#7331=FACE_OUTER_BOUND('',#7330,.F.);
#7332=ADVANCED_FACE('',(#7331),#7324,.T.);
#7333=CARTESIAN_POINT('',(1.55E1,1.062663665387E0,0.E0));
#7334=DIRECTION('',(4.189154088652E-1,9.080252640843E-1,0.E0));
#7335=DIRECTION('',(-9.080252640843E-1,4.189154088652E-1,0.E0));
#7336=AXIS2_PLACEMENT_3D('',#7333,#7334,#7335);
#7337=PLANE('',#7336);
#7338=ORIENTED_EDGE('',*,*,#4292,.F.);
#7339=ORIENTED_EDGE('',*,*,#7328,.T.);
#7340=ORIENTED_EDGE('',*,*,#4555,.T.);
#7342=ORIENTED_EDGE('',*,*,#7341,.F.);
#7343=EDGE_LOOP('',(#7338,#7339,#7340,#7342));
#7344=FACE_OUTER_BOUND('',#7343,.F.);
#7345=ADVANCED_FACE('',(#7344),#7337,.T.);
#7346=CARTESIAN_POINT('',(1.45E1,1.524011411352E0,0.E0));
#7347=DIRECTION('',(-1.045284632677E-1,9.945218953683E-1,0.E0));
#7348=DIRECTION('',(-9.945218953683E-1,-1.045284632677E-1,0.E0));
#7349=AXIS2_PLACEMENT_3D('',#7346,#7347,#7348);
#7350=PLANE('',#7349);
#7352=ORIENTED_EDGE('',*,*,#7351,.F.);
#7353=ORIENTED_EDGE('',*,*,#4294,.F.);
#7354=ORIENTED_EDGE('',*,*,#7341,.T.);
#7355=ORIENTED_EDGE('',*,*,#4553,.T.);
#7356=EDGE_LOOP('',(#7352,#7353,#7354,#7355));
#7357=FACE_OUTER_BOUND('',#7356,.F.);
#7358=ADVANCED_FACE('',(#7357),#7350,.T.);
#7359=CARTESIAN_POINT('',(1.442056748284E1,1.515662717381E0,0.E0));
#7360=DIRECTION('',(5.702268026672E-1,-8.214873057570E-1,0.E0));
#7361=DIRECTION('',(8.214873057570E-1,5.702268026672E-1,0.E0));
#7362=AXIS2_PLACEMENT_3D('',#7359,#7360,#7361);
#7363=PLANE('',#7362);
#7364=ORIENTED_EDGE('',*,*,#7351,.T.);
#7365=ORIENTED_EDGE('',*,*,#4551,.T.);
#7367=ORIENTED_EDGE('',*,*,#7366,.F.);
#7368=ORIENTED_EDGE('',*,*,#4296,.F.);
#7369=EDGE_LOOP('',(#7364,#7365,#7367,#7368));
#7370=FACE_OUTER_BOUND('',#7369,.F.);
#7371=ADVANCED_FACE('',(#7370),#7363,.T.);
#7372=CARTESIAN_POINT('',(1.538222801082E1,2.183189292990E0,0.E0));
#7373=DIRECTION('',(9.876883405951E-1,1.564344650402E-1,0.E0));
#7374=DIRECTION('',(-1.564344650402E-1,9.876883405951E-1,0.E0));
#7375=AXIS2_PLACEMENT_3D('',#7372,#7373,#7374);
#7376=PLANE('',#7375);
#7377=ORIENTED_EDGE('',*,*,#4298,.F.);
#7378=ORIENTED_EDGE('',*,*,#7366,.T.);
#7379=ORIENTED_EDGE('',*,*,#4549,.T.);
#7381=ORIENTED_EDGE('',*,*,#7380,.F.);
#7382=EDGE_LOOP('',(#7377,#7378,#7379,#7381));
#7383=FACE_OUTER_BOUND('',#7382,.F.);
#7384=ADVANCED_FACE('',(#7383),#7376,.T.);
#7385=CARTESIAN_POINT('',(1.530401077830E1,2.677033463288E0,0.E0));
#7386=DIRECTION('',(3.217060609606E-1,9.468395906072E-1,0.E0));
#7387=DIRECTION('',(-9.468395906072E-1,3.217060609606E-1,0.E0));
#7388=AXIS2_PLACEMENT_3D('',#7385,#7386,#7387);
#7389=PLANE('',#7388);
#7390=ORIENTED_EDGE('',*,*,#4300,.F.);
#7391=ORIENTED_EDGE('',*,*,#7380,.T.);
#7392=ORIENTED_EDGE('',*,*,#4547,.T.);
#7394=ORIENTED_EDGE('',*,*,#7393,.F.);
#7395=EDGE_LOOP('',(#7390,#7391,#7392,#7394));
#7396=FACE_OUTER_BOUND('',#7395,.F.);
#7397=ADVANCED_FACE('',(#7396),#7389,.T.);
#7398=CARTESIAN_POINT('',(1.426126491201E1,3.031325434762E0,0.E0));
#7399=DIRECTION('',(-2.079116908178E-1,9.781476007338E-1,0.E0));
#7400=DIRECTION('',(-9.781476007338E-1,-2.079116908178E-1,0.E0));
#7401=AXIS2_PLACEMENT_3D('',#7398,#7399,#7400);
#7402=PLANE('',#7401);
#7404=ORIENTED_EDGE('',*,*,#7403,.F.);
#7405=ORIENTED_EDGE('',*,*,#4302,.F.);
#7406=ORIENTED_EDGE('',*,*,#7393,.T.);
#7407=ORIENTED_EDGE('',*,*,#4545,.T.);
#7408=EDGE_LOOP('',(#7404,#7405,#7406,#7407));
#7409=FACE_OUTER_BOUND('',#7408,.F.);
#7410=ADVANCED_FACE('',(#7409),#7402,.T.);
#7411=CARTESIAN_POINT('',(1.418314021064E1,3.014719516858E0,0.E0));
#7412=DIRECTION('',(6.529718462431E-1,-7.573821809456E-1,0.E0));
#7413=DIRECTION('',(7.573821809456E-1,6.529718462431E-1,0.E0));
#7414=AXIS2_PLACEMENT_3D('',#7411,#7412,#7413);
#7415=PLANE('',#7414);
#7416=ORIENTED_EDGE('',*,*,#7403,.T.);
#7417=ORIENTED_EDGE('',*,*,#4543,.T.);
#7419=ORIENTED_EDGE('',*,*,#7418,.F.);
#7420=ORIENTED_EDGE('',*,*,#4304,.F.);
#7421=EDGE_LOOP('',(#7416,#7417,#7419,#7420));
#7422=FACE_OUTER_BOUND('',#7421,.F.);
#7423=ADVANCED_FACE('',(#7422),#7415,.T.);
#7424=CARTESIAN_POINT('',(1.506975713448E1,3.779110209216E0,0.E0));
#7425=DIRECTION('',(9.659258262891E-1,2.588190451025E-1,0.E0));
#7426=DIRECTION('',(-2.588190451025E-1,9.659258262891E-1,0.E0));
#7427=AXIS2_PLACEMENT_3D('',#7424,#7425,#7426);
#7428=PLANE('',#7427);
#7429=ORIENTED_EDGE('',*,*,#4306,.F.);
#7430=ORIENTED_EDGE('',*,*,#7418,.T.);
#7431=ORIENTED_EDGE('',*,*,#4541,.T.);
#7433=ORIENTED_EDGE('',*,*,#7432,.F.);
#7434=EDGE_LOOP('',(#7429,#7430,#7431,#7433));
#7435=FACE_OUTER_BOUND('',#7434,.F.);
#7436=ADVANCED_FACE('',(#7435),#7428,.T.);
#7437=CARTESIAN_POINT('',(1.494034761193E1,4.262073122360E0,0.E0));
#7438=DIRECTION('',(2.209720341309E-1,9.752801444365E-1,0.E0));
#7439=DIRECTION('',(-9.752801444365E-1,2.209720341309E-1,0.E0));
#7440=AXIS2_PLACEMENT_3D('',#7437,#7438,#7439);
#7441=PLANE('',#7440);
#7442=ORIENTED_EDGE('',*,*,#4308,.F.);
#7443=ORIENTED_EDGE('',*,*,#7432,.T.);
#7444=ORIENTED_EDGE('',*,*,#4539,.T.);
#7446=ORIENTED_EDGE('',*,*,#7445,.F.);
#7447=EDGE_LOOP('',(#7442,#7443,#7444,#7446));
#7448=FACE_OUTER_BOUND('',#7447,.F.);
#7449=ADVANCED_FACE('',(#7448),#7441,.T.);
#7450=CARTESIAN_POINT('',(1.386628042128E1,4.505427622363E0,0.E0));
#7451=DIRECTION('',(-3.090169943749E-1,9.510565162952E-1,0.E0));
#7452=DIRECTION('',(-9.510565162952E-1,-3.090169943749E-1,0.E0));
#7453=AXIS2_PLACEMENT_3D('',#7450,#7451,#7452);
#7454=PLANE('',#7453);
#7456=ORIENTED_EDGE('',*,*,#7455,.F.);
#7457=ORIENTED_EDGE('',*,*,#4310,.F.);
#7458=ORIENTED_EDGE('',*,*,#7445,.T.);
#7459=ORIENTED_EDGE('',*,*,#4537,.T.);
#7460=EDGE_LOOP('',(#7456,#7457,#7458,#7459));
#7461=FACE_OUTER_BOUND('',#7460,.F.);
#7462=ADVANCED_FACE('',(#7461),#7454,.T.);
#7463=CARTESIAN_POINT('',(1.379031948628E1,4.480746418437E0,0.E0));
#7464=DIRECTION('',(7.285627936283E-1,-6.849790184673E-1,0.E0));
#7465=DIRECTION('',(6.849790184673E-1,7.285627936283E-1,0.E0));
#7466=AXIS2_PLACEMENT_3D('',#7463,#7464,#7465);
#7467=PLANE('',#7466);
#7468=ORIENTED_EDGE('',*,*,#7455,.T.);
#7469=ORIENTED_EDGE('',*,*,#4535,.T.);
#7471=ORIENTED_EDGE('',*,*,#7470,.F.);
#7472=ORIENTED_EDGE('',*,*,#4312,.F.);
#7473=EDGE_LOOP('',(#7468,#7469,#7471,#7472));
#7474=FACE_OUTER_BOUND('',#7473,.F.);
#7475=ADVANCED_FACE('',(#7474),#7467,.T.);
#7476=CARTESIAN_POINT('',(1.459217884544E1,5.333626403159E0,0.E0));
#7477=DIRECTION('',(9.335804264972E-1,3.583679495453E-1,0.E0));
#7478=DIRECTION('',(-3.583679495453E-1,9.335804264972E-1,0.E0));
#7479=AXIS2_PLACEMENT_3D('',#7476,#7477,#7478);
#7480=PLANE('',#7479);
#7481=ORIENTED_EDGE('',*,*,#4314,.F.);
#7482=ORIENTED_EDGE('',*,*,#7470,.T.);
#7483=ORIENTED_EDGE('',*,*,#4533,.T.);
#7485=ORIENTED_EDGE('',*,*,#7484,.F.);
#7486=EDGE_LOOP('',(#7481,#7482,#7483,#7485));
#7487=FACE_OUTER_BOUND('',#7486,.F.);
#7488=ADVANCED_FACE('',(#7487),#7480,.T.);
#7489=CARTESIAN_POINT('',(1.441299487067E1,5.800416616408E0,0.E0));
#7490=DIRECTION('',(1.178169914538E-1,9.930353249128E-1,0.E0));
#7491=DIRECTION('',(-9.930353249128E-1,1.178169914538E-1,0.E0));
#7492=AXIS2_PLACEMENT_3D('',#7489,#7490,#7491);
#7493=PLANE('',#7492);
#7494=ORIENTED_EDGE('',*,*,#4316,.F.);
#7495=ORIENTED_EDGE('',*,*,#7484,.T.);
#7496=ORIENTED_EDGE('',*,*,#4531,.T.);
#7498=ORIENTED_EDGE('',*,*,#7497,.F.);
#7499=EDGE_LOOP('',(#7494,#7495,#7496,#7498));
#7500=FACE_OUTER_BOUND('',#7499,.F.);
#7501=ADVANCED_FACE('',(#7500),#7493,.T.);
#7502=CARTESIAN_POINT('',(1.331937406055E1,5.930167402112E0,0.E0));
#7503=DIRECTION('',(-4.067366430758E-1,9.135454576426E-1,0.E0));
#7504=DIRECTION('',(-9.135454576426E-1,-4.067366430758E-1,0.E0));
#7505=AXIS2_PLACEMENT_3D('',#7502,#7503,#7504);
#7506=PLANE('',#7505);
#7508=ORIENTED_EDGE('',*,*,#7507,.F.);
#7509=ORIENTED_EDGE('',*,*,#4318,.F.);
#7510=ORIENTED_EDGE('',*,*,#7497,.T.);
#7511=ORIENTED_EDGE('',*,*,#4529,.T.);
#7512=EDGE_LOOP('',(#7508,#7509,#7510,#7511));
#7513=FACE_OUTER_BOUND('',#7512,.F.);
#7514=ADVANCED_FACE('',(#7513),#7506,.T.);
#7515=CARTESIAN_POINT('',(1.324640913582E1,5.897681324599E0,0.E0));
#7516=DIRECTION('',(7.961714545850E-1,-6.050710825217E-1,0.E0));
#7517=DIRECTION('',(6.050710825217E-1,7.961714545850E-1,0.E0));
#7518=AXIS2_PLACEMENT_3D('',#7515,#7516,#7517);
#7519=PLANE('',#7518);
#7520=ORIENTED_EDGE('',*,*,#7507,.T.);
#7521=ORIENTED_EDGE('',*,*,#4527,.T.);
#7523=ORIENTED_EDGE('',*,*,#7522,.F.);
#7524=ORIENTED_EDGE('',*,*,#4320,.F.);
#7525=EDGE_LOOP('',(#7520,#7521,#7523,#7524));
#7526=FACE_OUTER_BOUND('',#7525,.F.);
#7527=ADVANCED_FACE('',(#7526),#7519,.T.);
#7528=CARTESIAN_POINT('',(1.395472559135E1,6.829706270096E0,0.E0));
#7529=DIRECTION('',(8.910065241884E-1,4.539904997395E-1,0.E0));
#7530=DIRECTION('',(-4.539904997395E-1,8.910065241884E-1,0.E0));
#7531=AXIS2_PLACEMENT_3D('',#7528,#7529,#7530);
#7532=PLANE('',#7531);
#7533=ORIENTED_EDGE('',*,*,#4322,.F.);
#7534=ORIENTED_EDGE('',*,*,#7522,.T.);
#7535=ORIENTED_EDGE('',*,*,#4525,.T.);
#7537=ORIENTED_EDGE('',*,*,#7536,.F.);
#7538=EDGE_LOOP('',(#7533,#7534,#7535,#7537));
#7539=FACE_OUTER_BOUND('',#7538,.F.);
#7540=ADVANCED_FACE('',(#7539),#7532,.T.);
#7541=CARTESIAN_POINT('',(1.372773034148E1,7.275209532191E0,0.E0));
#7542=DIRECTION('',(1.337112116362E-2,9.999106025635E-1,0.E0));
#7543=DIRECTION('',(-9.999106025635E-1,1.337112116362E-2,0.E0));
#7544=AXIS2_PLACEMENT_3D('',#7541,#7542,#7543);
#7545=PLANE('',#7544);
#7546=ORIENTED_EDGE('',*,*,#4324,.F.);
#7547=ORIENTED_EDGE('',*,*,#7536,.T.);
#7548=ORIENTED_EDGE('',*,*,#4523,.T.);
#7550=ORIENTED_EDGE('',*,*,#7549,.F.);
#7551=EDGE_LOOP('',(#7546,#7547,#7548,#7550));
#7552=FACE_OUTER_BOUND('',#7551,.F.);
#7553=ADVANCED_FACE('',(#7552),#7545,.T.);
#7554=CARTESIAN_POINT('',(1.262653785036E1,7.289935026835E0,0.E0));
#7555=DIRECTION('',(-5.E-1,8.660254037844E-1,0.E0));
#7556=DIRECTION('',(-8.660254037844E-1,-5.E-1,0.E0));
#7557=AXIS2_PLACEMENT_3D('',#7554,#7555,#7556);
#7558=PLANE('',#7557);
#7560=ORIENTED_EDGE('',*,*,#7559,.F.);
#7561=ORIENTED_EDGE('',*,*,#4326,.F.);
#7562=ORIENTED_EDGE('',*,*,#7549,.T.);
#7563=ORIENTED_EDGE('',*,*,#4521,.T.);
#7564=EDGE_LOOP('',(#7560,#7561,#7562,#7563));
#7565=FACE_OUTER_BOUND('',#7564,.F.);
#7566=ADVANCED_FACE('',(#7565),#7558,.T.);
#7567=CARTESIAN_POINT('',(1.255736835487E1,7.25E0,0.E0));
#7568=DIRECTION('',(8.550570944757E-1,-5.185338611767E-1,0.E0));
#7569=DIRECTION('',(5.185338611767E-1,8.550570944757E-1,0.E0));
#7570=AXIS2_PLACEMENT_3D('',#7567,#7568,#7569);
#7571=PLANE('',#7570);
#7572=ORIENTED_EDGE('',*,*,#7559,.T.);
#7573=ORIENTED_EDGE('',*,*,#4519,.T.);
#7575=ORIENTED_EDGE('',*,*,#7574,.F.);
#7576=ORIENTED_EDGE('',*,*,#4328,.F.);
#7577=EDGE_LOOP('',(#7572,#7573,#7575,#7576));
#7578=FACE_OUTER_BOUND('',#7577,.F.);
#7579=ADVANCED_FACE('',(#7578),#7571,.T.);
#7580=CARTESIAN_POINT('',(1.316438144347E1,8.250958445931E0,0.E0));
#7581=DIRECTION('',(8.386705679454E-1,5.446390350150E-1,0.E0));
#7582=DIRECTION('',(-5.446390350150E-1,8.386705679454E-1,0.E0));
#7583=AXIS2_PLACEMENT_3D('',#7580,#7581,#7582);
#7584=PLANE('',#7583);
#7585=ORIENTED_EDGE('',*,*,#4330,.F.);
#7586=ORIENTED_EDGE('',*,*,#7574,.T.);
#7587=ORIENTED_EDGE('',*,*,#4517,.T.);
#7589=ORIENTED_EDGE('',*,*,#7588,.F.);
#7590=EDGE_LOOP('',(#7585,#7586,#7587,#7589));
#7591=FACE_OUTER_BOUND('',#7590,.F.);
#7592=ADVANCED_FACE('',(#7591),#7584,.T.);
#7593=CARTESIAN_POINT('',(1.289206192597E1,8.670293729904E0,0.E0));
#7594=DIRECTION('',(-9.122124592815E-2,9.958306504076E-1,0.E0));
#7595=DIRECTION('',(-9.958306504076E-1,-9.122124592815E-2,0.E0));
#7596=AXIS2_PLACEMENT_3D('',#7593,#7594,#7595);
#7597=PLANE('',#7596);
#7598=ORIENTED_EDGE('',*,*,#4332,.F.);
#7599=ORIENTED_EDGE('',*,*,#7588,.T.);
#7600=ORIENTED_EDGE('',*,*,#4515,.T.);
#7602=ORIENTED_EDGE('',*,*,#7601,.F.);
#7603=EDGE_LOOP('',(#7598,#7599,#7600,#7602));
#7604=FACE_OUTER_BOUND('',#7603,.F.);
#7605=ADVANCED_FACE('',(#7604),#7597,.T.);
#7606=CARTESIAN_POINT('',(1.179536264920E1,8.569832597888E0,0.E0));
#7607=DIRECTION('',(-5.877852522925E-1,8.090169943749E-1,0.E0));
#7608=DIRECTION('',(-8.090169943749E-1,-5.877852522925E-1,0.E0));
#7609=AXIS2_PLACEMENT_3D('',#7606,#7607,#7608);
#7610=PLANE('',#7609);
#7612=ORIENTED_EDGE('',*,*,#7611,.F.);
#7613=ORIENTED_EDGE('',*,*,#4334,.F.);
#7614=ORIENTED_EDGE('',*,*,#7601,.T.);
#7615=ORIENTED_EDGE('',*,*,#4513,.T.);
#7616=EDGE_LOOP('',(#7612,#7613,#7614,#7615));
#7617=FACE_OUTER_BOUND('',#7616,.F.);
#7618=ADVANCED_FACE('',(#7617),#7610,.T.);
#7619=CARTESIAN_POINT('',(1.173074641844E1,8.522886158241E0,0.E0));
#7620=DIRECTION('',(9.045745499071E-1,-4.263154743384E-1,0.E0));
#7621=DIRECTION('',(4.263154743384E-1,9.045745499071E-1,0.E0));
#7622=AXIS2_PLACEMENT_3D('',#7619,#7620,#7621);
#7623=PLANE('',#7622);
#7624=ORIENTED_EDGE('',*,*,#7611,.T.);
#7625=ORIENTED_EDGE('',*,*,#4511,.T.);
#7627=ORIENTED_EDGE('',*,*,#7626,.F.);
#7628=ORIENTED_EDGE('',*,*,#4336,.F.);
#7629=EDGE_LOOP('',(#7624,#7625,#7627,#7628));
#7630=FACE_OUTER_BOUND('',#7629,.F.);
#7631=ADVANCED_FACE('',(#7630),#7623,.T.);
#7632=CARTESIAN_POINT('',(1.222980557768E1,9.581811394407E0,0.E0));
#7633=DIRECTION('',(7.771459614570E-1,6.293203910498E-1,0.E0));
#7634=DIRECTION('',(-6.293203910498E-1,7.771459614570E-1,0.E0));
#7635=AXIS2_PLACEMENT_3D('',#7632,#7633,#7634);
#7636=PLANE('',#7635);
#7637=ORIENTED_EDGE('',*,*,#4338,.F.);
#7638=ORIENTED_EDGE('',*,*,#7626,.T.);
#7639=ORIENTED_EDGE('',*,*,#4509,.T.);
#7641=ORIENTED_EDGE('',*,*,#7640,.F.);
#7642=EDGE_LOOP('',(#7637,#7638,#7639,#7641));
#7643=FACE_OUTER_BOUND('',#7642,.F.);
#7644=ADVANCED_FACE('',(#7643),#7636,.T.);
#7645=CARTESIAN_POINT('',(1.191514538215E1,9.970384375136E0,0.E0));
#7646=DIRECTION('',(-1.948141739603E-1,9.808401692550E-1,0.E0));
#7647=DIRECTION('',(-9.808401692550E-1,-1.948141739603E-1,0.E0));
#7648=AXIS2_PLACEMENT_3D('',#7645,#7646,#7647);
#7649=PLANE('',#7648);
#7650=ORIENTED_EDGE('',*,*,#4340,.F.);
#7651=ORIENTED_EDGE('',*,*,#7640,.T.);
#7652=ORIENTED_EDGE('',*,*,#4507,.T.);
#7654=ORIENTED_EDGE('',*,*,#7653,.F.);
#7655=EDGE_LOOP('',(#7650,#7651,#7652,#7654));
#7656=FACE_OUTER_BOUND('',#7655,.F.);
#7657=ADVANCED_FACE('',(#7656),#7649,.T.);
#7658=CARTESIAN_POINT('',(1.083495498652E1,9.755837289646E0,0.E0));
#7659=DIRECTION('',(-6.691306063589E-1,7.431448254774E-1,0.E0));
#7660=DIRECTION('',(-7.431448254774E-1,-6.691306063589E-1,0.E0));
#7661=AXIS2_PLACEMENT_3D('',#7658,#7659,#7660);
#7662=PLANE('',#7661);
#7664=ORIENTED_EDGE('',*,*,#7663,.F.);
#7665=ORIENTED_EDGE('',*,*,#4342,.F.);
#7666=ORIENTED_EDGE('',*,*,#7653,.T.);
#7667=ORIENTED_EDGE('',*,*,#4505,.T.);
#7668=EDGE_LOOP('',(#7664,#7665,#7666,#7667));
#7669=FACE_OUTER_BOUND('',#7668,.F.);
#7670=ADVANCED_FACE('',(#7669),#7662,.T.);
#7671=CARTESIAN_POINT('',(1.077559996942E1,9.702393792203E0,0.E0));
#7672=DIRECTION('',(9.441812972753E-1,-3.294262859510E-1,0.E0));
#7673=DIRECTION('',(3.294262859510E-1,9.441812972753E-1,0.E0));
#7674=AXIS2_PLACEMENT_3D('',#7671,#7672,#7673);
#7675=PLANE('',#7674);
#7676=ORIENTED_EDGE('',*,*,#7663,.T.);
#7677=ORIENTED_EDGE('',*,*,#4503,.T.);
#7679=ORIENTED_EDGE('',*,*,#7678,.F.);
#7680=ORIENTED_EDGE('',*,*,#4344,.F.);
#7681=EDGE_LOOP('',(#7676,#7677,#7679,#7680));
#7682=FACE_OUTER_BOUND('',#7681,.F.);
#7683=ADVANCED_FACE('',(#7682),#7675,.T.);
#7684=CARTESIAN_POINT('',(1.116123740272E1,1.080768401212E1,0.E0));
#7685=DIRECTION('',(7.071067811865E-1,7.071067811865E-1,0.E0));
#7686=DIRECTION('',(-7.071067811865E-1,7.071067811865E-1,0.E0));
#7687=AXIS2_PLACEMENT_3D('',#7684,#7685,#7686);
#7688=PLANE('',#7687);
#7689=ORIENTED_EDGE('',*,*,#4346,.F.);
#7690=ORIENTED_EDGE('',*,*,#7678,.T.);
#7691=ORIENTED_EDGE('',*,*,#4501,.T.);
#7693=ORIENTED_EDGE('',*,*,#7692,.F.);
#7694=EDGE_LOOP('',(#7689,#7690,#7691,#7693));
#7695=FACE_OUTER_BOUND('',#7694,.F.);
#7696=ADVANCED_FACE('',(#7695),#7688,.T.);
#7697=CARTESIAN_POINT('',(1.080768401212E1,1.116123740272E1,0.E0));
#7698=DIRECTION('',(-2.962726771350E-1,9.551033979540E-1,0.E0));
#7699=DIRECTION('',(-9.551033979540E-1,-2.962726771350E-1,0.E0));
#7700=AXIS2_PLACEMENT_3D('',#7697,#7698,#7699);
#7701=PLANE('',#7700);
#7702=ORIENTED_EDGE('',*,*,#4348,.F.);
#7703=ORIENTED_EDGE('',*,*,#7692,.T.);
#7704=ORIENTED_EDGE('',*,*,#4499,.T.);
#7706=ORIENTED_EDGE('',*,*,#7705,.F.);
#7707=EDGE_LOOP('',(#7702,#7703,#7704,#7706));
#7708=FACE_OUTER_BOUND('',#7707,.F.);
#7709=ADVANCED_FACE('',(#7708),#7701,.T.);
#7710=CARTESIAN_POINT('',(9.755837289646E0,1.083495498652E1,0.E0));
#7711=DIRECTION('',(-7.431448254774E-1,6.691306063589E-1,0.E0));
#7712=DIRECTION('',(-6.691306063589E-1,-7.431448254774E-1,0.E0));
#7713=AXIS2_PLACEMENT_3D('',#7710,#7711,#7712);
#7714=PLANE('',#7713);
#7716=ORIENTED_EDGE('',*,*,#7715,.F.);
#7717=ORIENTED_EDGE('',*,*,#4350,.F.);
#7718=ORIENTED_EDGE('',*,*,#7705,.T.);
#7719=ORIENTED_EDGE('',*,*,#4497,.T.);
#7720=EDGE_LOOP('',(#7716,#7717,#7718,#7719));
#7721=FACE_OUTER_BOUND('',#7720,.F.);
#7722=ADVANCED_FACE('',(#7721),#7714,.T.);
#7723=CARTESIAN_POINT('',(9.702393792203E0,1.077559996942E1,0.E0));
#7724=DIRECTION('',(9.734433967680E-1,-2.289278342379E-1,0.E0));
#7725=DIRECTION('',(2.289278342379E-1,9.734433967680E-1,0.E0));
#7726=AXIS2_PLACEMENT_3D('',#7723,#7724,#7725);
#7727=PLANE('',#7726);
#7728=ORIENTED_EDGE('',*,*,#7715,.T.);
#7729=ORIENTED_EDGE('',*,*,#4495,.T.);
#7731=ORIENTED_EDGE('',*,*,#7730,.F.);
#7732=ORIENTED_EDGE('',*,*,#4352,.F.);
#7733=EDGE_LOOP('',(#7728,#7729,#7731,#7732));
#7734=FACE_OUTER_BOUND('',#7733,.F.);
#7735=ADVANCED_FACE('',(#7734),#7727,.T.);
#7736=CARTESIAN_POINT('',(9.970384375136E0,1.191514538215E1,0.E0));
#7737=DIRECTION('',(6.293203910498E-1,7.771459614570E-1,0.E0));
#7738=DIRECTION('',(-7.771459614570E-1,6.293203910498E-1,0.E0));
#7739=AXIS2_PLACEMENT_3D('',#7736,#7737,#7738);
#7740=PLANE('',#7739);
#7741=ORIENTED_EDGE('',*,*,#4354,.F.);
#7742=ORIENTED_EDGE('',*,*,#7730,.T.);
#7743=ORIENTED_EDGE('',*,*,#4493,.T.);
#7745=ORIENTED_EDGE('',*,*,#7744,.F.);
#7746=EDGE_LOOP('',(#7741,#7742,#7743,#7745));
#7747=FACE_OUTER_BOUND('',#7746,.F.);
#7748=ADVANCED_FACE('',(#7747),#7740,.T.);
#7749=CARTESIAN_POINT('',(9.581811394407E0,1.222980557768E1,0.E0));
#7750=DIRECTION('',(-3.944851548600E-1,9.189023139568E-1,0.E0));
#7751=DIRECTION('',(-9.189023139568E-1,-3.944851548600E-1,0.E0));
#7752=AXIS2_PLACEMENT_3D('',#7749,#7750,#7751);
#7753=PLANE('',#7752);
#7754=ORIENTED_EDGE('',*,*,#4356,.F.);
#7755=ORIENTED_EDGE('',*,*,#7744,.T.);
#7756=ORIENTED_EDGE('',*,*,#4491,.T.);
#7758=ORIENTED_EDGE('',*,*,#7757,.F.);
#7759=EDGE_LOOP('',(#7754,#7755,#7756,#7758));
#7760=FACE_OUTER_BOUND('',#7759,.F.);
#7761=ADVANCED_FACE('',(#7760),#7753,.T.);
#7762=CARTESIAN_POINT('',(8.569832597888E0,1.179536264920E1,0.E0));
#7763=DIRECTION('',(-8.090169943749E-1,5.877852522925E-1,0.E0));
#7764=DIRECTION('',(-5.877852522925E-1,-8.090169943749E-1,0.E0));
#7765=AXIS2_PLACEMENT_3D('',#7762,#7763,#7764);
#7766=PLANE('',#7765);
#7768=ORIENTED_EDGE('',*,*,#7767,.F.);
#7769=ORIENTED_EDGE('',*,*,#4358,.F.);
#7770=ORIENTED_EDGE('',*,*,#7757,.T.);
#7771=ORIENTED_EDGE('',*,*,#4489,.T.);
#7772=EDGE_LOOP('',(#7768,#7769,#7770,#7771));
#7773=FACE_OUTER_BOUND('',#7772,.F.);
#7774=ADVANCED_FACE('',(#7773),#7766,.T.);
#7775=CARTESIAN_POINT('',(8.522886158241E0,1.173074641844E1,0.E0));
#7776=DIRECTION('',(9.920402466995E-1,-1.259212012666E-1,0.E0));
#7777=DIRECTION('',(1.259212012666E-1,9.920402466995E-1,0.E0));
#7778=AXIS2_PLACEMENT_3D('',#7775,#7776,#7777);
#7779=PLANE('',#7778);
#7780=ORIENTED_EDGE('',*,*,#7767,.T.);
#7781=ORIENTED_EDGE('',*,*,#4487,.T.);
#7783=ORIENTED_EDGE('',*,*,#7782,.F.);
#7784=ORIENTED_EDGE('',*,*,#4360,.F.);
#7785=EDGE_LOOP('',(#7780,#7781,#7783,#7784));
#7786=FACE_OUTER_BOUND('',#7785,.F.);
#7787=ADVANCED_FACE('',(#7786),#7779,.T.);
#7788=CARTESIAN_POINT('',(8.670293729903E0,1.289206192597E1,0.E0));
#7789=DIRECTION('',(5.446390350150E-1,8.386705679454E-1,0.E0));
#7790=DIRECTION('',(-8.386705679454E-1,5.446390350150E-1,0.E0));
#7791=AXIS2_PLACEMENT_3D('',#7788,#7789,#7790);
#7792=PLANE('',#7791);
#7793=ORIENTED_EDGE('',*,*,#4362,.F.);
#7794=ORIENTED_EDGE('',*,*,#7782,.T.);
#7795=ORIENTED_EDGE('',*,*,#4485,.T.);
#7797=ORIENTED_EDGE('',*,*,#7796,.F.);
#7798=EDGE_LOOP('',(#7793,#7794,#7795,#7797));
#7799=FACE_OUTER_BOUND('',#7798,.F.);
#7800=ADVANCED_FACE('',(#7799),#7792,.T.);
#7801=CARTESIAN_POINT('',(8.250958445931E0,1.316438144347E1,0.E0));
#7802=DIRECTION('',(-4.883755706770E-1,8.726335439152E-1,0.E0));
#7803=DIRECTION('',(-8.726335439152E-1,-4.883755706770E-1,0.E0));
#7804=AXIS2_PLACEMENT_3D('',#7801,#7802,#7803);
#7805=PLANE('',#7804);
#7806=ORIENTED_EDGE('',*,*,#4364,.F.);
#7807=ORIENTED_EDGE('',*,*,#7796,.T.);
#7808=ORIENTED_EDGE('',*,*,#4483,.T.);
#7810=ORIENTED_EDGE('',*,*,#7809,.F.);
#7811=EDGE_LOOP('',(#7806,#7807,#7808,#7810));
#7812=FACE_OUTER_BOUND('',#7811,.F.);
#7813=ADVANCED_FACE('',(#7812),#7805,.T.);
#7814=CARTESIAN_POINT('',(7.289935026836E0,1.262653785036E1,0.E0));
#7815=DIRECTION('',(-8.660254037844E-1,5.E-1,0.E0));
#7816=DIRECTION('',(-5.E-1,-8.660254037844E-1,0.E0));
#7817=AXIS2_PLACEMENT_3D('',#7814,#7815,#7816);
#7818=PLANE('',#7817);
#7820=ORIENTED_EDGE('',*,*,#7819,.F.);
#7821=ORIENTED_EDGE('',*,*,#4366,.F.);
#7822=ORIENTED_EDGE('',*,*,#7809,.T.);
#7823=ORIENTED_EDGE('',*,*,#4481,.T.);
#7824=EDGE_LOOP('',(#7820,#7821,#7822,#7823));
#7825=FACE_OUTER_BOUND('',#7824,.F.);
#7826=ADVANCED_FACE('',(#7825),#7818,.T.);
#7827=CARTESIAN_POINT('',(7.25E0,1.255736835487E1,0.E0));
#7828=DIRECTION('',(9.997680960904E-1,-2.153494926357E-2,0.E0));
#7829=DIRECTION('',(2.153494926357E-2,9.997680960904E-1,0.E0));
#7830=AXIS2_PLACEMENT_3D('',#7827,#7828,#7829);
#7831=PLANE('',#7830);
#7832=ORIENTED_EDGE('',*,*,#7819,.T.);
#7833=ORIENTED_EDGE('',*,*,#4479,.T.);
#7835=ORIENTED_EDGE('',*,*,#7834,.F.);
#7836=ORIENTED_EDGE('',*,*,#4368,.F.);
#7837=EDGE_LOOP('',(#7832,#7833,#7835,#7836));
#7838=FACE_OUTER_BOUND('',#7837,.F.);
#7839=ADVANCED_FACE('',(#7838),#7831,.T.);
#7840=CARTESIAN_POINT('',(7.275209532191E0,1.372773034148E1,0.E0));
#7841=DIRECTION('',(4.539904997395E-1,8.910065241884E-1,0.E0));
#7842=DIRECTION('',(-8.910065241884E-1,4.539904997395E-1,0.E0));
#7843=AXIS2_PLACEMENT_3D('',#7840,#7841,#7842);
#7844=PLANE('',#7843);
#7845=ORIENTED_EDGE('',*,*,#4370,.F.);
#7846=ORIENTED_EDGE('',*,*,#7834,.T.);
#7847=ORIENTED_EDGE('',*,*,#4477,.T.);
#7849=ORIENTED_EDGE('',*,*,#7848,.F.);
#7850=EDGE_LOOP('',(#7845,#7846,#7847,#7849));
#7851=FACE_OUTER_BOUND('',#7850,.F.);
#7852=ADVANCED_FACE('',(#7851),#7844,.T.);
#7853=CARTESIAN_POINT('',(6.829706270097E0,1.395472559135E1,0.E0));
#7854=DIRECTION('',(-5.769152415425E-1,8.168040181561E-1,0.E0));
#7855=DIRECTION('',(-8.168040181561E-1,-5.769152415425E-1,0.E0));
#7856=AXIS2_PLACEMENT_3D('',#7853,#7854,#7855);
#7857=PLANE('',#7856);
#7858=ORIENTED_EDGE('',*,*,#4372,.F.);
#7859=ORIENTED_EDGE('',*,*,#7848,.T.);
#7860=ORIENTED_EDGE('',*,*,#4475,.T.);
#7862=ORIENTED_EDGE('',*,*,#7861,.F.);
#7863=EDGE_LOOP('',(#7858,#7859,#7860,#7862));
#7864=FACE_OUTER_BOUND('',#7863,.F.);
#7865=ADVANCED_FACE('',(#7864),#7857,.T.);
#7866=CARTESIAN_POINT('',(5.930167402112E0,1.331937406055E1,0.E0));
#7867=DIRECTION('',(-9.135454576426E-1,4.067366430758E-1,0.E0));
#7868=DIRECTION('',(-4.067366430758E-1,-9.135454576426E-1,0.E0));
#7869=AXIS2_PLACEMENT_3D('',#7866,#7867,#7868);
#7870=PLANE('',#7869);
#7872=ORIENTED_EDGE('',*,*,#7871,.F.);
#7873=ORIENTED_EDGE('',*,*,#4374,.F.);
#7874=ORIENTED_EDGE('',*,*,#7861,.T.);
#7875=ORIENTED_EDGE('',*,*,#4473,.T.);
#7876=EDGE_LOOP('',(#7872,#7873,#7874,#7875));
#7877=FACE_OUTER_BOUND('',#7876,.F.);
#7878=ADVANCED_FACE('',(#7877),#7870,.T.);
#7879=CARTESIAN_POINT('',(5.897681324599E0,1.324640913582E1,0.E0));
#7880=DIRECTION('',(9.965422770056E-1,8.308724415010E-2,0.E0));
#7881=DIRECTION('',(-8.308724415010E-2,9.965422770056E-1,0.E0));
#7882=AXIS2_PLACEMENT_3D('',#7879,#7880,#7881);
#7883=PLANE('',#7882);
#7884=ORIENTED_EDGE('',*,*,#7871,.T.);
#7885=ORIENTED_EDGE('',*,*,#4471,.T.);
#7887=ORIENTED_EDGE('',*,*,#7886,.F.);
#7888=ORIENTED_EDGE('',*,*,#4376,.F.);
#7889=EDGE_LOOP('',(#7884,#7885,#7887,#7888));
#7890=FACE_OUTER_BOUND('',#7889,.F.);
#7891=ADVANCED_FACE('',(#7890),#7883,.T.);
#7892=CARTESIAN_POINT('',(5.800416616408E0,1.441299487067E1,0.E0));
#7893=DIRECTION('',(3.583679495453E-1,9.335804264972E-1,0.E0));
#7894=DIRECTION('',(-9.335804264972E-1,3.583679495453E-1,0.E0));
#7895=AXIS2_PLACEMENT_3D('',#7892,#7893,#7894);
#7896=PLANE('',#7895);
#7897=ORIENTED_EDGE('',*,*,#4378,.F.);
#7898=ORIENTED_EDGE('',*,*,#7886,.T.);
#7899=ORIENTED_EDGE('',*,*,#4469,.T.);
#7901=ORIENTED_EDGE('',*,*,#7900,.F.);
#7902=EDGE_LOOP('',(#7897,#7898,#7899,#7901));
#7903=FACE_OUTER_BOUND('',#7902,.F.);
#7904=ADVANCED_FACE('',(#7903),#7896,.T.);
#7905=CARTESIAN_POINT('',(5.333626403159E0,1.459217884544E1,0.E0));
#7906=DIRECTION('',(-6.591341082944E-1,7.520254166469E-1,0.E0));
#7907=DIRECTION('',(-7.520254166469E-1,-6.591341082944E-1,0.E0));
#7908=AXIS2_PLACEMENT_3D('',#7905,#7906,#7907);
#7909=PLANE('',#7908);
#7910=ORIENTED_EDGE('',*,*,#4380,.F.);
#7911=ORIENTED_EDGE('',*,*,#7900,.T.);
#7912=ORIENTED_EDGE('',*,*,#4467,.T.);
#7914=ORIENTED_EDGE('',*,*,#7913,.F.);
#7915=EDGE_LOOP('',(#7910,#7911,#7912,#7914));
#7916=FACE_OUTER_BOUND('',#7915,.F.);
#7917=ADVANCED_FACE('',(#7916),#7909,.T.);
#7918=CARTESIAN_POINT('',(4.505427622363E0,1.386628042128E1,0.E0));
#7919=DIRECTION('',(-9.510565162952E-1,3.090169943749E-1,0.E0));
#7920=DIRECTION('',(-3.090169943749E-1,-9.510565162952E-1,0.E0));
#7921=AXIS2_PLACEMENT_3D('',#7918,#7919,#7920);
#7922=PLANE('',#7921);
#7924=ORIENTED_EDGE('',*,*,#7923,.F.);
#7925=ORIENTED_EDGE('',*,*,#4382,.F.);
#7926=ORIENTED_EDGE('',*,*,#7913,.T.);
#7927=ORIENTED_EDGE('',*,*,#4465,.T.);
#7928=EDGE_LOOP('',(#7924,#7925,#7926,#7927));
#7929=FACE_OUTER_BOUND('',#7928,.F.);
#7930=ADVANCED_FACE('',(#7929),#7922,.T.);
#7931=CARTESIAN_POINT('',(4.480746418437E0,1.379031948628E1,0.E0));
#7932=DIRECTION('',(9.823981321941E-1,1.867991163297E-1,0.E0));
#7933=DIRECTION('',(-1.867991163297E-1,9.823981321941E-1,0.E0));
#7934=AXIS2_PLACEMENT_3D('',#7931,#7932,#7933);
#7935=PLANE('',#7934);
#7936=ORIENTED_EDGE('',*,*,#7923,.T.);
#7937=ORIENTED_EDGE('',*,*,#4463,.T.);
#7939=ORIENTED_EDGE('',*,*,#7938,.F.);
#7940=ORIENTED_EDGE('',*,*,#4384,.F.);
#7941=EDGE_LOOP('',(#7936,#7937,#7939,#7940));
#7942=FACE_OUTER_BOUND('',#7941,.F.);
#7943=ADVANCED_FACE('',(#7942),#7935,.T.);
#7944=CARTESIAN_POINT('',(4.262073122360E0,1.494034761193E1,0.E0));
#7945=DIRECTION('',(2.588190451025E-1,9.659258262891E-1,0.E0));
#7946=DIRECTION('',(-9.659258262891E-1,2.588190451025E-1,0.E0));
#7947=AXIS2_PLACEMENT_3D('',#7944,#7945,#7946);
#7948=PLANE('',#7947);
#7949=ORIENTED_EDGE('',*,*,#4386,.F.);
#7950=ORIENTED_EDGE('',*,*,#7938,.T.);
#7951=ORIENTED_EDGE('',*,*,#4461,.T.);
#7953=ORIENTED_EDGE('',*,*,#7952,.F.);
#7954=EDGE_LOOP('',(#7949,#7950,#7951,#7953));
#7955=FACE_OUTER_BOUND('',#7954,.F.);
#7956=ADVANCED_FACE('',(#7955),#7948,.T.);
#7957=CARTESIAN_POINT('',(3.779110209216E0,1.506975713448E1,0.E0));
#7958=DIRECTION('',(-7.341313638231E-1,6.790074673015E-1,0.E0));
#7959=DIRECTION('',(-6.790074673015E-1,-7.341313638231E-1,0.E0));
#7960=AXIS2_PLACEMENT_3D('',#7957,#7958,#7959);
#7961=PLANE('',#7960);
#7962=ORIENTED_EDGE('',*,*,#4388,.F.);
#7963=ORIENTED_EDGE('',*,*,#7952,.T.);
#7964=ORIENTED_EDGE('',*,*,#4459,.T.);
#7966=ORIENTED_EDGE('',*,*,#7965,.F.);
#7967=EDGE_LOOP('',(#7962,#7963,#7964,#7966));
#7968=FACE_OUTER_BOUND('',#7967,.F.);
#7969=ADVANCED_FACE('',(#7968),#7961,.T.);
#7970=CARTESIAN_POINT('',(3.031325434762E0,1.426126491201E1,0.E0));
#7971=DIRECTION('',(-9.781476007338E-1,2.079116908178E-1,0.E0));
#7972=DIRECTION('',(-2.079116908178E-1,-9.781476007338E-1,0.E0));
#7973=AXIS2_PLACEMENT_3D('',#7970,#7971,#7972);
#7974=PLANE('',#7973);
#7976=ORIENTED_EDGE('',*,*,#7975,.F.);
#7977=ORIENTED_EDGE('',*,*,#4390,.F.);
#7978=ORIENTED_EDGE('',*,*,#7965,.T.);
#7979=ORIENTED_EDGE('',*,*,#4457,.T.);
#7980=EDGE_LOOP('',(#7976,#7977,#7978,#7979));
#7981=FACE_OUTER_BOUND('',#7980,.F.);
#7982=ADVANCED_FACE('',(#7981),#7974,.T.);
#7983=CARTESIAN_POINT('',(3.014719516858E0,1.418314021064E1,0.E0));
#7984=DIRECTION('',(9.574906278662E-1,2.884643783006E-1,0.E0));
#7985=DIRECTION('',(-2.884643783006E-1,9.574906278662E-1,0.E0));
#7986=AXIS2_PLACEMENT_3D('',#7983,#7984,#7985);
#7987=PLANE('',#7986);
#7988=ORIENTED_EDGE('',*,*,#7975,.T.);
#7989=ORIENTED_EDGE('',*,*,#4455,.T.);
#7991=ORIENTED_EDGE('',*,*,#7990,.F.);
#7992=ORIENTED_EDGE('',*,*,#4392,.F.);
#7993=EDGE_LOOP('',(#7988,#7989,#7991,#7992));
#7994=FACE_OUTER_BOUND('',#7993,.F.);
#7995=ADVANCED_FACE('',(#7994),#7987,.T.);
#7996=CARTESIAN_POINT('',(2.677033463288E0,1.530401077829E1,0.E0));
#7997=DIRECTION('',(1.564344650402E-1,9.876883405951E-1,0.E0));
#7998=DIRECTION('',(-9.876883405951E-1,1.564344650402E-1,0.E0));
#7999=AXIS2_PLACEMENT_3D('',#7996,#7997,#7998);
#8000=PLANE('',#7999);
#8001=ORIENTED_EDGE('',*,*,#4394,.F.);
#8002=ORIENTED_EDGE('',*,*,#7990,.T.);
#8003=ORIENTED_EDGE('',*,*,#4453,.T.);
#8005=ORIENTED_EDGE('',*,*,#8004,.F.);
#8006=EDGE_LOOP('',(#8001,#8002,#8003,#8005));
#8007=FACE_OUTER_BOUND('',#8006,.F.);
#8008=ADVANCED_FACE('',(#8007),#8000,.T.);
#8009=CARTESIAN_POINT('',(2.183189292990E0,1.538222801082E1,0.E0));
#8010=DIRECTION('',(-8.010853225029E-1,5.985501700529E-1,0.E0));
#8011=DIRECTION('',(-5.985501700529E-1,-8.010853225029E-1,0.E0));
#8012=AXIS2_PLACEMENT_3D('',#8009,#8010,#8011);
#8013=PLANE('',#8012);
#8014=ORIENTED_EDGE('',*,*,#4396,.F.);
#8015=ORIENTED_EDGE('',*,*,#8004,.T.);
#8016=ORIENTED_EDGE('',*,*,#4451,.T.);
#8017=ORIENTED_EDGE('',*,*,#4415,.F.);
#8018=EDGE_LOOP('',(#8014,#8015,#8016,#8017));
#8019=FACE_OUTER_BOUND('',#8018,.F.);
#8020=ADVANCED_FACE('',(#8019),#8013,.T.);
#8021=CARTESIAN_POINT('',(0.E0,0.E0,4.E0));
#8022=DIRECTION('',(0.E0,0.E0,1.E0));
#8023=DIRECTION('',(0.E0,-1.E0,0.E0));
#8024=AXIS2_PLACEMENT_3D('',#8021,#8022,#8023);
#8025=CYLINDRICAL_SURFACE('',#8024,1.E1);
#8026=ORIENTED_EDGE('',*,*,#4921,.F.);
#8028=ORIENTED_EDGE('',*,*,#8027,.T.);
#8030=ORIENTED_EDGE('',*,*,#8029,.T.);
#8032=ORIENTED_EDGE('',*,*,#8031,.F.);
#8033=EDGE_LOOP('',(#8026,#8028,#8030,#8032));
#8034=FACE_OUTER_BOUND('',#8033,.F.);
#8035=ADVANCED_FACE('',(#8034),#8025,.T.);
#8036=CARTESIAN_POINT('',(0.E0,0.E0,4.E0));
#8037=DIRECTION('',(0.E0,0.E0,1.E0));
#8038=DIRECTION('',(0.E0,-1.E0,0.E0));
#8039=AXIS2_PLACEMENT_3D('',#8036,#8037,#8038);
#8040=CYLINDRICAL_SURFACE('',#8039,1.E1);
#8041=ORIENTED_EDGE('',*,*,#4923,.F.);
#8042=ORIENTED_EDGE('',*,*,#8031,.T.);
#8044=ORIENTED_EDGE('',*,*,#8043,.T.);
#8045=ORIENTED_EDGE('',*,*,#8027,.F.);
#8046=EDGE_LOOP('',(#8041,#8042,#8044,#8045));
#8047=FACE_OUTER_BOUND('',#8046,.F.);
#8048=ADVANCED_FACE('',(#8047),#8040,.T.);
#8049=CARTESIAN_POINT('',(0.E0,0.E0,1.2E1));
#8050=DIRECTION('',(0.E0,0.E0,1.E0));
#8051=DIRECTION('',(0.E0,-1.E0,0.E0));
#8052=AXIS2_PLACEMENT_3D('',#8049,#8050,#8051);
#8053=PLANE('',#8052);
#8054=ORIENTED_EDGE('',*,*,#8029,.F.);
#8055=ORIENTED_EDGE('',*,*,#8043,.F.);
#8056=EDGE_LOOP('',(#8054,#8055));
#8057=FACE_OUTER_BOUND('',#8056,.F.);
#8059=ORIENTED_EDGE('',*,*,#8058,.T.);
#8061=ORIENTED_EDGE('',*,*,#8060,.T.);
#8062=EDGE_LOOP('',(#8059,#8061));
#8063=FACE_BOUND('',#8062,.F.);
#8064=ADVANCED_FACE('',(#8057,#8063),#8053,.T.);
#8065=CARTESIAN_POINT('',(0.E0,0.E0,1.2E1));
#8066=DIRECTION('',(0.E0,0.E0,1.E0));
#8067=DIRECTION('',(0.E0,-1.E0,0.E0));
#8068=AXIS2_PLACEMENT_3D('',#8065,#8066,#8067);
#8069=CYLINDRICAL_SURFACE('',#8068,3.E0);
#8070=ORIENTED_EDGE('',*,*,#4400,.T.);
#8072=ORIENTED_EDGE('',*,*,#8071,.F.);
#8073=ORIENTED_EDGE('',*,*,#8058,.F.);
#8075=ORIENTED_EDGE('',*,*,#8074,.T.);
#8076=EDGE_LOOP('',(#8070,#8072,#8073,#8075));
#8077=FACE_OUTER_BOUND('',#8076,.F.);
#8078=ADVANCED_FACE('',(#8077),#8069,.F.);
#8079=CARTESIAN_POINT('',(0.E0,0.E0,1.2E1));
#8080=DIRECTION('',(0.E0,0.E0,1.E0));
#8081=DIRECTION('',(0.E0,-1.E0,0.E0));
#8082=AXIS2_PLACEMENT_3D('',#8079,#8080,#8081);
#8083=CYLINDRICAL_SURFACE('',#8082,3.E0);
#8084=ORIENTED_EDGE('',*,*,#4402,.T.);
#8085=ORIENTED_EDGE('',*,*,#8074,.F.);
#8086=ORIENTED_EDGE('',*,*,#8060,.F.);
#8087=ORIENTED_EDGE('',*,*,#8071,.T.);
#8088=EDGE_LOOP('',(#8084,#8085,#8086,#8087));
#8089=FACE_OUTER_BOUND('',#8088,.F.);
#8090=ADVANCED_FACE('',(#8089),#8083,.F.);
#8094=DIMENSIONAL_EXPONENTS(0.E0,0.E0,0.E0,0.E0,0.E0,0.E0,0.E0);
#8096=PLANE_ANGLE_MEASURE_WITH_UNIT(PLANE_ANGLE_MEASURE(1.745329251994E-2),
#8095);
#8097=(CONVERSION_BASED_UNIT('DEGREE',#8096)NAMED_UNIT(*)PLANE_ANGLE_UNIT());
#8099=UNCERTAINTY_MEASURE_WITH_UNIT(LENGTH_MEASURE(9.906E-3),#8093,'closure',
'Maximum model space distance between geometric entities at asserted connectivities');
#8100=(GEOMETRIC_REPRESENTATION_CONTEXT(3)GLOBAL_UNCERTAINTY_ASSIGNED_CONTEXT((
#8099))GLOBAL_UNIT_ASSIGNED_CONTEXT((#8093,#8097,#8098))REPRESENTATION_CONTEXT(
'ID1','3'));
#8102=APPLICATION_CONTEXT(
'CONFIGURATION CONTROLLED 3D DESIGNS OF MECHANICAL PARTS AND ASSEMBLIES');
#8103=APPLICATION_PROTOCOL_DEFINITION('international standard',
'config_control_design',1994,#8102);
#8104=DESIGN_CONTEXT('',#8102,'design');
#8105=MECHANICAL_CONTEXT('',#8102,'mechanical');
#8106=PRODUCT('ROUEDENTE0','ROUEDENTE0','NOT SPECIFIED',(#8105));
#8107=PRODUCT_DEFINITION_FORMATION_WITH_SPECIFIED_SOURCE('1','LAST_VERSION',
#8106,.MADE.);
#8111=PRODUCT_CATEGORY('part','');
#8112=PRODUCT_RELATED_PRODUCT_CATEGORY('detail','',(#8106));
#8113=PRODUCT_CATEGORY_RELATIONSHIP('','',#8111,#8112);
#8114=SECURITY_CLASSIFICATION_LEVEL('unclassified');
#8115=SECURITY_CLASSIFICATION('','',#8114);
#8116=CC_DESIGN_SECURITY_CLASSIFICATION(#8115,(#8107));
#8117=APPROVAL_STATUS('approved');
#8118=APPROVAL(#8117,'');
#8119=CC_DESIGN_APPROVAL(#8118,(#8115,#8107,#8108));
#8120=CALENDAR_DATE(126,15,2);
#8121=COORDINATED_UNIVERSAL_TIME_OFFSET(1,0,.AHEAD.);
#8122=LOCAL_TIME(17,3,1.8E1,#8121);
#8123=DATE_AND_TIME(#8120,#8122);
#8124=APPROVAL_DATE_TIME(#8123,#8118);
#8125=DATE_TIME_ROLE('creation_date');
#8126=CC_DESIGN_DATE_AND_TIME_ASSIGNMENT(#8123,#8125,(#8108));
#8127=DATE_TIME_ROLE('classification_date');
#8128=CC_DESIGN_DATE_AND_TIME_ASSIGNMENT(#8123,#8127,(#8115));
#8129=PERSON('UNSPECIFIED','UNSPECIFIED',$,$,$,$);
#8130=ORGANIZATION('UNSPECIFIED','UNSPECIFIED','UNSPECIFIED');
#8131=PERSON_AND_ORGANIZATION(#8129,#8130);
#8132=APPROVAL_ROLE('approver');
#8133=APPROVAL_PERSON_ORGANIZATION(#8131,#8118,#8132);
#8134=PERSON_AND_ORGANIZATION_ROLE('creator');
#8135=CC_DESIGN_PERSON_AND_ORGANIZATION_ASSIGNMENT(#8131,#8134,(#8107,#8108));
#8136=PERSON_AND_ORGANIZATION_ROLE('design_supplier');
#8137=CC_DESIGN_PERSON_AND_ORGANIZATION_ASSIGNMENT(#8131,#8136,(#8107));
#8138=PERSON_AND_ORGANIZATION_ROLE('classification_officer');
#8139=CC_DESIGN_PERSON_AND_ORGANIZATION_ASSIGNMENT(#8131,#8138,(#8115));
#8140=PERSON_AND_ORGANIZATION_ROLE('design_owner');
#8141=CC_DESIGN_PERSON_AND_ORGANIZATION_ASSIGNMENT(#8131,#8140,(#8106));
#961=CIRCLE('',#960,3.E0);
#966=CIRCLE('',#965,3.E0);
#1935=CIRCLE('',#1934,1.E1);
#1940=CIRCLE('',#1939,1.E1);
#2913=CIRCLE('',#2912,1.E1);
#2918=CIRCLE('',#2917,1.E1);
#2923=CIRCLE('',#2922,3.E0);
#2928=CIRCLE('',#2927,3.E0);
#3918=EDGE_CURVE('',#3866,#3895,#4,.T.);
#3920=EDGE_CURVE('',#3895,#3879,#8,.T.);
#3922=EDGE_CURVE('',#3879,#3880,#12,.T.);
#3924=EDGE_CURVE('',#3880,#3882,#16,.T.);
#3926=EDGE_CURVE('',#3882,#3891,#20,.T.);
#3928=EDGE_CURVE('',#3891,#2939,#24,.T.);
#3930=EDGE_CURVE('',#2939,#2940,#28,.T.);
#3932=EDGE_CURVE('',#2940,#2942,#32,.T.);
#3934=EDGE_CURVE('',#2942,#2963,#36,.T.);
#3936=EDGE_CURVE('',#2963,#2951,#40,.T.);
#3938=EDGE_CURVE('',#2951,#2952,#44,.T.);
#3940=EDGE_CURVE('',#2952,#2954,#48,.T.);
#3942=EDGE_CURVE('',#2954,#2979,#52,.T.);
#3944=EDGE_CURVE('',#2979,#2967,#56,.T.);
#3946=EDGE_CURVE('',#2967,#2968,#60,.T.);
#3948=EDGE_CURVE('',#2968,#2970,#64,.T.);
#3950=EDGE_CURVE('',#2970,#2995,#68,.T.);
#3952=EDGE_CURVE('',#2995,#2983,#72,.T.);
#3954=EDGE_CURVE('',#2983,#2984,#76,.T.);
#3956=EDGE_CURVE('',#2984,#2986,#80,.T.);
#3958=EDGE_CURVE('',#2986,#3011,#84,.T.);
#3960=EDGE_CURVE('',#3011,#2999,#88,.T.);
#3962=EDGE_CURVE('',#2999,#3000,#92,.T.);
#3964=EDGE_CURVE('',#3000,#3002,#96,.T.);
#3966=EDGE_CURVE('',#3002,#3027,#100,.T.);
#3968=EDGE_CURVE('',#3027,#3015,#104,.T.);
#3970=EDGE_CURVE('',#3015,#3016,#108,.T.);
#3972=EDGE_CURVE('',#3016,#3018,#112,.T.);
#3974=EDGE_CURVE('',#3018,#3043,#116,.T.);
#3976=EDGE_CURVE('',#3043,#3031,#120,.T.);
#3978=EDGE_CURVE('',#3031,#3032,#124,.T.);
#3980=EDGE_CURVE('',#3032,#3034,#128,.T.);
#3982=EDGE_CURVE('',#3034,#3059,#132,.T.);
#3984=EDGE_CURVE('',#3059,#3047,#136,.T.);
#3986=EDGE_CURVE('',#3047,#3048,#140,.T.);
#3988=EDGE_CURVE('',#3048,#3050,#144,.T.);
#3990=EDGE_CURVE('',#3050,#3075,#148,.T.);
#3992=EDGE_CURVE('',#3075,#3063,#152,.T.);
#3994=EDGE_CURVE('',#3063,#3064,#156,.T.);
#3996=EDGE_CURVE('',#3064,#3066,#160,.T.);
#3998=EDGE_CURVE('',#3066,#3091,#164,.T.);
#4000=EDGE_CURVE('',#3091,#3079,#168,.T.);
#4002=EDGE_CURVE('',#3079,#3080,#172,.T.);
#4004=EDGE_CURVE('',#3080,#3082,#176,.T.);
#4006=EDGE_CURVE('',#3082,#3107,#180,.T.);
#4008=EDGE_CURVE('',#3107,#3095,#184,.T.);
#4010=EDGE_CURVE('',#3095,#3096,#188,.T.);
#4012=EDGE_CURVE('',#3096,#3098,#192,.T.);
#4014=EDGE_CURVE('',#3098,#3123,#196,.T.);
#4016=EDGE_CURVE('',#3123,#3111,#200,.T.);
#4018=EDGE_CURVE('',#3111,#3112,#204,.T.);
#4020=EDGE_CURVE('',#3112,#3114,#208,.T.);
#4022=EDGE_CURVE('',#3114,#3139,#212,.T.);
#4024=EDGE_CURVE('',#3139,#3127,#216,.T.);
#4026=EDGE_CURVE('',#3127,#3128,#220,.T.);
#4028=EDGE_CURVE('',#3128,#3130,#224,.T.);
#4030=EDGE_CURVE('',#3130,#3155,#228,.T.);
#4032=EDGE_CURVE('',#3155,#3143,#232,.T.);
#4034=EDGE_CURVE('',#3143,#3144,#236,.T.);
#4036=EDGE_CURVE('',#3144,#3146,#240,.T.);
#4038=EDGE_CURVE('',#3146,#3171,#244,.T.);
#4040=EDGE_CURVE('',#3171,#3159,#248,.T.);
#4042=EDGE_CURVE('',#3159,#3160,#252,.T.);
#4044=EDGE_CURVE('',#3160,#3162,#256,.T.);
#4046=EDGE_CURVE('',#3162,#3187,#260,.T.);
#4048=EDGE_CURVE('',#3187,#3175,#264,.T.);
#4050=EDGE_CURVE('',#3175,#3176,#268,.T.);
#4052=EDGE_CURVE('',#3176,#3178,#272,.T.);
#4054=EDGE_CURVE('',#3178,#3203,#276,.T.);
#4056=EDGE_CURVE('',#3203,#3191,#280,.T.);
#4058=EDGE_CURVE('',#3191,#3192,#284,.T.);
#4060=EDGE_CURVE('',#3192,#3194,#288,.T.);
#4062=EDGE_CURVE('',#3194,#3219,#292,.T.);
#4064=EDGE_CURVE('',#3219,#3207,#296,.T.);
#4066=EDGE_CURVE('',#3207,#3208,#300,.T.);
#4068=EDGE_CURVE('',#3208,#3210,#304,.T.);
#4070=EDGE_CURVE('',#3210,#3235,#308,.T.);
#4072=EDGE_CURVE('',#3235,#3223,#312,.T.);
#4074=EDGE_CURVE('',#3223,#3224,#316,.T.);
#4076=EDGE_CURVE('',#3224,#3226,#320,.T.);
#4078=EDGE_CURVE('',#3226,#3251,#324,.T.);
#4080=EDGE_CURVE('',#3251,#3239,#328,.T.);
#4082=EDGE_CURVE('',#3239,#3240,#332,.T.);
#4084=EDGE_CURVE('',#3240,#3242,#336,.T.);
#4086=EDGE_CURVE('',#3242,#3267,#340,.T.);
#4088=EDGE_CURVE('',#3267,#3255,#344,.T.);
#4090=EDGE_CURVE('',#3255,#3256,#348,.T.);
#4092=EDGE_CURVE('',#3256,#3258,#352,.T.);
#4094=EDGE_CURVE('',#3258,#3283,#356,.T.);
#4096=EDGE_CURVE('',#3283,#3271,#360,.T.);
#4098=EDGE_CURVE('',#3271,#3272,#364,.T.);
#4100=EDGE_CURVE('',#3272,#3274,#368,.T.);
#4102=EDGE_CURVE('',#3274,#3299,#372,.T.);
#4104=EDGE_CURVE('',#3299,#3287,#376,.T.);
#4106=EDGE_CURVE('',#3287,#3288,#380,.T.);
#4108=EDGE_CURVE('',#3288,#3290,#384,.T.);
#4110=EDGE_CURVE('',#3290,#3315,#388,.T.);
#4112=EDGE_CURVE('',#3315,#3303,#392,.T.);
#4114=EDGE_CURVE('',#3303,#3304,#396,.T.);
#4116=EDGE_CURVE('',#3304,#3306,#400,.T.);
#4118=EDGE_CURVE('',#3306,#3331,#404,.T.);
#4120=EDGE_CURVE('',#3331,#3319,#408,.T.);
#4122=EDGE_CURVE('',#3319,#3320,#412,.T.);
#4124=EDGE_CURVE('',#3320,#3322,#416,.T.);
#4126=EDGE_CURVE('',#3322,#3347,#420,.T.);
#4128=EDGE_CURVE('',#3347,#3335,#424,.T.);
#4130=EDGE_CURVE('',#3335,#3336,#428,.T.);
#4132=EDGE_CURVE('',#3336,#3338,#432,.T.);
#4134=EDGE_CURVE('',#3338,#3363,#436,.T.);
#4136=EDGE_CURVE('',#3363,#3351,#440,.T.);
#4138=EDGE_CURVE('',#3351,#3352,#444,.T.);
#4140=EDGE_CURVE('',#3352,#3354,#448,.T.);
#4142=EDGE_CURVE('',#3354,#3379,#452,.T.);
#4144=EDGE_CURVE('',#3379,#3367,#456,.T.);
#4146=EDGE_CURVE('',#3367,#3368,#460,.T.);
#4148=EDGE_CURVE('',#3368,#3370,#464,.T.);
#4150=EDGE_CURVE('',#3370,#3395,#468,.T.);
#4152=EDGE_CURVE('',#3395,#3383,#472,.T.);
#4154=EDGE_CURVE('',#3383,#3384,#476,.T.);
#4156=EDGE_CURVE('',#3384,#3386,#480,.T.);
#4158=EDGE_CURVE('',#3386,#3411,#484,.T.);
#4160=EDGE_CURVE('',#3411,#3399,#488,.T.);
#4162=EDGE_CURVE('',#3399,#3400,#492,.T.);
#4164=EDGE_CURVE('',#3400,#3402,#496,.T.);
#4166=EDGE_CURVE('',#3427,#3402,#2436,.T.);
#4168=EDGE_CURVE('',#3427,#3415,#500,.T.);
#4170=EDGE_CURVE('',#3415,#3416,#504,.T.);
#4172=EDGE_CURVE('',#3416,#3418,#508,.T.);
#4174=EDGE_CURVE('',#3418,#3443,#512,.T.);
#4176=EDGE_CURVE('',#3443,#3431,#516,.T.);
#4178=EDGE_CURVE('',#3431,#3432,#520,.T.);
#4180=EDGE_CURVE('',#3432,#3434,#524,.T.);
#4182=EDGE_CURVE('',#3434,#3459,#528,.T.);
#4184=EDGE_CURVE('',#3459,#3447,#532,.T.);
#4186=EDGE_CURVE('',#3447,#3448,#536,.T.);
#4188=EDGE_CURVE('',#3448,#3450,#540,.T.);
#4190=EDGE_CURVE('',#3450,#3475,#544,.T.);
#4192=EDGE_CURVE('',#3475,#3463,#548,.T.);
#4194=EDGE_CURVE('',#3463,#3464,#552,.T.);
#4196=EDGE_CURVE('',#3464,#3466,#556,.T.);
#4198=EDGE_CURVE('',#3466,#3491,#560,.T.);
#4200=EDGE_CURVE('',#3491,#3479,#564,.T.);
#4202=EDGE_CURVE('',#3479,#3480,#568,.T.);
#4204=EDGE_CURVE('',#3480,#3482,#572,.T.);
#4206=EDGE_CURVE('',#3482,#3507,#576,.T.);
#4208=EDGE_CURVE('',#3507,#3495,#580,.T.);
#4210=EDGE_CURVE('',#3495,#3496,#584,.T.);
#4212=EDGE_CURVE('',#3496,#3498,#588,.T.);
#4214=EDGE_CURVE('',#3498,#3523,#592,.T.);
#4216=EDGE_CURVE('',#3523,#3511,#596,.T.);
#4218=EDGE_CURVE('',#3511,#3512,#600,.T.);
#4220=EDGE_CURVE('',#3512,#3514,#604,.T.);
#4222=EDGE_CURVE('',#3514,#3539,#608,.T.);
#4224=EDGE_CURVE('',#3539,#3527,#612,.T.);
#4226=EDGE_CURVE('',#3527,#3528,#616,.T.);
#4228=EDGE_CURVE('',#3528,#3530,#620,.T.);
#4230=EDGE_CURVE('',#3530,#3555,#624,.T.);
#4232=EDGE_CURVE('',#3555,#3543,#628,.T.);
#4234=EDGE_CURVE('',#3543,#3544,#632,.T.);
#4236=EDGE_CURVE('',#3544,#3546,#636,.T.);
#4238=EDGE_CURVE('',#3546,#3571,#640,.T.);
#4240=EDGE_CURVE('',#3571,#3559,#644,.T.);
#4242=EDGE_CURVE('',#3559,#3560,#648,.T.);
#4244=EDGE_CURVE('',#3560,#3562,#652,.T.);
#4246=EDGE_CURVE('',#3562,#3587,#656,.T.);
#4248=EDGE_CURVE('',#3587,#3575,#660,.T.);
#4250=EDGE_CURVE('',#3575,#3576,#664,.T.);
#4252=EDGE_CURVE('',#3576,#3578,#668,.T.);
#4254=EDGE_CURVE('',#3578,#3603,#672,.T.);
#4256=EDGE_CURVE('',#3603,#3591,#676,.T.);
#4258=EDGE_CURVE('',#3591,#3592,#680,.T.);
#4260=EDGE_CURVE('',#3592,#3594,#684,.T.);
#4262=EDGE_CURVE('',#3594,#3619,#688,.T.);
#4264=EDGE_CURVE('',#3619,#3607,#692,.T.);
#4266=EDGE_CURVE('',#3607,#3608,#696,.T.);
#4268=EDGE_CURVE('',#3608,#3610,#700,.T.);
#4270=EDGE_CURVE('',#3610,#3635,#704,.T.);
#4272=EDGE_CURVE('',#3635,#3623,#708,.T.);
#4274=EDGE_CURVE('',#3623,#3624,#712,.T.);
#4276=EDGE_CURVE('',#3624,#3626,#716,.T.);
#4278=EDGE_CURVE('',#3626,#3651,#720,.T.);
#4280=EDGE_CURVE('',#3651,#3639,#724,.T.);
#4282=EDGE_CURVE('',#3639,#3640,#728,.T.);
#4284=EDGE_CURVE('',#3640,#3642,#732,.T.);
#4286=EDGE_CURVE('',#3642,#3667,#736,.T.);
#4288=EDGE_CURVE('',#3667,#3655,#740,.T.);
#4290=EDGE_CURVE('',#3655,#3656,#744,.T.);
#4292=EDGE_CURVE('',#3656,#3658,#748,.T.);
#4294=EDGE_CURVE('',#3658,#3683,#752,.T.);
#4296=EDGE_CURVE('',#3683,#3671,#756,.T.);
#4298=EDGE_CURVE('',#3671,#3672,#760,.T.);
#4300=EDGE_CURVE('',#3672,#3674,#764,.T.);
#4302=EDGE_CURVE('',#3674,#3699,#768,.T.);
#4304=EDGE_CURVE('',#3699,#3687,#772,.T.);
#4306=EDGE_CURVE('',#3687,#3688,#776,.T.);
#4308=EDGE_CURVE('',#3688,#3690,#780,.T.);
#4310=EDGE_CURVE('',#3690,#3715,#784,.T.);
#4312=EDGE_CURVE('',#3715,#3703,#788,.T.);
#4314=EDGE_CURVE('',#3703,#3704,#792,.T.);
#4316=EDGE_CURVE('',#3704,#3706,#796,.T.);
#4318=EDGE_CURVE('',#3706,#3731,#800,.T.);
#4320=EDGE_CURVE('',#3731,#3719,#804,.T.);
#4322=EDGE_CURVE('',#3719,#3720,#808,.T.);
#4324=EDGE_CURVE('',#3720,#3722,#812,.T.);
#4326=EDGE_CURVE('',#3722,#3747,#816,.T.);
#4328=EDGE_CURVE('',#3747,#3735,#820,.T.);
#4330=EDGE_CURVE('',#3735,#3736,#824,.T.);
#4332=EDGE_CURVE('',#3736,#3738,#828,.T.);
#4334=EDGE_CURVE('',#3738,#3763,#832,.T.);
#4336=EDGE_CURVE('',#3763,#3751,#836,.T.);
#4338=EDGE_CURVE('',#3751,#3752,#840,.T.);
#4340=EDGE_CURVE('',#3752,#3754,#844,.T.);
#4342=EDGE_CURVE('',#3754,#3779,#848,.T.);
#4344=EDGE_CURVE('',#3779,#3767,#852,.T.);
#4346=EDGE_CURVE('',#3767,#3768,#856,.T.);
#4348=EDGE_CURVE('',#3768,#3770,#860,.T.);
#4350=EDGE_CURVE('',#3770,#3795,#864,.T.);
#4352=EDGE_CURVE('',#3795,#3783,#868,.T.);
#4354=EDGE_CURVE('',#3783,#3784,#872,.T.);
#4356=EDGE_CURVE('',#3784,#3786,#876,.T.);
#4358=EDGE_CURVE('',#3786,#3811,#880,.T.);
#4360=EDGE_CURVE('',#3811,#3799,#884,.T.);
#4362=EDGE_CURVE('',#3799,#3800,#888,.T.);
#4364=EDGE_CURVE('',#3800,#3802,#892,.T.);
#4366=EDGE_CURVE('',#3802,#3827,#896,.T.);
#4368=EDGE_CURVE('',#3827,#3815,#900,.T.);
#4370=EDGE_CURVE('',#3815,#3816,#904,.T.);
#4372=EDGE_CURVE('',#3816,#3818,#908,.T.);
#4374=EDGE_CURVE('',#3818,#3843,#912,.T.);
#4376=EDGE_CURVE('',#3843,#3831,#916,.T.);
#4378=EDGE_CURVE('',#3831,#3832,#920,.T.);
#4380=EDGE_CURVE('',#3832,#3834,#924,.T.);
#4382=EDGE_CURVE('',#3834,#3859,#928,.T.);
#4384=EDGE_CURVE('',#3859,#3847,#932,.T.);
#4386=EDGE_CURVE('',#3847,#3848,#936,.T.);
#4388=EDGE_CURVE('',#3848,#3850,#940,.T.);
#4390=EDGE_CURVE('',#3850,#3875,#944,.T.);
#4392=EDGE_CURVE('',#3875,#3863,#948,.T.);
#4394=EDGE_CURVE('',#3863,#3864,#952,.T.);
#4396=EDGE_CURVE('',#3864,#3866,#956,.T.);
#4400=EDGE_CURVE('',#3907,#3908,#961,.T.);
#4402=EDGE_CURVE('',#3908,#3907,#966,.T.);
#4412=EDGE_CURVE('',#3895,#3896,#970,.T.);
#4415=EDGE_CURVE('',#3866,#3872,#974,.T.);
#4417=EDGE_CURVE('',#3872,#3896,#998,.T.);
#4428=EDGE_CURVE('',#3896,#3885,#994,.T.);
#4430=EDGE_CURVE('',#3879,#3885,#1956,.T.);
#4441=EDGE_CURVE('',#3892,#2945,#978,.T.);
#4443=EDGE_CURVE('',#3888,#3892,#982,.T.);
#4445=EDGE_CURVE('',#3886,#3888,#986,.T.);
#4447=EDGE_CURVE('',#3885,#3886,#990,.T.);
#4451=EDGE_CURVE('',#3870,#3872,#1002,.T.);
#4453=EDGE_CURVE('',#3869,#3870,#1006,.T.);
#4455=EDGE_CURVE('',#3876,#3869,#1010,.T.);
#4457=EDGE_CURVE('',#3856,#3876,#1014,.T.);
#4459=EDGE_CURVE('',#3854,#3856,#1018,.T.);
#4461=EDGE_CURVE('',#3853,#3854,#1022,.T.);
#4463=EDGE_CURVE('',#3860,#3853,#1026,.T.);
#4465=EDGE_CURVE('',#3840,#3860,#1030,.T.);
#4467=EDGE_CURVE('',#3838,#3840,#1034,.T.);
#4469=EDGE_CURVE('',#3837,#3838,#1038,.T.);
#4471=EDGE_CURVE('',#3844,#3837,#1042,.T.);
#4473=EDGE_CURVE('',#3824,#3844,#1046,.T.);
#4475=EDGE_CURVE('',#3822,#3824,#1050,.T.);
#4477=EDGE_CURVE('',#3821,#3822,#1054,.T.);
#4479=EDGE_CURVE('',#3828,#3821,#1058,.T.);
#4481=EDGE_CURVE('',#3808,#3828,#1062,.T.);
#4483=EDGE_CURVE('',#3806,#3808,#1066,.T.);
#4485=EDGE_CURVE('',#3805,#3806,#1070,.T.);
#4487=EDGE_CURVE('',#3812,#3805,#1074,.T.);
#4489=EDGE_CURVE('',#3792,#3812,#1078,.T.);
#4491=EDGE_CURVE('',#3790,#3792,#1082,.T.);
#4493=EDGE_CURVE('',#3789,#3790,#1086,.T.);
#4495=EDGE_CURVE('',#3796,#3789,#1090,.T.);
#4497=EDGE_CURVE('',#3776,#3796,#1094,.T.);
#4499=EDGE_CURVE('',#3774,#3776,#1098,.T.);
#4501=EDGE_CURVE('',#3773,#3774,#1102,.T.);
#4503=EDGE_CURVE('',#3780,#3773,#1106,.T.);
#4505=EDGE_CURVE('',#3760,#3780,#1110,.T.);
#4507=EDGE_CURVE('',#3758,#3760,#1114,.T.);
#4509=EDGE_CURVE('',#3757,#3758,#1118,.T.);
#4511=EDGE_CURVE('',#3764,#3757,#1122,.T.);
#4513=EDGE_CURVE('',#3744,#3764,#1126,.T.);
#4515=EDGE_CURVE('',#3742,#3744,#1130,.T.);
#4517=EDGE_CURVE('',#3741,#3742,#1134,.T.);
#4519=EDGE_CURVE('',#3748,#3741,#1138,.T.);
#4521=EDGE_CURVE('',#3728,#3748,#1142,.T.);
#4523=EDGE_CURVE('',#3726,#3728,#1146,.T.);
#4525=EDGE_CURVE('',#3725,#3726,#1150,.T.);
#4527=EDGE_CURVE('',#3732,#3725,#1154,.T.);
#4529=EDGE_CURVE('',#3712,#3732,#1158,.T.);
#4531=EDGE_CURVE('',#3710,#3712,#1162,.T.);
#4533=EDGE_CURVE('',#3709,#3710,#1166,.T.);
#4535=EDGE_CURVE('',#3716,#3709,#1170,.T.);
#4537=EDGE_CURVE('',#3696,#3716,#1174,.T.);
#4539=EDGE_CURVE('',#3694,#3696,#1178,.T.);
#4541=EDGE_CURVE('',#3693,#3694,#1182,.T.);
#4543=EDGE_CURVE('',#3700,#3693,#1186,.T.);
#4545=EDGE_CURVE('',#3680,#3700,#1190,.T.);
#4547=EDGE_CURVE('',#3678,#3680,#1194,.T.);
#4549=EDGE_CURVE('',#3677,#3678,#1198,.T.);
#4551=EDGE_CURVE('',#3684,#3677,#1202,.T.);
#4553=EDGE_CURVE('',#3664,#3684,#1206,.T.);
#4555=EDGE_CURVE('',#3662,#3664,#1210,.T.);
#4557=EDGE_CURVE('',#3661,#3662,#1214,.T.);
#4559=EDGE_CURVE('',#3668,#3661,#1218,.T.);
#4561=EDGE_CURVE('',#3648,#3668,#1222,.T.);
#4563=EDGE_CURVE('',#3646,#3648,#1226,.T.);
#4565=EDGE_CURVE('',#3645,#3646,#1230,.T.);
#4567=EDGE_CURVE('',#3652,#3645,#1234,.T.);
#4569=EDGE_CURVE('',#3632,#3652,#1238,.T.);
#4571=EDGE_CURVE('',#3630,#3632,#1242,.T.);
#4573=EDGE_CURVE('',#3629,#3630,#1246,.T.);
#4575=EDGE_CURVE('',#3636,#3629,#1250,.T.);
#4577=EDGE_CURVE('',#3616,#3636,#1254,.T.);
#4579=EDGE_CURVE('',#3614,#3616,#1258,.T.);
#4581=EDGE_CURVE('',#3613,#3614,#1262,.T.);
#4583=EDGE_CURVE('',#3620,#3613,#1266,.T.);
#4585=EDGE_CURVE('',#3600,#3620,#1270,.T.);
#4587=EDGE_CURVE('',#3598,#3600,#1274,.T.);
#4589=EDGE_CURVE('',#3597,#3598,#1278,.T.);
#4591=EDGE_CURVE('',#3604,#3597,#1282,.T.);
#4593=EDGE_CURVE('',#3584,#3604,#1286,.T.);
#4595=EDGE_CURVE('',#3582,#3584,#1290,.T.);
#4597=EDGE_CURVE('',#3581,#3582,#1294,.T.);
#4599=EDGE_CURVE('',#3588,#3581,#1298,.T.);
#4601=EDGE_CURVE('',#3568,#3588,#1302,.T.);
#4603=EDGE_CURVE('',#3566,#3568,#1306,.T.);
#4605=EDGE_CURVE('',#3565,#3566,#1310,.T.);
#4607=EDGE_CURVE('',#3572,#3565,#1314,.T.);
#4609=EDGE_CURVE('',#3552,#3572,#1318,.T.);
#4611=EDGE_CURVE('',#3550,#3552,#1322,.T.);
#4613=EDGE_CURVE('',#3549,#3550,#1326,.T.);
#4615=EDGE_CURVE('',#3556,#3549,#1330,.T.);
#4617=EDGE_CURVE('',#3536,#3556,#1334,.T.);
#4619=EDGE_CURVE('',#3534,#3536,#1338,.T.);
#4621=EDGE_CURVE('',#3533,#3534,#1342,.T.);
#4623=EDGE_CURVE('',#3540,#3533,#1346,.T.);
#4625=EDGE_CURVE('',#3520,#3540,#1350,.T.);
#4627=EDGE_CURVE('',#3518,#3520,#1354,.T.);
#4629=EDGE_CURVE('',#3517,#3518,#1358,.T.);
#4631=EDGE_CURVE('',#3524,#3517,#1362,.T.);
#4633=EDGE_CURVE('',#3504,#3524,#1366,.T.);
#4635=EDGE_CURVE('',#3502,#3504,#1370,.T.);
#4637=EDGE_CURVE('',#3501,#3502,#1374,.T.);
#4639=EDGE_CURVE('',#3508,#3501,#1378,.T.);
#4641=EDGE_CURVE('',#3488,#3508,#1382,.T.);
#4643=EDGE_CURVE('',#3486,#3488,#1386,.T.);
#4645=EDGE_CURVE('',#3485,#3486,#1390,.T.);
#4647=EDGE_CURVE('',#3492,#3485,#1394,.T.);
#4649=EDGE_CURVE('',#3472,#3492,#1398,.T.);
#4651=EDGE_CURVE('',#3470,#3472,#1402,.T.);
#4653=EDGE_CURVE('',#3469,#3470,#1406,.T.);
#4655=EDGE_CURVE('',#3476,#3469,#1410,.T.);
#4657=EDGE_CURVE('',#3456,#3476,#1414,.T.);
#4659=EDGE_CURVE('',#3454,#3456,#1418,.T.);
#4661=EDGE_CURVE('',#3453,#3454,#1422,.T.);
#4663=EDGE_CURVE('',#3460,#3453,#1426,.T.);
#4665=EDGE_CURVE('',#3440,#3460,#1430,.T.);
#4667=EDGE_CURVE('',#3438,#3440,#1434,.T.);
#4669=EDGE_CURVE('',#3437,#3438,#1438,.T.);
#4671=EDGE_CURVE('',#3444,#3437,#1442,.T.);
#4673=EDGE_CURVE('',#3424,#3444,#1446,.T.);
#4675=EDGE_CURVE('',#3422,#3424,#1450,.T.);
#4677=EDGE_CURVE('',#3421,#3422,#1454,.T.);
#4679=EDGE_CURVE('',#3428,#3421,#1458,.T.);
#4681=EDGE_CURVE('',#3408,#3428,#2444,.T.);
#4683=EDGE_CURVE('',#3406,#3408,#1462,.T.);
#4685=EDGE_CURVE('',#3405,#3406,#1466,.T.);
#4687=EDGE_CURVE('',#3412,#3405,#1470,.T.);
#4689=EDGE_CURVE('',#3392,#3412,#1474,.T.);
#4691=EDGE_CURVE('',#3390,#3392,#1478,.T.);
#4693=EDGE_CURVE('',#3389,#3390,#1482,.T.);
#4695=EDGE_CURVE('',#3396,#3389,#1486,.T.);
#4697=EDGE_CURVE('',#3376,#3396,#1490,.T.);
#4699=EDGE_CURVE('',#3374,#3376,#1494,.T.);
#4701=EDGE_CURVE('',#3373,#3374,#1498,.T.);
#4703=EDGE_CURVE('',#3380,#3373,#1502,.T.);
#4705=EDGE_CURVE('',#3360,#3380,#1506,.T.);
#4707=EDGE_CURVE('',#3358,#3360,#1510,.T.);
#4709=EDGE_CURVE('',#3357,#3358,#1514,.T.);
#4711=EDGE_CURVE('',#3364,#3357,#1518,.T.);
#4713=EDGE_CURVE('',#3344,#3364,#1522,.T.);
#4715=EDGE_CURVE('',#3342,#3344,#1526,.T.);
#4717=EDGE_CURVE('',#3341,#3342,#1530,.T.);
#4719=EDGE_CURVE('',#3348,#3341,#1534,.T.);
#4721=EDGE_CURVE('',#3328,#3348,#1538,.T.);
#4723=EDGE_CURVE('',#3326,#3328,#1542,.T.);
#4725=EDGE_CURVE('',#3325,#3326,#1546,.T.);
#4727=EDGE_CURVE('',#3332,#3325,#1550,.T.);
#4729=EDGE_CURVE('',#3312,#3332,#1554,.T.);
#4731=EDGE_CURVE('',#3310,#3312,#1558,.T.);
#4733=EDGE_CURVE('',#3309,#3310,#1562,.T.);
#4735=EDGE_CURVE('',#3316,#3309,#1566,.T.);
#4737=EDGE_CURVE('',#3296,#3316,#1570,.T.);
#4739=EDGE_CURVE('',#3294,#3296,#1574,.T.);
#4741=EDGE_CURVE('',#3293,#3294,#1578,.T.);
#4743=EDGE_CURVE('',#3300,#3293,#1582,.T.);
#4745=EDGE_CURVE('',#3280,#3300,#1586,.T.);
#4747=EDGE_CURVE('',#3278,#3280,#1590,.T.);
#4749=EDGE_CURVE('',#3277,#3278,#1594,.T.);
#4751=EDGE_CURVE('',#3284,#3277,#1598,.T.);
#4753=EDGE_CURVE('',#3264,#3284,#1602,.T.);
#4755=EDGE_CURVE('',#3262,#3264,#1606,.T.);
#4757=EDGE_CURVE('',#3261,#3262,#1610,.T.);
#4759=EDGE_CURVE('',#3268,#3261,#1614,.T.);
#4761=EDGE_CURVE('',#3248,#3268,#1618,.T.);
#4763=EDGE_CURVE('',#3246,#3248,#1622,.T.);
#4765=EDGE_CURVE('',#3245,#3246,#1626,.T.);
#4767=EDGE_CURVE('',#3252,#3245,#1630,.T.);
#4769=EDGE_CURVE('',#3232,#3252,#1634,.T.);
#4771=EDGE_CURVE('',#3230,#3232,#1638,.T.);
#4773=EDGE_CURVE('',#3229,#3230,#1642,.T.);
#4775=EDGE_CURVE('',#3236,#3229,#1646,.T.);
#4777=EDGE_CURVE('',#3216,#3236,#1650,.T.);
#4779=EDGE_CURVE('',#3214,#3216,#1654,.T.);
#4781=EDGE_CURVE('',#3213,#3214,#1658,.T.);
#4783=EDGE_CURVE('',#3220,#3213,#1662,.T.);
#4785=EDGE_CURVE('',#3200,#3220,#1666,.T.);
#4787=EDGE_CURVE('',#3198,#3200,#1670,.T.);
#4789=EDGE_CURVE('',#3197,#3198,#1674,.T.);
#4791=EDGE_CURVE('',#3204,#3197,#1678,.T.);
#4793=EDGE_CURVE('',#3184,#3204,#1682,.T.);
#4795=EDGE_CURVE('',#3182,#3184,#1686,.T.);
#4797=EDGE_CURVE('',#3181,#3182,#1690,.T.);
#4799=EDGE_CURVE('',#3188,#3181,#1694,.T.);
#4801=EDGE_CURVE('',#3168,#3188,#1698,.T.);
#4803=EDGE_CURVE('',#3166,#3168,#1702,.T.);
#4805=EDGE_CURVE('',#3165,#3166,#1706,.T.);
#4807=EDGE_CURVE('',#3172,#3165,#1710,.T.);
#4809=EDGE_CURVE('',#3152,#3172,#1714,.T.);
#4811=EDGE_CURVE('',#3150,#3152,#1718,.T.);
#4813=EDGE_CURVE('',#3149,#3150,#1722,.T.);
#4815=EDGE_CURVE('',#3156,#3149,#1726,.T.);
#4817=EDGE_CURVE('',#3136,#3156,#1730,.T.);
#4819=EDGE_CURVE('',#3134,#3136,#1734,.T.);
#4821=EDGE_CURVE('',#3133,#3134,#1738,.T.);
#4823=EDGE_CURVE('',#3140,#3133,#1742,.T.);
#4825=EDGE_CURVE('',#3120,#3140,#1746,.T.);
#4827=EDGE_CURVE('',#3118,#3120,#1750,.T.);
#4829=EDGE_CURVE('',#3117,#3118,#1754,.T.);
#4831=EDGE_CURVE('',#3124,#3117,#1758,.T.);
#4833=EDGE_CURVE('',#3104,#3124,#1762,.T.);
#4835=EDGE_CURVE('',#3102,#3104,#1766,.T.);
#4837=EDGE_CURVE('',#3101,#3102,#1770,.T.);
#4839=EDGE_CURVE('',#3108,#3101,#1774,.T.);
#4841=EDGE_CURVE('',#3088,#3108,#1778,.T.);
#4843=EDGE_CURVE('',#3086,#3088,#1782,.T.);
#4845=EDGE_CURVE('',#3085,#3086,#1786,.T.);
#4847=EDGE_CURVE('',#3092,#3085,#1790,.T.);
#4849=EDGE_CURVE('',#3072,#3092,#1794,.T.);
#4851=EDGE_CURVE('',#3070,#3072,#1798,.T.);
#4853=EDGE_CURVE('',#3069,#3070,#1802,.T.);
#4855=EDGE_CURVE('',#3076,#3069,#1806,.T.);
#4857=EDGE_CURVE('',#3056,#3076,#1810,.T.);
#4859=EDGE_CURVE('',#3054,#3056,#1814,.T.);
#4861=EDGE_CURVE('',#3053,#3054,#1818,.T.);
#4863=EDGE_CURVE('',#3060,#3053,#1822,.T.);
#4865=EDGE_CURVE('',#3040,#3060,#1826,.T.);
#4867=EDGE_CURVE('',#3038,#3040,#1830,.T.);
#4869=EDGE_CURVE('',#3037,#3038,#1834,.T.);
#4871=EDGE_CURVE('',#3044,#3037,#1838,.T.);
#4873=EDGE_CURVE('',#3024,#3044,#1842,.T.);
#4875=EDGE_CURVE('',#3022,#3024,#1846,.T.);
#4877=EDGE_CURVE('',#3021,#3022,#1850,.T.);
#4879=EDGE_CURVE('',#3028,#3021,#1854,.T.);
#4881=EDGE_CURVE('',#3008,#3028,#1858,.T.);
#4883=EDGE_CURVE('',#3006,#3008,#1862,.T.);
#4885=EDGE_CURVE('',#3005,#3006,#1866,.T.);
#4887=EDGE_CURVE('',#3012,#3005,#1870,.T.);
#4889=EDGE_CURVE('',#2992,#3012,#1874,.T.);
#4891=EDGE_CURVE('',#2990,#2992,#1878,.T.);
#4893=EDGE_CURVE('',#2989,#2990,#1882,.T.);
#4895=EDGE_CURVE('',#2996,#2989,#1886,.T.);
#4897=EDGE_CURVE('',#2976,#2996,#1890,.T.);
#4899=EDGE_CURVE('',#2974,#2976,#1894,.T.);
#4901=EDGE_CURVE('',#2973,#2974,#1898,.T.);
#4903=EDGE_CURVE('',#2980,#2973,#1902,.T.);
#4905=EDGE_CURVE('',#2960,#2980,#1906,.T.);
#4907=EDGE_CURVE('',#2958,#2960,#1910,.T.);
#4909=EDGE_CURVE('',#2957,#2958,#1914,.T.);
#4911=EDGE_CURVE('',#2964,#2957,#1918,.T.);
#4913=EDGE_CURVE('',#2948,#2964,#1922,.T.);
#4915=EDGE_CURVE('',#2946,#2948,#1926,.T.);
#4917=EDGE_CURVE('',#2945,#2946,#1930,.T.);
#4921=EDGE_CURVE('',#3903,#3904,#1935,.T.);
#4923=EDGE_CURVE('',#3904,#3903,#1940,.T.);
#4933=EDGE_CURVE('',#3891,#3892,#1944,.T.);
#4936=EDGE_CURVE('',#2939,#2945,#1960,.T.);
#4949=EDGE_CURVE('',#3882,#3888,#1948,.T.);
#4961=EDGE_CURVE('',#3880,#3886,#1952,.T.);
#4988=EDGE_CURVE('',#2940,#2946,#1964,.T.);
#5001=EDGE_CURVE('',#2942,#2948,#1972,.T.);
#5011=EDGE_CURVE('',#2963,#2964,#1968,.T.);
#5026=EDGE_CURVE('',#2951,#2957,#1976,.T.);
#5040=EDGE_CURVE('',#2952,#2958,#1980,.T.);
#5053=EDGE_CURVE('',#2954,#2960,#1988,.T.);
#5063=EDGE_CURVE('',#2979,#2980,#1984,.T.);
#5078=EDGE_CURVE('',#2967,#2973,#1992,.T.);
#5092=EDGE_CURVE('',#2968,#2974,#1996,.T.);
#5105=EDGE_CURVE('',#2970,#2976,#2004,.T.);
#5115=EDGE_CURVE('',#2995,#2996,#2000,.T.);
#5130=EDGE_CURVE('',#2983,#2989,#2008,.T.);
#5144=EDGE_CURVE('',#2984,#2990,#2012,.T.);
#5157=EDGE_CURVE('',#2986,#2992,#2020,.T.);
#5167=EDGE_CURVE('',#3011,#3012,#2016,.T.);
#5182=EDGE_CURVE('',#2999,#3005,#2024,.T.);
#5196=EDGE_CURVE('',#3000,#3006,#2028,.T.);
#5209=EDGE_CURVE('',#3002,#3008,#2036,.T.);
#5219=EDGE_CURVE('',#3027,#3028,#2032,.T.);
#5234=EDGE_CURVE('',#3015,#3021,#2040,.T.);
#5248=EDGE_CURVE('',#3016,#3022,#2044,.T.);
#5261=EDGE_CURVE('',#3018,#3024,#2052,.T.);
#5271=EDGE_CURVE('',#3043,#3044,#2048,.T.);
#5286=EDGE_CURVE('',#3031,#3037,#2056,.T.);
#5300=EDGE_CURVE('',#3032,#3038,#2060,.T.);
#5313=EDGE_CURVE('',#3034,#3040,#2068,.T.);
#5323=EDGE_CURVE('',#3059,#3060,#2064,.T.);
#5338=EDGE_CURVE('',#3047,#3053,#2072,.T.);
#5352=EDGE_CURVE('',#3048,#3054,#2076,.T.);
#5365=EDGE_CURVE('',#3050,#3056,#2084,.T.);
#5375=EDGE_CURVE('',#3075,#3076,#2080,.T.);
#5390=EDGE_CURVE('',#3063,#3069,#2088,.T.);
#5404=EDGE_CURVE('',#3064,#3070,#2092,.T.);
#5417=EDGE_CURVE('',#3066,#3072,#2100,.T.);
#5427=EDGE_CURVE('',#3091,#3092,#2096,.T.);
#5442=EDGE_CURVE('',#3079,#3085,#2104,.T.);
#5456=EDGE_CURVE('',#3080,#3086,#2108,.T.);
#5469=EDGE_CURVE('',#3082,#3088,#2116,.T.);
#5479=EDGE_CURVE('',#3107,#3108,#2112,.T.);
#5494=EDGE_CURVE('',#3095,#3101,#2120,.T.);
#5508=EDGE_CURVE('',#3096,#3102,#2124,.T.);
#5521=EDGE_CURVE('',#3098,#3104,#2132,.T.);
#5531=EDGE_CURVE('',#3123,#3124,#2128,.T.);
#5546=EDGE_CURVE('',#3111,#3117,#2136,.T.);
#5560=EDGE_CURVE('',#3112,#3118,#2140,.T.);
#5573=EDGE_CURVE('',#3114,#3120,#2148,.T.);
#5583=EDGE_CURVE('',#3139,#3140,#2144,.T.);
#5598=EDGE_CURVE('',#3127,#3133,#2152,.T.);
#5612=EDGE_CURVE('',#3128,#3134,#2156,.T.);
#5625=EDGE_CURVE('',#3130,#3136,#2164,.T.);
#5635=EDGE_CURVE('',#3155,#3156,#2160,.T.);
#5650=EDGE_CURVE('',#3143,#3149,#2168,.T.);
#5664=EDGE_CURVE('',#3144,#3150,#2172,.T.);
#5677=EDGE_CURVE('',#3146,#3152,#2180,.T.);
#5687=EDGE_CURVE('',#3171,#3172,#2176,.T.);
#5702=EDGE_CURVE('',#3159,#3165,#2184,.T.);
#5716=EDGE_CURVE('',#3160,#3166,#2188,.T.);
#5729=EDGE_CURVE('',#3162,#3168,#2196,.T.);
#5739=EDGE_CURVE('',#3187,#3188,#2192,.T.);
#5754=EDGE_CURVE('',#3175,#3181,#2200,.T.);
#5768=EDGE_CURVE('',#3176,#3182,#2204,.T.);
#5781=EDGE_CURVE('',#3178,#3184,#2212,.T.);
#5791=EDGE_CURVE('',#3203,#3204,#2208,.T.);
#5806=EDGE_CURVE('',#3191,#3197,#2216,.T.);
#5820=EDGE_CURVE('',#3192,#3198,#2220,.T.);
#5833=EDGE_CURVE('',#3194,#3200,#2228,.T.);
#5843=EDGE_CURVE('',#3219,#3220,#2224,.T.);
#5858=EDGE_CURVE('',#3207,#3213,#2232,.T.);
#5872=EDGE_CURVE('',#3208,#3214,#2236,.T.);
#5885=EDGE_CURVE('',#3210,#3216,#2244,.T.);
#5895=EDGE_CURVE('',#3235,#3236,#2240,.T.);
#5910=EDGE_CURVE('',#3223,#3229,#2248,.T.);
#5924=EDGE_CURVE('',#3224,#3230,#2252,.T.);
#5937=EDGE_CURVE('',#3226,#3232,#2260,.T.);
#5947=EDGE_CURVE('',#3251,#3252,#2256,.T.);
#5962=EDGE_CURVE('',#3239,#3245,#2264,.T.);
#5976=EDGE_CURVE('',#3240,#3246,#2268,.T.);
#5989=EDGE_CURVE('',#3242,#3248,#2276,.T.);
#5999=EDGE_CURVE('',#3267,#3268,#2272,.T.);
#6014=EDGE_CURVE('',#3255,#3261,#2280,.T.);
#6028=EDGE_CURVE('',#3256,#3262,#2284,.T.);
#6041=EDGE_CURVE('',#3258,#3264,#2292,.T.);
#6051=EDGE_CURVE('',#3283,#3284,#2288,.T.);
#6066=EDGE_CURVE('',#3271,#3277,#2296,.T.);
#6080=EDGE_CURVE('',#3272,#3278,#2300,.T.);
#6093=EDGE_CURVE('',#3274,#3280,#2308,.T.);
#6103=EDGE_CURVE('',#3299,#3300,#2304,.T.);
#6118=EDGE_CURVE('',#3287,#3293,#2312,.T.);
#6132=EDGE_CURVE('',#3288,#3294,#2316,.T.);
#6145=EDGE_CURVE('',#3290,#3296,#2324,.T.);
#6155=EDGE_CURVE('',#3315,#3316,#2320,.T.);
#6170=EDGE_CURVE('',#3303,#3309,#2328,.T.);
#6184=EDGE_CURVE('',#3304,#3310,#2332,.T.);
#6197=EDGE_CURVE('',#3306,#3312,#2340,.T.);
#6207=EDGE_CURVE('',#3331,#3332,#2336,.T.);
#6222=EDGE_CURVE('',#3319,#3325,#2344,.T.);
#6236=EDGE_CURVE('',#3320,#3326,#2348,.T.);
#6249=EDGE_CURVE('',#3322,#3328,#2356,.T.);
#6259=EDGE_CURVE('',#3347,#3348,#2352,.T.);
#6274=EDGE_CURVE('',#3335,#3341,#2360,.T.);
#6288=EDGE_CURVE('',#3336,#3342,#2364,.T.);
#6301=EDGE_CURVE('',#3338,#3344,#2372,.T.);
#6311=EDGE_CURVE('',#3363,#3364,#2368,.T.);
#6326=EDGE_CURVE('',#3351,#3357,#2376,.T.);
#6340=EDGE_CURVE('',#3352,#3358,#2380,.T.);
#6353=EDGE_CURVE('',#3354,#3360,#2388,.T.);
#6363=EDGE_CURVE('',#3379,#3380,#2384,.T.);
#6378=EDGE_CURVE('',#3367,#3373,#2392,.T.);
#6392=EDGE_CURVE('',#3368,#3374,#2396,.T.);
#6405=EDGE_CURVE('',#3370,#3376,#2404,.T.);
#6415=EDGE_CURVE('',#3395,#3396,#2400,.T.);
#6430=EDGE_CURVE('',#3383,#3389,#2408,.T.);
#6444=EDGE_CURVE('',#3384,#3390,#2412,.T.);
#6457=EDGE_CURVE('',#3386,#3392,#2420,.T.);
#6467=EDGE_CURVE('',#3411,#3412,#2416,.T.);
#6482=EDGE_CURVE('',#3399,#3405,#2424,.T.);
#6496=EDGE_CURVE('',#3400,#3406,#2428,.T.);
#6509=EDGE_CURVE('',#3402,#3408,#2440,.T.);
#6519=EDGE_CURVE('',#3427,#3428,#2432,.T.);
#6534=EDGE_CURVE('',#3415,#3421,#2448,.T.);
#6548=EDGE_CURVE('',#3416,#3422,#2452,.T.);
#6561=EDGE_CURVE('',#3418,#3424,#2460,.T.);
#6571=EDGE_CURVE('',#3443,#3444,#2456,.T.);
#6586=EDGE_CURVE('',#3431,#3437,#2464,.T.);
#6600=EDGE_CURVE('',#3432,#3438,#2468,.T.);
#6613=EDGE_CURVE('',#3434,#3440,#2476,.T.);
#6623=EDGE_CURVE('',#3459,#3460,#2472,.T.);
#6638=EDGE_CURVE('',#3447,#3453,#2480,.T.);
#6652=EDGE_CURVE('',#3448,#3454,#2484,.T.);
#6665=EDGE_CURVE('',#3450,#3456,#2492,.T.);
#6675=EDGE_CURVE('',#3475,#3476,#2488,.T.);
#6690=EDGE_CURVE('',#3463,#3469,#2496,.T.);
#6704=EDGE_CURVE('',#3464,#3470,#2500,.T.);
#6717=EDGE_CURVE('',#3466,#3472,#2508,.T.);
#6727=EDGE_CURVE('',#3491,#3492,#2504,.T.);
#6742=EDGE_CURVE('',#3479,#3485,#2512,.T.);
#6756=EDGE_CURVE('',#3480,#3486,#2516,.T.);
#6769=EDGE_CURVE('',#3482,#3488,#2524,.T.);
#6779=EDGE_CURVE('',#3507,#3508,#2520,.T.);
#6794=EDGE_CURVE('',#3495,#3501,#2528,.T.);
#6808=EDGE_CURVE('',#3496,#3502,#2532,.T.);
#6821=EDGE_CURVE('',#3498,#3504,#2540,.T.);
#6831=EDGE_CURVE('',#3523,#3524,#2536,.T.);
#6846=EDGE_CURVE('',#3511,#3517,#2544,.T.);
#6860=EDGE_CURVE('',#3512,#3518,#2548,.T.);
#6873=EDGE_CURVE('',#3514,#3520,#2556,.T.);
#6883=EDGE_CURVE('',#3539,#3540,#2552,.T.);
#6898=EDGE_CURVE('',#3527,#3533,#2560,.T.);
#6912=EDGE_CURVE('',#3528,#3534,#2564,.T.);
#6925=EDGE_CURVE('',#3530,#3536,#2572,.T.);
#6935=EDGE_CURVE('',#3555,#3556,#2568,.T.);
#6950=EDGE_CURVE('',#3543,#3549,#2576,.T.);
#6964=EDGE_CURVE('',#3544,#3550,#2580,.T.);
#6977=EDGE_CURVE('',#3546,#3552,#2588,.T.);
#6987=EDGE_CURVE('',#3571,#3572,#2584,.T.);
#7002=EDGE_CURVE('',#3559,#3565,#2592,.T.);
#7016=EDGE_CURVE('',#3560,#3566,#2596,.T.);
#7029=EDGE_CURVE('',#3562,#3568,#2604,.T.);
#7039=EDGE_CURVE('',#3587,#3588,#2600,.T.);
#7054=EDGE_CURVE('',#3575,#3581,#2608,.T.);
#7068=EDGE_CURVE('',#3576,#3582,#2612,.T.);
#7081=EDGE_CURVE('',#3578,#3584,#2620,.T.);
#7091=EDGE_CURVE('',#3603,#3604,#2616,.T.);
#7106=EDGE_CURVE('',#3591,#3597,#2624,.T.);
#7120=EDGE_CURVE('',#3592,#3598,#2628,.T.);
#7133=EDGE_CURVE('',#3594,#3600,#2636,.T.);
#7143=EDGE_CURVE('',#3619,#3620,#2632,.T.);
#7158=EDGE_CURVE('',#3607,#3613,#2640,.T.);
#7172=EDGE_CURVE('',#3608,#3614,#2644,.T.);
#7185=EDGE_CURVE('',#3610,#3616,#2652,.T.);
#7195=EDGE_CURVE('',#3635,#3636,#2648,.T.);
#7210=EDGE_CURVE('',#3623,#3629,#2656,.T.);
#7224=EDGE_CURVE('',#3624,#3630,#2660,.T.);
#7237=EDGE_CURVE('',#3626,#3632,#2668,.T.);
#7247=EDGE_CURVE('',#3651,#3652,#2664,.T.);
#7262=EDGE_CURVE('',#3639,#3645,#2672,.T.);
#7276=EDGE_CURVE('',#3640,#3646,#2676,.T.);
#7289=EDGE_CURVE('',#3642,#3648,#2684,.T.);
#7299=EDGE_CURVE('',#3667,#3668,#2680,.T.);
#7314=EDGE_CURVE('',#3655,#3661,#2688,.T.);
#7328=EDGE_CURVE('',#3656,#3662,#2692,.T.);
#7341=EDGE_CURVE('',#3658,#3664,#2700,.T.);
#7351=EDGE_CURVE('',#3683,#3684,#2696,.T.);
#7366=EDGE_CURVE('',#3671,#3677,#2704,.T.);
#7380=EDGE_CURVE('',#3672,#3678,#2708,.T.);
#7393=EDGE_CURVE('',#3674,#3680,#2716,.T.);
#7403=EDGE_CURVE('',#3699,#3700,#2712,.T.);
#7418=EDGE_CURVE('',#3687,#3693,#2720,.T.);
#7432=EDGE_CURVE('',#3688,#3694,#2724,.T.);
#7445=EDGE_CURVE('',#3690,#3696,#2732,.T.);
#7455=EDGE_CURVE('',#3715,#3716,#2728,.T.);
#7470=EDGE_CURVE('',#3703,#3709,#2736,.T.);
#7484=EDGE_CURVE('',#3704,#3710,#2740,.T.);
#7497=EDGE_CURVE('',#3706,#3712,#2748,.T.);
#7507=EDGE_CURVE('',#3731,#3732,#2744,.T.);
#7522=EDGE_CURVE('',#3719,#3725,#2752,.T.);
#7536=EDGE_CURVE('',#3720,#3726,#2756,.T.);
#7549=EDGE_CURVE('',#3722,#3728,#2764,.T.);
#7559=EDGE_CURVE('',#3747,#3748,#2760,.T.);
#7574=EDGE_CURVE('',#3735,#3741,#2768,.T.);
#7588=EDGE_CURVE('',#3736,#3742,#2772,.T.);
#7601=EDGE_CURVE('',#3738,#3744,#2780,.T.);
#7611=EDGE_CURVE('',#3763,#3764,#2776,.T.);
#7626=EDGE_CURVE('',#3751,#3757,#2784,.T.);
#7640=EDGE_CURVE('',#3752,#3758,#2788,.T.);
#7653=EDGE_CURVE('',#3754,#3760,#2796,.T.);
#7663=EDGE_CURVE('',#3779,#3780,#2792,.T.);
#7678=EDGE_CURVE('',#3767,#3773,#2800,.T.);
#7692=EDGE_CURVE('',#3768,#3774,#2804,.T.);
#7705=EDGE_CURVE('',#3770,#3776,#2812,.T.);
#7715=EDGE_CURVE('',#3795,#3796,#2808,.T.);
#7730=EDGE_CURVE('',#3783,#3789,#2816,.T.);
#7744=EDGE_CURVE('',#3784,#3790,#2820,.T.);
#7757=EDGE_CURVE('',#3786,#3792,#2828,.T.);
#7767=EDGE_CURVE('',#3811,#3812,#2824,.T.);
#7782=EDGE_CURVE('',#3799,#3805,#2832,.T.);
#7796=EDGE_CURVE('',#3800,#3806,#2836,.T.);
#7809=EDGE_CURVE('',#3802,#3808,#2844,.T.);
#7819=EDGE_CURVE('',#3827,#3828,#2840,.T.);
#7834=EDGE_CURVE('',#3815,#3821,#2848,.T.);
#7848=EDGE_CURVE('',#3816,#3822,#2852,.T.);
#7861=EDGE_CURVE('',#3818,#3824,#2860,.T.);
#7871=EDGE_CURVE('',#3843,#3844,#2856,.T.);
#7886=EDGE_CURVE('',#3831,#3837,#2864,.T.);
#7900=EDGE_CURVE('',#3832,#3838,#2868,.T.);
#7913=EDGE_CURVE('',#3834,#3840,#2876,.T.);
#7923=EDGE_CURVE('',#3859,#3860,#2872,.T.);
#7938=EDGE_CURVE('',#3847,#3853,#2880,.T.);
#7952=EDGE_CURVE('',#3848,#3854,#2884,.T.);
#7965=EDGE_CURVE('',#3850,#3856,#2892,.T.);
#7975=EDGE_CURVE('',#3875,#3876,#2888,.T.);
#7990=EDGE_CURVE('',#3863,#3869,#2896,.T.);
#8004=EDGE_CURVE('',#3864,#3870,#2900,.T.);
#8027=EDGE_CURVE('',#3903,#3899,#2904,.T.);
#8029=EDGE_CURVE('',#3899,#3900,#2913,.T.);
#8031=EDGE_CURVE('',#3904,#3900,#2908,.T.);
#8043=EDGE_CURVE('',#3900,#3899,#2918,.T.);
#8058=EDGE_CURVE('',#3911,#3912,#2923,.T.);
#8060=EDGE_CURVE('',#3912,#3911,#2928,.T.);
#8071=EDGE_CURVE('',#3912,#3908,#2936,.T.);
#8074=EDGE_CURVE('',#3911,#3907,#2932,.T.);
#8091=CLOSED_SHELL('',(#4406,#4421,#4435,#4927,#4941,#4954,#4967,#4979,#4992,
#5005,#5018,#5031,#5044,#5057,#5070,#5083,#5096,#5109,#5122,#5135,#5148,#5161,
#5174,#5187,#5200,#5213,#5226,#5239,#5252,#5265,#5278,#5291,#5304,#5317,#5330,
#5343,#5356,#5369,#5382,#5395,#5408,#5421,#5434,#5447,#5460,#5473,#5486,#5499,
#5512,#5525,#5538,#5551,#5564,#5577,#5590,#5603,#5616,#5629,#5642,#5655,#5668,
#5681,#5694,#5707,#5720,#5733,#5746,#5759,#5772,#5785,#5798,#5811,#5824,#5837,
#5850,#5863,#5876,#5889,#5902,#5915,#5928,#5941,#5954,#5967,#5980,#5993,#6006,
#6019,#6032,#6045,#6058,#6071,#6084,#6097,#6110,#6123,#6136,#6149,#6162,#6175,
#6188,#6201,#6214,#6227,#6240,#6253,#6266,#6279,#6292,#6305,#6318,#6331,#6344,
#6357,#6370,#6383,#6396,#6409,#6422,#6435,#6448,#6461,#6474,#6487,#6500,#6513,
#6526,#6539,#6552,#6565,#6578,#6591,#6604,#6617,#6630,#6643,#6656,#6669,#6682,
#6695,#6708,#6721,#6734,#6747,#6760,#6773,#6786,#6799,#6812,#6825,#6838,#6851,
#6864,#6877,#6890,#6903,#6916,#6929,#6942,#6955,#6968,#6981,#6994,#7007,#7020,
#7033,#7046,#7059,#7072,#7085,#7098,#7111,#7124,#7137,#7150,#7163,#7176,#7189,
#7202,#7215,#7228,#7241,#7254,#7267,#7280,#7293,#7306,#7319,#7332,#7345,#7358,
#7371,#7384,#7397,#7410,#7423,#7436,#7449,#7462,#7475,#7488,#7501,#7514,#7527,
#7540,#7553,#7566,#7579,#7592,#7605,#7618,#7631,#7644,#7657,#7670,#7683,#7696,
#7709,#7722,#7735,#7748,#7761,#7774,#7787,#7800,#7813,#7826,#7839,#7852,#7865,
#7878,#7891,#7904,#7917,#7930,#7943,#7956,#7969,#7982,#7995,#8008,#8020,#8035,
#8048,#8064,#8078,#8090));
#8092=MANIFOLD_SOLID_BREP('',#8091);
#8093=(LENGTH_UNIT()NAMED_UNIT(*)SI_UNIT(.MILLI.,.METRE.));
#8095=(NAMED_UNIT(*)PLANE_ANGLE_UNIT()SI_UNIT($,.RADIAN.));
#8098=(NAMED_UNIT(*)SI_UNIT($,.STERADIAN.)SOLID_ANGLE_UNIT());
#8101=ADVANCED_BREP_SHAPE_REPRESENTATION('',(#8092),#8100);
#8108=PRODUCT_DEFINITION('design','',#8107,#8104);
#8109=PRODUCT_DEFINITION_SHAPE('','SHAPE FOR ROUEDENTE0.',#8108);
#8110=SHAPE_DEFINITION_REPRESENTATION(#8109,#8101);
ENDSEC;
END-ISO-10303-21;
