ISO-10303-21;
HEADER;
FILE_DESCRIPTION((''),'2;1');
FILE_NAME('VISSANSFIN','2026-02-15T17:03:40',('coren'),(''),
'CREO PARAMETRIC BY PTC INC, 2022164','CREO PARAMETRIC BY PTC INC, 2022164','');
FILE_SCHEMA(('CONFIG_CONTROL_DESIGN'));
ENDSEC;
DATA;
#1=CARTESIAN_POINT('',(0.E0,0.E0,0.E0));
#2=DIRECTION('',(0.E0,0.E0,1.E0));
#3=DIRECTION('',(1.E0,0.E0,0.E0));
#4=AXIS2_PLACEMENT_3D('',#1,#2,#3);
#6=CARTESIAN_POINT('',(0.E0,0.E0,0.E0));
#7=DIRECTION('',(0.E0,0.E0,1.E0));
#8=DIRECTION('',(-1.E0,0.E0,0.E0));
#9=AXIS2_PLACEMENT_3D('',#6,#7,#8);
#11=CARTESIAN_POINT('',(0.E0,0.E0,0.E0));
#12=DIRECTION('',(0.E0,0.E0,-1.E0));
#13=DIRECTION('',(1.E0,0.E0,0.E0));
#14=AXIS2_PLACEMENT_3D('',#11,#12,#13);
#16=CARTESIAN_POINT('',(0.E0,0.E0,0.E0));
#17=DIRECTION('',(0.E0,0.E0,-1.E0));
#18=DIRECTION('',(-1.E0,0.E0,0.E0));
#19=AXIS2_PLACEMENT_3D('',#16,#17,#18);
#21=CARTESIAN_POINT('',(-1.75E0,3.031088913246E0,1.1E1));
#22=CARTESIAN_POINT('',(-1.448402835767E0,3.205216117202E0,1.097624582408E1));
#23=CARTESIAN_POINT('',(-7.921660080083E-1,3.462798425961E0,1.092868306535E1));
#24=CARTESIAN_POINT('',(2.615999780884E-1,3.543434767487E0,1.085741395941E1));
#25=CARTESIAN_POINT('',(1.300669624807E0,3.305818508490E0,1.078550512706E1));
#26=CARTESIAN_POINT('',(2.210555706838E0,2.780590762577E0,1.071465540277E1));
#27=CARTESIAN_POINT('',(2.934427595529E0,2.002999176935E0,1.064297991036E1));
#28=CARTESIAN_POINT('',(3.393695944301E0,1.050400025966E0,1.057166328199E1));
#29=CARTESIAN_POINT('',(3.5E0,3.503763023364E-1,1.052389890877E1));
#30=CARTESIAN_POINT('',(3.5E0,0.E0,1.05E1));
#32=DIRECTION('',(0.E0,1.326082497491E-14,1.E0));
#33=VECTOR('',#32,5.E-1);
#34=CARTESIAN_POINT('',(3.5E0,0.E0,1.05E1));
#35=LINE('',#34,#33);
#36=CARTESIAN_POINT('',(3.5E0,0.E0,1.1E1));
#37=CARTESIAN_POINT('',(3.5E0,4.079185501554E-1,1.102782382299E1));
#38=CARTESIAN_POINT('',(3.356635722490E0,1.221794320517E0,1.108332351695E1));
#39=CARTESIAN_POINT('',(2.735272889215E0,2.294394518690E0,1.116664135300E1));
#40=CARTESIAN_POINT('',(1.804462602967E0,3.080964432628E0,1.124849103071E1));
#41=CARTESIAN_POINT('',(6.436868558834E-1,3.512043239213E0,1.133175784382E1));
#42=CARTESIAN_POINT('',(-5.788624864642E-1,3.524127693187E0,1.141382253543E1));
#43=CARTESIAN_POINT('',(-1.749212449648E0,3.110927795202E0,1.149733880838E1));
#44=CARTESIAN_POINT('',(-2.691367548385E0,2.351196900134E0,1.157854397694E1));
#45=CARTESIAN_POINT('',(-3.358655570114E0,1.233362172088E0,1.166602855587E1));
#46=CARTESIAN_POINT('',(-3.5E0,4.099969055210E-1,1.172203441393E1));
#47=CARTESIAN_POINT('',(-3.5E0,0.E0,1.175E1));
#49=CARTESIAN_POINT('',(-3.5E0,0.E0,1.125E1));
#50=CARTESIAN_POINT('',(-3.5E0,3.057892557422E-1,1.122914234074E1));
#51=CARTESIAN_POINT('',(-3.419144527593E0,9.172233438027E-1,1.118742811601E1));
#52=CARTESIAN_POINT('',(-3.066700496216E0,1.768980440700E0,1.112509416368E1));
#53=CARTESIAN_POINT('',(-2.501320375674E0,2.505584489869E0,1.106229528584E1));
#54=CARTESIAN_POINT('',(-2.013416521760E0,2.879005313498E0,1.102074702E1));
#55=CARTESIAN_POINT('',(-1.75E0,3.031088913246E0,1.1E1));
#57=CARTESIAN_POINT('',(-3.5E0,0.E0,6.75E0));
#58=CARTESIAN_POINT('',(-3.5E0,4.083716834693E-1,6.722145269124E0));
#59=CARTESIAN_POINT('',(-3.355056282028E0,1.223950541305E0,6.666485857914E0));
#60=CARTESIAN_POINT('',(-2.738320805235E0,2.292978339100E0,6.583577827325E0));
#61=CARTESIAN_POINT('',(-1.785708825493E0,3.094192010301E0,6.499958079154E0));
#62=CARTESIAN_POINT('',(-6.176970307174E-1,3.517449192082E0,6.416499529389E0));
#63=CARTESIAN_POINT('',(6.161966934225E-1,3.518085925177E0,6.333606672749E0));
#64=CARTESIAN_POINT('',(1.787439084659E0,3.093296823234E0,6.249910616562E0));
#65=CARTESIAN_POINT('',(2.738163125171E0,2.292883175720E0,6.166426646042E0));
#66=CARTESIAN_POINT('',(3.355189770427E0,1.223755206118E0,6.083496621064E0));
#67=CARTESIAN_POINT('',(3.5E0,4.083245398240E-1,6.027851515242E0));
#68=CARTESIAN_POINT('',(3.5E0,0.E0,6.E0));
#70=DIRECTION('',(0.E0,0.E0,1.E0));
#71=VECTOR('',#70,5.E-1);
#72=CARTESIAN_POINT('',(3.5E0,0.E0,6.E0));
#73=LINE('',#72,#71);
#74=CARTESIAN_POINT('',(3.5E0,0.E0,6.5E0));
#75=CARTESIAN_POINT('',(3.5E0,3.979623039143E-1,6.527144714785E0));
#76=CARTESIAN_POINT('',(3.365994472236E0,1.204659975119E0,6.582037747516E0));
#77=CARTESIAN_POINT('',(2.720004072194E0,2.321072275027E0,6.668661122348E0));
#78=CARTESIAN_POINT('',(1.757391279690E0,3.108518450886E0,6.752149274154E0));
#79=CARTESIAN_POINT('',(5.852513385643E-1,3.525758839476E0,6.835717770323E0));
#80=CARTESIAN_POINT('',(-6.711401125470E-1,3.506889972937E0,6.920158618298E0));
#81=CARTESIAN_POINT('',(-1.802816032713E0,3.080959045280E0,7.001364770037E0));
#82=CARTESIAN_POINT('',(-2.750116363926E0,2.278650023351E0,7.084841934375E0));
#83=CARTESIAN_POINT('',(-3.356710332618E0,1.215431292455E0,7.167045283969E0));
#84=CARTESIAN_POINT('',(-3.5E0,4.055050894460E-1,7.222340797385E0));
#85=CARTESIAN_POINT('',(-3.5E0,0.E0,7.25E0));
#87=CARTESIAN_POINT('',(-3.5E0,0.E0,8.25E0));
#88=CARTESIAN_POINT('',(-3.5E0,4.055050894460E-1,8.222340797385E0));
#89=CARTESIAN_POINT('',(-3.356710332618E0,1.215431292455E0,8.167045283969E0));
#90=CARTESIAN_POINT('',(-2.750116363926E0,2.278650023351E0,8.084841934374E0));
#91=CARTESIAN_POINT('',(-1.802816032713E0,3.080959045280E0,8.001364770037E0));
#92=CARTESIAN_POINT('',(-6.711401125470E-1,3.506889972937E0,7.920158618298E0));
#93=CARTESIAN_POINT('',(5.852513385643E-1,3.525758839476E0,7.835717770323E0));
#94=CARTESIAN_POINT('',(1.757391279690E0,3.108518450886E0,7.752149274154E0));
#95=CARTESIAN_POINT('',(2.720004072194E0,2.321072275027E0,7.668661122348E0));
#96=CARTESIAN_POINT('',(3.365994472236E0,1.204659975119E0,7.582037747516E0));
#97=CARTESIAN_POINT('',(3.5E0,3.979623039143E-1,7.527144714785E0));
#98=CARTESIAN_POINT('',(3.5E0,0.E0,7.5E0));
#100=DIRECTION('',(0.E0,-1.093358340277E-14,1.E0));
#101=VECTOR('',#100,5.E-1);
#102=CARTESIAN_POINT('',(3.5E0,0.E0,7.5E0));
#103=LINE('',#102,#101);
#104=CARTESIAN_POINT('',(3.5E0,0.E0,8.E0));
#105=CARTESIAN_POINT('',(3.5E0,4.006222284711E-1,8.027326146274E0));
#106=CARTESIAN_POINT('',(3.361418099176E0,1.205342735737E0,8.082204001760E0));
#107=CARTESIAN_POINT('',(2.747476640645E0,2.282899428508E0,8.165502018839E0));
#108=CARTESIAN_POINT('',(1.800635771798E0,3.083721760158E0,8.248867634642E0));
#109=CARTESIAN_POINT('',(6.316601428721E-1,3.521343915579E0,8.332585848032E0));
#110=CARTESIAN_POINT('',(-6.725461984994E-1,3.510432252274E0,8.420226660245E0));
#111=CARTESIAN_POINT('',(-1.805746266699E0,3.078327470492E0,8.501597206344E0));
#112=CARTESIAN_POINT('',(-2.751237970904E0,2.277260733863E0,8.584971429321E0));
#113=CARTESIAN_POINT('',(-3.356969677439E0,1.214365191038E0,8.667115006E0));
#114=CARTESIAN_POINT('',(-3.5E0,4.051757352959E-1,8.722363262389E0));
#115=CARTESIAN_POINT('',(-3.5E0,0.E0,8.75E0));
#117=CARTESIAN_POINT('',(-3.5E0,0.E0,9.75E0));
#118=CARTESIAN_POINT('',(-3.5E0,4.051757352959E-1,9.722363262389E0));
#119=CARTESIAN_POINT('',(-3.356969677439E0,1.214365191038E0,9.667115006E0));
#120=CARTESIAN_POINT('',(-2.751237970904E0,2.277260733863E0,9.584971429321E0));
#121=CARTESIAN_POINT('',(-1.805746266699E0,3.078327470492E0,9.501597206344E0));
#122=CARTESIAN_POINT('',(-6.725461984994E-1,3.510432252274E0,9.420226660245E0));
#123=CARTESIAN_POINT('',(6.316601428721E-1,3.521343915579E0,9.332585848032E0));
#124=CARTESIAN_POINT('',(1.800635771798E0,3.083721760158E0,9.248867634642E0));
#125=CARTESIAN_POINT('',(2.747476640645E0,2.282899428508E0,9.165502018839E0));
#126=CARTESIAN_POINT('',(3.361418099176E0,1.205342735737E0,9.082204001760E0));
#127=CARTESIAN_POINT('',(3.5E0,4.006222284711E-1,9.027326146274E0));
#128=CARTESIAN_POINT('',(3.5E0,0.E0,9.E0));
#130=DIRECTION('',(0.E0,0.E0,1.E0));
#131=VECTOR('',#130,5.E-1);
#132=CARTESIAN_POINT('',(3.5E0,0.E0,9.E0));
#133=LINE('',#132,#131);
#134=CARTESIAN_POINT('',(3.5E0,0.E0,9.5E0));
#135=CARTESIAN_POINT('',(3.5E0,3.503808997953E-1,9.523899222357E0));
#136=CARTESIAN_POINT('',(3.393693290443E0,1.050413746572E0,9.571664205018E0));
#137=CARTESIAN_POINT('',(2.934412818795E0,2.003022067659E0,9.642981764707E0));
#138=CARTESIAN_POINT('',(2.210527080452E0,2.780617834040E0,9.714657994510E0));
#139=CARTESIAN_POINT('',(1.300609046085E0,3.305838437528E0,9.785509456900E0));
#140=CARTESIAN_POINT('',(2.615994421598E-1,3.543434567487E0,9.857413941675E0));
#141=CARTESIAN_POINT('',(-7.922237253925E-1,3.462788238852E0,9.928687044161E0));
#142=CARTESIAN_POINT('',(-1.448422894148E0,3.205204536490E0,9.976247403907E0));
#143=CARTESIAN_POINT('',(-1.75E0,3.031088913246E0,1.E1));
#145=CARTESIAN_POINT('',(-1.75E0,3.031088913246E0,1.E1));
#146=CARTESIAN_POINT('',(-2.013434080048E0,2.878995176216E0,1.002074840291E1));
#147=CARTESIAN_POINT('',(-2.501357093127E0,2.505551314263E0,1.006229860383E1));
#148=CARTESIAN_POINT('',(-3.066728212903E0,1.768929385342E0,1.012509807790E1));
#149=CARTESIAN_POINT('',(-3.419148085801E0,9.171989079290E-1,1.018742976252E1));
#150=CARTESIAN_POINT('',(-3.5E0,3.057804169619E-1,1.022914294363E1));
#151=CARTESIAN_POINT('',(-3.5E0,0.E0,1.025E1));
#153=CARTESIAN_POINT('',(3.5E0,0.E0,5.E0));
#154=CARTESIAN_POINT('',(3.5E0,4.083245398240E-1,5.027851515242E0));
#155=CARTESIAN_POINT('',(3.355189770427E0,1.223755206118E0,5.083496621064E0));
#156=CARTESIAN_POINT('',(2.738163125171E0,2.292883175720E0,5.166426646042E0));
#157=CARTESIAN_POINT('',(1.787439084659E0,3.093296823234E0,5.249910616562E0));
#158=CARTESIAN_POINT('',(6.161966934225E-1,3.518085925177E0,5.333606672749E0));
#159=CARTESIAN_POINT('',(-6.176970307174E-1,3.517449192082E0,5.416499529389E0));
#160=CARTESIAN_POINT('',(-1.785708825493E0,3.094192010301E0,5.499958079154E0));
#161=CARTESIAN_POINT('',(-2.738320805235E0,2.292978339100E0,5.583577827325E0));
#162=CARTESIAN_POINT('',(-3.355056282028E0,1.223950541305E0,5.666485857914E0));
#163=CARTESIAN_POINT('',(-3.5E0,4.083716834693E-1,5.722145269124E0));
#164=CARTESIAN_POINT('',(-3.5E0,0.E0,5.75E0));
#166=DIRECTION('',(0.E0,0.E0,1.E0));
#167=VECTOR('',#166,5.E0);
#168=CARTESIAN_POINT('',(3.5E0,0.E0,0.E0));
#169=LINE('',#168,#167);
#170=CARTESIAN_POINT('',(-3.5E0,0.E0,1.275E1));
#171=CARTESIAN_POINT('',(-3.5E0,4.099969055210E-1,1.272203441393E1));
#172=CARTESIAN_POINT('',(-3.358655570114E0,1.233362172088E0,1.266602855587E1));
#173=CARTESIAN_POINT('',(-2.691367548385E0,2.351196900134E0,1.257854397694E1));
#174=CARTESIAN_POINT('',(-1.749212449648E0,3.110927795202E0,1.249733880838E1));
#175=CARTESIAN_POINT('',(-5.788624864642E-1,3.524127693187E0,1.241382253543E1));
#176=CARTESIAN_POINT('',(6.436868558834E-1,3.512043239213E0,1.233175784382E1));
#177=CARTESIAN_POINT('',(1.804462602967E0,3.080964432628E0,1.224849103071E1));
#178=CARTESIAN_POINT('',(2.735272889215E0,2.294394518690E0,1.216664135300E1));
#179=CARTESIAN_POINT('',(3.356635722490E0,1.221794320517E0,1.208332351695E1));
#180=CARTESIAN_POINT('',(3.5E0,4.079185501554E-1,1.202782382299E1));
#181=CARTESIAN_POINT('',(3.5E0,0.E0,1.2E1));
#183=DIRECTION('',(0.E0,1.199040866595E-14,1.E0));
#184=VECTOR('',#183,5.E-1);
#185=CARTESIAN_POINT('',(3.5E0,0.E0,1.2E1));
#186=LINE('',#185,#184);
#187=CARTESIAN_POINT('',(3.5E0,0.E0,1.25E1));
#188=CARTESIAN_POINT('',(3.5E0,4.101207478095E-1,1.252797403326E1));
#189=CARTESIAN_POINT('',(3.358025437356E0,1.231780314261E0,1.258388798820E1));
#190=CARTESIAN_POINT('',(2.699996943674E0,2.339150597908E0,1.267047049455E1));
#191=CARTESIAN_POINT('',(1.766699998303E0,3.101157431306E0,1.275132284878E1));
#192=CARTESIAN_POINT('',(5.956701158601E-1,3.521467460043E0,1.283504693743E1));
#193=CARTESIAN_POINT('',(-6.273430056596E-1,3.515514895077E0,1.291711307734E1));
#194=CARTESIAN_POINT('',(-1.793482216678E0,3.086663715297E0,1.300069717782E1));
#195=CARTESIAN_POINT('',(-2.721935181149E0,2.310945367697E0,1.308192670271E1));
#196=CARTESIAN_POINT('',(-3.357077205147E0,1.225842226524E0,1.316644633559E1));
#197=CARTESIAN_POINT('',(-3.5E0,4.089839604951E-1,1.322210350616E1));
#198=CARTESIAN_POINT('',(-3.5E0,1.005571353650E-14,1.325E1));
#200=CARTESIAN_POINT('',(-3.5E0,1.005571353650E-14,1.425E1));
#201=CARTESIAN_POINT('',(-3.5E0,4.089839604951E-1,1.422210350616E1));
#202=CARTESIAN_POINT('',(-3.357077205147E0,1.225842226524E0,1.416644633559E1));
#203=CARTESIAN_POINT('',(-2.721935181149E0,2.310945367697E0,1.408192670271E1));
#204=CARTESIAN_POINT('',(-1.793482216678E0,3.086663715297E0,1.400069717782E1));
#205=CARTESIAN_POINT('',(-6.273430056596E-1,3.515514895077E0,1.391711307734E1));
#206=CARTESIAN_POINT('',(5.956701158601E-1,3.521467460043E0,1.383504693743E1));
#207=CARTESIAN_POINT('',(1.766699998303E0,3.101157431306E0,1.375132284878E1));
#208=CARTESIAN_POINT('',(2.699996943674E0,2.339150597908E0,1.367047049455E1));
#209=CARTESIAN_POINT('',(3.358025437356E0,1.231780314261E0,1.358388798820E1));
#210=CARTESIAN_POINT('',(3.5E0,4.101207478095E-1,1.352797403326E1));
#211=CARTESIAN_POINT('',(3.5E0,0.E0,1.35E1));
#213=DIRECTION('',(0.E0,-1.613524129122E-14,1.E0));
#214=VECTOR('',#213,5.E-1);
#215=CARTESIAN_POINT('',(3.5E0,0.E0,1.35E1));
#216=LINE('',#215,#214);
#217=CARTESIAN_POINT('',(3.5E0,-1.012457412809E-14,1.4E1));
#218=CARTESIAN_POINT('',(3.5E0,4.082406726430E-1,1.402784579472E1));
#219=CARTESIAN_POINT('',(3.355289791006E0,1.223544192350E0,1.408348087467E1));
#220=CARTESIAN_POINT('',(2.738096017120E0,2.292970785965E0,1.416643395232E1));
#221=CARTESIAN_POINT('',(1.787792148173E0,3.092937056717E0,1.424987752894E1));
#222=CARTESIAN_POINT('',(6.179416118891E-1,3.517652048571E0,1.433348829578E1));
#223=CARTESIAN_POINT('',(-6.159917415451E-1,3.517954225077E0,1.441638017793E1));
#224=CARTESIAN_POINT('',(-1.785974831002E0,3.094064952608E0,1.449997903788E1));
#225=CARTESIAN_POINT('',(-2.737389152808E0,2.293889439488E0,1.458348946635E1));
#226=CARTESIAN_POINT('',(-3.354866400798E0,1.224787141410E0,1.466643079157E1));
#227=CARTESIAN_POINT('',(-3.5E0,4.087317622261E-1,1.472212070842E1));
#228=CARTESIAN_POINT('',(-3.5E0,0.E0,1.475E1));
#230=CARTESIAN_POINT('',(-3.5E0,0.E0,1.575E1));
#231=CARTESIAN_POINT('',(-3.5E0,4.087317622261E-1,1.572212070842E1));
#232=CARTESIAN_POINT('',(-3.354866400798E0,1.224787141410E0,1.566643079157E1));
#233=CARTESIAN_POINT('',(-2.737389152808E0,2.293889439488E0,1.558348946635E1));
#234=CARTESIAN_POINT('',(-1.785974831002E0,3.094064952608E0,1.549997903788E1));
#235=CARTESIAN_POINT('',(-6.159917415451E-1,3.517954225077E0,1.541638017793E1));
#236=CARTESIAN_POINT('',(6.179416118891E-1,3.517652048571E0,1.533348829578E1));
#237=CARTESIAN_POINT('',(1.787792148173E0,3.092937056717E0,1.524987752894E1));
#238=CARTESIAN_POINT('',(2.738096017120E0,2.292970785965E0,1.516643395232E1));
#239=CARTESIAN_POINT('',(3.355289791006E0,1.223544192350E0,1.508348087467E1));
#240=CARTESIAN_POINT('',(3.5E0,4.082406726429E-1,1.502784579472E1));
#241=CARTESIAN_POINT('',(3.5E0,-1.116078228441E-14,1.5E1));
#243=DIRECTION('',(0.E0,2.472096601499E-14,1.E0));
#244=VECTOR('',#243,5.E-1);
#245=CARTESIAN_POINT('',(3.5E0,-1.116078228441E-14,1.5E1));
#246=LINE('',#245,#244);
#247=CARTESIAN_POINT('',(3.5E0,0.E0,1.55E1));
#248=CARTESIAN_POINT('',(3.5E0,4.044695821986E-1,1.552758857143E1));
#249=CARTESIAN_POINT('',(3.357682080295E0,1.212201828005E0,1.558272733755E1));
#250=CARTESIAN_POINT('',(2.752993698544E0,2.274119075806E0,1.566479890932E1));
#251=CARTESIAN_POINT('',(1.813726150578E0,3.074076213995E0,1.574779824520E1));
#252=CARTESIAN_POINT('',(6.684910843645E-1,3.513124107666E0,1.583007612071E1));
#253=CARTESIAN_POINT('',(-6.468272076699E-1,3.519196153365E0,1.591843175999E1));
#254=CARTESIAN_POINT('',(-1.813714808847E0,3.075719764953E0,1.600215004292E1));
#255=CARTESIAN_POINT('',(-2.753002291155E0,2.274267179057E0,1.608518176101E1));
#256=CARTESIAN_POINT('',(-3.359705815539E0,1.207490385314E0,1.616762078426E1));
#257=CARTESIAN_POINT('',(-3.5E0,4.022326936914E-1,1.622256400508E1));
#258=CARTESIAN_POINT('',(-3.5E0,0.E0,1.625E1));
#260=CARTESIAN_POINT('',(-3.5E0,1.123995142944E-14,1.875E1));
#261=CARTESIAN_POINT('',(-3.5E0,3.973312728895E-1,1.872289832737E1));
#262=CARTESIAN_POINT('',(-3.365626807662E0,1.201367101271E0,1.866815301864E1));
#263=CARTESIAN_POINT('',(-2.731010322327E0,2.306578613319E0,1.858256174510E1));
#264=CARTESIAN_POINT('',(-1.773109231608E0,3.099594020841E0,1.849903942110E1));
#265=CARTESIAN_POINT('',(-6.018136330856E-1,3.524525151778E0,1.841540097299E1));
#266=CARTESIAN_POINT('',(6.736636729760E-1,3.507450975785E0,1.832967189628E1));
#267=CARTESIAN_POINT('',(1.800601445688E0,3.081588793922E0,1.824879713765E1));
#268=CARTESIAN_POINT('',(2.749831251541E0,2.279455127471E0,1.816520347734E1));
#269=CARTESIAN_POINT('',(3.356550835192E0,1.215814946023E0,1.808298648086E1));
#270=CARTESIAN_POINT('',(3.5E0,4.056277683642E-1,1.802766757045E1));
#271=CARTESIAN_POINT('',(3.5E0,0.E0,1.8E1));
#273=DIRECTION('',(0.E0,-2.990200679657E-14,1.E0));
#274=VECTOR('',#273,5.E-1);
#275=CARTESIAN_POINT('',(3.5E0,0.E0,1.8E1));
#276=LINE('',#275,#274);
#277=CARTESIAN_POINT('',(3.5E0,-1.345524320197E-14,1.85E1));
#278=CARTESIAN_POINT('',(3.5E0,4.044355385985E-1,1.852758624934E1));
#279=CARTESIAN_POINT('',(3.357730873811E0,1.212227919419E0,1.858272001227E1));
#280=CARTESIAN_POINT('',(2.752992300206E0,2.273609084179E0,1.866479397118E1));
#281=CARTESIAN_POINT('',(1.814174785844E0,3.075495304277E0,1.874777267931E1));
#282=CARTESIAN_POINT('',(6.697004817836E-1,3.506184725090E0,1.882994548013E1));
#283=CARTESIAN_POINT('',(-5.563158762561E-1,3.527482621436E0,1.891233060027E1));
#284=CARTESIAN_POINT('',(-1.725096204076E0,3.126046562574E0,1.899542380524E1));
#285=CARTESIAN_POINT('',(-2.696141334043E0,2.350926124155E0,1.907877898701E1));
#286=CARTESIAN_POINT('',(-3.363535998103E0,1.219488916475E0,1.916698886311E1));
#287=CARTESIAN_POINT('',(-3.5E0,4.029602279629E-1,1.922251438051E1));
#288=CARTESIAN_POINT('',(-3.5E0,1.153601090267E-14,1.925E1));
#290=CARTESIAN_POINT('',(-3.5E0,0.E0,1.725E1));
#291=CARTESIAN_POINT('',(-3.5E0,4.022326936914E-1,1.722256400508E1));
#292=CARTESIAN_POINT('',(-3.359705815539E0,1.207490385314E0,1.716762078426E1));
#293=CARTESIAN_POINT('',(-2.753002291155E0,2.274267179057E0,1.708518176101E1));
#294=CARTESIAN_POINT('',(-1.813714808847E0,3.075719764953E0,1.700215004292E1));
#295=CARTESIAN_POINT('',(-6.468272076699E-1,3.519196153365E0,1.691843175999E1));
#296=CARTESIAN_POINT('',(6.684910843645E-1,3.513124107666E0,1.683007612071E1));
#297=CARTESIAN_POINT('',(1.813726150578E0,3.074076213995E0,1.674779824520E1));
#298=CARTESIAN_POINT('',(2.752993698544E0,2.274119075806E0,1.666479890932E1));
#299=CARTESIAN_POINT('',(3.357682080295E0,1.212201828005E0,1.658272733755E1));
#300=CARTESIAN_POINT('',(3.5E0,4.044695821986E-1,1.652758857143E1));
#301=CARTESIAN_POINT('',(3.5E0,0.E0,1.65E1));
#303=DIRECTION('',(0.E0,-1.391479524197E-14,1.E0));
#304=VECTOR('',#303,5.E-1);
#305=CARTESIAN_POINT('',(3.5E0,0.E0,1.65E1));
#306=LINE('',#305,#304);
#307=CARTESIAN_POINT('',(3.5E0,-1.101275254779E-14,1.7E1));
#308=CARTESIAN_POINT('',(3.5E0,4.056277683642E-1,1.702766757045E1));
#309=CARTESIAN_POINT('',(3.356550835192E0,1.215814946023E0,1.708298648086E1));
#310=CARTESIAN_POINT('',(2.749831251541E0,2.279455127471E0,1.716520347734E1));
#311=CARTESIAN_POINT('',(1.800601445688E0,3.081588793922E0,1.724879713765E1));
#312=CARTESIAN_POINT('',(6.736636729760E-1,3.507450975785E0,1.732967189628E1));
#313=CARTESIAN_POINT('',(-6.018136330856E-1,3.524525151778E0,1.741540097299E1));
#314=CARTESIAN_POINT('',(-1.773109231608E0,3.099594020841E0,1.749903942110E1));
#315=CARTESIAN_POINT('',(-2.731010322327E0,2.306578613319E0,1.758256174510E1));
#316=CARTESIAN_POINT('',(-3.365626807662E0,1.201367101271E0,1.766815301864E1));
#317=CARTESIAN_POINT('',(-3.5E0,3.973312728895E-1,1.772289832737E1));
#318=CARTESIAN_POINT('',(-3.5E0,1.131396629774E-14,1.775E1));
#320=DIRECTION('',(-3.123475237772E-1,5.410017808005E-1,-7.808688094430E-1));
#321=VECTOR('',#320,3.201562118716E-1);
#322=CARTESIAN_POINT('',(-1.75E0,3.031088913246E0,1.1E1));
#323=LINE('',#322,#321);
#324=DIRECTION('',(0.E0,0.E0,1.E0));
#325=VECTOR('',#324,1.E0);
#326=CARTESIAN_POINT('',(3.5E0,0.E0,5.E0));
#327=LINE('',#326,#325);
#328=DIRECTION('',(0.E0,0.E0,1.E0));
#329=VECTOR('',#328,5.75E0);
#330=CARTESIAN_POINT('',(-3.5E0,0.E0,0.E0));
#331=LINE('',#330,#329);
#332=CARTESIAN_POINT('',(-3.5E0,0.E0,5.75E0));
#333=CARTESIAN_POINT('',(-3.5E0,-4.014305085142E-1,5.777381278459E0));
#334=CARTESIAN_POINT('',(-3.364421917262E0,-1.215190868460E0,5.832723874306E0));
#335=CARTESIAN_POINT('',(-2.702042529219E0,-2.343643389445E0,5.920594868466E0));
#336=CARTESIAN_POINT('',(-1.733158542553E0,-3.121803631139E0,6.003972012198E0));
#337=CARTESIAN_POINT('',(-5.627055891379E-1,-3.527066654447E0,
6.087239313549E0));
#338=CARTESIAN_POINT('',(6.684386393996E-1,-3.506544217376E0,6.169969802895E0));
#339=CARTESIAN_POINT('',(1.810876586899E0,-3.077279977363E0,6.251973122326E0));
#340=CARTESIAN_POINT('',(2.751928953457E0,-2.275267098018E0,6.335078553271E0));
#341=CARTESIAN_POINT('',(3.357409932863E0,-1.213326227259E0,6.417201731237E0));
#342=CARTESIAN_POINT('',(3.5E0,-4.048084772064E-1,6.472388312792E0));
#343=CARTESIAN_POINT('',(3.5E0,0.E0,6.5E0));
#345=CARTESIAN_POINT('',(3.5E0,0.E0,7.5E0));
#346=CARTESIAN_POINT('',(3.5E0,-4.048084772064E-1,7.472388312792E0));
#347=CARTESIAN_POINT('',(3.357409932863E0,-1.213326227259E0,7.417201731237E0));
#348=CARTESIAN_POINT('',(2.751928953457E0,-2.275267098018E0,7.335078553271E0));
#349=CARTESIAN_POINT('',(1.810876586899E0,-3.077279977363E0,7.251973122326E0));
#350=CARTESIAN_POINT('',(6.684386393996E-1,-3.506544217376E0,7.169969802895E0));
#351=CARTESIAN_POINT('',(-5.627055891379E-1,-3.527066654447E0,
7.087239313549E0));
#352=CARTESIAN_POINT('',(-1.733158542553E0,-3.121803631139E0,7.003972012198E0));
#353=CARTESIAN_POINT('',(-2.702042529219E0,-2.343643389445E0,6.920594868466E0));
#354=CARTESIAN_POINT('',(-3.364421917262E0,-1.215190868460E0,6.832723874306E0));
#355=CARTESIAN_POINT('',(-3.5E0,-4.014305085142E-1,6.777381278459E0));
#356=CARTESIAN_POINT('',(-3.5E0,0.E0,6.75E0));
#358=DIRECTION('',(0.E0,1.093358340277E-14,1.E0));
#359=VECTOR('',#358,5.E-1);
#360=CARTESIAN_POINT('',(-3.5E0,0.E0,6.75E0));
#361=LINE('',#360,#359);
#362=CARTESIAN_POINT('',(-3.5E0,0.E0,7.25E0));
#363=CARTESIAN_POINT('',(-3.5E0,-3.978494940034E-1,7.277137020105E0));
#364=CARTESIAN_POINT('',(-3.364822628785E0,-1.201705653127E0,7.331889609176E0));
#365=CARTESIAN_POINT('',(-2.735249042710E0,-2.300655672426E0,7.416948948948E0));
#366=CARTESIAN_POINT('',(-1.779797731288E0,-3.095780576002E0,7.500454316146E0));
#367=CARTESIAN_POINT('',(-6.087948475039E-1,-3.523932401274E0,
7.584127773225E0));
#368=CARTESIAN_POINT('',(6.743111070923E-1,-3.507854161214E0,7.670369270962E0));
#369=CARTESIAN_POINT('',(1.800620816671E0,-3.081393222041E0,7.751205973561E0));
#370=CARTESIAN_POINT('',(2.749997191845E0,-2.279311590065E0,7.834813360571E0));
#371=CARTESIAN_POINT('',(3.356526478747E0,-1.215791238579E0,7.917013398353E0));
#372=CARTESIAN_POINT('',(3.5E0,-4.056300561193E-1,7.972332273501E0));
#373=CARTESIAN_POINT('',(3.5E0,0.E0,8.E0));
#375=CARTESIAN_POINT('',(3.5E0,0.E0,9.E0));
#376=CARTESIAN_POINT('',(3.5E0,-4.056300561193E-1,8.972332273501E0));
#377=CARTESIAN_POINT('',(3.356526478747E0,-1.215791238579E0,8.917013398353E0));
#378=CARTESIAN_POINT('',(2.749997191845E0,-2.279311590065E0,8.834813360571E0));
#379=CARTESIAN_POINT('',(1.800620816671E0,-3.081393222041E0,8.751205973561E0));
#380=CARTESIAN_POINT('',(6.743111070923E-1,-3.507854161214E0,8.670369270962E0));
#381=CARTESIAN_POINT('',(-6.087948475039E-1,-3.523932401274E0,
8.584127773225E0));
#382=CARTESIAN_POINT('',(-1.779797731288E0,-3.095780576002E0,8.500454316146E0));
#383=CARTESIAN_POINT('',(-2.735249042710E0,-2.300655672426E0,8.416948948948E0));
#384=CARTESIAN_POINT('',(-3.364822628785E0,-1.201705653127E0,8.331889609176E0));
#385=CARTESIAN_POINT('',(-3.5E0,-3.978494940034E-1,8.277137020105E0));
#386=CARTESIAN_POINT('',(-3.5E0,0.E0,8.25E0));
#388=DIRECTION('',(0.E0,0.E0,1.E0));
#389=VECTOR('',#388,5.E-1);
#390=CARTESIAN_POINT('',(-3.5E0,0.E0,8.25E0));
#391=LINE('',#390,#389);
#392=CARTESIAN_POINT('',(-3.5E0,0.E0,8.75E0));
#393=CARTESIAN_POINT('',(-3.5E0,-4.027368494069E-1,8.777470383006E0));
#394=CARTESIAN_POINT('',(-3.359236037380E0,-1.208063706230E0,8.832425003796E0));
#395=CARTESIAN_POINT('',(-2.754673162961E0,-2.271430189746E0,8.914601025358E0));
#396=CARTESIAN_POINT('',(-1.819259746438E0,-3.072257835318E0,8.997413559155E0));
#397=CARTESIAN_POINT('',(-6.526958970398E-1,-3.518349954027E0,
9.081177509068E0));
#398=CARTESIAN_POINT('',(6.666521790520E-1,-3.514373495944E0,9.169784012832E0));
#399=CARTESIAN_POINT('',(1.818606241409E0,-3.071475443906E0,9.252573054963E0));
#400=CARTESIAN_POINT('',(2.754056296339E0,-2.272193311295E0,9.335340924496E0));
#401=CARTESIAN_POINT('',(3.358077661604E0,-1.210977704021E0,9.417362068118E0));
#402=CARTESIAN_POINT('',(3.5E0,-4.040830396367E-1,9.472437794352E0));
#403=CARTESIAN_POINT('',(3.5E0,0.E0,9.5E0));
#405=CARTESIAN_POINT('',(3.5E0,0.E0,1.05E1));
#406=CARTESIAN_POINT('',(3.5E0,-4.045520176698E-1,1.047240580571E1));
#407=CARTESIAN_POINT('',(3.357744750866E0,-1.212382064548E0,1.041726604380E1));
#408=CARTESIAN_POINT('',(2.752361978237E0,-2.274508079315E0,1.033514977717E1));
#409=CARTESIAN_POINT('',(1.814982915781E0,-3.073799958645E0,1.025228439818E1));
#410=CARTESIAN_POINT('',(6.614832485048E-1,-3.515382268499E0,1.016943769281E1));
#411=CARTESIAN_POINT('',(-6.552014685607E-1,-3.516947781109E0,
1.008099211619E1));
#412=CARTESIAN_POINT('',(-1.813814079943E0,-3.075080148938E0,9.997825746331E0));
#413=CARTESIAN_POINT('',(-2.753439101288E0,-2.273649320356E0,9.914762235952E0));
#414=CARTESIAN_POINT('',(-3.358775045894E0,-1.209493633326E0,9.832529401958E0));
#415=CARTESIAN_POINT('',(-3.5E0,-4.031986581202E-1,9.777501882638E0));
#416=CARTESIAN_POINT('',(-3.5E0,0.E0,9.75E0));
#418=DIRECTION('',(0.E0,0.E0,1.E0));
#419=VECTOR('',#418,5.E-1);
#420=CARTESIAN_POINT('',(-3.5E0,0.E0,9.75E0));
#421=LINE('',#420,#419);
#422=CARTESIAN_POINT('',(-3.5E0,0.E0,1.025E1));
#423=CARTESIAN_POINT('',(-3.5E0,-4.051143165360E-1,1.027763254828E1));
#424=CARTESIAN_POINT('',(-3.357552105634E0,-1.213616223651E0,1.033280370934E1));
#425=CARTESIAN_POINT('',(-2.750934278326E0,-2.275170448765E0,1.041497097565E1));
#426=CARTESIAN_POINT('',(-1.817999308309E0,-3.073406144144E0,1.049747177289E1));
#427=CARTESIAN_POINT('',(-6.663667011484E-1,-3.507125524377E0,
1.058018722216E1));
#428=CARTESIAN_POINT('',(5.543299156901E-1,-3.527243188879E0,1.066218703348E1));
#429=CARTESIAN_POINT('',(1.719783352565E0,-3.127630506492E0,1.074507110823E1));
#430=CARTESIAN_POINT('',(2.682448740136E0,-2.365178111457E0,1.082745730651E1));
#431=CARTESIAN_POINT('',(3.359264437266E0,-1.234843760369E0,1.091594179950E1));
#432=CARTESIAN_POINT('',(3.5E0,-4.094398612006E-1,1.097207240951E1));
#433=CARTESIAN_POINT('',(3.5E0,0.E0,1.1E1));
#435=CARTESIAN_POINT('',(-1.75E0,-3.031088913246E0,1.6E1));
#436=CARTESIAN_POINT('',(-2.013028595987E0,-2.879229282548E0,1.597928353353E1));
#437=CARTESIAN_POINT('',(-2.500638778543E0,-2.506414383672E0,1.593777762190E1));
#438=CARTESIAN_POINT('',(-3.067180621466E0,-1.768224186603E0,1.587484461929E1));
#439=CARTESIAN_POINT('',(-3.418937276618E0,-9.176311000365E-1,
1.581260307879E1));
#440=CARTESIAN_POINT('',(-3.5E0,-3.059518068618E-1,1.577086874675E1));
#441=CARTESIAN_POINT('',(-3.5E0,0.E0,1.575E1));
#443=DIRECTION('',(0.E0,0.E0,1.E0));
#444=VECTOR('',#443,5.E-1);
#445=CARTESIAN_POINT('',(-3.5E0,0.E0,1.575E1));
#446=LINE('',#445,#444);
#447=CARTESIAN_POINT('',(-3.5E0,0.E0,1.625E1));
#448=CARTESIAN_POINT('',(-3.5E0,-4.053588270711E-1,1.627764922617E1));
#449=CARTESIAN_POINT('',(-3.356792689836E0,-1.214960886576E0,1.633292761425E1));
#450=CARTESIAN_POINT('',(-2.750643571350E0,-2.278260241236E0,1.641510428829E1));
#451=CARTESIAN_POINT('',(-1.803388735828E0,-3.079657445481E0,1.649858220023E1));
#452=CARTESIAN_POINT('',(-6.732907567709E-1,-3.509567996013E0,
1.657971424067E1));
#453=CARTESIAN_POINT('',(6.250713931212E-1,-3.522119982866E0,1.666697083087E1));
#454=CARTESIAN_POINT('',(1.794423936490E0,-3.087341269276E0,1.675065771931E1));
#455=CARTESIAN_POINT('',(2.744206475437E0,-2.287847184765E0,1.683410076025E1));
#456=CARTESIAN_POINT('',(3.362600476893E0,-1.203698120873E0,1.691792819170E1));
#457=CARTESIAN_POINT('',(3.5E0,-3.995504478192E-1,1.697274695909E1));
#458=CARTESIAN_POINT('',(3.5E0,-1.101275254779E-14,1.7E1));
#460=CARTESIAN_POINT('',(3.5E0,0.E0,1.65E1));
#461=CARTESIAN_POINT('',(3.5E0,-3.499532736778E-1,1.647612994570E1));
#462=CARTESIAN_POINT('',(3.393661988164E0,-1.049296573949E0,1.642840316E1));
#463=CARTESIAN_POINT('',(2.937069711546E0,-1.999331489644E0,1.635732713251E1));
#464=CARTESIAN_POINT('',(2.210702341038E0,-2.780709154194E0,1.628534270887E1));
#465=CARTESIAN_POINT('',(1.302178280579E0,-3.305241163671E0,1.621460840757E1));
#466=CARTESIAN_POINT('',(2.608715484349E-1,-3.543483939694E0,1.614253338670E1));
#467=CARTESIAN_POINT('',(-7.899752157667E-1,-3.463120729214E0,
1.607146775720E1));
#468=CARTESIAN_POINT('',(-1.447621081614E0,-3.205667463173E0,1.602381574787E1));
#469=CARTESIAN_POINT('',(-1.75E0,-3.031088913246E0,1.6E1));
#471=CARTESIAN_POINT('',(3.5E0,0.E0,1.2E1));
#472=CARTESIAN_POINT('',(3.5E0,-4.094398612006E-1,1.197207240951E1));
#473=CARTESIAN_POINT('',(3.359264437266E0,-1.234843760369E0,1.191594179950E1));
#474=CARTESIAN_POINT('',(2.682448740136E0,-2.365178111457E0,1.182745730651E1));
#475=CARTESIAN_POINT('',(1.719783352565E0,-3.127630506492E0,1.174507110823E1));
#476=CARTESIAN_POINT('',(5.543299156901E-1,-3.527243188879E0,1.166218703348E1));
#477=CARTESIAN_POINT('',(-6.663667011484E-1,-3.507125524377E0,
1.158018722216E1));
#478=CARTESIAN_POINT('',(-1.817999308309E0,-3.073406144144E0,1.149747177289E1));
#479=CARTESIAN_POINT('',(-2.750934278326E0,-2.275170448765E0,1.141497097565E1));
#480=CARTESIAN_POINT('',(-3.357552105634E0,-1.213616223651E0,1.133280370934E1));
#481=CARTESIAN_POINT('',(-3.5E0,-4.051143165360E-1,1.127763254828E1));
#482=CARTESIAN_POINT('',(-3.5E0,0.E0,1.125E1));
#484=DIRECTION('',(0.E0,2.161234154604E-14,1.E0));
#485=VECTOR('',#484,5.E-1);
#486=CARTESIAN_POINT('',(-3.5E0,0.E0,1.125E1));
#487=LINE('',#486,#485);
#488=CARTESIAN_POINT('',(-3.5E0,0.E0,1.175E1));
#489=CARTESIAN_POINT('',(-3.5E0,-4.094111146842E-1,1.177792562971E1));
#490=CARTESIAN_POINT('',(-3.357274834430E0,-1.227580854877E0,1.183365272632E1));
#491=CARTESIAN_POINT('',(-2.716110304673E0,-2.318235429011E0,1.191870099575E1));
#492=CARTESIAN_POINT('',(-1.787932957332E0,-3.089589222657E0,1.199971655082E1));
#493=CARTESIAN_POINT('',(-6.198735991398E-1,-3.517027955082E0,
1.208340013695E1));
#494=CARTESIAN_POINT('',(6.032284324028E-1,-3.520152962295E0,1.216546469472E1));
#495=CARTESIAN_POINT('',(1.773808831596E0,-3.097228846728E0,1.224921845878E1));
#496=CARTESIAN_POINT('',(2.704597235681E0,-2.333089471221E0,1.233003810713E1));
#497=CARTESIAN_POINT('',(3.357923481141E0,-1.230341230720E0,1.241619772649E1));
#498=CARTESIAN_POINT('',(3.5E0,-4.098407352446E-1,1.247204506619E1));
#499=CARTESIAN_POINT('',(3.5E0,0.E0,1.25E1));
#501=CARTESIAN_POINT('',(3.5E0,0.E0,1.35E1));
#502=CARTESIAN_POINT('',(3.5E0,-4.098407352446E-1,1.347204506619E1));
#503=CARTESIAN_POINT('',(3.357923481141E0,-1.230341230720E0,1.341619772649E1));
#504=CARTESIAN_POINT('',(2.704597235681E0,-2.333089471221E0,1.333003810713E1));
#505=CARTESIAN_POINT('',(1.773808831596E0,-3.097228846728E0,1.324921845878E1));
#506=CARTESIAN_POINT('',(6.032284324028E-1,-3.520152962295E0,1.316546469472E1));
#507=CARTESIAN_POINT('',(-6.198735991398E-1,-3.517027955082E0,
1.308340013695E1));
#508=CARTESIAN_POINT('',(-1.787932957332E0,-3.089589222657E0,1.299971655082E1));
#509=CARTESIAN_POINT('',(-2.716110304673E0,-2.318235429011E0,1.291870099575E1));
#510=CARTESIAN_POINT('',(-3.357274834430E0,-1.227580854877E0,1.283365272632E1));
#511=CARTESIAN_POINT('',(-3.5E0,-4.094111146842E-1,1.277792562971E1));
#512=CARTESIAN_POINT('',(-3.5E0,0.E0,1.275E1));
#514=DIRECTION('',(0.E0,0.E0,1.E0));
#515=VECTOR('',#514,5.E-1);
#516=CARTESIAN_POINT('',(-3.5E0,0.E0,1.275E1));
#517=LINE('',#516,#515);
#518=CARTESIAN_POINT('',(-3.5E0,1.005571353650E-14,1.325E1));
#519=CARTESIAN_POINT('',(-3.5E0,-4.101144558214E-1,1.327797360409E1));
#520=CARTESIAN_POINT('',(-3.358675699392E0,-1.234464798249E0,1.333404133719E1));
#521=CARTESIAN_POINT('',(-2.687998804004E0,-2.356075364995E0,1.342184767347E1));
#522=CARTESIAN_POINT('',(-1.740526023053E0,-3.115831943465E0,1.350332926071E1));
#523=CARTESIAN_POINT('',(-5.712445673124E-1,-3.525188871592E0,
1.358668692999E1));
#524=CARTESIAN_POINT('',(6.508697082607E-1,-3.510492476033E0,1.366873931387E1));
#525=CARTESIAN_POINT('',(1.808934372172E0,-3.078553212368E0,1.375184251209E1));
#526=CARTESIAN_POINT('',(2.740655609751E0,-2.287756827316E0,1.383393443058E1));
#527=CARTESIAN_POINT('',(3.356721130277E0,-1.219532855955E0,1.391681508577E1));
#528=CARTESIAN_POINT('',(3.5E0,-4.072010070784E-1,1.397222512010E1));
#529=CARTESIAN_POINT('',(3.5E0,-1.012457412809E-14,1.4E1));
#531=CARTESIAN_POINT('',(3.5E0,-1.116078228441E-14,1.5E1));
#532=CARTESIAN_POINT('',(3.5E0,-4.072010070784E-1,1.497222512010E1));
#533=CARTESIAN_POINT('',(3.356721130277E0,-1.219532855955E0,1.491681508577E1));
#534=CARTESIAN_POINT('',(2.740655609751E0,-2.287756827316E0,1.483393443058E1));
#535=CARTESIAN_POINT('',(1.808934372172E0,-3.078553212368E0,1.475184251209E1));
#536=CARTESIAN_POINT('',(6.508697082607E-1,-3.510492476033E0,1.466873931387E1));
#537=CARTESIAN_POINT('',(-5.712445673124E-1,-3.525188871592E0,
1.458668692999E1));
#538=CARTESIAN_POINT('',(-1.740526023053E0,-3.115831943465E0,1.450332926071E1));
#539=CARTESIAN_POINT('',(-2.687998804004E0,-2.356075364995E0,1.442184767347E1));
#540=CARTESIAN_POINT('',(-3.358675699392E0,-1.234464798249E0,1.433404133719E1));
#541=CARTESIAN_POINT('',(-3.5E0,-4.101144558214E-1,1.427797360409E1));
#542=CARTESIAN_POINT('',(-3.5E0,1.005571353650E-14,1.425E1));
#544=DIRECTION('',(0.E0,0.E0,1.E0));
#545=VECTOR('',#544,5.E-1);
#546=CARTESIAN_POINT('',(-3.5E0,1.005571353650E-14,1.425E1));
#547=LINE('',#546,#545);
#548=CARTESIAN_POINT('',(-3.5E0,0.E0,1.475E1));
#549=CARTESIAN_POINT('',(-3.5E0,-3.059518068618E-1,1.477086874675E1));
#550=CARTESIAN_POINT('',(-3.418937276618E0,-9.176311000365E-1,
1.481260307879E1));
#551=CARTESIAN_POINT('',(-3.067180621466E0,-1.768224186603E0,1.487484461929E1));
#552=CARTESIAN_POINT('',(-2.500638778543E0,-2.506414383672E0,1.493777762190E1));
#553=CARTESIAN_POINT('',(-2.013028595987E0,-2.879229282548E0,1.497928353353E1));
#554=CARTESIAN_POINT('',(-1.75E0,-3.031088913246E0,1.5E1));
#556=CARTESIAN_POINT('',(-1.75E0,-3.031088913246E0,1.5E1));
#557=CARTESIAN_POINT('',(-1.447621081614E0,-3.205667463173E0,1.502381574787E1));
#558=CARTESIAN_POINT('',(-7.899752157667E-1,-3.463120729214E0,
1.507146775720E1));
#559=CARTESIAN_POINT('',(2.608715484349E-1,-3.543483939694E0,1.514253338670E1));
#560=CARTESIAN_POINT('',(1.302178280579E0,-3.305241163671E0,1.521460840757E1));
#561=CARTESIAN_POINT('',(2.210702341038E0,-2.780709154194E0,1.528534270887E1));
#562=CARTESIAN_POINT('',(2.937069711546E0,-1.999331489644E0,1.535732713251E1));
#563=CARTESIAN_POINT('',(3.393661988164E0,-1.049296573949E0,1.542840316E1));
#564=CARTESIAN_POINT('',(3.5E0,-3.499532736777E-1,1.547612994570E1));
#565=CARTESIAN_POINT('',(3.5E0,0.E0,1.55E1));
#567=CARTESIAN_POINT('',(3.5E0,0.E0,1.8E1));
#568=CARTESIAN_POINT('',(3.5E0,-3.995504478192E-1,1.797274695909E1));
#569=CARTESIAN_POINT('',(3.362600476893E0,-1.203698120873E0,1.791792819170E1));
#570=CARTESIAN_POINT('',(2.744206475437E0,-2.287847184765E0,1.783410076025E1));
#571=CARTESIAN_POINT('',(1.794423936490E0,-3.087341269276E0,1.775065771931E1));
#572=CARTESIAN_POINT('',(6.250713931212E-1,-3.522119982866E0,1.766697083087E1));
#573=CARTESIAN_POINT('',(-6.732907567709E-1,-3.509567996013E0,
1.757971424067E1));
#574=CARTESIAN_POINT('',(-1.803388735828E0,-3.079657445481E0,1.749858220023E1));
#575=CARTESIAN_POINT('',(-2.750643571350E0,-2.278260241235E0,1.741510428829E1));
#576=CARTESIAN_POINT('',(-3.356792689836E0,-1.214960886576E0,1.733292761425E1));
#577=CARTESIAN_POINT('',(-3.5E0,-4.053588270711E-1,1.727764922617E1));
#578=CARTESIAN_POINT('',(-3.5E0,0.E0,1.725E1));
#580=DIRECTION('',(0.E0,2.338869838544E-14,1.E0));
#581=VECTOR('',#580,5.E-1);
#582=CARTESIAN_POINT('',(-3.5E0,0.E0,1.725E1));
#583=LINE('',#582,#581);
#584=CARTESIAN_POINT('',(-3.5E0,1.131396629774E-14,1.775E1));
#585=CARTESIAN_POINT('',(-3.5E0,-4.053201575650E-1,1.777764658855E1));
#586=CARTESIAN_POINT('',(-3.356924434852E0,-1.214894292099E0,1.783291306797E1));
#587=CARTESIAN_POINT('',(-2.750407597294E0,-2.277928453814E0,1.791511398098E1));
#588=CARTESIAN_POINT('',(-1.805003491228E0,-3.080083601988E0,1.799847222717E1));
#589=CARTESIAN_POINT('',(-6.692264386779E-1,-3.506926737276E0,
1.807997365803E1));
#590=CARTESIAN_POINT('',(5.779952674746E-1,-3.526148860680E0,1.816379194848E1));
#591=CARTESIAN_POINT('',(1.750209497439E0,-3.112565120092E0,1.824730905197E1));
#592=CARTESIAN_POINT('',(2.714940515042E0,-2.327639979397E0,1.833078168474E1));
#593=CARTESIAN_POINT('',(3.366005078124E0,-1.206554728720E0,1.841784704970E1));
#594=CARTESIAN_POINT('',(3.5E0,-3.984294752458E-1,1.847282341980E1));
#595=CARTESIAN_POINT('',(3.5E0,-1.345524320197E-14,1.85E1));
#597=CARTESIAN_POINT('',(-3.5E0,1.153601090267E-14,1.925E1));
#598=CARTESIAN_POINT('',(-3.5E0,-4.079238734191E-1,1.927782418608E1));
#599=CARTESIAN_POINT('',(-3.355491219359E0,-1.222841624224E0,1.933343283871E1));
#600=CARTESIAN_POINT('',(-2.738667963803E0,-2.292398561712E0,1.941637995528E1));
#601=CARTESIAN_POINT('',(-1.787564891212E0,-3.093228900809E0,1.949990132075E1));
#602=CARTESIAN_POINT('',(-6.166495849822E-1,-3.517998226074E0,
1.958357546226E1));
#603=CARTESIAN_POINT('',(6.175876517036E-1,-3.517508141762E0,1.966649191941E1));
#604=CARTESIAN_POINT('',(1.785629345758E0,-3.094214599375E0,1.974995255761E1));
#605=CARTESIAN_POINT('',(2.738159035050E0,-2.293169069529E0,1.983356112986E1));
#606=CARTESIAN_POINT('',(3.355039721869E0,-1.224051546512E0,1.991647926623E1));
#607=CARTESIAN_POINT('',(3.5E0,-4.084108621094E-1,1.997214259678E1));
#608=CARTESIAN_POINT('',(3.5E0,-2.806674415138E-14,2.E1));
#610=CARTESIAN_POINT('',(-1.75E0,3.031088913246E0,2.E1));
#611=CARTESIAN_POINT('',(-1.397737402339E0,3.234467818831E0,1.997225535016E1));
#612=CARTESIAN_POINT('',(-6.215849659224E-1,3.517163887202E0,1.991675857126E1));
#613=CARTESIAN_POINT('',(6.179659492441E-1,3.517850230349E0,1.983348670386E1));
#614=CARTESIAN_POINT('',(1.783246861083E0,3.094701157987E0,1.975020092148E1));
#615=CARTESIAN_POINT('',(2.733741944698E0,2.298706185605E0,1.966691473228E1));
#616=CARTESIAN_POINT('',(3.354677516132E0,1.225729840471E0,1.958362920066E1));
#617=CARTESIAN_POINT('',(3.571707199623E0,6.532573970624E-3,1.950043693806E1));
#618=CARTESIAN_POINT('',(3.358463946559E0,-1.216518526186E0,1.941703367337E1));
#619=CARTESIAN_POINT('',(2.738895585408E0,-2.292825610780E0,1.933360942362E1));
#620=CARTESIAN_POINT('',(1.788886832596E0,-3.091628014518E0,1.925022765018E1));
#621=CARTESIAN_POINT('',(6.229179407002E-1,-3.517161460912E0,1.916684771601E1));
#622=CARTESIAN_POINT('',(-6.183337466220E-1,-3.517929863554E0,
1.908346294583E1));
#623=CARTESIAN_POINT('',(-1.784495097202E0,-3.094141439276E0,1.900011079132E1));
#624=CARTESIAN_POINT('',(-2.735572956547E0,-2.296719436318E0,1.891673278958E1));
#625=CARTESIAN_POINT('',(-3.356250027180E0,-1.222162753298E0,1.883337144009E1));
#626=CARTESIAN_POINT('',(-3.5E0,-4.074314414540E-1,1.877779059766E1));
#627=CARTESIAN_POINT('',(-3.5E0,1.123995142944E-14,1.875E1));
#629=DIRECTION('',(0.E0,0.E0,1.E0));
#630=VECTOR('',#629,5.E-1);
#631=CARTESIAN_POINT('',(-3.5E0,1.123995142944E-14,1.875E1));
#632=LINE('',#631,#630);
#633=DIRECTION('',(6.246950475544E-1,0.E0,-7.808688094430E-1));
#634=VECTOR('',#633,3.201562118716E-1);
#635=CARTESIAN_POINT('',(3.5E0,0.E0,6.E0));
#636=LINE('',#635,#634);
#637=DIRECTION('',(0.E0,0.E0,-1.E0));
#638=VECTOR('',#637,5.E-1);
#639=CARTESIAN_POINT('',(3.7E0,0.E0,5.75E0));
#640=LINE('',#639,#638);
#641=DIRECTION('',(-6.246950475544E-1,0.E0,-7.808688094430E-1));
#642=VECTOR('',#641,3.201562118716E-1);
#643=CARTESIAN_POINT('',(3.7E0,0.E0,5.25E0));
#644=LINE('',#643,#642);
#645=CARTESIAN_POINT('',(3.7E0,0.E0,5.75E0));
#646=CARTESIAN_POINT('',(3.7E0,4.305145488253E-1,5.777777777778E0));
#647=CARTESIAN_POINT('',(3.548190044419E0,1.291418840913E0,5.833333333333E0));
#648=CARTESIAN_POINT('',(2.892511025982E0,2.427109415396E0,5.916666666667E0));
#649=CARTESIAN_POINT('',(1.887952488895E0,3.270028432545E0,6.E0));
#650=CARTESIAN_POINT('',(6.556790184369E-1,3.718540818438E0,6.083333333333E0));
#651=CARTESIAN_POINT('',(-6.556790184369E-1,3.718540410574E0,6.166666666667E0));
#652=CARTESIAN_POINT('',(-1.887952488895E0,3.270029656138E0,6.25E0));
#653=CARTESIAN_POINT('',(-2.892511025982E0,2.427104928889E0,6.333333333333E0));
#654=CARTESIAN_POINT('',(-3.548190044419E0,1.291435563346E0,6.416666666667E0));
#655=CARTESIAN_POINT('',(-3.775904977791E0,-4.443128642784E-10,6.5E0));
#656=CARTESIAN_POINT('',(-3.548190044419E0,-1.291435561569E0,6.583333333333E0));
#657=CARTESIAN_POINT('',(-2.892511025982E0,-2.427104935109E0,6.666666666667E0));
#658=CARTESIAN_POINT('',(-1.887952488895E0,-3.270029633034E0,6.75E0));
#659=CARTESIAN_POINT('',(-6.556790184368E-1,-3.718540496768E0,
6.833333333333E0));
#660=CARTESIAN_POINT('',(6.556790184368E-1,-3.718540496765E0,6.916666666667E0));
#661=CARTESIAN_POINT('',(1.887952488895E0,-3.270029633043E0,7.E0));
#662=CARTESIAN_POINT('',(2.892511025982E0,-2.427104935078E0,7.083333333333E0));
#663=CARTESIAN_POINT('',(3.548190044419E0,-1.291435561688E0,7.166666666667E0));
#664=CARTESIAN_POINT('',(3.775904977791E0,0.E0,7.25E0));
#665=CARTESIAN_POINT('',(3.548190044419E0,1.291435561688E0,7.333333333333E0));
#666=CARTESIAN_POINT('',(2.892511025982E0,2.427104935078E0,7.416666666667E0));
#667=CARTESIAN_POINT('',(1.887952488895E0,3.270029633043E0,7.5E0));
#668=CARTESIAN_POINT('',(6.556790184368E-1,3.718540496766E0,7.583333333333E0));
#669=CARTESIAN_POINT('',(-6.556790184368E-1,3.718540496766E0,7.666666666667E0));
#670=CARTESIAN_POINT('',(-1.887952488895E0,3.270029633043E0,7.75E0));
#671=CARTESIAN_POINT('',(-2.892511025982E0,2.427104935078E0,7.833333333333E0));
#672=CARTESIAN_POINT('',(-3.548190044419E0,1.291435561688E0,7.916666666667E0));
#673=CARTESIAN_POINT('',(-3.775904977791E0,1.465494392505E-14,8.E0));
#674=CARTESIAN_POINT('',(-3.548190044419E0,-1.291435561688E0,8.083333333333E0));
#675=CARTESIAN_POINT('',(-2.892511025982E0,-2.427104935078E0,8.166666666667E0));
#676=CARTESIAN_POINT('',(-1.887952488895E0,-3.270029633043E0,8.25E0));
#677=CARTESIAN_POINT('',(-6.556790184369E-1,-3.718540496766E0,
8.333333333333E0));
#678=CARTESIAN_POINT('',(6.556790184368E-1,-3.718540496766E0,8.416666666667E0));
#679=CARTESIAN_POINT('',(1.887952488895E0,-3.270029633043E0,8.5E0));
#680=CARTESIAN_POINT('',(2.892511025982E0,-2.427104935078E0,8.583333333333E0));
#681=CARTESIAN_POINT('',(3.548190044419E0,-1.291435561688E0,8.666666666667E0));
#682=CARTESIAN_POINT('',(3.775904977791E0,0.E0,8.75E0));
#683=CARTESIAN_POINT('',(3.548190044419E0,1.291435561688E0,8.833333333333E0));
#684=CARTESIAN_POINT('',(2.892511025982E0,2.427104935078E0,8.916666666667E0));
#685=CARTESIAN_POINT('',(1.887952488895E0,3.270029633043E0,9.E0));
#686=CARTESIAN_POINT('',(6.556790184369E-1,3.718540496766E0,9.083333333333E0));
#687=CARTESIAN_POINT('',(-6.556790184368E-1,3.718540496766E0,9.166666666667E0));
#688=CARTESIAN_POINT('',(-1.887952488895E0,3.270029633043E0,9.25E0));
#689=CARTESIAN_POINT('',(-2.892511025982E0,2.427104935078E0,9.333333333333E0));
#690=CARTESIAN_POINT('',(-3.548190044419E0,1.291435561688E0,9.416666666667E0));
#691=CARTESIAN_POINT('',(-3.775904977791E0,-5.756506382681E-14,9.5E0));
#692=CARTESIAN_POINT('',(-3.548190044418E0,-1.291435561688E0,9.583333333333E0));
#693=CARTESIAN_POINT('',(-2.892511025984E0,-2.427104935079E0,9.666666666667E0));
#694=CARTESIAN_POINT('',(-1.887952488888E0,-3.270029633039E0,9.75E0));
#695=CARTESIAN_POINT('',(-6.556790184644E-1,-3.718540496782E0,
9.833333333333E0));
#696=CARTESIAN_POINT('',(6.556790185399E-1,-3.718540496706E0,9.916666666667E0));
#697=CARTESIAN_POINT('',(1.887952488511E0,-3.270029633265E0,1.E1));
#698=CARTESIAN_POINT('',(2.892511027418E0,-2.427104934248E0,1.008333333333E1));
#699=CARTESIAN_POINT('',(3.548190039059E0,-1.291435564782E0,1.016666666667E1));
#700=CARTESIAN_POINT('',(3.775904997792E0,1.154749096344E-8,1.025E1));
#701=CARTESIAN_POINT('',(3.548189969774E0,1.291435518592E0,1.033333333333E1));
#702=CARTESIAN_POINT('',(2.892511304558E0,2.427105095914E0,1.041666666667E1));
#703=CARTESIAN_POINT('',(1.887951449234E0,3.270029032794E0,1.05E1));
#704=CARTESIAN_POINT('',(6.556828985062E-1,3.718542736925E0,1.058333333333E1));
#705=CARTESIAN_POINT('',(-6.556934990526E-1,3.718532136378E0,1.066666666667E1));
#706=CARTESIAN_POINT('',(-1.477163464019E0,3.419551268415E0,1.072222222222E1));
#707=CARTESIAN_POINT('',(-1.85E0,3.204293994002E0,1.075E1));
#709=DIRECTION('',(0.E0,0.E0,-1.E0));
#710=VECTOR('',#709,5.E-1);
#711=CARTESIAN_POINT('',(-1.85E0,3.204293994002E0,1.075E1));
#712=LINE('',#711,#710);
#713=CARTESIAN_POINT('',(-1.85E0,3.204293994002E0,1.075E1));
#714=CARTESIAN_POINT('',(-2.222836535981E0,2.989036719590E0,1.077777777778E1));
#715=CARTESIAN_POINT('',(-2.892496545366E0,2.427113295465E0,1.083333333333E1));
#716=CARTESIAN_POINT('',(-3.548193924488E0,1.291433321529E0,1.091666666667E1));
#717=CARTESIAN_POINT('',(-3.775903938129E0,6.002488129875E-7,1.1E1));
#718=CARTESIAN_POINT('',(-3.548190322995E0,-1.291435722524E0,1.108333333333E1));
#719=CARTESIAN_POINT('',(-2.892510951337E0,-2.427104891982E0,1.116666666667E1));
#720=CARTESIAN_POINT('',(-1.887952508896E0,-3.270029644590E0,1.125E1));
#721=CARTESIAN_POINT('',(-6.556790130776E-1,-3.718540493671E0,
1.133333333333E1));
#722=CARTESIAN_POINT('',(6.556790170008E-1,-3.718540497595E0,1.141666666667E1));
#723=CARTESIAN_POINT('',(1.887952489280E0,-3.270029632821E0,1.15E1));
#724=CARTESIAN_POINT('',(2.892511025879E0,-2.427104935137E0,1.158333333333E1));
#725=CARTESIAN_POINT('',(3.548190044446E0,-1.291435561672E0,1.166666666667E1));
#726=CARTESIAN_POINT('',(3.775904977783E0,-4.314992807508E-12,1.175E1));
#727=CARTESIAN_POINT('',(3.548190044421E0,1.291435561689E0,1.183333333333E1));
#728=CARTESIAN_POINT('',(2.892511025981E0,2.427104935077E0,1.191666666667E1));
#729=CARTESIAN_POINT('',(1.887952488895E0,3.270029633043E0,1.2E1));
#730=CARTESIAN_POINT('',(6.556790184368E-1,3.718540496766E0,1.208333333333E1));
#731=CARTESIAN_POINT('',(-6.556790184368E-1,3.718540496766E0,1.216666666667E1));
#732=CARTESIAN_POINT('',(-1.887952488895E0,3.270029633043E0,1.225E1));
#733=CARTESIAN_POINT('',(-2.892511025982E0,2.427104935078E0,1.233333333333E1));
#734=CARTESIAN_POINT('',(-3.548190044419E0,1.291435561688E0,1.241666666667E1));
#735=CARTESIAN_POINT('',(-3.775904977791E0,2.092770401418E-14,1.25E1));
#736=CARTESIAN_POINT('',(-3.548190044419E0,-1.291435561688E0,1.258333333333E1));
#737=CARTESIAN_POINT('',(-2.892511025982E0,-2.427104935078E0,1.266666666667E1));
#738=CARTESIAN_POINT('',(-1.887952488895E0,-3.270029633043E0,1.275E1));
#739=CARTESIAN_POINT('',(-6.556790184369E-1,-3.718540496766E0,
1.283333333333E1));
#740=CARTESIAN_POINT('',(6.556790184368E-1,-3.718540496766E0,1.291666666667E1));
#741=CARTESIAN_POINT('',(1.887952488895E0,-3.270029633043E0,1.3E1));
#742=CARTESIAN_POINT('',(2.892511025982E0,-2.427104935078E0,1.308333333333E1));
#743=CARTESIAN_POINT('',(3.548190044419E0,-1.291435561688E0,1.316666666667E1));
#744=CARTESIAN_POINT('',(3.775904977791E0,-1.798561299893E-14,1.325E1));
#745=CARTESIAN_POINT('',(3.548190044419E0,1.291435561688E0,1.333333333333E1));
#746=CARTESIAN_POINT('',(2.892511025982E0,2.427104935078E0,1.341666666667E1));
#747=CARTESIAN_POINT('',(1.887952488895E0,3.270029633043E0,1.35E1));
#748=CARTESIAN_POINT('',(6.556790184369E-1,3.718540496766E0,1.358333333333E1));
#749=CARTESIAN_POINT('',(-6.556790184368E-1,3.718540496766E0,1.366666666667E1));
#750=CARTESIAN_POINT('',(-1.887952488895E0,3.270029633043E0,1.375E1));
#751=CARTESIAN_POINT('',(-2.892511025982E0,2.427104935078E0,1.383333333333E1));
#752=CARTESIAN_POINT('',(-3.548190044419E0,1.291435561688E0,1.391666666667E1));
#753=CARTESIAN_POINT('',(-3.775904977791E0,4.052314039882E-14,1.4E1));
#754=CARTESIAN_POINT('',(-3.548190044419E0,-1.291435561688E0,1.408333333333E1));
#755=CARTESIAN_POINT('',(-2.892511025982E0,-2.427104935078E0,1.416666666667E1));
#756=CARTESIAN_POINT('',(-1.887952488895E0,-3.270029633043E0,1.425E1));
#757=CARTESIAN_POINT('',(-6.556790184369E-1,-3.718540496766E0,
1.433333333333E1));
#758=CARTESIAN_POINT('',(6.556790184368E-1,-3.718540496766E0,1.441666666667E1));
#759=CARTESIAN_POINT('',(1.887952488895E0,-3.270029633043E0,1.45E1));
#760=CARTESIAN_POINT('',(2.892511025981E0,-2.427104935077E0,1.458333333333E1));
#761=CARTESIAN_POINT('',(3.548190044421E0,-1.291435561689E0,1.466666666667E1));
#762=CARTESIAN_POINT('',(3.775904977783E0,4.216349491770E-12,1.475E1));
#763=CARTESIAN_POINT('',(3.548190044446E0,1.291435561672E0,1.483333333333E1));
#764=CARTESIAN_POINT('',(2.892511025879E0,2.427104935137E0,1.491666666667E1));
#765=CARTESIAN_POINT('',(1.887952489280E0,3.270029632821E0,1.5E1));
#766=CARTESIAN_POINT('',(6.556790170009E-1,3.718540497595E0,1.508333333333E1));
#767=CARTESIAN_POINT('',(-6.556790130776E-1,3.718540493671E0,1.516666666667E1));
#768=CARTESIAN_POINT('',(-1.887952508896E0,3.270029644590E0,1.525E1));
#769=CARTESIAN_POINT('',(-2.892510951337E0,2.427104891982E0,1.533333333333E1));
#770=CARTESIAN_POINT('',(-3.548190322995E0,1.291435722524E0,1.541666666667E1));
#771=CARTESIAN_POINT('',(-3.775903938129E0,-6.002488089907E-7,1.55E1));
#772=CARTESIAN_POINT('',(-3.548193924488E0,-1.291433321529E0,1.558333333333E1));
#773=CARTESIAN_POINT('',(-2.892496545366E0,-2.427113295465E0,1.566666666667E1));
#774=CARTESIAN_POINT('',(-2.222836535982E0,-2.989036719590E0,1.572222222222E1));
#775=CARTESIAN_POINT('',(-1.85E0,-3.204293994002E0,1.575E1));
#777=CARTESIAN_POINT('',(1.85E0,-3.204293994003E0,2.E1));
#778=CARTESIAN_POINT('',(1.647499402060E0,-3.321207768734E0,2.E1));
#779=CARTESIAN_POINT('',(1.232534870996E0,-3.509354553774E0,2.E1));
#780=CARTESIAN_POINT('',(6.056862805323E-1,-3.669055924696E0,2.E1));
#781=CARTESIAN_POINT('',(-6.773757150603E-2,-3.722628871098E0,2.E1));
#782=CARTESIAN_POINT('',(-8.259369309900E-1,-3.634993728350E0,2.E1));
#783=CARTESIAN_POINT('',(-1.570113912459E0,-3.380422742961E0,2.E1));
#784=CARTESIAN_POINT('',(-2.229213909894E0,-2.984974900009E0,2.E1));
#785=CARTESIAN_POINT('',(-2.779034711292E0,-2.480046498276E0,2.E1));
#786=CARTESIAN_POINT('',(-3.211235635156E0,-1.884003413122E0,2.E1));
#787=CARTESIAN_POINT('',(-3.502214618900E0,-1.254644553055E0,2.E1));
#788=CARTESIAN_POINT('',(-3.665720147854E0,-6.222281898527E-1,2.E1));
#789=CARTESIAN_POINT('',(-3.7E0,-2.068362648410E-1,2.E1));
#790=CARTESIAN_POINT('',(-3.7E0,1.164461196957E-13,2.E1));
#792=DIRECTION('',(0.E0,0.E0,-1.E0));
#793=VECTOR('',#792,5.E-1);
#794=CARTESIAN_POINT('',(-1.85E0,-3.204293994002E0,1.575E1));
#795=LINE('',#794,#793);
#796=CARTESIAN_POINT('',(-1.85E0,-3.204293994002E0,1.575E1));
#797=CARTESIAN_POINT('',(-1.477163464019E0,-3.419551268415E0,1.577777777778E1));
#798=CARTESIAN_POINT('',(-6.556934990527E-1,-3.718532136378E0,
1.583333333333E1));
#799=CARTESIAN_POINT('',(6.556828985061E-1,-3.718542736925E0,1.591666666667E1));
#800=CARTESIAN_POINT('',(1.887951449234E0,-3.270029032794E0,1.6E1));
#801=CARTESIAN_POINT('',(2.892511304558E0,-2.427105095914E0,1.608333333333E1));
#802=CARTESIAN_POINT('',(3.548189969774E0,-1.291435518592E0,1.616666666667E1));
#803=CARTESIAN_POINT('',(3.775904997792E0,-1.154756029687E-8,1.625E1));
#804=CARTESIAN_POINT('',(3.548190039059E0,1.291435564782E0,1.633333333333E1));
#805=CARTESIAN_POINT('',(2.892511027418E0,2.427104934248E0,1.641666666667E1));
#806=CARTESIAN_POINT('',(1.887952488511E0,3.270029633265E0,1.65E1));
#807=CARTESIAN_POINT('',(6.556790185400E-1,3.718540496706E0,1.658333333333E1));
#808=CARTESIAN_POINT('',(-6.556790184644E-1,3.718540496782E0,1.666666666667E1));
#809=CARTESIAN_POINT('',(-1.887952488888E0,3.270029633039E0,1.675E1));
#810=CARTESIAN_POINT('',(-2.892511025984E0,2.427104935079E0,1.683333333333E1));
#811=CARTESIAN_POINT('',(-3.548190044418E0,1.291435561688E0,1.691666666667E1));
#812=CARTESIAN_POINT('',(-3.775904977791E0,9.670042544485E-14,1.7E1));
#813=CARTESIAN_POINT('',(-3.548190044419E0,-1.291435561688E0,1.708333333333E1));
#814=CARTESIAN_POINT('',(-2.892511025982E0,-2.427104935078E0,1.716666666667E1));
#815=CARTESIAN_POINT('',(-1.887952488895E0,-3.270029633043E0,1.725E1));
#816=CARTESIAN_POINT('',(-6.556790184369E-1,-3.718540496766E0,
1.733333333333E1));
#817=CARTESIAN_POINT('',(6.556790184368E-1,-3.718540496766E0,1.741666666667E1));
#818=CARTESIAN_POINT('',(1.887952488895E0,-3.270029633043E0,1.75E1));
#819=CARTESIAN_POINT('',(2.892511025982E0,-2.427104935078E0,1.758333333333E1));
#820=CARTESIAN_POINT('',(3.548190044419E0,-1.291435561688E0,1.766666666667E1));
#821=CARTESIAN_POINT('',(3.775904977791E0,-3.574918139293E-14,1.775E1));
#822=CARTESIAN_POINT('',(3.548190044419E0,1.291435561688E0,1.783333333333E1));
#823=CARTESIAN_POINT('',(2.892511025982E0,2.427104935078E0,1.791666666667E1));
#824=CARTESIAN_POINT('',(1.887952488895E0,3.270029633043E0,1.8E1));
#825=CARTESIAN_POINT('',(6.556790184369E-1,3.718540496766E0,1.808333333333E1));
#826=CARTESIAN_POINT('',(-6.556790184368E-1,3.718540496766E0,1.816666666667E1));
#827=CARTESIAN_POINT('',(-1.887952488895E0,3.270029633043E0,1.825E1));
#828=CARTESIAN_POINT('',(-2.892511025982E0,2.427104935078E0,1.833333333333E1));
#829=CARTESIAN_POINT('',(-3.548190044419E0,1.291435561688E0,1.841666666667E1));
#830=CARTESIAN_POINT('',(-3.775904977791E0,1.187938636349E-14,1.85E1));
#831=CARTESIAN_POINT('',(-3.548190044419E0,-1.291435561688E0,1.858333333333E1));
#832=CARTESIAN_POINT('',(-2.892511025982E0,-2.427104935078E0,1.866666666667E1));
#833=CARTESIAN_POINT('',(-1.887952488895E0,-3.270029633043E0,1.875E1));
#834=CARTESIAN_POINT('',(-6.556790184368E-1,-3.718540496765E0,
1.883333333333E1));
#835=CARTESIAN_POINT('',(6.556790184367E-1,-3.718540496768E0,1.891666666667E1));
#836=CARTESIAN_POINT('',(1.887952488895E0,-3.270029633034E0,1.9E1));
#837=CARTESIAN_POINT('',(2.892511025982E0,-2.427104935110E0,1.908333333333E1));
#838=CARTESIAN_POINT('',(3.548190044419E0,-1.291435561569E0,1.916666666667E1));
#839=CARTESIAN_POINT('',(3.775904977791E0,-4.444769552414E-10,1.925E1));
#840=CARTESIAN_POINT('',(3.548190044419E0,1.291435563346E0,1.933333333333E1));
#841=CARTESIAN_POINT('',(2.892511025982E0,2.427104928889E0,1.941666666667E1));
#842=CARTESIAN_POINT('',(1.887952488895E0,3.270029656138E0,1.95E1));
#843=CARTESIAN_POINT('',(6.556790184369E-1,3.718540410574E0,1.958333333333E1));
#844=CARTESIAN_POINT('',(-6.556790184367E-1,3.718540818438E0,1.966666666667E1));
#845=CARTESIAN_POINT('',(-1.887952488895E0,3.270028432545E0,1.975E1));
#846=CARTESIAN_POINT('',(-2.892511025982E0,2.427109415396E0,1.983333333333E1));
#847=CARTESIAN_POINT('',(-3.548190044419E0,1.291418840913E0,1.991666666667E1));
#848=CARTESIAN_POINT('',(-3.7E0,4.305145488253E-1,1.997222222222E1));
#849=CARTESIAN_POINT('',(-3.7E0,1.164461196957E-13,2.E1));
#851=CARTESIAN_POINT('',(0.E0,0.E0,2.E1));
#852=DIRECTION('',(0.E0,0.E0,-1.E0));
#853=DIRECTION('',(1.E0,0.E0,0.E0));
#854=AXIS2_PLACEMENT_3D('',#851,#852,#853);
#856=CARTESIAN_POINT('',(0.E0,0.E0,2.E1));
#857=DIRECTION('',(0.E0,0.E0,-1.E0));
#858=DIRECTION('',(-1.E0,0.E0,0.E0));
#859=AXIS2_PLACEMENT_3D('',#856,#857,#858);
#861=CARTESIAN_POINT('',(0.E0,0.E0,2.E1));
#862=DIRECTION('',(0.E0,0.E0,1.E0));
#863=DIRECTION('',(1.E0,0.E0,0.E0));
#864=AXIS2_PLACEMENT_3D('',#861,#862,#863);
#866=DIRECTION('',(0.E0,0.E0,1.E0));
#867=VECTOR('',#866,2.E1);
#868=CARTESIAN_POINT('',(2.5E0,0.E0,0.E0));
#869=LINE('',#868,#867);
#870=DIRECTION('',(0.E0,0.E0,1.E0));
#871=VECTOR('',#870,2.E1);
#872=CARTESIAN_POINT('',(-2.5E0,0.E0,0.E0));
#873=LINE('',#872,#871);
#874=CARTESIAN_POINT('',(3.5E0,-2.806674415138E-14,2.E1));
#875=CARTESIAN_POINT('',(3.511495975418E0,-2.106747528654E-1,2.E1));
#876=CARTESIAN_POINT('',(3.496713074831E0,-6.271260375967E-1,2.E1));
#877=CARTESIAN_POINT('',(3.362697769748E0,-1.247527849001E0,2.E1));
#878=CARTESIAN_POINT('',(3.121916679751E0,-1.831882095098E0,2.E1));
#879=CARTESIAN_POINT('',(2.784014088993E0,-2.364761874932E0,2.E1));
#880=CARTESIAN_POINT('',(2.358374799008E0,-2.831852312626E0,2.E1));
#881=CARTESIAN_POINT('',(2.028042347197E0,-3.088871261492E0,2.E1));
#882=CARTESIAN_POINT('',(1.85E0,-3.204293994003E0,2.E1));
#884=DIRECTION('',(3.123475237772E-1,5.410017808005E-1,-7.808688094430E-1));
#885=VECTOR('',#884,3.201562118716E-1);
#886=CARTESIAN_POINT('',(-1.85E0,-3.204293994002E0,1.525E1));
#887=LINE('',#886,#885);
#888=CARTESIAN_POINT('',(-1.85E0,-3.204293994002E0,1.525E1));
#889=CARTESIAN_POINT('',(-1.477163464019E0,-3.419551268415E0,1.527777777778E1));
#890=CARTESIAN_POINT('',(-6.556934990527E-1,-3.718532136378E0,
1.533333333333E1));
#891=CARTESIAN_POINT('',(6.556828985061E-1,-3.718542736925E0,1.541666666667E1));
#892=CARTESIAN_POINT('',(1.887951449234E0,-3.270029032794E0,1.55E1));
#893=CARTESIAN_POINT('',(2.892511304558E0,-2.427105095914E0,1.558333333333E1));
#894=CARTESIAN_POINT('',(3.548189969774E0,-1.291435518592E0,1.566666666667E1));
#895=CARTESIAN_POINT('',(3.775904997792E0,-1.154756279487E-8,1.575E1));
#896=CARTESIAN_POINT('',(3.548190039059E0,1.291435564782E0,1.583333333333E1));
#897=CARTESIAN_POINT('',(2.892511027418E0,2.427104934248E0,1.591666666667E1));
#898=CARTESIAN_POINT('',(1.887952488511E0,3.270029633265E0,1.6E1));
#899=CARTESIAN_POINT('',(6.556790185400E-1,3.718540496706E0,1.608333333333E1));
#900=CARTESIAN_POINT('',(-6.556790184644E-1,3.718540496782E0,1.616666666667E1));
#901=CARTESIAN_POINT('',(-1.887952488888E0,3.270029633039E0,1.625E1));
#902=CARTESIAN_POINT('',(-2.892511025984E0,2.427104935079E0,1.633333333333E1));
#903=CARTESIAN_POINT('',(-3.548190044418E0,1.291435561688E0,1.641666666667E1));
#904=CARTESIAN_POINT('',(-3.775904977791E0,9.420242363944E-14,1.65E1));
#905=CARTESIAN_POINT('',(-3.548190044419E0,-1.291435561688E0,1.658333333333E1));
#906=CARTESIAN_POINT('',(-2.892511025982E0,-2.427104935078E0,1.666666666667E1));
#907=CARTESIAN_POINT('',(-1.887952488895E0,-3.270029633043E0,1.675E1));
#908=CARTESIAN_POINT('',(-6.556790184369E-1,-3.718540496766E0,
1.683333333333E1));
#909=CARTESIAN_POINT('',(6.556790184368E-1,-3.718540496766E0,1.691666666667E1));
#910=CARTESIAN_POINT('',(1.887952488895E0,-3.270029633043E0,1.7E1));
#911=CARTESIAN_POINT('',(2.892511025982E0,-2.427104935078E0,1.708333333333E1));
#912=CARTESIAN_POINT('',(3.548190044419E0,-1.291435561688E0,1.716666666667E1));
#913=CARTESIAN_POINT('',(3.775904977791E0,-7.494005416220E-14,1.725E1));
#914=CARTESIAN_POINT('',(3.548190044419E0,1.291435561688E0,1.733333333333E1));
#915=CARTESIAN_POINT('',(2.892511025982E0,2.427104935078E0,1.741666666667E1));
#916=CARTESIAN_POINT('',(1.887952488895E0,3.270029633043E0,1.75E1));
#917=CARTESIAN_POINT('',(6.556790184369E-1,3.718540496766E0,1.758333333333E1));
#918=CARTESIAN_POINT('',(-6.556790184368E-1,3.718540496766E0,1.766666666667E1));
#919=CARTESIAN_POINT('',(-1.887952488895E0,3.270029633043E0,1.775E1));
#920=CARTESIAN_POINT('',(-2.892511025982E0,2.427104935078E0,1.783333333333E1));
#921=CARTESIAN_POINT('',(-3.548190044419E0,1.291435561688E0,1.791666666667E1));
#922=CARTESIAN_POINT('',(-3.775904977791E0,0.E0,1.8E1));
#923=CARTESIAN_POINT('',(-3.548190044419E0,-1.291435561688E0,1.808333333333E1));
#924=CARTESIAN_POINT('',(-2.892511025982E0,-2.427104935078E0,1.816666666667E1));
#925=CARTESIAN_POINT('',(-1.887952488895E0,-3.270029633043E0,1.825E1));
#926=CARTESIAN_POINT('',(-6.556790184368E-1,-3.718540496766E0,
1.833333333333E1));
#927=CARTESIAN_POINT('',(6.556790184366E-1,-3.718540496766E0,1.841666666667E1));
#928=CARTESIAN_POINT('',(1.887952488895E0,-3.270029633043E0,1.85E1));
#929=CARTESIAN_POINT('',(2.892511025982E0,-2.427104935078E0,1.858333333333E1));
#930=CARTESIAN_POINT('',(3.548190044419E0,-1.291435561688E0,1.866666666667E1));
#931=CARTESIAN_POINT('',(3.775904977791E0,-1.065814103640E-13,1.875E1));
#932=CARTESIAN_POINT('',(3.548190044418E0,1.291435561688E0,1.883333333333E1));
#933=CARTESIAN_POINT('',(2.892511025984E0,2.427104935079E0,1.891666666667E1));
#934=CARTESIAN_POINT('',(1.887952488888E0,3.270029633039E0,1.9E1));
#935=CARTESIAN_POINT('',(6.556790184646E-1,3.718540496782E0,1.908333333333E1));
#936=CARTESIAN_POINT('',(-6.556790185398E-1,3.718540496706E0,1.916666666667E1));
#937=CARTESIAN_POINT('',(-1.887952488510E0,3.270029633265E0,1.925E1));
#938=CARTESIAN_POINT('',(-2.892511027418E0,2.427104934249E0,1.933333333333E1));
#939=CARTESIAN_POINT('',(-3.548190039059E0,1.291435564782E0,1.941666666667E1));
#940=CARTESIAN_POINT('',(-3.775904997792E0,-1.154739182052E-8,1.95E1));
#941=CARTESIAN_POINT('',(-3.548189969774E0,-1.291435518592E0,1.958333333333E1));
#942=CARTESIAN_POINT('',(-2.892511304558E0,-2.427105095914E0,1.966666666667E1));
#943=CARTESIAN_POINT('',(-1.887951449234E0,-3.270029032794E0,1.975E1));
#944=CARTESIAN_POINT('',(-6.556828985064E-1,-3.718542736925E0,
1.983333333333E1));
#945=CARTESIAN_POINT('',(6.556934990527E-1,-3.718532136378E0,1.991666666667E1));
#946=CARTESIAN_POINT('',(1.477163464018E0,-3.419551268415E0,1.997222222222E1));
#947=CARTESIAN_POINT('',(1.85E0,-3.204293994003E0,2.E1));
#949=DIRECTION('',(3.123475237772E-1,-5.410017808005E-1,-7.808688094430E-1));
#950=VECTOR('',#949,3.201562118716E-1);
#951=CARTESIAN_POINT('',(-1.85E0,3.204293994002E0,1.025E1));
#952=LINE('',#951,#950);
#953=CARTESIAN_POINT('',(-1.85E0,3.204293994002E0,1.025E1));
#954=CARTESIAN_POINT('',(-2.222836535981E0,2.989036719590E0,1.027777777778E1));
#955=CARTESIAN_POINT('',(-2.892496545366E0,2.427113295465E0,1.033333333333E1));
#956=CARTESIAN_POINT('',(-3.548193924488E0,1.291433321529E0,1.041666666667E1));
#957=CARTESIAN_POINT('',(-3.775903938129E0,6.002488130430E-7,1.05E1));
#958=CARTESIAN_POINT('',(-3.548190322995E0,-1.291435722524E0,1.058333333333E1));
#959=CARTESIAN_POINT('',(-2.892510951337E0,-2.427104891982E0,1.066666666667E1));
#960=CARTESIAN_POINT('',(-1.887952508896E0,-3.270029644590E0,1.075E1));
#961=CARTESIAN_POINT('',(-6.556790130776E-1,-3.718540493671E0,
1.083333333333E1));
#962=CARTESIAN_POINT('',(6.556790170008E-1,-3.718540497595E0,1.091666666667E1));
#963=CARTESIAN_POINT('',(1.887952489280E0,-3.270029632821E0,1.1E1));
#964=CARTESIAN_POINT('',(2.892511025879E0,-2.427104935137E0,1.108333333333E1));
#965=CARTESIAN_POINT('',(3.548190044446E0,-1.291435561672E0,1.116666666667E1));
#966=CARTESIAN_POINT('',(3.775904977783E0,-4.314937296357E-12,1.125E1));
#967=CARTESIAN_POINT('',(3.548190044421E0,1.291435561689E0,1.133333333333E1));
#968=CARTESIAN_POINT('',(2.892511025981E0,2.427104935077E0,1.141666666667E1));
#969=CARTESIAN_POINT('',(1.887952488895E0,3.270029633043E0,1.15E1));
#970=CARTESIAN_POINT('',(6.556790184368E-1,3.718540496766E0,1.158333333333E1));
#971=CARTESIAN_POINT('',(-6.556790184368E-1,3.718540496766E0,1.166666666667E1));
#972=CARTESIAN_POINT('',(-1.887952488895E0,3.270029633043E0,1.175E1));
#973=CARTESIAN_POINT('',(-2.892511025982E0,2.427104935078E0,1.183333333333E1));
#974=CARTESIAN_POINT('',(-3.548190044419E0,1.291435561688E0,1.191666666667E1));
#975=CARTESIAN_POINT('',(-3.775904977791E0,2.137179322403E-14,1.2E1));
#976=CARTESIAN_POINT('',(-3.548190044419E0,-1.291435561688E0,1.208333333333E1));
#977=CARTESIAN_POINT('',(-2.892511025982E0,-2.427104935078E0,1.216666666667E1));
#978=CARTESIAN_POINT('',(-1.887952488895E0,-3.270029633043E0,1.225E1));
#979=CARTESIAN_POINT('',(-6.556790184369E-1,-3.718540496766E0,
1.233333333333E1));
#980=CARTESIAN_POINT('',(6.556790184368E-1,-3.718540496766E0,1.241666666667E1));
#981=CARTESIAN_POINT('',(1.887952488895E0,-3.270029633043E0,1.25E1));
#982=CARTESIAN_POINT('',(2.892511025982E0,-2.427104935078E0,1.258333333333E1));
#983=CARTESIAN_POINT('',(3.548190044419E0,-1.291435561688E0,1.266666666667E1));
#984=CARTESIAN_POINT('',(3.775904977791E0,-1.831867990632E-14,1.275E1));
#985=CARTESIAN_POINT('',(3.548190044419E0,1.291435561688E0,1.283333333333E1));
#986=CARTESIAN_POINT('',(2.892511025982E0,2.427104935078E0,1.291666666667E1));
#987=CARTESIAN_POINT('',(1.887952488895E0,3.270029633043E0,1.3E1));
#988=CARTESIAN_POINT('',(6.556790184369E-1,3.718540496766E0,1.308333333333E1));
#989=CARTESIAN_POINT('',(-6.556790184368E-1,3.718540496766E0,1.316666666667E1));
#990=CARTESIAN_POINT('',(-1.887952488895E0,3.270029633043E0,1.325E1));
#991=CARTESIAN_POINT('',(-2.892511025982E0,2.427104935078E0,1.333333333333E1));
#992=CARTESIAN_POINT('',(-3.548190044419E0,1.291435561688E0,1.341666666667E1));
#993=CARTESIAN_POINT('',(-3.775904977791E0,4.035660694512E-14,1.35E1));
#994=CARTESIAN_POINT('',(-3.548190044419E0,-1.291435561688E0,1.358333333333E1));
#995=CARTESIAN_POINT('',(-2.892511025982E0,-2.427104935078E0,1.366666666667E1));
#996=CARTESIAN_POINT('',(-1.887952488895E0,-3.270029633043E0,1.375E1));
#997=CARTESIAN_POINT('',(-6.556790184369E-1,-3.718540496766E0,
1.383333333333E1));
#998=CARTESIAN_POINT('',(6.556790184368E-1,-3.718540496766E0,1.391666666667E1));
#999=CARTESIAN_POINT('',(1.887952488895E0,-3.270029633043E0,1.4E1));
#1000=CARTESIAN_POINT('',(2.892511025981E0,-2.427104935077E0,1.408333333333E1));
#1001=CARTESIAN_POINT('',(3.548190044421E0,-1.291435561689E0,1.416666666667E1));
#1002=CARTESIAN_POINT('',(3.775904977783E0,4.216738069829E-12,1.425E1));
#1003=CARTESIAN_POINT('',(3.548190044446E0,1.291435561672E0,1.433333333333E1));
#1004=CARTESIAN_POINT('',(2.892511025879E0,2.427104935137E0,1.441666666667E1));
#1005=CARTESIAN_POINT('',(1.887952489280E0,3.270029632821E0,1.45E1));
#1006=CARTESIAN_POINT('',(6.556790170009E-1,3.718540497595E0,1.458333333333E1));
#1007=CARTESIAN_POINT('',(-6.556790130776E-1,3.718540493671E0,
1.466666666667E1));
#1008=CARTESIAN_POINT('',(-1.887952508896E0,3.270029644590E0,1.475E1));
#1009=CARTESIAN_POINT('',(-2.892510951337E0,2.427104891982E0,1.483333333333E1));
#1010=CARTESIAN_POINT('',(-3.548190322995E0,1.291435722524E0,1.491666666667E1));
#1011=CARTESIAN_POINT('',(-3.775903938129E0,-6.002488090462E-7,1.5E1));
#1012=CARTESIAN_POINT('',(-3.548193924488E0,-1.291433321529E0,
1.508333333333E1));
#1013=CARTESIAN_POINT('',(-2.892496545366E0,-2.427113295465E0,
1.516666666667E1));
#1014=CARTESIAN_POINT('',(-2.222836535981E0,-2.989036719590E0,
1.522222222222E1));
#1015=CARTESIAN_POINT('',(-1.85E0,-3.204293994002E0,1.525E1));
#1017=CARTESIAN_POINT('',(3.7E0,0.E0,5.25E0));
#1018=CARTESIAN_POINT('',(3.7E0,4.305145488253E-1,5.277777777778E0));
#1019=CARTESIAN_POINT('',(3.548190044419E0,1.291418840913E0,5.333333333333E0));
#1020=CARTESIAN_POINT('',(2.892511025982E0,2.427109415396E0,5.416666666667E0));
#1021=CARTESIAN_POINT('',(1.887952488895E0,3.270028432545E0,5.5E0));
#1022=CARTESIAN_POINT('',(6.556790184369E-1,3.718540818438E0,5.583333333333E0));
#1023=CARTESIAN_POINT('',(-6.556790184369E-1,3.718540410574E0,
5.666666666667E0));
#1024=CARTESIAN_POINT('',(-1.887952488895E0,3.270029656138E0,5.75E0));
#1025=CARTESIAN_POINT('',(-2.892511025982E0,2.427104928889E0,5.833333333333E0));
#1026=CARTESIAN_POINT('',(-3.548190044419E0,1.291435563346E0,5.916666666667E0));
#1027=CARTESIAN_POINT('',(-3.775904977791E0,-4.443128642784E-10,6.E0));
#1028=CARTESIAN_POINT('',(-3.548190044419E0,-1.291435561569E0,
6.083333333333E0));
#1029=CARTESIAN_POINT('',(-2.892511025982E0,-2.427104935109E0,
6.166666666667E0));
#1030=CARTESIAN_POINT('',(-1.887952488895E0,-3.270029633034E0,6.25E0));
#1031=CARTESIAN_POINT('',(-6.556790184368E-1,-3.718540496768E0,
6.333333333333E0));
#1032=CARTESIAN_POINT('',(6.556790184368E-1,-3.718540496765E0,
6.416666666667E0));
#1033=CARTESIAN_POINT('',(1.887952488895E0,-3.270029633043E0,6.5E0));
#1034=CARTESIAN_POINT('',(2.892511025982E0,-2.427104935078E0,6.583333333333E0));
#1035=CARTESIAN_POINT('',(3.548190044419E0,-1.291435561688E0,6.666666666667E0));
#1036=CARTESIAN_POINT('',(3.775904977791E0,0.E0,6.75E0));
#1037=CARTESIAN_POINT('',(3.548190044419E0,1.291435561688E0,6.833333333333E0));
#1038=CARTESIAN_POINT('',(2.892511025982E0,2.427104935078E0,6.916666666667E0));
#1039=CARTESIAN_POINT('',(1.887952488895E0,3.270029633043E0,7.E0));
#1040=CARTESIAN_POINT('',(6.556790184368E-1,3.718540496766E0,7.083333333333E0));
#1041=CARTESIAN_POINT('',(-6.556790184368E-1,3.718540496766E0,
7.166666666667E0));
#1042=CARTESIAN_POINT('',(-1.887952488895E0,3.270029633043E0,7.25E0));
#1043=CARTESIAN_POINT('',(-2.892511025982E0,2.427104935078E0,7.333333333333E0));
#1044=CARTESIAN_POINT('',(-3.548190044419E0,1.291435561688E0,7.416666666667E0));
#1045=CARTESIAN_POINT('',(-3.775904977791E0,1.465494392505E-14,7.5E0));
#1046=CARTESIAN_POINT('',(-3.548190044419E0,-1.291435561688E0,
7.583333333333E0));
#1047=CARTESIAN_POINT('',(-2.892511025982E0,-2.427104935078E0,
7.666666666667E0));
#1048=CARTESIAN_POINT('',(-1.887952488895E0,-3.270029633043E0,7.75E0));
#1049=CARTESIAN_POINT('',(-6.556790184369E-1,-3.718540496766E0,
7.833333333333E0));
#1050=CARTESIAN_POINT('',(6.556790184368E-1,-3.718540496766E0,
7.916666666667E0));
#1051=CARTESIAN_POINT('',(1.887952488895E0,-3.270029633043E0,8.E0));
#1052=CARTESIAN_POINT('',(2.892511025982E0,-2.427104935078E0,8.083333333333E0));
#1053=CARTESIAN_POINT('',(3.548190044419E0,-1.291435561688E0,8.166666666667E0));
#1054=CARTESIAN_POINT('',(3.775904977791E0,0.E0,8.25E0));
#1055=CARTESIAN_POINT('',(3.548190044419E0,1.291435561688E0,8.333333333333E0));
#1056=CARTESIAN_POINT('',(2.892511025982E0,2.427104935078E0,8.416666666667E0));
#1057=CARTESIAN_POINT('',(1.887952488895E0,3.270029633043E0,8.5E0));
#1058=CARTESIAN_POINT('',(6.556790184369E-1,3.718540496766E0,8.583333333333E0));
#1059=CARTESIAN_POINT('',(-6.556790184368E-1,3.718540496766E0,
8.666666666667E0));
#1060=CARTESIAN_POINT('',(-1.887952488895E0,3.270029633043E0,8.75E0));
#1061=CARTESIAN_POINT('',(-2.892511025982E0,2.427104935078E0,8.833333333333E0));
#1062=CARTESIAN_POINT('',(-3.548190044419E0,1.291435561688E0,8.916666666667E0));
#1063=CARTESIAN_POINT('',(-3.775904977791E0,-5.756506382681E-14,9.E0));
#1064=CARTESIAN_POINT('',(-3.548190044418E0,-1.291435561688E0,
9.083333333333E0));
#1065=CARTESIAN_POINT('',(-2.892511025984E0,-2.427104935079E0,
9.166666666667E0));
#1066=CARTESIAN_POINT('',(-1.887952488888E0,-3.270029633039E0,9.25E0));
#1067=CARTESIAN_POINT('',(-6.556790184644E-1,-3.718540496782E0,
9.333333333333E0));
#1068=CARTESIAN_POINT('',(6.556790185399E-1,-3.718540496706E0,
9.416666666667E0));
#1069=CARTESIAN_POINT('',(1.887952488511E0,-3.270029633265E0,9.5E0));
#1070=CARTESIAN_POINT('',(2.892511027418E0,-2.427104934248E0,9.583333333333E0));
#1071=CARTESIAN_POINT('',(3.548190039059E0,-1.291435564782E0,9.666666666667E0));
#1072=CARTESIAN_POINT('',(3.775904997792E0,1.154749096344E-8,9.75E0));
#1073=CARTESIAN_POINT('',(3.548189969774E0,1.291435518592E0,9.833333333333E0));
#1074=CARTESIAN_POINT('',(2.892511304558E0,2.427105095914E0,9.916666666667E0));
#1075=CARTESIAN_POINT('',(1.887951449234E0,3.270029032794E0,1.E1));
#1076=CARTESIAN_POINT('',(6.556828985062E-1,3.718542736925E0,1.008333333333E1));
#1077=CARTESIAN_POINT('',(-6.556934990526E-1,3.718532136378E0,
1.016666666667E1));
#1078=CARTESIAN_POINT('',(-1.477163464019E0,3.419551268415E0,1.022222222222E1));
#1079=CARTESIAN_POINT('',(-1.85E0,3.204293994002E0,1.025E1));
#1081=CARTESIAN_POINT('',(-3.7E0,1.164461196957E-13,2.E1));
#1082=CARTESIAN_POINT('',(-3.691695330728E0,1.608876425179E-1,2.E1));
#1083=CARTESIAN_POINT('',(-3.654166904463E0,4.817276824992E-1,2.E1));
#1084=CARTESIAN_POINT('',(-3.532246255276E0,9.614498455836E-1,2.E1));
#1085=CARTESIAN_POINT('',(-3.339678803946E0,1.435143073525E0,2.E1));
#1086=CARTESIAN_POINT('',(-3.069464978731E0,1.896961538936E0,2.E1));
#1087=CARTESIAN_POINT('',(-2.711818628263E0,2.337021995469E0,2.E1));
#1088=CARTESIAN_POINT('',(-2.271283362377E0,2.727238305024E0,2.E1));
#1089=CARTESIAN_POINT('',(-1.932585075147E0,2.938551898590E0,2.E1));
#1090=CARTESIAN_POINT('',(-1.75E0,3.031088913246E0,2.E1));
#1092=DIRECTION('',(-3.123475237772E-1,-5.410017808005E-1,-7.808688094430E-1));
#1093=VECTOR('',#1092,3.201562118716E-1);
#1094=CARTESIAN_POINT('',(-1.75E0,-3.031088913246E0,1.6E1));
#1095=LINE('',#1094,#1093);
#1096=CARTESIAN_POINT('',(3.5E0,0.E0,0.E0));
#1097=CARTESIAN_POINT('',(-3.5E0,0.E0,0.E0));
#1098=VERTEX_POINT('',#1096);
#1099=VERTEX_POINT('',#1097);
#1100=CARTESIAN_POINT('',(2.5E0,0.E0,0.E0));
#1101=CARTESIAN_POINT('',(-2.5E0,0.E0,0.E0));
#1102=VERTEX_POINT('',#1100);
#1103=VERTEX_POINT('',#1101);
#1104=CARTESIAN_POINT('',(2.5E0,0.E0,2.E1));
#1105=CARTESIAN_POINT('',(-2.5E0,0.E0,2.E1));
#1106=VERTEX_POINT('',#1104);
#1107=VERTEX_POINT('',#1105);
#1108=CARTESIAN_POINT('',(3.7E0,0.E0,5.75E0));
#1109=CARTESIAN_POINT('',(3.7E0,0.E0,5.25E0));
#1110=VERTEX_POINT('',#1108);
#1111=VERTEX_POINT('',#1109);
#1112=CARTESIAN_POINT('',(-1.85E0,3.204293994002E0,1.075E1));
#1113=CARTESIAN_POINT('',(-1.85E0,3.204293994002E0,1.025E1));
#1114=VERTEX_POINT('',#1112);
#1115=VERTEX_POINT('',#1113);
#1116=CARTESIAN_POINT('',(-1.85E0,-3.204293994002E0,1.575E1));
#1117=CARTESIAN_POINT('',(-1.85E0,-3.204293994002E0,1.525E1));
#1118=VERTEX_POINT('',#1116);
#1119=VERTEX_POINT('',#1117);
#1120=CARTESIAN_POINT('',(3.5E0,0.E0,5.E0));
#1121=CARTESIAN_POINT('',(3.5E0,0.E0,6.E0));
#1122=VERTEX_POINT('',#1120);
#1123=VERTEX_POINT('',#1121);
#1124=VERTEX_POINT('',#21);
#1125=VERTEX_POINT('',#30);
#1126=VERTEX_POINT('',#57);
#1127=VERTEX_POINT('',#87);
#1128=VERTEX_POINT('',#98);
#1129=VERTEX_POINT('',#117);
#1130=VERTEX_POINT('',#128);
#1131=VERTEX_POINT('',#134);
#1132=VERTEX_POINT('',#143);
#1133=VERTEX_POINT('',#164);
#1134=VERTEX_POINT('',#74);
#1135=VERTEX_POINT('',#85);
#1136=VERTEX_POINT('',#104);
#1137=VERTEX_POINT('',#115);
#1138=VERTEX_POINT('',#170);
#1139=VERTEX_POINT('',#181);
#1140=VERTEX_POINT('',#200);
#1141=VERTEX_POINT('',#211);
#1142=VERTEX_POINT('',#230);
#1143=VERTEX_POINT('',#241);
#1144=VERTEX_POINT('',#49);
#1145=VERTEX_POINT('',#36);
#1146=VERTEX_POINT('',#47);
#1147=VERTEX_POINT('',#187);
#1148=VERTEX_POINT('',#198);
#1149=VERTEX_POINT('',#151);
#1150=VERTEX_POINT('',#217);
#1151=VERTEX_POINT('',#228);
#1152=VERTEX_POINT('',#260);
#1153=VERTEX_POINT('',#271);
#1154=VERTEX_POINT('',#290);
#1155=VERTEX_POINT('',#301);
#1156=VERTEX_POINT('',#307);
#1157=VERTEX_POINT('',#318);
#1158=VERTEX_POINT('',#247);
#1159=VERTEX_POINT('',#258);
#1160=VERTEX_POINT('',#277);
#1161=VERTEX_POINT('',#288);
#1162=VERTEX_POINT('',#435);
#1163=VERTEX_POINT('',#554);
#1164=VERTEX_POINT('',#1081);
#1165=VERTEX_POINT('',#1090);
#1166=VERTEX_POINT('',#777);
#1167=VERTEX_POINT('',#874);
#1168=CARTESIAN_POINT('',(0.E0,0.E0,0.E0));
#1169=DIRECTION('',(0.E0,0.E0,1.E0));
#1170=DIRECTION('',(1.E0,0.E0,0.E0));
#1171=AXIS2_PLACEMENT_3D('',#1168,#1169,#1170);
#1172=PLANE('',#1171);
#1174=ORIENTED_EDGE('',*,*,#1173,.T.);
#1176=ORIENTED_EDGE('',*,*,#1175,.T.);
#1177=EDGE_LOOP('',(#1174,#1176));
#1178=FACE_OUTER_BOUND('',#1177,.F.);
#1180=ORIENTED_EDGE('',*,*,#1179,.T.);
#1182=ORIENTED_EDGE('',*,*,#1181,.T.);
#1183=EDGE_LOOP('',(#1180,#1182));
#1184=FACE_BOUND('',#1183,.F.);
#1185=ADVANCED_FACE('',(#1178,#1184),#1172,.F.);
#1186=CARTESIAN_POINT('',(0.E0,0.E0,0.E0));
#1187=DIRECTION('',(0.E0,0.E0,1.E0));
#1188=DIRECTION('',(1.E0,0.E0,0.E0));
#1189=AXIS2_PLACEMENT_3D('',#1186,#1187,#1188);
#1190=CYLINDRICAL_SURFACE('',#1189,3.5E0);
#1192=ORIENTED_EDGE('',*,*,#1191,.T.);
#1194=ORIENTED_EDGE('',*,*,#1193,.T.);
#1196=ORIENTED_EDGE('',*,*,#1195,.T.);
#1198=ORIENTED_EDGE('',*,*,#1197,.F.);
#1200=ORIENTED_EDGE('',*,*,#1199,.T.);
#1201=EDGE_LOOP('',(#1192,#1194,#1196,#1198,#1200));
#1202=FACE_OUTER_BOUND('',#1201,.F.);
#1203=ADVANCED_FACE('',(#1202),#1190,.T.);
#1204=CARTESIAN_POINT('',(0.E0,0.E0,0.E0));
#1205=DIRECTION('',(0.E0,0.E0,1.E0));
#1206=DIRECTION('',(1.E0,0.E0,0.E0));
#1207=AXIS2_PLACEMENT_3D('',#1204,#1205,#1206);
#1208=CYLINDRICAL_SURFACE('',#1207,3.5E0);
#1210=ORIENTED_EDGE('',*,*,#1209,.T.);
#1212=ORIENTED_EDGE('',*,*,#1211,.T.);
#1214=ORIENTED_EDGE('',*,*,#1213,.T.);
#1216=ORIENTED_EDGE('',*,*,#1215,.F.);
#1217=EDGE_LOOP('',(#1210,#1212,#1214,#1216));
#1218=FACE_OUTER_BOUND('',#1217,.F.);
#1219=ADVANCED_FACE('',(#1218),#1208,.T.);
#1220=CARTESIAN_POINT('',(0.E0,0.E0,0.E0));
#1221=DIRECTION('',(0.E0,0.E0,1.E0));
#1222=DIRECTION('',(1.E0,0.E0,0.E0));
#1223=AXIS2_PLACEMENT_3D('',#1220,#1221,#1222);
#1224=CYLINDRICAL_SURFACE('',#1223,3.5E0);
#1226=ORIENTED_EDGE('',*,*,#1225,.T.);
#1228=ORIENTED_EDGE('',*,*,#1227,.T.);
#1230=ORIENTED_EDGE('',*,*,#1229,.T.);
#1232=ORIENTED_EDGE('',*,*,#1231,.F.);
#1233=EDGE_LOOP('',(#1226,#1228,#1230,#1232));
#1234=FACE_OUTER_BOUND('',#1233,.F.);
#1235=ADVANCED_FACE('',(#1234),#1224,.T.);
#1236=CARTESIAN_POINT('',(0.E0,0.E0,0.E0));
#1237=DIRECTION('',(0.E0,0.E0,1.E0));
#1238=DIRECTION('',(1.E0,0.E0,0.E0));
#1239=AXIS2_PLACEMENT_3D('',#1236,#1237,#1238);
#1240=CYLINDRICAL_SURFACE('',#1239,3.5E0);
#1242=ORIENTED_EDGE('',*,*,#1241,.T.);
#1244=ORIENTED_EDGE('',*,*,#1243,.T.);
#1246=ORIENTED_EDGE('',*,*,#1245,.T.);
#1248=ORIENTED_EDGE('',*,*,#1247,.T.);
#1250=ORIENTED_EDGE('',*,*,#1249,.F.);
#1251=EDGE_LOOP('',(#1242,#1244,#1246,#1248,#1250));
#1252=FACE_OUTER_BOUND('',#1251,.F.);
#1253=ADVANCED_FACE('',(#1252),#1240,.T.);
#1254=CARTESIAN_POINT('',(0.E0,0.E0,0.E0));
#1255=DIRECTION('',(0.E0,0.E0,1.E0));
#1256=DIRECTION('',(1.E0,0.E0,0.E0));
#1257=AXIS2_PLACEMENT_3D('',#1254,#1255,#1256);
#1258=CYLINDRICAL_SURFACE('',#1257,3.5E0);
#1260=ORIENTED_EDGE('',*,*,#1259,.T.);
#1262=ORIENTED_EDGE('',*,*,#1261,.F.);
#1263=ORIENTED_EDGE('',*,*,#1173,.F.);
#1265=ORIENTED_EDGE('',*,*,#1264,.T.);
#1266=EDGE_LOOP('',(#1260,#1262,#1263,#1265));
#1267=FACE_OUTER_BOUND('',#1266,.F.);
#1268=ADVANCED_FACE('',(#1267),#1258,.T.);
#1269=CARTESIAN_POINT('',(0.E0,0.E0,0.E0));
#1270=DIRECTION('',(0.E0,0.E0,1.E0));
#1271=DIRECTION('',(1.E0,0.E0,0.E0));
#1272=AXIS2_PLACEMENT_3D('',#1269,#1270,#1271);
#1273=CYLINDRICAL_SURFACE('',#1272,3.5E0);
#1275=ORIENTED_EDGE('',*,*,#1274,.T.);
#1277=ORIENTED_EDGE('',*,*,#1276,.T.);
#1279=ORIENTED_EDGE('',*,*,#1278,.T.);
#1281=ORIENTED_EDGE('',*,*,#1280,.F.);
#1282=EDGE_LOOP('',(#1275,#1277,#1279,#1281));
#1283=FACE_OUTER_BOUND('',#1282,.F.);
#1284=ADVANCED_FACE('',(#1283),#1273,.T.);
#1285=CARTESIAN_POINT('',(0.E0,0.E0,0.E0));
#1286=DIRECTION('',(0.E0,0.E0,1.E0));
#1287=DIRECTION('',(1.E0,0.E0,0.E0));
#1288=AXIS2_PLACEMENT_3D('',#1285,#1286,#1287);
#1289=CYLINDRICAL_SURFACE('',#1288,3.5E0);
#1291=ORIENTED_EDGE('',*,*,#1290,.T.);
#1293=ORIENTED_EDGE('',*,*,#1292,.T.);
#1295=ORIENTED_EDGE('',*,*,#1294,.T.);
#1297=ORIENTED_EDGE('',*,*,#1296,.F.);
#1298=EDGE_LOOP('',(#1291,#1293,#1295,#1297));
#1299=FACE_OUTER_BOUND('',#1298,.F.);
#1300=ADVANCED_FACE('',(#1299),#1289,.T.);
#1301=CARTESIAN_POINT('',(0.E0,0.E0,0.E0));
#1302=DIRECTION('',(0.E0,0.E0,1.E0));
#1303=DIRECTION('',(1.E0,0.E0,0.E0));
#1304=AXIS2_PLACEMENT_3D('',#1301,#1302,#1303);
#1305=CYLINDRICAL_SURFACE('',#1304,3.5E0);
#1307=ORIENTED_EDGE('',*,*,#1306,.T.);
#1309=ORIENTED_EDGE('',*,*,#1308,.T.);
#1311=ORIENTED_EDGE('',*,*,#1310,.T.);
#1313=ORIENTED_EDGE('',*,*,#1312,.F.);
#1314=EDGE_LOOP('',(#1307,#1309,#1311,#1313));
#1315=FACE_OUTER_BOUND('',#1314,.F.);
#1316=ADVANCED_FACE('',(#1315),#1305,.T.);
#1317=CARTESIAN_POINT('',(0.E0,0.E0,0.E0));
#1318=DIRECTION('',(0.E0,0.E0,1.E0));
#1319=DIRECTION('',(1.E0,0.E0,0.E0));
#1320=AXIS2_PLACEMENT_3D('',#1317,#1318,#1319);
#1321=CYLINDRICAL_SURFACE('',#1320,3.5E0);
#1323=ORIENTED_EDGE('',*,*,#1322,.T.);
#1325=ORIENTED_EDGE('',*,*,#1324,.T.);
#1327=ORIENTED_EDGE('',*,*,#1326,.T.);
#1329=ORIENTED_EDGE('',*,*,#1328,.F.);
#1330=EDGE_LOOP('',(#1323,#1325,#1327,#1329));
#1331=FACE_OUTER_BOUND('',#1330,.F.);
#1332=ADVANCED_FACE('',(#1331),#1321,.T.);
#1333=CARTESIAN_POINT('',(0.E0,0.E0,0.E0));
#1334=DIRECTION('',(0.E0,0.E0,1.E0));
#1335=DIRECTION('',(1.E0,0.E0,0.E0));
#1336=AXIS2_PLACEMENT_3D('',#1333,#1334,#1335);
#1337=CYLINDRICAL_SURFACE('',#1336,3.5E0);
#1339=ORIENTED_EDGE('',*,*,#1338,.T.);
#1341=ORIENTED_EDGE('',*,*,#1340,.T.);
#1343=ORIENTED_EDGE('',*,*,#1342,.T.);
#1345=ORIENTED_EDGE('',*,*,#1344,.F.);
#1346=EDGE_LOOP('',(#1339,#1341,#1343,#1345));
#1347=FACE_OUTER_BOUND('',#1346,.F.);
#1348=ADVANCED_FACE('',(#1347),#1337,.T.);
#1349=CARTESIAN_POINT('',(3.129567644619E0,-1.393373287998E0,5.992827150202E0));
#1350=CARTESIAN_POINT('',(3.445714015222E0,-6.832969136855E-1,
6.046993816869E0));
#1351=CARTESIAN_POINT('',(3.574357953955E0,9.573805895878E-1,6.155327150202E0));
#1352=CARTESIAN_POINT('',(2.175230609943E0,2.993991169124E0,6.317827150202E0));
#1353=CARTESIAN_POINT('',(-1.936897591096E-1,3.695537653935E0,
6.480327150202E0));
#1354=CARTESIAN_POINT('',(-2.476207305785E0,2.750118762652E0,6.642827150202E0));
#1355=CARTESIAN_POINT('',(-3.655079012241E0,5.789053520657E-1,
6.805327150202E0));
#1356=CARTESIAN_POINT('',(-3.204847186813E0,-1.850318959869E0,
6.967827150202E0));
#1357=CARTESIAN_POINT('',(-1.326190502849E0,-3.454844352104E0,
7.130327150202E0));
#1358=CARTESIAN_POINT('',(1.143560380062E0,-3.519516857871E0,7.292827150202E0));
#1359=CARTESIAN_POINT('',(3.103617063104E0,-2.015512501383E0,7.455327150202E0));
#1360=CARTESIAN_POINT('',(3.680366580226E0,3.868221177304E-1,7.617827150202E0));
#1361=CARTESIAN_POINT('',(2.616746978592E0,2.616746978153E0,7.780327150202E0));
#1362=CARTESIAN_POINT('',(3.868221148682E-1,3.680366579122E0,7.942827150202E0));
#1363=CARTESIAN_POINT('',(-2.015512490373E0,3.103617067960E0,8.105327150202E0));
#1364=CARTESIAN_POINT('',(-3.519516899047E0,1.143560361742E0,8.267827150202E0));
#1365=CARTESIAN_POINT('',(-3.454844198412E0,-1.326190434425E0,
8.430327150202E0));
#1366=CARTESIAN_POINT('',(-1.850319533460E0,-3.204847442190E0,
8.592827150202E0));
#1367=CARTESIAN_POINT('',(5.789074927383E-1,-3.655078059155E0,
8.755327150202E0));
#1368=CARTESIAN_POINT('',(2.750110773553E0,-2.476210862752E0,8.917827150202E0));
#1369=CARTESIAN_POINT('',(3.695567469659E0,-1.936764843278E-1,
9.080327150202E0));
#1370=CARTESIAN_POINT('',(2.993879895325E0,2.175181067783E0,9.242827150202E0));
#1371=CARTESIAN_POINT('',(9.577958690603E-1,3.574542847814E0,9.405327150202E0));
#1372=CARTESIAN_POINT('',(-1.505185509413E0,3.380702012581E0,9.567827150202E0));
#1373=CARTESIAN_POINT('',(-3.297293559395E0,1.680054969576E0,9.730327150202E0));
#1374=CARTESIAN_POINT('',(-3.619771197995E0,-7.694060890402E-1,
9.892827150202E0));
#1375=CARTESIAN_POINT('',(-2.328887723618E0,-2.875936841777E0,
1.005532715020E1));
#1376=CARTESIAN_POINT('',(3.690555845370E-7,-3.700638558961E0,
1.021782715020E1));
#1377=CARTESIAN_POINT('',(2.328886247396E0,-2.875938601407E0,1.038032715020E1));
#1378=CARTESIAN_POINT('',(3.619776364774E0,-7.693990505201E-1,
1.054282715020E1));
#1379=CARTESIAN_POINT('',(3.297274368504E0,1.680028575125E0,1.070532715020E1));
#1380=CARTESIAN_POINT('',(1.505257106197E0,3.380800551862E0,1.086782715020E1));
#1381=CARTESIAN_POINT('',(-9.580630653041E-1,3.574175085138E0,
1.103032715020E1));
#1382=CARTESIAN_POINT('',(-2.314609493190E0,2.642427414516E0,1.113866048354E1));
#1383=CARTESIAN_POINT('',(-2.771480486670E0,2.013598439103E0,1.119282715020E1));
#1384=CARTESIAN_POINT('',(3.235698313215E0,-1.440625706048E0,5.847609050067E0));
#1385=CARTESIAN_POINT('',(3.562565917387E0,-7.064690468790E-1,
5.901775716734E0));
#1386=CARTESIAN_POINT('',(3.695572461047E0,9.898475158895E-1,6.010109050067E0));
#1387=CARTESIAN_POINT('',(2.248997566021E0,3.095524134899E0,6.172609050067E0));
#1388=CARTESIAN_POINT('',(-2.002582139152E-1,3.820861636853E0,
6.335109050067E0));
#1389=CARTESIAN_POINT('',(-2.560181057686E0,2.843381467327E0,6.497609050067E0));
#1390=CARTESIAN_POINT('',(-3.779030951739E0,5.985373329160E-1,
6.660109050067E0));
#1391=CARTESIAN_POINT('',(-3.313530753781E0,-1.913067432063E0,
6.822609050067E0));
#1392=CARTESIAN_POINT('',(-1.371164601746E0,-3.572005884501E0,
6.985109050067E0));
#1393=CARTESIAN_POINT('',(1.182341081264E0,-3.638871580210E0,7.147609050067E0));
#1394=CARTESIAN_POINT('',(3.208867689190E0,-2.083863057634E0,7.310109050067E0));
#1395=CARTESIAN_POINT('',(3.805176077957E0,3.999401246389E-1,7.472609050067E0));
#1396=CARTESIAN_POINT('',(2.705486746484E0,2.705486746030E0,7.635109050067E0));
#1397=CARTESIAN_POINT('',(3.999401216796E-1,3.805176076816E0,7.797609050067E0));
#1398=CARTESIAN_POINT('',(-2.083863046251E0,3.208867694211E0,7.960109050067E0));
#1399=CARTESIAN_POINT('',(-3.638871622781E0,1.182341062323E0,8.122609050067E0));
#1400=CARTESIAN_POINT('',(-3.572005725598E0,-1.371164531001E0,
8.285109050067E0));
#1401=CARTESIAN_POINT('',(-1.913068025106E0,-3.313531017819E0,
8.447609050067E0));
#1402=CARTESIAN_POINT('',(5.985395461836E-1,-3.779029966332E0,
8.610109050067E0));
#1403=CARTESIAN_POINT('',(2.843373207300E0,-2.560184735278E0,8.772609050067E0));
#1404=CARTESIAN_POINT('',(3.820892463696E0,-2.002444889557E-1,
8.935109050067E0));
#1405=CARTESIAN_POINT('',(3.095409087555E0,2.248946343775E0,9.097609050067E0));
#1406=CARTESIAN_POINT('',(9.902768784218E-1,3.695763625072E0,9.260109050067E0));
#1407=CARTESIAN_POINT('',(-1.556229731049E0,3.495349211703E0,9.422609050067E0));
#1408=CARTESIAN_POINT('',(-3.409112190514E0,1.737029407405E0,9.585109050067E0));
#1409=CARTESIAN_POINT('',(-3.742525770203E0,-7.954983777921E-1,
9.747609050067E0));
#1410=CARTESIAN_POINT('',(-2.407865537573E0,-2.973466320133E0,
9.910109050067E0));
#1411=CARTESIAN_POINT('',(3.815710880130E-7,-3.826135525027E0,
1.007260905007E1));
#1412=CARTESIAN_POINT('',(2.407864011288E0,-2.973468139436E0,1.023510905007E1));
#1413=CARTESIAN_POINT('',(3.742531112198E0,-7.954911005800E-1,
1.039760905007E1));
#1414=CARTESIAN_POINT('',(3.409092348817E0,1.737002117859E0,1.056010905007E1));
#1415=CARTESIAN_POINT('',(1.556303755840E0,3.495451092673E0,1.072260905007E1));
#1416=CARTESIAN_POINT('',(-9.905531358904E-1,3.695383390738E0,
1.088510905007E1));
#1417=CARTESIAN_POINT('',(-2.393103100278E0,2.732038063675E0,1.099344238340E1));
#1418=CARTESIAN_POINT('',(-2.865467615390E0,2.081884085203E0,1.104760905007E1));
#1419=CARTESIAN_POINT('',(3.341828981812E0,-1.487878124098E0,5.702390949933E0));
#1420=CARTESIAN_POINT('',(3.679417819552E0,-7.296411800726E-1,
5.756557616599E0));
#1421=CARTESIAN_POINT('',(3.816786968140E0,1.022314442191E0,5.864890949933E0));
#1422=CARTESIAN_POINT('',(2.322764522100E0,3.197057100674E0,6.027390949933E0));
#1423=CARTESIAN_POINT('',(-2.068266687207E-1,3.946185619771E0,
6.189890949933E0));
#1424=CARTESIAN_POINT('',(-2.644154809587E0,2.936644172002E0,6.352390949933E0));
#1425=CARTESIAN_POINT('',(-3.902982891238E0,6.181693137663E-1,
6.514890949933E0));
#1426=CARTESIAN_POINT('',(-3.422214320749E0,-1.975815904257E0,
6.677390949933E0));
#1427=CARTESIAN_POINT('',(-1.416138700643E0,-3.689167416899E0,
6.839890949933E0));
#1428=CARTESIAN_POINT('',(1.221121782466E0,-3.758226302548E0,7.002390949933E0));
#1429=CARTESIAN_POINT('',(3.314118315276E0,-2.152213613885E0,7.164890949933E0));
#1430=CARTESIAN_POINT('',(3.929985575688E0,4.130581315474E-1,7.327390949933E0));
#1431=CARTESIAN_POINT('',(2.794226514376E0,2.794226513907E0,7.489890949933E0));
#1432=CARTESIAN_POINT('',(4.130581284910E-1,3.929985574509E0,7.652390949933E0));
#1433=CARTESIAN_POINT('',(-2.152213602129E0,3.314118320462E0,7.814890949933E0));
#1434=CARTESIAN_POINT('',(-3.758226346516E0,1.221121762903E0,7.977390949933E0));
#1435=CARTESIAN_POINT('',(-3.689167252783E0,-1.416138627578E0,
8.139890949933E0));
#1436=CARTESIAN_POINT('',(-1.975816516752E0,-3.422214593448E0,
8.302390949933E0));
#1437=CARTESIAN_POINT('',(6.181715996289E-1,-3.902981873509E0,
8.464890949933E0));
#1438=CARTESIAN_POINT('',(2.936635641046E0,-2.644158607803E0,8.627390949933E0));
#1439=CARTESIAN_POINT('',(3.946217457732E0,-2.068124935836E-1,
8.789890949933E0));
#1440=CARTESIAN_POINT('',(3.196938279786E0,2.322711619767E0,8.952390949933E0));
#1441=CARTESIAN_POINT('',(1.022757887783E0,3.816984402331E0,9.114890949933E0));
#1442=CARTESIAN_POINT('',(-1.607273952684E0,3.609996410826E0,9.277390949933E0));
#1443=CARTESIAN_POINT('',(-3.520930821634E0,1.794003845234E0,9.439890949933E0));
#1444=CARTESIAN_POINT('',(-3.865280342410E0,-8.215906665440E-1,
9.602390949933E0));
#1445=CARTESIAN_POINT('',(-2.486843351527E0,-3.070995798489E0,
9.764890949933E0));
#1446=CARTESIAN_POINT('',(3.940865924664E-7,-3.951632491093E0,
9.927390949933E0));
#1447=CARTESIAN_POINT('',(2.486841775180E0,-3.070997677465E0,1.008989094993E1));
#1448=CARTESIAN_POINT('',(3.865285859623E0,-8.215831506398E-1,
1.025239094993E1));
#1449=CARTESIAN_POINT('',(3.520910329131E0,1.793975660593E0,1.041489094993E1));
#1450=CARTESIAN_POINT('',(1.607350405483E0,3.610101633484E0,1.057739094993E1));
#1451=CARTESIAN_POINT('',(-1.023043206477E0,3.816591696339E0,1.073989094993E1));
#1452=CARTESIAN_POINT('',(-2.471596707366E0,2.821648712833E0,1.084822428327E1));
#1453=CARTESIAN_POINT('',(-2.959454744110E0,2.150169731303E0,1.090239094993E1));
#1454=CARTESIAN_POINT('',(3.447959650408E0,-1.535130542148E0,5.557172849798E0));
#1455=CARTESIAN_POINT('',(3.796269721717E0,-7.528133132661E-1,
5.611339516465E0));
#1456=CARTESIAN_POINT('',(3.938001475233E0,1.054781368493E0,5.719672849798E0));
#1457=CARTESIAN_POINT('',(2.396531478178E0,3.298590066449E0,5.882172849798E0));
#1458=CARTESIAN_POINT('',(-2.133951235263E-1,4.071509602689E0,
6.044672849798E0));
#1459=CARTESIAN_POINT('',(-2.728128561488E0,3.029906876677E0,6.207172849798E0));
#1460=CARTESIAN_POINT('',(-4.026934830736E0,6.378012946166E-1,
6.369672849798E0));
#1461=CARTESIAN_POINT('',(-3.530897887718E0,-2.038564376451E0,
6.532172849798E0));
#1462=CARTESIAN_POINT('',(-1.461112799540E0,-3.806328949297E0,
6.694672849798E0));
#1463=CARTESIAN_POINT('',(1.259902483668E0,-3.877581024886E0,6.857172849798E0));
#1464=CARTESIAN_POINT('',(3.419368941362E0,-2.220564170137E0,7.019672849798E0));
#1465=CARTESIAN_POINT('',(4.054795073419E0,4.261761384558E-1,7.182172849798E0));
#1466=CARTESIAN_POINT('',(2.882966282268E0,2.882966281784E0,7.344672849798E0));
#1467=CARTESIAN_POINT('',(4.261761353024E-1,4.054795072203E0,7.507172849798E0));
#1468=CARTESIAN_POINT('',(-2.220564158007E0,3.419368946712E0,7.669672849798E0));
#1469=CARTESIAN_POINT('',(-3.877581070251E0,1.259902463484E0,7.832172849798E0));
#1470=CARTESIAN_POINT('',(-3.806328779969E0,-1.461112724154E0,
7.994672849798E0));
#1471=CARTESIAN_POINT('',(-2.038565008398E0,-3.530898169077E0,
8.157172849798E0));
#1472=CARTESIAN_POINT('',(6.378036530742E-1,-4.026933780686E0,
8.319672849798E0));
#1473=CARTESIAN_POINT('',(3.029898074793E0,-2.728132480329E0,8.482172849798E0));
#1474=CARTESIAN_POINT('',(4.071542451768E0,-2.133804982114E-1,
8.644672849798E0));
#1475=CARTESIAN_POINT('',(3.298467472016E0,2.396476895760E0,8.807172849798E0));
#1476=CARTESIAN_POINT('',(1.055238897145E0,3.938205179590E0,8.969672849798E0));
#1477=CARTESIAN_POINT('',(-1.658318174320E0,3.724643609949E0,9.132172849798E0));
#1478=CARTESIAN_POINT('',(-3.632749452753E0,1.850978283063E0,9.294672849798E0));
#1479=CARTESIAN_POINT('',(-3.988034914618E0,-8.476829552959E-1,
9.457172849798E0));
#1480=CARTESIAN_POINT('',(-2.565821165481E0,-3.168525276844E0,
9.619672849798E0));
#1481=CARTESIAN_POINT('',(4.066020961035E-7,-4.077129457158E0,
9.782172849798E0));
#1482=CARTESIAN_POINT('',(2.565819539073E0,-3.168527215494E0,9.944672849798E0));
#1483=CARTESIAN_POINT('',(3.988040607047E0,-8.476752006997E-1,
1.010717284980E1));
#1484=CARTESIAN_POINT('',(3.632728309444E0,1.850949203327E0,1.026967284980E1));
#1485=CARTESIAN_POINT('',(1.658397055127E0,3.724752174296E0,1.043217284980E1));
#1486=CARTESIAN_POINT('',(-1.055533277063E0,3.937800001939E0,1.059467284980E1));
#1487=CARTESIAN_POINT('',(-2.550090314454E0,2.911259361992E0,1.070300618313E1));
#1488=CARTESIAN_POINT('',(-3.053441872830E0,2.218455377403E0,1.075717284980E1));
#1489=B_SPLINE_SURFACE_WITH_KNOTS('',3,3,((#1349,#1350,#1351,#1352,#1353,#1354,
#1355,#1356,#1357,#1358,#1359,#1360,#1361,#1362,#1363,#1364,#1365,#1366,#1367,
#1368,#1369,#1370,#1371,#1372,#1373,#1374,#1375,#1376,#1377,#1378,#1379,#1380,
#1381,#1382,#1383),(#1384,#1385,#1386,#1387,#1388,#1389,#1390,#1391,#1392,#1393,
#1394,#1395,#1396,#1397,#1398,#1399,#1400,#1401,#1402,#1403,#1404,#1405,#1406,
#1407,#1408,#1409,#1410,#1411,#1412,#1413,#1414,#1415,#1416,#1417,#1418),(#1419,
#1420,#1421,#1422,#1423,#1424,#1425,#1426,#1427,#1428,#1429,#1430,#1431,#1432,
#1433,#1434,#1435,#1436,#1437,#1438,#1439,#1440,#1441,#1442,#1443,#1444,#1445,
#1446,#1447,#1448,#1449,#1450,#1451,#1452,#1453),(#1454,#1455,#1456,#1457,#1458,
#1459,#1460,#1461,#1462,#1463,#1464,#1465,#1466,#1467,#1468,#1469,#1470,#1471,
#1472,#1473,#1474,#1475,#1476,#1477,#1478,#1479,#1480,#1481,#1482,#1483,#1484,
#1485,#1486,#1487,#1488)),.UNSPECIFIED.,.F.,.F.,.F.,(4,4),(4,1,1,1,1,1,1,1,1,1,
1,1,1,1,1,1,1,1,1,1,1,1,1,1,1,1,1,1,1,1,1,1,4),(-3.713086008085E-1,
1.371308600808E0),(-2.E-2,1.25E-2,4.5E-2,7.75E-2,1.1E-1,1.425E-1,1.75E-1,
2.075E-1,2.4E-1,2.725E-1,3.05E-1,3.375E-1,3.7E-1,4.025E-1,4.35E-1,4.675E-1,
5.E-1,5.325E-1,5.65E-1,5.975E-1,6.3E-1,6.625E-1,6.95E-1,7.275E-1,7.6E-1,
7.925E-1,8.25E-1,8.575E-1,8.9E-1,9.225E-1,9.55E-1,9.875E-1,1.02E0),
.UNSPECIFIED.);
#1490=ORIENTED_EDGE('',*,*,#1191,.F.);
#1492=ORIENTED_EDGE('',*,*,#1491,.T.);
#1494=ORIENTED_EDGE('',*,*,#1493,.F.);
#1496=ORIENTED_EDGE('',*,*,#1495,.F.);
#1497=ORIENTED_EDGE('',*,*,#1209,.F.);
#1499=ORIENTED_EDGE('',*,*,#1498,.F.);
#1500=ORIENTED_EDGE('',*,*,#1225,.F.);
#1502=ORIENTED_EDGE('',*,*,#1501,.F.);
#1503=ORIENTED_EDGE('',*,*,#1241,.F.);
#1505=ORIENTED_EDGE('',*,*,#1504,.F.);
#1506=EDGE_LOOP('',(#1490,#1492,#1494,#1496,#1497,#1499,#1500,#1502,#1503,
#1505));
#1507=FACE_OUTER_BOUND('',#1506,.F.);
#1508=ADVANCED_FACE('',(#1507),#1489,.T.);
#1509=CARTESIAN_POINT('',(-3.580871579487E-1,3.406971727100E0,
1.099282715020E1));
#1510=CARTESIAN_POINT('',(-1.131104522032E0,3.325724328201E0,1.104699381687E1));
#1511=CARTESIAN_POINT('',(-2.616294888650E0,2.616794495550E0,1.115532715020E1));
#1512=CARTESIAN_POINT('',(-3.680487716139E0,3.868093827379E-1,
1.131782715020E1));
#1513=CARTESIAN_POINT('',(-3.103584609395E0,-2.015509078809E0,
1.148032715020E1));
#1514=CARTESIAN_POINT('',(-1.143569058989E0,-3.519517813173E0,
1.164282715020E1));
#1515=CARTESIAN_POINT('',(1.326192764845E0,-3.454843953473E0,1.180532715020E1));
#1516=CARTESIAN_POINT('',(3.204846817757E0,-1.850319599092E0,1.196782715020E1));
#1517=CARTESIAN_POINT('',(3.655078226468E0,5.789075103268E-1,1.213032715020E1));
#1518=CARTESIAN_POINT('',(2.476210817933E0,2.750110768831E0,1.229282715020E1));
#1519=CARTESIAN_POINT('',(1.936764962902E-1,3.695567470958E0,1.245532715020E1));
#1520=CARTESIAN_POINT('',(-2.175181070813E0,2.993879894850E0,1.261782715020E1));
#1521=CARTESIAN_POINT('',(-3.574542847653E0,9.577958696607E-1,
1.278032715020E1));
#1522=CARTESIAN_POINT('',(-3.380702010193E0,-1.505185511340E0,
1.294282715020E1));
#1523=CARTESIAN_POINT('',(-1.680054979286E0,-3.297293552288E0,
1.310532715020E1));
#1524=CARTESIAN_POINT('',(7.694061254935E-1,-3.619771224494E0,
1.326782715020E1));
#1525=CARTESIAN_POINT('',(2.875936705674E0,-2.328887624730E0,1.343032715020E1));
#1526=CARTESIAN_POINT('',(3.700639066921E0,-1.854072451124E-14,
1.359282715020E1));
#1527=CARTESIAN_POINT('',(2.875936705674E0,2.328887624730E0,1.375532715020E1));
#1528=CARTESIAN_POINT('',(7.694061254936E-1,3.619771224494E0,1.391782715020E1));
#1529=CARTESIAN_POINT('',(-1.680054979286E0,3.297293552288E0,1.408032715020E1));
#1530=CARTESIAN_POINT('',(-3.380702010193E0,1.505185511340E0,1.424282715020E1));
#1531=CARTESIAN_POINT('',(-3.574542847653E0,-9.577958696607E-1,
1.440532715020E1));
#1532=CARTESIAN_POINT('',(-2.175181070814E0,-2.993879894850E0,
1.456782715020E1));
#1533=CARTESIAN_POINT('',(1.936764962902E-1,-3.695567470958E0,
1.473032715020E1));
#1534=CARTESIAN_POINT('',(2.476210817933E0,-2.750110768831E0,1.489282715020E1));
#1535=CARTESIAN_POINT('',(3.655078226468E0,-5.789075103268E-1,
1.505532715020E1));
#1536=CARTESIAN_POINT('',(3.204846817757E0,1.850319599092E0,1.521782715020E1));
#1537=CARTESIAN_POINT('',(1.326192764845E0,3.454843953473E0,1.538032715020E1));
#1538=CARTESIAN_POINT('',(-1.143569058989E0,3.519517813173E0,1.554282715020E1));
#1539=CARTESIAN_POINT('',(-3.103584609394E0,2.015509078809E0,1.570532715020E1));
#1540=CARTESIAN_POINT('',(-3.680487716139E0,-3.868093827378E-1,
1.586782715020E1));
#1541=CARTESIAN_POINT('',(-2.616294888650E0,-2.616794495550E0,
1.603032715020E1));
#1542=CARTESIAN_POINT('',(-1.131104522032E0,-3.325724328201E0,
1.613866048354E1));
#1543=CARTESIAN_POINT('',(-3.580871579487E-1,-3.406971727100E0,
1.619282715020E1));
#1544=CARTESIAN_POINT('',(-3.702306978252E-1,3.522509791251E0,
1.084760905007E1));
#1545=CARTESIAN_POINT('',(-1.169462817109E0,3.438507110554E0,1.090177571673E1));
#1546=CARTESIAN_POINT('',(-2.705019325157E0,2.705535874849E0,1.101010905007E1));
#1547=CARTESIAN_POINT('',(-3.805301321861E0,3.999269577741E-1,
1.117260905007E1));
#1548=CARTESIAN_POINT('',(-3.208834134902E0,-2.083859518993E0,
1.133510905007E1));
#1549=CARTESIAN_POINT('',(-1.182350054512E0,-3.638872567907E0,
1.149760905007E1));
#1550=CARTESIAN_POINT('',(1.371166940451E0,-3.572005472352E0,1.166010905007E1));
#1551=CARTESIAN_POINT('',(3.313530372210E0,-1.913068092964E0,1.182260905007E1));
#1552=CARTESIAN_POINT('',(3.779030139319E0,5.985395643685E-1,1.198510905007E1));
#1553=CARTESIAN_POINT('',(2.560184688939E0,2.843373202418E0,1.214760905007E1));
#1554=CARTESIAN_POINT('',(2.002445013238E-1,3.820892465039E0,1.231010905007E1));
#1555=CARTESIAN_POINT('',(-2.248946346909E0,3.095409087064E0,1.247260905007E1));
#1556=CARTESIAN_POINT('',(-3.695763624906E0,9.902768790426E-1,
1.263510905007E1));
#1557=CARTESIAN_POINT('',(-3.495349209235E0,-1.556229733041E0,
1.279760905007E1));
#1558=CARTESIAN_POINT('',(-1.737029417444E0,-3.409112183167E0,
1.296010905007E1));
#1559=CARTESIAN_POINT('',(7.954984154817E-1,-3.742525797600E0,
1.312260905007E1));
#1560=CARTESIAN_POINT('',(2.973466179414E0,-2.407865435330E0,1.328510905007E1));
#1561=CARTESIAN_POINT('',(3.826136050212E0,-1.907276528983E-14,
1.344760905007E1));
#1562=CARTESIAN_POINT('',(2.973466179414E0,2.407865435330E0,1.361010905007E1));
#1563=CARTESIAN_POINT('',(7.954984154817E-1,3.742525797600E0,1.377260905007E1));
#1564=CARTESIAN_POINT('',(-1.737029417444E0,3.409112183167E0,1.393510905007E1));
#1565=CARTESIAN_POINT('',(-3.495349209235E0,1.556229733041E0,1.409760905007E1));
#1566=CARTESIAN_POINT('',(-3.695763624906E0,-9.902768790426E-1,
1.426010905007E1));
#1567=CARTESIAN_POINT('',(-2.248946346909E0,-3.095409087064E0,
1.442260905007E1));
#1568=CARTESIAN_POINT('',(2.002445013238E-1,-3.820892465039E0,
1.458510905007E1));
#1569=CARTESIAN_POINT('',(2.560184688939E0,-2.843373202418E0,1.474760905007E1));
#1570=CARTESIAN_POINT('',(3.779030139319E0,-5.985395643686E-1,
1.491010905007E1));
#1571=CARTESIAN_POINT('',(3.313530372210E0,1.913068092964E0,1.507260905007E1));
#1572=CARTESIAN_POINT('',(1.371166940451E0,3.572005472352E0,1.523510905007E1));
#1573=CARTESIAN_POINT('',(-1.182350054512E0,3.638872567907E0,1.539760905007E1));
#1574=CARTESIAN_POINT('',(-3.208834134902E0,2.083859518993E0,1.556010905007E1));
#1575=CARTESIAN_POINT('',(-3.805301321861E0,-3.999269577741E-1,
1.572260905007E1));
#1576=CARTESIAN_POINT('',(-2.705019325157E0,-2.705535874848E0,
1.588510905007E1));
#1577=CARTESIAN_POINT('',(-1.169462817109E0,-3.438507110554E0,
1.599344238340E1));
#1578=CARTESIAN_POINT('',(-3.702306978253E-1,-3.522509791251E0,
1.604760905007E1));
#1579=CARTESIAN_POINT('',(-3.823742377018E-1,3.638047855401E0,
1.070239094993E1));
#1580=CARTESIAN_POINT('',(-1.207821112186E0,3.551289892906E0,1.075655761660E1));
#1581=CARTESIAN_POINT('',(-2.793743761664E0,2.794277254147E0,1.086489094993E1));
#1582=CARTESIAN_POINT('',(-3.930114927583E0,4.130445328104E-1,
1.102739094993E1));
#1583=CARTESIAN_POINT('',(-3.314083660410E0,-2.152209959178E0,
1.118989094993E1));
#1584=CARTESIAN_POINT('',(-1.221131050036E0,-3.758227322642E0,
1.135239094993E1));
#1585=CARTESIAN_POINT('',(1.416141116057E0,-3.689166991231E0,1.151489094993E1));
#1586=CARTESIAN_POINT('',(3.422213926663E0,-1.975816586835E0,1.167739094993E1));
#1587=CARTESIAN_POINT('',(3.902982052170E0,6.181716184103E-1,1.183989094993E1));
#1588=CARTESIAN_POINT('',(2.644158559945E0,2.936635636004E0,1.200239094993E1));
#1589=CARTESIAN_POINT('',(2.068125063573E-1,3.946217459119E0,1.216489094993E1));
#1590=CARTESIAN_POINT('',(-2.322711623004E0,3.196938279279E0,1.232739094993E1));
#1591=CARTESIAN_POINT('',(-3.816984402160E0,1.022757888424E0,1.248989094993E1));
#1592=CARTESIAN_POINT('',(-3.609996408277E0,-1.607273954742E0,
1.265239094993E1));
#1593=CARTESIAN_POINT('',(-1.794003855603E0,-3.520930814045E0,
1.281489094993E1));
#1594=CARTESIAN_POINT('',(8.215907054698E-1,-3.865280370706E0,
1.297739094993E1));
#1595=CARTESIAN_POINT('',(3.070995653154E0,-2.486843245931E0,1.313989094993E1));
#1596=CARTESIAN_POINT('',(3.951633033504E0,-1.904635574201E-14,
1.330239094993E1));
#1597=CARTESIAN_POINT('',(3.070995653154E0,2.486843245931E0,1.346489094993E1));
#1598=CARTESIAN_POINT('',(8.215907054698E-1,3.865280370706E0,1.362739094993E1));
#1599=CARTESIAN_POINT('',(-1.794003855603E0,3.520930814045E0,1.378989094993E1));
#1600=CARTESIAN_POINT('',(-3.609996408277E0,1.607273954742E0,1.395239094993E1));
#1601=CARTESIAN_POINT('',(-3.816984402160E0,-1.022757888424E0,
1.411489094993E1));
#1602=CARTESIAN_POINT('',(-2.322711623004E0,-3.196938279279E0,
1.427739094993E1));
#1603=CARTESIAN_POINT('',(2.068125063573E-1,-3.946217459119E0,
1.443989094993E1));
#1604=CARTESIAN_POINT('',(2.644158559944E0,-2.936635636004E0,1.460239094993E1));
#1605=CARTESIAN_POINT('',(3.902982052170E0,-6.181716184104E-1,
1.476489094993E1));
#1606=CARTESIAN_POINT('',(3.422213926663E0,1.975816586835E0,1.492739094993E1));
#1607=CARTESIAN_POINT('',(1.416141116057E0,3.689166991231E0,1.508989094993E1));
#1608=CARTESIAN_POINT('',(-1.221131050036E0,3.758227322642E0,1.525239094993E1));
#1609=CARTESIAN_POINT('',(-3.314083660410E0,2.152209959178E0,1.541489094993E1));
#1610=CARTESIAN_POINT('',(-3.930114927583E0,-4.130445328103E-1,
1.557739094993E1));
#1611=CARTESIAN_POINT('',(-2.793743761664E0,-2.794277254147E0,
1.573989094993E1));
#1612=CARTESIAN_POINT('',(-1.207821112186E0,-3.551289892906E0,
1.584822428327E1));
#1613=CARTESIAN_POINT('',(-3.823742377019E-1,-3.638047855401E0,
1.590239094993E1));
#1614=CARTESIAN_POINT('',(-3.945177775784E-1,3.753585919551E0,
1.055717284980E1));
#1615=CARTESIAN_POINT('',(-1.246179407263E0,3.664072675258E0,1.061133951646E1));
#1616=CARTESIAN_POINT('',(-2.882468198170E0,2.883018633446E0,1.071967284980E1));
#1617=CARTESIAN_POINT('',(-4.054928533305E0,4.261621078467E-1,
1.088217284980E1));
#1618=CARTESIAN_POINT('',(-3.419333185918E0,-2.220560399362E0,
1.104467284980E1));
#1619=CARTESIAN_POINT('',(-1.259912045560E0,-3.877582077377E0,
1.120717284980E1));
#1620=CARTESIAN_POINT('',(1.461115291663E0,-3.806328510110E0,1.136967284980E1));
#1621=CARTESIAN_POINT('',(3.530897481116E0,-2.038565080707E0,1.153217284980E1));
#1622=CARTESIAN_POINT('',(4.026933965021E0,6.378036724521E-1,1.169467284980E1));
#1623=CARTESIAN_POINT('',(2.728132430950E0,3.029898069590E0,1.185717284980E1));
#1624=CARTESIAN_POINT('',(2.133805113909E-1,4.071542453200E0,1.201967284980E1));
#1625=CARTESIAN_POINT('',(-2.396476899099E0,3.298467471493E0,1.218217284980E1));
#1626=CARTESIAN_POINT('',(-3.938205179413E0,1.055238897806E0,1.234467284980E1));
#1627=CARTESIAN_POINT('',(-3.724643607319E0,-1.658318176443E0,
1.250717284980E1));
#1628=CARTESIAN_POINT('',(-1.850978293761E0,-3.632749444924E0,
1.266967284980E1));
#1629=CARTESIAN_POINT('',(8.476829954579E-1,-3.988034943812E0,
1.283217284980E1));
#1630=CARTESIAN_POINT('',(3.168525126895E0,-2.565821056532E0,1.299467284980E1));
#1631=CARTESIAN_POINT('',(4.077130016795E0,-1.965094753587E-14,
1.315717284980E1));
#1632=CARTESIAN_POINT('',(3.168525126895E0,2.565821056532E0,1.331967284980E1));
#1633=CARTESIAN_POINT('',(8.476829954579E-1,3.988034943812E0,1.348217284980E1));
#1634=CARTESIAN_POINT('',(-1.850978293761E0,3.632749444924E0,1.364467284980E1));
#1635=CARTESIAN_POINT('',(-3.724643607319E0,1.658318176443E0,1.380717284980E1));
#1636=CARTESIAN_POINT('',(-3.938205179413E0,-1.055238897806E0,
1.396967284980E1));
#1637=CARTESIAN_POINT('',(-2.396476899099E0,-3.298467471493E0,
1.413217284980E1));
#1638=CARTESIAN_POINT('',(2.133805113909E-1,-4.071542453200E0,
1.429467284980E1));
#1639=CARTESIAN_POINT('',(2.728132430950E0,-3.029898069590E0,1.445717284980E1));
#1640=CARTESIAN_POINT('',(4.026933965021E0,-6.378036724521E-1,
1.461967284980E1));
#1641=CARTESIAN_POINT('',(3.530897481116E0,2.038565080707E0,1.478217284980E1));
#1642=CARTESIAN_POINT('',(1.461115291664E0,3.806328510110E0,1.494467284980E1));
#1643=CARTESIAN_POINT('',(-1.259912045560E0,3.877582077377E0,1.510717284980E1));
#1644=CARTESIAN_POINT('',(-3.419333185918E0,2.220560399362E0,1.526967284980E1));
#1645=CARTESIAN_POINT('',(-4.054928533305E0,-4.261621078466E-1,
1.543217284980E1));
#1646=CARTESIAN_POINT('',(-2.882468198170E0,-2.883018633446E0,
1.559467284980E1));
#1647=CARTESIAN_POINT('',(-1.246179407263E0,-3.664072675258E0,
1.570300618313E1));
#1648=CARTESIAN_POINT('',(-3.945177775784E-1,-3.753585919551E0,
1.575717284980E1));
#1649=B_SPLINE_SURFACE_WITH_KNOTS('',3,3,((#1509,#1510,#1511,#1512,#1513,#1514,
#1515,#1516,#1517,#1518,#1519,#1520,#1521,#1522,#1523,#1524,#1525,#1526,#1527,
#1528,#1529,#1530,#1531,#1532,#1533,#1534,#1535,#1536,#1537,#1538,#1539,#1540,
#1541,#1542,#1543),(#1544,#1545,#1546,#1547,#1548,#1549,#1550,#1551,#1552,#1553,
#1554,#1555,#1556,#1557,#1558,#1559,#1560,#1561,#1562,#1563,#1564,#1565,#1566,
#1567,#1568,#1569,#1570,#1571,#1572,#1573,#1574,#1575,#1576,#1577,#1578),(#1579,
#1580,#1581,#1582,#1583,#1584,#1585,#1586,#1587,#1588,#1589,#1590,#1591,#1592,
#1593,#1594,#1595,#1596,#1597,#1598,#1599,#1600,#1601,#1602,#1603,#1604,#1605,
#1606,#1607,#1608,#1609,#1610,#1611,#1612,#1613),(#1614,#1615,#1616,#1617,#1618,
#1619,#1620,#1621,#1622,#1623,#1624,#1625,#1626,#1627,#1628,#1629,#1630,#1631,
#1632,#1633,#1634,#1635,#1636,#1637,#1638,#1639,#1640,#1641,#1642,#1643,#1644,
#1645,#1646,#1647,#1648)),.UNSPECIFIED.,.F.,.F.,.F.,(4,4),(4,1,1,1,1,1,1,1,1,1,
1,1,1,1,1,1,1,1,1,1,1,1,1,1,1,1,1,1,1,1,1,1,4),(-3.713086008085E-1,
1.371308600808E0),(-2.E-2,1.25E-2,4.5E-2,7.75E-2,1.1E-1,1.425E-1,1.75E-1,
2.075E-1,2.4E-1,2.725E-1,3.05E-1,3.375E-1,3.7E-1,4.025E-1,4.35E-1,4.675E-1,
5.E-1,5.325E-1,5.65E-1,5.975E-1,6.3E-1,6.625E-1,6.95E-1,7.275E-1,7.6E-1,
7.925E-1,8.25E-1,8.575E-1,8.9E-1,9.225E-1,9.55E-1,9.875E-1,1.02E0),
.UNSPECIFIED.);
#1650=ORIENTED_EDGE('',*,*,#1274,.F.);
#1652=ORIENTED_EDGE('',*,*,#1651,.F.);
#1653=ORIENTED_EDGE('',*,*,#1290,.F.);
#1655=ORIENTED_EDGE('',*,*,#1654,.F.);
#1656=ORIENTED_EDGE('',*,*,#1306,.F.);
#1658=ORIENTED_EDGE('',*,*,#1657,.F.);
#1660=ORIENTED_EDGE('',*,*,#1659,.T.);
#1662=ORIENTED_EDGE('',*,*,#1661,.F.);
#1663=ORIENTED_EDGE('',*,*,#1491,.F.);
#1664=ORIENTED_EDGE('',*,*,#1199,.F.);
#1666=ORIENTED_EDGE('',*,*,#1665,.F.);
#1667=EDGE_LOOP('',(#1650,#1652,#1653,#1655,#1656,#1658,#1660,#1662,#1663,#1664,
#1666));
#1668=FACE_OUTER_BOUND('',#1667,.F.);
#1669=ADVANCED_FACE('',(#1668),#1649,.T.);
#1670=CARTESIAN_POINT('',(0.E0,0.E0,0.E0));
#1671=DIRECTION('',(0.E0,0.E0,1.E0));
#1672=DIRECTION('',(1.E0,0.E0,0.E0));
#1673=AXIS2_PLACEMENT_3D('',#1670,#1671,#1672);
#1674=CYLINDRICAL_SURFACE('',#1673,3.5E0);
#1676=ORIENTED_EDGE('',*,*,#1675,.F.);
#1677=ORIENTED_EDGE('',*,*,#1264,.F.);
#1678=ORIENTED_EDGE('',*,*,#1175,.F.);
#1679=ORIENTED_EDGE('',*,*,#1261,.T.);
#1681=ORIENTED_EDGE('',*,*,#1680,.T.);
#1682=ORIENTED_EDGE('',*,*,#1211,.F.);
#1683=EDGE_LOOP('',(#1676,#1677,#1678,#1679,#1681,#1682));
#1684=FACE_OUTER_BOUND('',#1683,.F.);
#1685=ADVANCED_FACE('',(#1684),#1674,.T.);
#1686=CARTESIAN_POINT('',(0.E0,0.E0,0.E0));
#1687=DIRECTION('',(0.E0,0.E0,1.E0));
#1688=DIRECTION('',(1.E0,0.E0,0.E0));
#1689=AXIS2_PLACEMENT_3D('',#1686,#1687,#1688);
#1690=CYLINDRICAL_SURFACE('',#1689,3.5E0);
#1691=ORIENTED_EDGE('',*,*,#1498,.T.);
#1692=ORIENTED_EDGE('',*,*,#1215,.T.);
#1694=ORIENTED_EDGE('',*,*,#1693,.T.);
#1695=ORIENTED_EDGE('',*,*,#1227,.F.);
#1696=EDGE_LOOP('',(#1691,#1692,#1694,#1695));
#1697=FACE_OUTER_BOUND('',#1696,.F.);
#1698=ADVANCED_FACE('',(#1697),#1690,.T.);
#1699=CARTESIAN_POINT('',(0.E0,0.E0,0.E0));
#1700=DIRECTION('',(0.E0,0.E0,1.E0));
#1701=DIRECTION('',(1.E0,0.E0,0.E0));
#1702=AXIS2_PLACEMENT_3D('',#1699,#1700,#1701);
#1703=CYLINDRICAL_SURFACE('',#1702,3.5E0);
#1704=ORIENTED_EDGE('',*,*,#1501,.T.);
#1705=ORIENTED_EDGE('',*,*,#1231,.T.);
#1707=ORIENTED_EDGE('',*,*,#1706,.T.);
#1708=ORIENTED_EDGE('',*,*,#1243,.F.);
#1709=EDGE_LOOP('',(#1704,#1705,#1707,#1708));
#1710=FACE_OUTER_BOUND('',#1709,.F.);
#1711=ADVANCED_FACE('',(#1710),#1703,.T.);
#1712=CARTESIAN_POINT('',(0.E0,0.E0,0.E0));
#1713=DIRECTION('',(0.E0,0.E0,1.E0));
#1714=DIRECTION('',(1.E0,0.E0,0.E0));
#1715=AXIS2_PLACEMENT_3D('',#1712,#1713,#1714);
#1716=CYLINDRICAL_SURFACE('',#1715,3.5E0);
#1717=ORIENTED_EDGE('',*,*,#1504,.T.);
#1718=ORIENTED_EDGE('',*,*,#1249,.T.);
#1720=ORIENTED_EDGE('',*,*,#1719,.T.);
#1721=ORIENTED_EDGE('',*,*,#1193,.F.);
#1722=EDGE_LOOP('',(#1717,#1718,#1720,#1721));
#1723=FACE_OUTER_BOUND('',#1722,.F.);
#1724=ADVANCED_FACE('',(#1723),#1716,.T.);
#1725=CARTESIAN_POINT('',(0.E0,0.E0,0.E0));
#1726=DIRECTION('',(0.E0,0.E0,1.E0));
#1727=DIRECTION('',(1.E0,0.E0,0.E0));
#1728=AXIS2_PLACEMENT_3D('',#1725,#1726,#1727);
#1729=CYLINDRICAL_SURFACE('',#1728,3.5E0);
#1730=ORIENTED_EDGE('',*,*,#1657,.T.);
#1731=ORIENTED_EDGE('',*,*,#1312,.T.);
#1733=ORIENTED_EDGE('',*,*,#1732,.T.);
#1734=ORIENTED_EDGE('',*,*,#1340,.F.);
#1736=ORIENTED_EDGE('',*,*,#1735,.T.);
#1737=EDGE_LOOP('',(#1730,#1731,#1733,#1734,#1736));
#1738=FACE_OUTER_BOUND('',#1737,.F.);
#1739=ADVANCED_FACE('',(#1738),#1729,.T.);
#1740=CARTESIAN_POINT('',(0.E0,0.E0,0.E0));
#1741=DIRECTION('',(0.E0,0.E0,1.E0));
#1742=DIRECTION('',(1.E0,0.E0,0.E0));
#1743=AXIS2_PLACEMENT_3D('',#1740,#1741,#1742);
#1744=CYLINDRICAL_SURFACE('',#1743,3.5E0);
#1745=ORIENTED_EDGE('',*,*,#1665,.T.);
#1746=ORIENTED_EDGE('',*,*,#1197,.T.);
#1748=ORIENTED_EDGE('',*,*,#1747,.T.);
#1749=ORIENTED_EDGE('',*,*,#1276,.F.);
#1750=EDGE_LOOP('',(#1745,#1746,#1748,#1749));
#1751=FACE_OUTER_BOUND('',#1750,.F.);
#1752=ADVANCED_FACE('',(#1751),#1744,.T.);
#1753=CARTESIAN_POINT('',(0.E0,0.E0,0.E0));
#1754=DIRECTION('',(0.E0,0.E0,1.E0));
#1755=DIRECTION('',(1.E0,0.E0,0.E0));
#1756=AXIS2_PLACEMENT_3D('',#1753,#1754,#1755);
#1757=CYLINDRICAL_SURFACE('',#1756,3.5E0);
#1758=ORIENTED_EDGE('',*,*,#1651,.T.);
#1759=ORIENTED_EDGE('',*,*,#1280,.T.);
#1761=ORIENTED_EDGE('',*,*,#1760,.T.);
#1762=ORIENTED_EDGE('',*,*,#1292,.F.);
#1763=EDGE_LOOP('',(#1758,#1759,#1761,#1762));
#1764=FACE_OUTER_BOUND('',#1763,.F.);
#1765=ADVANCED_FACE('',(#1764),#1757,.T.);
#1766=CARTESIAN_POINT('',(0.E0,0.E0,0.E0));
#1767=DIRECTION('',(0.E0,0.E0,1.E0));
#1768=DIRECTION('',(1.E0,0.E0,0.E0));
#1769=AXIS2_PLACEMENT_3D('',#1766,#1767,#1768);
#1770=CYLINDRICAL_SURFACE('',#1769,3.5E0);
#1771=ORIENTED_EDGE('',*,*,#1654,.T.);
#1772=ORIENTED_EDGE('',*,*,#1296,.T.);
#1774=ORIENTED_EDGE('',*,*,#1773,.T.);
#1776=ORIENTED_EDGE('',*,*,#1775,.T.);
#1777=ORIENTED_EDGE('',*,*,#1308,.F.);
#1778=EDGE_LOOP('',(#1771,#1772,#1774,#1776,#1777));
#1779=FACE_OUTER_BOUND('',#1778,.F.);
#1780=ADVANCED_FACE('',(#1779),#1770,.T.);
#1781=CARTESIAN_POINT('',(0.E0,0.E0,0.E0));
#1782=DIRECTION('',(0.E0,0.E0,1.E0));
#1783=DIRECTION('',(1.E0,0.E0,0.E0));
#1784=AXIS2_PLACEMENT_3D('',#1781,#1782,#1783);
#1785=CYLINDRICAL_SURFACE('',#1784,3.5E0);
#1787=ORIENTED_EDGE('',*,*,#1786,.T.);
#1788=ORIENTED_EDGE('',*,*,#1344,.T.);
#1790=ORIENTED_EDGE('',*,*,#1789,.T.);
#1791=ORIENTED_EDGE('',*,*,#1324,.F.);
#1792=EDGE_LOOP('',(#1787,#1788,#1790,#1791));
#1793=FACE_OUTER_BOUND('',#1792,.F.);
#1794=ADVANCED_FACE('',(#1793),#1785,.T.);
#1795=CARTESIAN_POINT('',(0.E0,0.E0,0.E0));
#1796=DIRECTION('',(0.E0,0.E0,1.E0));
#1797=DIRECTION('',(1.E0,0.E0,0.E0));
#1798=AXIS2_PLACEMENT_3D('',#1795,#1796,#1797);
#1799=CYLINDRICAL_SURFACE('',#1798,3.5E0);
#1801=ORIENTED_EDGE('',*,*,#1800,.T.);
#1803=ORIENTED_EDGE('',*,*,#1802,.T.);
#1805=ORIENTED_EDGE('',*,*,#1804,.T.);
#1806=ORIENTED_EDGE('',*,*,#1328,.T.);
#1807=EDGE_LOOP('',(#1801,#1803,#1805,#1806));
#1808=FACE_OUTER_BOUND('',#1807,.F.);
#1809=ADVANCED_FACE('',(#1808),#1799,.T.);
#1810=CARTESIAN_POINT('',(3.5E0,0.E0,5.E0));
#1811=DIRECTION('',(0.E0,1.E0,0.E0));
#1812=DIRECTION('',(-1.E0,0.E0,0.E0));
#1813=AXIS2_PLACEMENT_3D('',#1810,#1811,#1812);
#1814=PLANE('',#1813);
#1815=ORIENTED_EDGE('',*,*,#1675,.T.);
#1816=ORIENTED_EDGE('',*,*,#1495,.T.);
#1818=ORIENTED_EDGE('',*,*,#1817,.T.);
#1820=ORIENTED_EDGE('',*,*,#1819,.T.);
#1821=EDGE_LOOP('',(#1815,#1816,#1818,#1820));
#1822=FACE_OUTER_BOUND('',#1821,.F.);
#1823=ADVANCED_FACE('',(#1822),#1814,.F.);
#1824=CARTESIAN_POINT('',(3.380118193278E0,-1.504925579380E0,5.768876755070E0));
#1825=CARTESIAN_POINT('',(3.721574975927E0,-7.380010888501E-1,
5.823043421737E0));
#1826=CARTESIAN_POINT('',(3.860518039999E0,1.034027672903E0,5.931376755070E0));
#1827=CARTESIAN_POINT('',(2.349377739729E0,3.233687579392E0,6.093876755070E0));
#1828=CARTESIAN_POINT('',(-2.091963980212E-1,3.991399284654E0,
6.256376755070E0));
#1829=CARTESIAN_POINT('',(-2.674450376237E0,2.970290953544E0,6.418876755070E0));
#1830=CARTESIAN_POINT('',(-3.947701558196E0,6.252520267673E-1,
6.581376755070E0));
#1831=CARTESIAN_POINT('',(-3.461424552189E0,-1.998453936720E0,
6.743876755070E0));
#1832=CARTESIAN_POINT('',(-1.432364197061E0,-3.731436279886E0,
6.906376755070E0));
#1833=CARTESIAN_POINT('',(1.235112860528E0,-3.801286411973E0,7.068876755070E0));
#1834=CARTESIAN_POINT('',(3.352090030073E0,-2.176872733975E0,7.231376755070E0));
#1835=CARTESIAN_POINT('',(3.975013627568E0,4.177907705402E-1,7.393876755070E0));
#1836=CARTESIAN_POINT('',(2.826241536831E0,2.826241536356E0,7.556376755070E0));
#1837=CARTESIAN_POINT('',(4.177907674488E-1,3.975013626375E0,7.718876755070E0));
#1838=CARTESIAN_POINT('',(-2.176872722084E0,3.352090035318E0,7.881376755070E0));
#1839=CARTESIAN_POINT('',(-3.801286456444E0,1.235112840741E0,8.043876755070E0));
#1840=CARTESIAN_POINT('',(-3.731436113890E0,-1.432364123159E0,
8.206376755070E0));
#1841=CARTESIAN_POINT('',(-1.998454556233E0,-3.461424828012E0,
8.368876755070E0));
#1842=CARTESIAN_POINT('',(6.252543388203E-1,-3.947700528807E0,
8.531376755070E0));
#1843=CARTESIAN_POINT('',(2.970282324844E0,-2.674454217972E0,8.693876755070E0));
#1844=CARTESIAN_POINT('',(3.991431487400E0,-2.091820604715E-1,
8.856376755070E0));
#1845=CARTESIAN_POINT('',(3.233567397106E0,2.349324231265E0,9.018876755070E0));
#1846=CARTESIAN_POINT('',(1.034476199300E0,3.860717736305E0,9.181376755070E0));
#1847=CARTESIAN_POINT('',(-1.625689393029E0,3.651358167133E0,9.343876755070E0));
#1848=CARTESIAN_POINT('',(-3.561272103465E0,1.814558754828E0,9.506376755070E0));
#1849=CARTESIAN_POINT('',(-3.909567030093E0,-8.310040922283E-1,
9.668876755070E0));
#1850=CARTESIAN_POINT('',(-2.515336512454E0,-3.106181922069E0,
9.831376755070E0));
#1851=CARTESIAN_POINT('',(3.986018639601E-7,-3.996908563839E0,
9.993876755070E0));
#1852=CARTESIAN_POINT('',(2.515334918046E0,-3.106183822574E0,1.015637675507E1));
#1853=CARTESIAN_POINT('',(3.909572610519E0,-8.309964902102E-1,
1.031887675507E1));
#1854=CARTESIAN_POINT('',(3.561251376168E0,1.814530247260E0,1.048137675507E1));
#1855=CARTESIAN_POINT('',(1.625766721791E0,3.651464595387E0,1.064387675507E1));
#1856=CARTESIAN_POINT('',(-1.034764787050E0,3.860320530859E0,1.080637675507E1));
#1857=CARTESIAN_POINT('',(-2.499915178928E0,2.853977926816E0,1.091471008840E1));
#1858=CARTESIAN_POINT('',(-2.993362879187E0,2.174805433482E0,1.096887675507E1));
#1859=CARTESIAN_POINT('',(3.380118193278E0,-1.504925579380E0,5.522958918357E0));
#1860=CARTESIAN_POINT('',(3.721574975927E0,-7.380010888501E-1,
5.577125585023E0));
#1861=CARTESIAN_POINT('',(3.860518039999E0,1.034027672903E0,5.685458918357E0));
#1862=CARTESIAN_POINT('',(2.349377739729E0,3.233687579392E0,5.847958918357E0));
#1863=CARTESIAN_POINT('',(-2.091963980212E-1,3.991399284654E0,
6.010458918357E0));
#1864=CARTESIAN_POINT('',(-2.674450376237E0,2.970290953544E0,6.172958918357E0));
#1865=CARTESIAN_POINT('',(-3.947701558196E0,6.252520267673E-1,
6.335458918357E0));
#1866=CARTESIAN_POINT('',(-3.461424552189E0,-1.998453936720E0,
6.497958918357E0));
#1867=CARTESIAN_POINT('',(-1.432364197061E0,-3.731436279886E0,
6.660458918357E0));
#1868=CARTESIAN_POINT('',(1.235112860528E0,-3.801286411973E0,6.822958918357E0));
#1869=CARTESIAN_POINT('',(3.352090030073E0,-2.176872733975E0,6.985458918357E0));
#1870=CARTESIAN_POINT('',(3.975013627568E0,4.177907705402E-1,7.147958918357E0));
#1871=CARTESIAN_POINT('',(2.826241536831E0,2.826241536356E0,7.310458918357E0));
#1872=CARTESIAN_POINT('',(4.177907674488E-1,3.975013626375E0,7.472958918357E0));
#1873=CARTESIAN_POINT('',(-2.176872722084E0,3.352090035318E0,7.635458918357E0));
#1874=CARTESIAN_POINT('',(-3.801286456444E0,1.235112840741E0,7.797958918357E0));
#1875=CARTESIAN_POINT('',(-3.731436113890E0,-1.432364123159E0,
7.960458918357E0));
#1876=CARTESIAN_POINT('',(-1.998454556233E0,-3.461424828012E0,
8.122958918357E0));
#1877=CARTESIAN_POINT('',(6.252543388203E-1,-3.947700528807E0,
8.285458918357E0));
#1878=CARTESIAN_POINT('',(2.970282324844E0,-2.674454217972E0,8.447958918357E0));
#1879=CARTESIAN_POINT('',(3.991431487400E0,-2.091820604715E-1,
8.610458918357E0));
#1880=CARTESIAN_POINT('',(3.233567397106E0,2.349324231265E0,8.772958918357E0));
#1881=CARTESIAN_POINT('',(1.034476199300E0,3.860717736305E0,8.935458918357E0));
#1882=CARTESIAN_POINT('',(-1.625689393029E0,3.651358167133E0,9.097958918357E0));
#1883=CARTESIAN_POINT('',(-3.561272103465E0,1.814558754828E0,9.260458918357E0));
#1884=CARTESIAN_POINT('',(-3.909567030093E0,-8.310040922283E-1,
9.422958918357E0));
#1885=CARTESIAN_POINT('',(-2.515336512454E0,-3.106181922069E0,
9.585458918357E0));
#1886=CARTESIAN_POINT('',(3.986018639601E-7,-3.996908563839E0,
9.747958918357E0));
#1887=CARTESIAN_POINT('',(2.515334918046E0,-3.106183822574E0,9.910458918357E0));
#1888=CARTESIAN_POINT('',(3.909572610519E0,-8.309964902102E-1,
1.007295891836E1));
#1889=CARTESIAN_POINT('',(3.561251376168E0,1.814530247260E0,1.023545891836E1));
#1890=CARTESIAN_POINT('',(1.625766721791E0,3.651464595387E0,1.039795891836E1));
#1891=CARTESIAN_POINT('',(-1.034764787050E0,3.860320530859E0,1.056045891836E1));
#1892=CARTESIAN_POINT('',(-2.499915178928E0,2.853977926816E0,1.066879225169E1));
#1893=CARTESIAN_POINT('',(-2.993362879187E0,2.174805433482E0,1.072295891836E1));
#1894=CARTESIAN_POINT('',(3.380118193278E0,-1.504925579380E0,5.277041081643E0));
#1895=CARTESIAN_POINT('',(3.721574975927E0,-7.380010888501E-1,
5.331207748310E0));
#1896=CARTESIAN_POINT('',(3.860518039999E0,1.034027672903E0,5.439541081643E0));
#1897=CARTESIAN_POINT('',(2.349377739729E0,3.233687579392E0,5.602041081643E0));
#1898=CARTESIAN_POINT('',(-2.091963980212E-1,3.991399284654E0,
5.764541081643E0));
#1899=CARTESIAN_POINT('',(-2.674450376237E0,2.970290953544E0,5.927041081643E0));
#1900=CARTESIAN_POINT('',(-3.947701558196E0,6.252520267673E-1,
6.089541081643E0));
#1901=CARTESIAN_POINT('',(-3.461424552189E0,-1.998453936720E0,
6.252041081643E0));
#1902=CARTESIAN_POINT('',(-1.432364197061E0,-3.731436279886E0,
6.414541081643E0));
#1903=CARTESIAN_POINT('',(1.235112860528E0,-3.801286411973E0,6.577041081643E0));
#1904=CARTESIAN_POINT('',(3.352090030073E0,-2.176872733975E0,6.739541081643E0));
#1905=CARTESIAN_POINT('',(3.975013627568E0,4.177907705402E-1,6.902041081643E0));
#1906=CARTESIAN_POINT('',(2.826241536831E0,2.826241536356E0,7.064541081643E0));
#1907=CARTESIAN_POINT('',(4.177907674488E-1,3.975013626375E0,7.227041081643E0));
#1908=CARTESIAN_POINT('',(-2.176872722084E0,3.352090035318E0,7.389541081643E0));
#1909=CARTESIAN_POINT('',(-3.801286456444E0,1.235112840741E0,7.552041081643E0));
#1910=CARTESIAN_POINT('',(-3.731436113890E0,-1.432364123159E0,
7.714541081643E0));
#1911=CARTESIAN_POINT('',(-1.998454556233E0,-3.461424828012E0,
7.877041081643E0));
#1912=CARTESIAN_POINT('',(6.252543388203E-1,-3.947700528807E0,
8.039541081643E0));
#1913=CARTESIAN_POINT('',(2.970282324844E0,-2.674454217972E0,8.202041081643E0));
#1914=CARTESIAN_POINT('',(3.991431487400E0,-2.091820604715E-1,
8.364541081643E0));
#1915=CARTESIAN_POINT('',(3.233567397106E0,2.349324231265E0,8.527041081643E0));
#1916=CARTESIAN_POINT('',(1.034476199300E0,3.860717736305E0,8.689541081643E0));
#1917=CARTESIAN_POINT('',(-1.625689393029E0,3.651358167133E0,8.852041081643E0));
#1918=CARTESIAN_POINT('',(-3.561272103465E0,1.814558754828E0,9.014541081643E0));
#1919=CARTESIAN_POINT('',(-3.909567030093E0,-8.310040922283E-1,
9.177041081643E0));
#1920=CARTESIAN_POINT('',(-2.515336512454E0,-3.106181922069E0,
9.339541081643E0));
#1921=CARTESIAN_POINT('',(3.986018636271E-7,-3.996908563839E0,
9.502041081643E0));
#1922=CARTESIAN_POINT('',(2.515334918046E0,-3.106183822574E0,9.664541081643E0));
#1923=CARTESIAN_POINT('',(3.909572610519E0,-8.309964902102E-1,
9.827041081643E0));
#1924=CARTESIAN_POINT('',(3.561251376168E0,1.814530247260E0,9.989541081643E0));
#1925=CARTESIAN_POINT('',(1.625766721791E0,3.651464595387E0,1.015204108164E1));
#1926=CARTESIAN_POINT('',(-1.034764787050E0,3.860320530859E0,1.031454108164E1));
#1927=CARTESIAN_POINT('',(-2.499915178928E0,2.853977926816E0,1.042287441498E1));
#1928=CARTESIAN_POINT('',(-2.993362879187E0,2.174805433482E0,1.047704108164E1));
#1929=CARTESIAN_POINT('',(3.380118193278E0,-1.504925579380E0,5.031123244930E0));
#1930=CARTESIAN_POINT('',(3.721574975927E0,-7.380010888501E-1,
5.085289911596E0));
#1931=CARTESIAN_POINT('',(3.860518039999E0,1.034027672903E0,5.193623244930E0));
#1932=CARTESIAN_POINT('',(2.349377739729E0,3.233687579392E0,5.356123244930E0));
#1933=CARTESIAN_POINT('',(-2.091963980212E-1,3.991399284654E0,
5.518623244930E0));
#1934=CARTESIAN_POINT('',(-2.674450376237E0,2.970290953544E0,5.681123244930E0));
#1935=CARTESIAN_POINT('',(-3.947701558196E0,6.252520267673E-1,
5.843623244930E0));
#1936=CARTESIAN_POINT('',(-3.461424552189E0,-1.998453936720E0,
6.006123244930E0));
#1937=CARTESIAN_POINT('',(-1.432364197061E0,-3.731436279886E0,
6.168623244930E0));
#1938=CARTESIAN_POINT('',(1.235112860528E0,-3.801286411973E0,6.331123244930E0));
#1939=CARTESIAN_POINT('',(3.352090030073E0,-2.176872733975E0,6.493623244930E0));
#1940=CARTESIAN_POINT('',(3.975013627568E0,4.177907705402E-1,6.656123244930E0));
#1941=CARTESIAN_POINT('',(2.826241536831E0,2.826241536356E0,6.818623244930E0));
#1942=CARTESIAN_POINT('',(4.177907674488E-1,3.975013626375E0,6.981123244930E0));
#1943=CARTESIAN_POINT('',(-2.176872722084E0,3.352090035318E0,7.143623244930E0));
#1944=CARTESIAN_POINT('',(-3.801286456444E0,1.235112840741E0,7.306123244930E0));
#1945=CARTESIAN_POINT('',(-3.731436113890E0,-1.432364123159E0,
7.468623244930E0));
#1946=CARTESIAN_POINT('',(-1.998454556233E0,-3.461424828012E0,
7.631123244930E0));
#1947=CARTESIAN_POINT('',(6.252543388203E-1,-3.947700528807E0,
7.793623244930E0));
#1948=CARTESIAN_POINT('',(2.970282324844E0,-2.674454217972E0,7.956123244930E0));
#1949=CARTESIAN_POINT('',(3.991431487400E0,-2.091820604715E-1,
8.118623244930E0));
#1950=CARTESIAN_POINT('',(3.233567397106E0,2.349324231265E0,8.281123244930E0));
#1951=CARTESIAN_POINT('',(1.034476199300E0,3.860717736305E0,8.443623244930E0));
#1952=CARTESIAN_POINT('',(-1.625689393029E0,3.651358167133E0,8.606123244930E0));
#1953=CARTESIAN_POINT('',(-3.561272103465E0,1.814558754828E0,8.768623244930E0));
#1954=CARTESIAN_POINT('',(-3.909567030093E0,-8.310040922283E-1,
8.931123244930E0));
#1955=CARTESIAN_POINT('',(-2.515336512454E0,-3.106181922069E0,
9.093623244930E0));
#1956=CARTESIAN_POINT('',(3.986018636271E-7,-3.996908563839E0,
9.256123244930E0));
#1957=CARTESIAN_POINT('',(2.515334918046E0,-3.106183822574E0,9.418623244930E0));
#1958=CARTESIAN_POINT('',(3.909572610519E0,-8.309964902102E-1,
9.581123244930E0));
#1959=CARTESIAN_POINT('',(3.561251376168E0,1.814530247260E0,9.743623244930E0));
#1960=CARTESIAN_POINT('',(1.625766721791E0,3.651464595387E0,9.906123244930E0));
#1961=CARTESIAN_POINT('',(-1.034764787050E0,3.860320530859E0,1.006862324493E1));
#1962=CARTESIAN_POINT('',(-2.499915178928E0,2.853977926816E0,1.017695657826E1));
#1963=CARTESIAN_POINT('',(-2.993362879187E0,2.174805433482E0,1.023112324493E1));
#1964=B_SPLINE_SURFACE_WITH_KNOTS('',3,3,((#1824,#1825,#1826,#1827,#1828,#1829,
#1830,#1831,#1832,#1833,#1834,#1835,#1836,#1837,#1838,#1839,#1840,#1841,#1842,
#1843,#1844,#1845,#1846,#1847,#1848,#1849,#1850,#1851,#1852,#1853,#1854,#1855,
#1856,#1857,#1858),(#1859,#1860,#1861,#1862,#1863,#1864,#1865,#1866,#1867,#1868,
#1869,#1870,#1871,#1872,#1873,#1874,#1875,#1876,#1877,#1878,#1879,#1880,#1881,
#1882,#1883,#1884,#1885,#1886,#1887,#1888,#1889,#1890,#1891,#1892,#1893),(#1894,
#1895,#1896,#1897,#1898,#1899,#1900,#1901,#1902,#1903,#1904,#1905,#1906,#1907,
#1908,#1909,#1910,#1911,#1912,#1913,#1914,#1915,#1916,#1917,#1918,#1919,#1920,
#1921,#1922,#1923,#1924,#1925,#1926,#1927,#1928),(#1929,#1930,#1931,#1932,#1933,
#1934,#1935,#1936,#1937,#1938,#1939,#1940,#1941,#1942,#1943,#1944,#1945,#1946,
#1947,#1948,#1949,#1950,#1951,#1952,#1953,#1954,#1955,#1956,#1957,#1958,#1959,
#1960,#1961,#1962,#1963)),.UNSPECIFIED.,.F.,.F.,.F.,(4,4),(4,1,1,1,1,1,1,1,1,1,
1,1,1,1,1,1,1,1,1,1,1,1,1,1,1,1,1,1,1,1,1,1,4),(-2.377535101404E-1,
1.237753510140E0),(-2.E-2,1.25E-2,4.5E-2,7.75E-2,1.1E-1,1.425E-1,1.75E-1,
2.075E-1,2.4E-1,2.725E-1,3.05E-1,3.375E-1,3.7E-1,4.025E-1,4.35E-1,4.675E-1,
5.E-1,5.325E-1,5.65E-1,5.975E-1,6.3E-1,6.625E-1,6.95E-1,7.275E-1,7.6E-1,
7.925E-1,8.25E-1,8.575E-1,8.9E-1,9.225E-1,9.55E-1,9.875E-1,1.02E0),
.UNSPECIFIED.);
#1965=ORIENTED_EDGE('',*,*,#1817,.F.);
#1966=ORIENTED_EDGE('',*,*,#1493,.T.);
#1968=ORIENTED_EDGE('',*,*,#1967,.T.);
#1970=ORIENTED_EDGE('',*,*,#1969,.F.);
#1971=EDGE_LOOP('',(#1965,#1966,#1968,#1970));
#1972=FACE_OUTER_BOUND('',#1971,.F.);
#1973=ADVANCED_FACE('',(#1972),#1964,.T.);
#1974=CARTESIAN_POINT('',(-3.867553140903E-1,3.679731012863E0,
1.076887675507E1));
#1975=CARTESIAN_POINT('',(-1.221659796999E0,3.591979015667E0,1.082304342174E1));
#1976=CARTESIAN_POINT('',(-2.825753252949E0,2.826292857956E0,1.093137675507E1));
#1977=CARTESIAN_POINT('',(-3.975144461520E0,4.177770159948E-1,
1.109387675507E1));
#1978=CARTESIAN_POINT('',(-3.352054978147E0,-2.176869037393E0,
1.125637675507E1));
#1979=CARTESIAN_POINT('',(-1.235122234282E0,-3.801287443754E0,
1.141887675507E1));
#1980=CARTESIAN_POINT('',(1.432366640150E0,-3.731435849341E0,1.158137675507E1));
#1981=CARTESIAN_POINT('',(3.461424153587E0,-1.998454627119E0,1.174387675507E1));
#1982=CARTESIAN_POINT('',(3.947700709515E0,6.252543578169E-1,1.190637675507E1));
#1983=CARTESIAN_POINT('',(2.674454169565E0,2.970282319744E0,1.206887675507E1));
#1984=CARTESIAN_POINT('',(2.091820733917E-1,3.991431488804E0,1.223137675507E1));
#1985=CARTESIAN_POINT('',(-2.349324234538E0,3.233567396593E0,1.239387675507E1));
#1986=CARTESIAN_POINT('',(-3.860717736131E0,1.034476199948E0,1.255637675507E1));
#1987=CARTESIAN_POINT('',(-3.651358164555E0,-1.625689395110E0,
1.271887675507E1));
#1988=CARTESIAN_POINT('',(-1.814558765316E0,-3.561272095790E0,
1.288137675507E1));
#1989=CARTESIAN_POINT('',(8.310041316E-1,-3.909567058713E0,1.304387675507E1));
#1990=CARTESIAN_POINT('',(3.106181775070E0,-2.515336405648E0,1.320637675507E1));
#1991=CARTESIAN_POINT('',(3.996909112465E0,-1.931788062848E-14,
1.336887675507E1));
#1992=CARTESIAN_POINT('',(3.106181775070E0,2.515336405648E0,1.353137675507E1));
#1993=CARTESIAN_POINT('',(8.310041316001E-1,3.909567058713E0,1.369387675507E1));
#1994=CARTESIAN_POINT('',(-1.814558765316E0,3.561272095790E0,1.385637675507E1));
#1995=CARTESIAN_POINT('',(-3.651358164555E0,1.625689395110E0,1.401887675507E1));
#1996=CARTESIAN_POINT('',(-3.860717736131E0,-1.034476199948E0,
1.418137675507E1));
#1997=CARTESIAN_POINT('',(-2.349324234538E0,-3.233567396593E0,
1.434387675507E1));
#1998=CARTESIAN_POINT('',(2.091820733917E-1,-3.991431488804E0,
1.450637675507E1));
#1999=CARTESIAN_POINT('',(2.674454169565E0,-2.970282319744E0,1.466887675507E1));
#2000=CARTESIAN_POINT('',(3.947700709515E0,-6.252543578170E-1,
1.483137675507E1));
#2001=CARTESIAN_POINT('',(3.461424153587E0,1.998454627119E0,1.499387675507E1));
#2002=CARTESIAN_POINT('',(1.432366640150E0,3.731435849341E0,1.515637675507E1));
#2003=CARTESIAN_POINT('',(-1.235122234282E0,3.801287443754E0,1.531887675507E1));
#2004=CARTESIAN_POINT('',(-3.352054978147E0,2.176869037394E0,1.548137675507E1));
#2005=CARTESIAN_POINT('',(-3.975144461520E0,-4.177770159948E-1,
1.564387675507E1));
#2006=CARTESIAN_POINT('',(-2.825753252949E0,-2.826292857956E0,
1.580637675507E1));
#2007=CARTESIAN_POINT('',(-1.221659796999E0,-3.591979015667E0,
1.591471008840E1));
#2008=CARTESIAN_POINT('',(-3.867553140903E-1,-3.679731012863E0,
1.596887675507E1));
#2009=CARTESIAN_POINT('',(-3.867553140903E-1,3.679731012863E0,
1.052295891836E1));
#2010=CARTESIAN_POINT('',(-1.221659796999E0,3.591979015667E0,1.057712558502E1));
#2011=CARTESIAN_POINT('',(-2.825753252949E0,2.826292857956E0,1.068545891836E1));
#2012=CARTESIAN_POINT('',(-3.975144461520E0,4.177770159948E-1,
1.084795891836E1));
#2013=CARTESIAN_POINT('',(-3.352054978147E0,-2.176869037393E0,
1.101045891836E1));
#2014=CARTESIAN_POINT('',(-1.235122234282E0,-3.801287443754E0,
1.117295891836E1));
#2015=CARTESIAN_POINT('',(1.432366640150E0,-3.731435849341E0,1.133545891836E1));
#2016=CARTESIAN_POINT('',(3.461424153587E0,-1.998454627119E0,1.149795891836E1));
#2017=CARTESIAN_POINT('',(3.947700709515E0,6.252543578169E-1,1.166045891836E1));
#2018=CARTESIAN_POINT('',(2.674454169565E0,2.970282319744E0,1.182295891836E1));
#2019=CARTESIAN_POINT('',(2.091820733917E-1,3.991431488804E0,1.198545891836E1));
#2020=CARTESIAN_POINT('',(-2.349324234538E0,3.233567396593E0,1.214795891836E1));
#2021=CARTESIAN_POINT('',(-3.860717736131E0,1.034476199948E0,1.231045891836E1));
#2022=CARTESIAN_POINT('',(-3.651358164555E0,-1.625689395110E0,
1.247295891836E1));
#2023=CARTESIAN_POINT('',(-1.814558765316E0,-3.561272095790E0,
1.263545891836E1));
#2024=CARTESIAN_POINT('',(8.310041316E-1,-3.909567058713E0,1.279795891836E1));
#2025=CARTESIAN_POINT('',(3.106181775070E0,-2.515336405648E0,1.296045891836E1));
#2026=CARTESIAN_POINT('',(3.996909112465E0,-1.931788062848E-14,
1.312295891836E1));
#2027=CARTESIAN_POINT('',(3.106181775070E0,2.515336405648E0,1.328545891836E1));
#2028=CARTESIAN_POINT('',(8.310041316001E-1,3.909567058713E0,1.344795891836E1));
#2029=CARTESIAN_POINT('',(-1.814558765316E0,3.561272095790E0,1.361045891836E1));
#2030=CARTESIAN_POINT('',(-3.651358164555E0,1.625689395110E0,1.377295891836E1));
#2031=CARTESIAN_POINT('',(-3.860717736131E0,-1.034476199948E0,
1.393545891836E1));
#2032=CARTESIAN_POINT('',(-2.349324234538E0,-3.233567396593E0,
1.409795891836E1));
#2033=CARTESIAN_POINT('',(2.091820733917E-1,-3.991431488804E0,
1.426045891836E1));
#2034=CARTESIAN_POINT('',(2.674454169565E0,-2.970282319744E0,1.442295891836E1));
#2035=CARTESIAN_POINT('',(3.947700709515E0,-6.252543578170E-1,
1.458545891836E1));
#2036=CARTESIAN_POINT('',(3.461424153587E0,1.998454627119E0,1.474795891836E1));
#2037=CARTESIAN_POINT('',(1.432366640150E0,3.731435849341E0,1.491045891836E1));
#2038=CARTESIAN_POINT('',(-1.235122234282E0,3.801287443754E0,1.507295891836E1));
#2039=CARTESIAN_POINT('',(-3.352054978147E0,2.176869037394E0,1.523545891836E1));
#2040=CARTESIAN_POINT('',(-3.975144461520E0,-4.177770159948E-1,
1.539795891836E1));
#2041=CARTESIAN_POINT('',(-2.825753252949E0,-2.826292857956E0,
1.556045891836E1));
#2042=CARTESIAN_POINT('',(-1.221659796999E0,-3.591979015667E0,
1.566879225169E1));
#2043=CARTESIAN_POINT('',(-3.867553140903E-1,-3.679731012863E0,
1.572295891836E1));
#2044=CARTESIAN_POINT('',(-3.867553140903E-1,3.679731012863E0,
1.027704108164E1));
#2045=CARTESIAN_POINT('',(-1.221659796999E0,3.591979015667E0,1.033120774831E1));
#2046=CARTESIAN_POINT('',(-2.825753252949E0,2.826292857956E0,1.043954108164E1));
#2047=CARTESIAN_POINT('',(-3.975144461520E0,4.177770159948E-1,
1.060204108164E1));
#2048=CARTESIAN_POINT('',(-3.352054978147E0,-2.176869037393E0,
1.076454108164E1));
#2049=CARTESIAN_POINT('',(-1.235122234282E0,-3.801287443754E0,
1.092704108164E1));
#2050=CARTESIAN_POINT('',(1.432366640150E0,-3.731435849341E0,1.108954108164E1));
#2051=CARTESIAN_POINT('',(3.461424153587E0,-1.998454627119E0,1.125204108164E1));
#2052=CARTESIAN_POINT('',(3.947700709515E0,6.252543578169E-1,1.141454108164E1));
#2053=CARTESIAN_POINT('',(2.674454169565E0,2.970282319744E0,1.157704108164E1));
#2054=CARTESIAN_POINT('',(2.091820733917E-1,3.991431488804E0,1.173954108164E1));
#2055=CARTESIAN_POINT('',(-2.349324234538E0,3.233567396593E0,1.190204108164E1));
#2056=CARTESIAN_POINT('',(-3.860717736131E0,1.034476199948E0,1.206454108164E1));
#2057=CARTESIAN_POINT('',(-3.651358164555E0,-1.625689395110E0,
1.222704108164E1));
#2058=CARTESIAN_POINT('',(-1.814558765316E0,-3.561272095790E0,
1.238954108164E1));
#2059=CARTESIAN_POINT('',(8.310041316E-1,-3.909567058713E0,1.255204108164E1));
#2060=CARTESIAN_POINT('',(3.106181775070E0,-2.515336405648E0,1.271454108164E1));
#2061=CARTESIAN_POINT('',(3.996909112465E0,-1.942890293094E-14,
1.287704108164E1));
#2062=CARTESIAN_POINT('',(3.106181775070E0,2.515336405648E0,1.303954108164E1));
#2063=CARTESIAN_POINT('',(8.310041316001E-1,3.909567058713E0,1.320204108164E1));
#2064=CARTESIAN_POINT('',(-1.814558765316E0,3.561272095790E0,1.336454108164E1));
#2065=CARTESIAN_POINT('',(-3.651358164555E0,1.625689395110E0,1.352704108164E1));
#2066=CARTESIAN_POINT('',(-3.860717736131E0,-1.034476199948E0,
1.368954108164E1));
#2067=CARTESIAN_POINT('',(-2.349324234538E0,-3.233567396593E0,
1.385204108164E1));
#2068=CARTESIAN_POINT('',(2.091820733917E-1,-3.991431488804E0,
1.401454108164E1));
#2069=CARTESIAN_POINT('',(2.674454169565E0,-2.970282319744E0,1.417704108164E1));
#2070=CARTESIAN_POINT('',(3.947700709515E0,-6.252543578170E-1,
1.433954108164E1));
#2071=CARTESIAN_POINT('',(3.461424153587E0,1.998454627119E0,1.450204108164E1));
#2072=CARTESIAN_POINT('',(1.432366640150E0,3.731435849341E0,1.466454108164E1));
#2073=CARTESIAN_POINT('',(-1.235122234282E0,3.801287443754E0,1.482704108164E1));
#2074=CARTESIAN_POINT('',(-3.352054978147E0,2.176869037394E0,1.498954108164E1));
#2075=CARTESIAN_POINT('',(-3.975144461520E0,-4.177770159948E-1,
1.515204108164E1));
#2076=CARTESIAN_POINT('',(-2.825753252949E0,-2.826292857956E0,
1.531454108164E1));
#2077=CARTESIAN_POINT('',(-1.221659796999E0,-3.591979015667E0,
1.542287441498E1));
#2078=CARTESIAN_POINT('',(-3.867553140903E-1,-3.679731012863E0,
1.547704108164E1));
#2079=CARTESIAN_POINT('',(-3.867553140903E-1,3.679731012863E0,
1.003112324493E1));
#2080=CARTESIAN_POINT('',(-1.221659796999E0,3.591979015667E0,1.008528991160E1));
#2081=CARTESIAN_POINT('',(-2.825753252949E0,2.826292857956E0,1.019362324493E1));
#2082=CARTESIAN_POINT('',(-3.975144461520E0,4.177770159948E-1,
1.035612324493E1));
#2083=CARTESIAN_POINT('',(-3.352054978147E0,-2.176869037393E0,
1.051862324493E1));
#2084=CARTESIAN_POINT('',(-1.235122234282E0,-3.801287443754E0,
1.068112324493E1));
#2085=CARTESIAN_POINT('',(1.432366640150E0,-3.731435849341E0,1.084362324493E1));
#2086=CARTESIAN_POINT('',(3.461424153587E0,-1.998454627119E0,1.100612324493E1));
#2087=CARTESIAN_POINT('',(3.947700709515E0,6.252543578169E-1,1.116862324493E1));
#2088=CARTESIAN_POINT('',(2.674454169565E0,2.970282319744E0,1.133112324493E1));
#2089=CARTESIAN_POINT('',(2.091820733917E-1,3.991431488804E0,1.149362324493E1));
#2090=CARTESIAN_POINT('',(-2.349324234538E0,3.233567396593E0,1.165612324493E1));
#2091=CARTESIAN_POINT('',(-3.860717736131E0,1.034476199948E0,1.181862324493E1));
#2092=CARTESIAN_POINT('',(-3.651358164555E0,-1.625689395110E0,
1.198112324493E1));
#2093=CARTESIAN_POINT('',(-1.814558765316E0,-3.561272095790E0,
1.214362324493E1));
#2094=CARTESIAN_POINT('',(8.310041316E-1,-3.909567058713E0,1.230612324493E1));
#2095=CARTESIAN_POINT('',(3.106181775070E0,-2.515336405648E0,1.246862324493E1));
#2096=CARTESIAN_POINT('',(3.996909112465E0,-1.942890293094E-14,
1.263112324493E1));
#2097=CARTESIAN_POINT('',(3.106181775070E0,2.515336405648E0,1.279362324493E1));
#2098=CARTESIAN_POINT('',(8.310041316001E-1,3.909567058713E0,1.295612324493E1));
#2099=CARTESIAN_POINT('',(-1.814558765316E0,3.561272095790E0,1.311862324493E1));
#2100=CARTESIAN_POINT('',(-3.651358164555E0,1.625689395110E0,1.328112324493E1));
#2101=CARTESIAN_POINT('',(-3.860717736131E0,-1.034476199948E0,
1.344362324493E1));
#2102=CARTESIAN_POINT('',(-2.349324234538E0,-3.233567396593E0,
1.360612324493E1));
#2103=CARTESIAN_POINT('',(2.091820733917E-1,-3.991431488804E0,
1.376862324493E1));
#2104=CARTESIAN_POINT('',(2.674454169565E0,-2.970282319744E0,1.393112324493E1));
#2105=CARTESIAN_POINT('',(3.947700709515E0,-6.252543578170E-1,
1.409362324493E1));
#2106=CARTESIAN_POINT('',(3.461424153587E0,1.998454627119E0,1.425612324493E1));
#2107=CARTESIAN_POINT('',(1.432366640150E0,3.731435849341E0,1.441862324493E1));
#2108=CARTESIAN_POINT('',(-1.235122234282E0,3.801287443754E0,1.458112324493E1));
#2109=CARTESIAN_POINT('',(-3.352054978147E0,2.176869037394E0,1.474362324493E1));
#2110=CARTESIAN_POINT('',(-3.975144461520E0,-4.177770159948E-1,
1.490612324493E1));
#2111=CARTESIAN_POINT('',(-2.825753252949E0,-2.826292857956E0,
1.506862324493E1));
#2112=CARTESIAN_POINT('',(-1.221659796999E0,-3.591979015667E0,
1.517695657826E1));
#2113=CARTESIAN_POINT('',(-3.867553140903E-1,-3.679731012863E0,
1.523112324493E1));
#2114=B_SPLINE_SURFACE_WITH_KNOTS('',3,3,((#1974,#1975,#1976,#1977,#1978,#1979,
#1980,#1981,#1982,#1983,#1984,#1985,#1986,#1987,#1988,#1989,#1990,#1991,#1992,
#1993,#1994,#1995,#1996,#1997,#1998,#1999,#2000,#2001,#2002,#2003,#2004,#2005,
#2006,#2007,#2008),(#2009,#2010,#2011,#2012,#2013,#2014,#2015,#2016,#2017,#2018,
#2019,#2020,#2021,#2022,#2023,#2024,#2025,#2026,#2027,#2028,#2029,#2030,#2031,
#2032,#2033,#2034,#2035,#2036,#2037,#2038,#2039,#2040,#2041,#2042,#2043),(#2044,
#2045,#2046,#2047,#2048,#2049,#2050,#2051,#2052,#2053,#2054,#2055,#2056,#2057,
#2058,#2059,#2060,#2061,#2062,#2063,#2064,#2065,#2066,#2067,#2068,#2069,#2070,
#2071,#2072,#2073,#2074,#2075,#2076,#2077,#2078),(#2079,#2080,#2081,#2082,#2083,
#2084,#2085,#2086,#2087,#2088,#2089,#2090,#2091,#2092,#2093,#2094,#2095,#2096,
#2097,#2098,#2099,#2100,#2101,#2102,#2103,#2104,#2105,#2106,#2107,#2108,#2109,
#2110,#2111,#2112,#2113)),.UNSPECIFIED.,.F.,.F.,.F.,(4,4),(4,1,1,1,1,1,1,1,1,1,
1,1,1,1,1,1,1,1,1,1,1,1,1,1,1,1,1,1,1,1,1,1,4),(-2.377535101404E-1,
1.237753510140E0),(-2.E-2,1.25E-2,4.5E-2,7.75E-2,1.1E-1,1.425E-1,1.75E-1,
2.075E-1,2.4E-1,2.725E-1,3.05E-1,3.375E-1,3.7E-1,4.025E-1,4.35E-1,4.675E-1,
5.E-1,5.325E-1,5.65E-1,5.975E-1,6.3E-1,6.625E-1,6.95E-1,7.275E-1,7.6E-1,
7.925E-1,8.25E-1,8.575E-1,8.9E-1,9.225E-1,9.55E-1,9.875E-1,1.02E0),
.UNSPECIFIED.);
#2115=ORIENTED_EDGE('',*,*,#1967,.F.);
#2116=ORIENTED_EDGE('',*,*,#1661,.T.);
#2118=ORIENTED_EDGE('',*,*,#2117,.T.);
#2120=ORIENTED_EDGE('',*,*,#2119,.F.);
#2121=EDGE_LOOP('',(#2115,#2116,#2118,#2120));
#2122=FACE_OUTER_BOUND('',#2121,.F.);
#2123=ADVANCED_FACE('',(#2122),#2114,.T.);
#2124=CARTESIAN_POINT('',(-2.947160696690E0,-2.237016724991E0,
1.577387675507E1));
#2125=CARTESIAN_POINT('',(-2.464975851865E0,-2.872271798112E0,
1.582533508840E1));
#2126=CARTESIAN_POINT('',(-1.077022787162E0,-3.817723691406E0,
1.592825175507E1));
#2127=CARTESIAN_POINT('',(1.441065545860E0,-3.696065632183E0,1.608262675507E1));
#2128=CARTESIAN_POINT('',(3.376937920223E0,-2.081559032262E0,1.623700175507E1));
#2129=CARTESIAN_POINT('',(3.949362252735E0,3.733184424582E-1,1.639137675507E1));
#2130=CARTESIAN_POINT('',(2.927088683024E0,2.677489818101E0,1.654575175507E1));
#2131=CARTESIAN_POINT('',(7.229219719937E-1,3.900535797265E0,1.670012675507E1));
#2132=CARTESIAN_POINT('',(-1.773147905073E0,3.548625940757E0,1.685450175507E1));
#2133=CARTESIAN_POINT('',(-3.553255730601E0,1.763851444109E0,1.700887675507E1));
#2134=CARTESIAN_POINT('',(-3.898630249838E0,-7.331307392892E-1,
1.716325175507E1));
#2135=CARTESIAN_POINT('',(-2.669815994764E0,-2.934089471749E0,
1.731762675507E1));
#2136=CARTESIAN_POINT('',(-3.629835710225E-1,-3.950321682241E0,
1.747200175507E1));
#2137=CARTESIAN_POINT('',(2.090414344526E0,-3.371493191445E0,1.762637675507E1));
#2138=CARTESIAN_POINT('',(3.699744852944E0,-1.431323336287E0,1.778075175507E1));
#2139=CARTESIAN_POINT('',(3.815192557475E0,1.086786188569E0,1.793512675507E1));
#2140=CARTESIAN_POINT('',(2.390141989149E0,3.166073236985E0,1.808950175507E1));
#2141=CARTESIAN_POINT('',(9.758860386455E-14,3.966963381508E0,
1.824387675507E1));
#2142=CARTESIAN_POINT('',(-2.390141989149E0,3.166073236985E0,1.839825175507E1));
#2143=CARTESIAN_POINT('',(-3.815192557475E0,1.086786188569E0,1.855262675507E1));
#2144=CARTESIAN_POINT('',(-3.699744852944E0,-1.431323336287E0,
1.870700175507E1));
#2145=CARTESIAN_POINT('',(-2.090414344526E0,-3.371493191445E0,
1.886137675507E1));
#2146=CARTESIAN_POINT('',(3.629835710223E-1,-3.950321682241E0,
1.901575175507E1));
#2147=CARTESIAN_POINT('',(2.669815994764E0,-2.934089471749E0,1.917012675507E1));
#2148=CARTESIAN_POINT('',(3.898630249838E0,-7.331307392894E-1,
1.932450175507E1));
#2149=CARTESIAN_POINT('',(3.553255730601E0,1.763851444109E0,1.947887675507E1));
#2150=CARTESIAN_POINT('',(1.773147905073E0,3.548625940757E0,1.963325175507E1));
#2151=CARTESIAN_POINT('',(-7.229219719936E-1,3.900535797265E0,
1.978762675507E1));
#2152=CARTESIAN_POINT('',(-2.927088683024E0,2.677489818101E0,1.994200175507E1));
#2153=CARTESIAN_POINT('',(-3.949362252735E0,3.733184424583E-1,
2.009637675507E1));
#2154=CARTESIAN_POINT('',(-3.376937920223E0,-2.081559032262E0,
2.025075175507E1));
#2155=CARTESIAN_POINT('',(-1.441065545860E0,-3.696065632183E0,
2.040512675507E1));
#2156=CARTESIAN_POINT('',(1.077022787162E0,-3.817723691406E0,2.055950175507E1));
#2157=CARTESIAN_POINT('',(2.464975851865E0,-2.872271798112E0,2.066241842174E1));
#2158=CARTESIAN_POINT('',(2.947160696689E0,-2.237016724991E0,2.071387675507E1));
#2159=CARTESIAN_POINT('',(-2.947160696690E0,-2.237016724991E0,
1.552795891836E1));
#2160=CARTESIAN_POINT('',(-2.464975851865E0,-2.872271798112E0,
1.557941725169E1));
#2161=CARTESIAN_POINT('',(-1.077022787162E0,-3.817723691406E0,
1.568233391836E1));
#2162=CARTESIAN_POINT('',(1.441065545860E0,-3.696065632183E0,1.583670891836E1));
#2163=CARTESIAN_POINT('',(3.376937920223E0,-2.081559032262E0,1.599108391836E1));
#2164=CARTESIAN_POINT('',(3.949362252735E0,3.733184424582E-1,1.614545891836E1));
#2165=CARTESIAN_POINT('',(2.927088683024E0,2.677489818101E0,1.629983391836E1));
#2166=CARTESIAN_POINT('',(7.229219719937E-1,3.900535797265E0,1.645420891836E1));
#2167=CARTESIAN_POINT('',(-1.773147905073E0,3.548625940757E0,1.660858391836E1));
#2168=CARTESIAN_POINT('',(-3.553255730601E0,1.763851444109E0,1.676295891836E1));
#2169=CARTESIAN_POINT('',(-3.898630249838E0,-7.331307392892E-1,
1.691733391836E1));
#2170=CARTESIAN_POINT('',(-2.669815994764E0,-2.934089471749E0,
1.707170891836E1));
#2171=CARTESIAN_POINT('',(-3.629835710225E-1,-3.950321682241E0,
1.722608391836E1));
#2172=CARTESIAN_POINT('',(2.090414344526E0,-3.371493191445E0,1.738045891836E1));
#2173=CARTESIAN_POINT('',(3.699744852944E0,-1.431323336287E0,1.753483391836E1));
#2174=CARTESIAN_POINT('',(3.815192557475E0,1.086786188569E0,1.768920891836E1));
#2175=CARTESIAN_POINT('',(2.390141989149E0,3.166073236985E0,1.784358391836E1));
#2176=CARTESIAN_POINT('',(9.758860386455E-14,3.966963381508E0,
1.799795891836E1));
#2177=CARTESIAN_POINT('',(-2.390141989149E0,3.166073236985E0,1.815233391836E1));
#2178=CARTESIAN_POINT('',(-3.815192557475E0,1.086786188569E0,1.830670891836E1));
#2179=CARTESIAN_POINT('',(-3.699744852944E0,-1.431323336287E0,
1.846108391836E1));
#2180=CARTESIAN_POINT('',(-2.090414344526E0,-3.371493191445E0,
1.861545891836E1));
#2181=CARTESIAN_POINT('',(3.629835710223E-1,-3.950321682241E0,
1.876983391836E1));
#2182=CARTESIAN_POINT('',(2.669815994764E0,-2.934089471749E0,1.892420891836E1));
#2183=CARTESIAN_POINT('',(3.898630249838E0,-7.331307392894E-1,
1.907858391836E1));
#2184=CARTESIAN_POINT('',(3.553255730601E0,1.763851444109E0,1.923295891836E1));
#2185=CARTESIAN_POINT('',(1.773147905073E0,3.548625940757E0,1.938733391836E1));
#2186=CARTESIAN_POINT('',(-7.229219719936E-1,3.900535797265E0,
1.954170891836E1));
#2187=CARTESIAN_POINT('',(-2.927088683024E0,2.677489818101E0,1.969608391836E1));
#2188=CARTESIAN_POINT('',(-3.949362252735E0,3.733184424583E-1,
1.985045891836E1));
#2189=CARTESIAN_POINT('',(-3.376937920223E0,-2.081559032262E0,
2.000483391836E1));
#2190=CARTESIAN_POINT('',(-1.441065545860E0,-3.696065632183E0,
2.015920891836E1));
#2191=CARTESIAN_POINT('',(1.077022787162E0,-3.817723691406E0,2.031358391836E1));
#2192=CARTESIAN_POINT('',(2.464975851865E0,-2.872271798112E0,2.041650058502E1));
#2193=CARTESIAN_POINT('',(2.947160696689E0,-2.237016724991E0,2.046795891836E1));
#2194=CARTESIAN_POINT('',(-2.947160696690E0,-2.237016724991E0,
1.528204108164E1));
#2195=CARTESIAN_POINT('',(-2.464975851865E0,-2.872271798112E0,
1.533349941498E1));
#2196=CARTESIAN_POINT('',(-1.077022787162E0,-3.817723691406E0,
1.543641608164E1));
#2197=CARTESIAN_POINT('',(1.441065545860E0,-3.696065632183E0,1.559079108164E1));
#2198=CARTESIAN_POINT('',(3.376937920223E0,-2.081559032262E0,1.574516608164E1));
#2199=CARTESIAN_POINT('',(3.949362252735E0,3.733184424582E-1,1.589954108164E1));
#2200=CARTESIAN_POINT('',(2.927088683024E0,2.677489818101E0,1.605391608164E1));
#2201=CARTESIAN_POINT('',(7.229219719937E-1,3.900535797265E0,1.620829108164E1));
#2202=CARTESIAN_POINT('',(-1.773147905073E0,3.548625940757E0,1.636266608164E1));
#2203=CARTESIAN_POINT('',(-3.553255730601E0,1.763851444109E0,1.651704108164E1));
#2204=CARTESIAN_POINT('',(-3.898630249838E0,-7.331307392892E-1,
1.667141608164E1));
#2205=CARTESIAN_POINT('',(-2.669815994764E0,-2.934089471749E0,
1.682579108164E1));
#2206=CARTESIAN_POINT('',(-3.629835710225E-1,-3.950321682241E0,
1.698016608164E1));
#2207=CARTESIAN_POINT('',(2.090414344526E0,-3.371493191445E0,1.713454108164E1));
#2208=CARTESIAN_POINT('',(3.699744852944E0,-1.431323336287E0,1.728891608164E1));
#2209=CARTESIAN_POINT('',(3.815192557475E0,1.086786188569E0,1.744329108164E1));
#2210=CARTESIAN_POINT('',(2.390141989149E0,3.166073236985E0,1.759766608164E1));
#2211=CARTESIAN_POINT('',(9.758860386455E-14,3.966963381508E0,
1.775204108164E1));
#2212=CARTESIAN_POINT('',(-2.390141989149E0,3.166073236985E0,1.790641608164E1));
#2213=CARTESIAN_POINT('',(-3.815192557475E0,1.086786188569E0,1.806079108164E1));
#2214=CARTESIAN_POINT('',(-3.699744852944E0,-1.431323336287E0,
1.821516608164E1));
#2215=CARTESIAN_POINT('',(-2.090414344526E0,-3.371493191445E0,
1.836954108164E1));
#2216=CARTESIAN_POINT('',(3.629835710223E-1,-3.950321682241E0,
1.852391608164E1));
#2217=CARTESIAN_POINT('',(2.669815994764E0,-2.934089471749E0,1.867829108164E1));
#2218=CARTESIAN_POINT('',(3.898630249838E0,-7.331307392894E-1,
1.883266608164E1));
#2219=CARTESIAN_POINT('',(3.553255730601E0,1.763851444109E0,1.898704108164E1));
#2220=CARTESIAN_POINT('',(1.773147905073E0,3.548625940757E0,1.914141608164E1));
#2221=CARTESIAN_POINT('',(-7.229219719936E-1,3.900535797265E0,
1.929579108164E1));
#2222=CARTESIAN_POINT('',(-2.927088683024E0,2.677489818101E0,1.945016608164E1));
#2223=CARTESIAN_POINT('',(-3.949362252735E0,3.733184424583E-1,
1.960454108164E1));
#2224=CARTESIAN_POINT('',(-3.376937920223E0,-2.081559032262E0,
1.975891608164E1));
#2225=CARTESIAN_POINT('',(-1.441065545860E0,-3.696065632183E0,
1.991329108164E1));
#2226=CARTESIAN_POINT('',(1.077022787162E0,-3.817723691406E0,2.006766608164E1));
#2227=CARTESIAN_POINT('',(2.464975851865E0,-2.872271798112E0,2.017058274831E1));
#2228=CARTESIAN_POINT('',(2.947160696689E0,-2.237016724991E0,2.022204108164E1));
#2229=CARTESIAN_POINT('',(-2.947160696690E0,-2.237016724991E0,
1.503612324493E1));
#2230=CARTESIAN_POINT('',(-2.464975851865E0,-2.872271798112E0,
1.508758157826E1));
#2231=CARTESIAN_POINT('',(-1.077022787162E0,-3.817723691406E0,
1.519049824493E1));
#2232=CARTESIAN_POINT('',(1.441065545860E0,-3.696065632183E0,1.534487324493E1));
#2233=CARTESIAN_POINT('',(3.376937920223E0,-2.081559032262E0,1.549924824493E1));
#2234=CARTESIAN_POINT('',(3.949362252735E0,3.733184424582E-1,1.565362324493E1));
#2235=CARTESIAN_POINT('',(2.927088683024E0,2.677489818101E0,1.580799824493E1));
#2236=CARTESIAN_POINT('',(7.229219719937E-1,3.900535797265E0,1.596237324493E1));
#2237=CARTESIAN_POINT('',(-1.773147905073E0,3.548625940757E0,1.611674824493E1));
#2238=CARTESIAN_POINT('',(-3.553255730601E0,1.763851444109E0,1.627112324493E1));
#2239=CARTESIAN_POINT('',(-3.898630249838E0,-7.331307392892E-1,
1.642549824493E1));
#2240=CARTESIAN_POINT('',(-2.669815994764E0,-2.934089471749E0,
1.657987324493E1));
#2241=CARTESIAN_POINT('',(-3.629835710225E-1,-3.950321682241E0,
1.673424824493E1));
#2242=CARTESIAN_POINT('',(2.090414344526E0,-3.371493191445E0,1.688862324493E1));
#2243=CARTESIAN_POINT('',(3.699744852944E0,-1.431323336287E0,1.704299824493E1));
#2244=CARTESIAN_POINT('',(3.815192557475E0,1.086786188569E0,1.719737324493E1));
#2245=CARTESIAN_POINT('',(2.390141989149E0,3.166073236985E0,1.735174824493E1));
#2246=CARTESIAN_POINT('',(9.758860386455E-14,3.966963381508E0,
1.750612324493E1));
#2247=CARTESIAN_POINT('',(-2.390141989149E0,3.166073236985E0,1.766049824493E1));
#2248=CARTESIAN_POINT('',(-3.815192557475E0,1.086786188569E0,1.781487324493E1));
#2249=CARTESIAN_POINT('',(-3.699744852944E0,-1.431323336287E0,
1.796924824493E1));
#2250=CARTESIAN_POINT('',(-2.090414344526E0,-3.371493191445E0,
1.812362324493E1));
#2251=CARTESIAN_POINT('',(3.629835710223E-1,-3.950321682241E0,
1.827799824493E1));
#2252=CARTESIAN_POINT('',(2.669815994764E0,-2.934089471749E0,1.843237324493E1));
#2253=CARTESIAN_POINT('',(3.898630249838E0,-7.331307392894E-1,
1.858674824493E1));
#2254=CARTESIAN_POINT('',(3.553255730601E0,1.763851444109E0,1.874112324493E1));
#2255=CARTESIAN_POINT('',(1.773147905073E0,3.548625940757E0,1.889549824493E1));
#2256=CARTESIAN_POINT('',(-7.229219719936E-1,3.900535797265E0,
1.904987324493E1));
#2257=CARTESIAN_POINT('',(-2.927088683024E0,2.677489818101E0,1.920424824493E1));
#2258=CARTESIAN_POINT('',(-3.949362252735E0,3.733184424583E-1,
1.935862324493E1));
#2259=CARTESIAN_POINT('',(-3.376937920223E0,-2.081559032262E0,
1.951299824493E1));
#2260=CARTESIAN_POINT('',(-1.441065545860E0,-3.696065632183E0,
1.966737324493E1));
#2261=CARTESIAN_POINT('',(1.077022787162E0,-3.817723691406E0,1.982174824493E1));
#2262=CARTESIAN_POINT('',(2.464975851865E0,-2.872271798112E0,1.992466491160E1));
#2263=CARTESIAN_POINT('',(2.947160696689E0,-2.237016724991E0,1.997612324493E1));
#2264=B_SPLINE_SURFACE_WITH_KNOTS('',3,3,((#2124,#2125,#2126,#2127,#2128,#2129,
#2130,#2131,#2132,#2133,#2134,#2135,#2136,#2137,#2138,#2139,#2140,#2141,#2142,
#2143,#2144,#2145,#2146,#2147,#2148,#2149,#2150,#2151,#2152,#2153,#2154,#2155,
#2156,#2157,#2158),(#2159,#2160,#2161,#2162,#2163,#2164,#2165,#2166,#2167,#2168,
#2169,#2170,#2171,#2172,#2173,#2174,#2175,#2176,#2177,#2178,#2179,#2180,#2181,
#2182,#2183,#2184,#2185,#2186,#2187,#2188,#2189,#2190,#2191,#2192,#2193),(#2194,
#2195,#2196,#2197,#2198,#2199,#2200,#2201,#2202,#2203,#2204,#2205,#2206,#2207,
#2208,#2209,#2210,#2211,#2212,#2213,#2214,#2215,#2216,#2217,#2218,#2219,#2220,
#2221,#2222,#2223,#2224,#2225,#2226,#2227,#2228),(#2229,#2230,#2231,#2232,#2233,
#2234,#2235,#2236,#2237,#2238,#2239,#2240,#2241,#2242,#2243,#2244,#2245,#2246,
#2247,#2248,#2249,#2250,#2251,#2252,#2253,#2254,#2255,#2256,#2257,#2258,#2259,
#2260,#2261,#2262,#2263)),.UNSPECIFIED.,.F.,.F.,.F.,(4,4),(4,1,1,1,1,1,1,1,1,1,
1,1,1,1,1,1,1,1,1,1,1,1,1,1,1,1,1,1,1,1,1,1,4),(-2.377535101404E-1,
1.237753510140E0),(-1.9E-2,1.1875E-2,4.275E-2,7.3625E-2,1.045E-1,1.35375E-1,
1.6625E-1,1.97125E-1,2.28E-1,2.58875E-1,2.8975E-1,3.20625E-1,3.515E-1,
3.82375E-1,4.1325E-1,4.44125E-1,4.75E-1,5.05875E-1,5.3675E-1,5.67625E-1,
5.985E-1,6.29375E-1,6.6025E-1,6.91125E-1,7.22E-1,7.52875E-1,7.8375E-1,
8.14625E-1,8.455E-1,8.76375E-1,9.0725E-1,9.38125E-1,9.69E-1),.UNSPECIFIED.);
#2266=ORIENTED_EDGE('',*,*,#2265,.F.);
#2268=ORIENTED_EDGE('',*,*,#2267,.F.);
#2269=ORIENTED_EDGE('',*,*,#2117,.F.);
#2271=ORIENTED_EDGE('',*,*,#2270,.T.);
#2272=EDGE_LOOP('',(#2266,#2268,#2269,#2271));
#2273=FACE_OUTER_BOUND('',#2272,.F.);
#2274=ADVANCED_FACE('',(#2273),#2264,.T.);
#2275=CARTESIAN_POINT('',(0.E0,0.E0,2.E1));
#2276=DIRECTION('',(0.E0,0.E0,1.E0));
#2277=DIRECTION('',(1.E0,0.E0,0.E0));
#2278=AXIS2_PLACEMENT_3D('',#2275,#2276,#2277);
#2279=PLANE('',#2278);
#2280=ORIENTED_EDGE('',*,*,#1802,.F.);
#2282=ORIENTED_EDGE('',*,*,#2281,.T.);
#2283=ORIENTED_EDGE('',*,*,#2265,.T.);
#2285=ORIENTED_EDGE('',*,*,#2284,.T.);
#2286=EDGE_LOOP('',(#2280,#2282,#2283,#2285));
#2287=FACE_OUTER_BOUND('',#2286,.F.);
#2289=ORIENTED_EDGE('',*,*,#2288,.F.);
#2291=ORIENTED_EDGE('',*,*,#2290,.F.);
#2292=EDGE_LOOP('',(#2289,#2291));
#2293=FACE_BOUND('',#2292,.F.);
#2294=ADVANCED_FACE('',(#2287,#2293),#2279,.T.);
#2295=CARTESIAN_POINT('',(0.E0,0.E0,0.E0));
#2296=DIRECTION('',(0.E0,0.E0,1.E0));
#2297=DIRECTION('',(1.E0,0.E0,0.E0));
#2298=AXIS2_PLACEMENT_3D('',#2295,#2296,#2297);
#2299=CYLINDRICAL_SURFACE('',#2298,2.5E0);
#2300=ORIENTED_EDGE('',*,*,#1179,.F.);
#2302=ORIENTED_EDGE('',*,*,#2301,.T.);
#2303=ORIENTED_EDGE('',*,*,#2288,.T.);
#2305=ORIENTED_EDGE('',*,*,#2304,.F.);
#2306=EDGE_LOOP('',(#2300,#2302,#2303,#2305));
#2307=FACE_OUTER_BOUND('',#2306,.F.);
#2308=ADVANCED_FACE('',(#2307),#2299,.F.);
#2309=CARTESIAN_POINT('',(0.E0,0.E0,0.E0));
#2310=DIRECTION('',(0.E0,0.E0,1.E0));
#2311=DIRECTION('',(1.E0,0.E0,0.E0));
#2312=AXIS2_PLACEMENT_3D('',#2309,#2310,#2311);
#2313=CYLINDRICAL_SURFACE('',#2312,2.5E0);
#2314=ORIENTED_EDGE('',*,*,#1181,.F.);
#2315=ORIENTED_EDGE('',*,*,#2304,.T.);
#2316=ORIENTED_EDGE('',*,*,#2290,.T.);
#2317=ORIENTED_EDGE('',*,*,#2301,.F.);
#2318=EDGE_LOOP('',(#2314,#2315,#2316,#2317));
#2319=FACE_OUTER_BOUND('',#2318,.F.);
#2320=ADVANCED_FACE('',(#2319),#2313,.F.);
#2321=CARTESIAN_POINT('',(-3.053441872830E0,-2.218455377403E0,
1.524282715020E1));
#2322=CARTESIAN_POINT('',(-2.550090314454E0,-2.911259361992E0,
1.529699381687E1));
#2323=CARTESIAN_POINT('',(-1.055533277063E0,-3.937800001939E0,
1.540532715020E1));
#2324=CARTESIAN_POINT('',(1.658397055127E0,-3.724752174296E0,1.556782715020E1));
#2325=CARTESIAN_POINT('',(3.632728309444E0,-1.850949203327E0,1.573032715020E1));
#2326=CARTESIAN_POINT('',(3.988040607047E0,8.476752006997E-1,1.589282715020E1));
#2327=CARTESIAN_POINT('',(2.565819539073E0,3.168527215493E0,1.605532715020E1));
#2328=CARTESIAN_POINT('',(4.066021083160E-7,4.077129457158E0,1.621782715020E1));
#2329=CARTESIAN_POINT('',(-2.565821165481E0,3.168525276844E0,1.638032715020E1));
#2330=CARTESIAN_POINT('',(-3.988034914618E0,8.476829552960E-1,
1.654282715020E1));
#2331=CARTESIAN_POINT('',(-3.632749452753E0,-1.850978283063E0,
1.670532715020E1));
#2332=CARTESIAN_POINT('',(-1.658318174320E0,-3.724643609949E0,
1.686782715020E1));
#2333=CARTESIAN_POINT('',(1.055238897145E0,-3.938205179590E0,1.703032715020E1));
#2334=CARTESIAN_POINT('',(3.298467472016E0,-2.396476895760E0,1.719282715020E1));
#2335=CARTESIAN_POINT('',(4.071542451768E0,2.133804982114E-1,1.735532715020E1));
#2336=CARTESIAN_POINT('',(3.029898074793E0,2.728132480329E0,1.751782715020E1));
#2337=CARTESIAN_POINT('',(6.378036530742E-1,4.026933780686E0,1.768032715020E1));
#2338=CARTESIAN_POINT('',(-2.038565008398E0,3.530898169077E0,1.784282715020E1));
#2339=CARTESIAN_POINT('',(-3.806328779969E0,1.461112724154E0,1.800532715020E1));
#2340=CARTESIAN_POINT('',(-3.877581070251E0,-1.259902463484E0,
1.816782715020E1));
#2341=CARTESIAN_POINT('',(-2.220564158008E0,-3.419368946712E0,
1.833032715020E1));
#2342=CARTESIAN_POINT('',(4.261761353024E-1,-4.054795072203E0,
1.849282715020E1));
#2343=CARTESIAN_POINT('',(2.882966282268E0,-2.882966281784E0,1.865532715020E1));
#2344=CARTESIAN_POINT('',(4.054795073419E0,-4.261761384559E-1,
1.881782715020E1));
#2345=CARTESIAN_POINT('',(3.419368941362E0,2.220564170137E0,1.898032715020E1));
#2346=CARTESIAN_POINT('',(1.259902483668E0,3.877581024886E0,1.914282715020E1));
#2347=CARTESIAN_POINT('',(-1.461112799540E0,3.806328949297E0,1.930532715020E1));
#2348=CARTESIAN_POINT('',(-3.530897887718E0,2.038564376451E0,1.946782715020E1));
#2349=CARTESIAN_POINT('',(-4.026934830736E0,-6.378012946165E-1,
1.963032715020E1));
#2350=CARTESIAN_POINT('',(-2.728128561488E0,-3.029906876677E0,
1.979282715020E1));
#2351=CARTESIAN_POINT('',(-2.133951235263E-1,-4.071509602689E0,
1.995532715020E1));
#2352=CARTESIAN_POINT('',(2.396531478178E0,-3.298590066449E0,2.011782715020E1));
#2353=CARTESIAN_POINT('',(3.938001475233E0,-1.054781368493E0,2.028032715020E1));
#2354=CARTESIAN_POINT('',(3.796269721717E0,7.528133132661E-1,2.038866048354E1));
#2355=CARTESIAN_POINT('',(3.447959650408E0,1.535130542148E0,2.044282715020E1));
#2356=CARTESIAN_POINT('',(-2.959454744110E0,-2.150169731303E0,
1.509760905007E1));
#2357=CARTESIAN_POINT('',(-2.471596707366E0,-2.821648712833E0,
1.515177571673E1));
#2358=CARTESIAN_POINT('',(-1.023043206477E0,-3.816591696339E0,
1.526010905007E1));
#2359=CARTESIAN_POINT('',(1.607350405483E0,-3.610101633484E0,1.542260905007E1));
#2360=CARTESIAN_POINT('',(3.520910329131E0,-1.793975660593E0,1.558510905007E1));
#2361=CARTESIAN_POINT('',(3.865285859623E0,8.215831506398E-1,1.574760905007E1));
#2362=CARTESIAN_POINT('',(2.486841775180E0,3.070997677465E0,1.591010905007E1));
#2363=CARTESIAN_POINT('',(3.940866108215E-7,3.951632491093E0,1.607260905007E1));
#2364=CARTESIAN_POINT('',(-2.486843351527E0,3.070995798489E0,1.623510905007E1));
#2365=CARTESIAN_POINT('',(-3.865280342410E0,8.215906665441E-1,
1.639760905007E1));
#2366=CARTESIAN_POINT('',(-3.520930821634E0,-1.794003845234E0,
1.656010905007E1));
#2367=CARTESIAN_POINT('',(-1.607273952684E0,-3.609996410826E0,
1.672260905007E1));
#2368=CARTESIAN_POINT('',(1.022757887783E0,-3.816984402331E0,1.688510905007E1));
#2369=CARTESIAN_POINT('',(3.196938279786E0,-2.322711619767E0,1.704760905007E1));
#2370=CARTESIAN_POINT('',(3.946217457732E0,2.068124935835E-1,1.721010905007E1));
#2371=CARTESIAN_POINT('',(2.936635641046E0,2.644158607803E0,1.737260905007E1));
#2372=CARTESIAN_POINT('',(6.181715996290E-1,3.902981873509E0,1.753510905007E1));
#2373=CARTESIAN_POINT('',(-1.975816516752E0,3.422214593448E0,1.769760905007E1));
#2374=CARTESIAN_POINT('',(-3.689167252783E0,1.416138627578E0,1.786010905007E1));
#2375=CARTESIAN_POINT('',(-3.758226346516E0,-1.221121762903E0,
1.802260905007E1));
#2376=CARTESIAN_POINT('',(-2.152213602129E0,-3.314118320462E0,
1.818510905007E1));
#2377=CARTESIAN_POINT('',(4.130581284910E-1,-3.929985574509E0,
1.834760905007E1));
#2378=CARTESIAN_POINT('',(2.794226514376E0,-2.794226513907E0,1.851010905007E1));
#2379=CARTESIAN_POINT('',(3.929985575688E0,-4.130581315474E-1,
1.867260905007E1));
#2380=CARTESIAN_POINT('',(3.314118315276E0,2.152213613885E0,1.883510905007E1));
#2381=CARTESIAN_POINT('',(1.221121782466E0,3.758226302548E0,1.899760905007E1));
#2382=CARTESIAN_POINT('',(-1.416138700643E0,3.689167416899E0,1.916010905007E1));
#2383=CARTESIAN_POINT('',(-3.422214320749E0,1.975815904257E0,1.932260905007E1));
#2384=CARTESIAN_POINT('',(-3.902982891238E0,-6.181693137662E-1,
1.948510905007E1));
#2385=CARTESIAN_POINT('',(-2.644154809587E0,-2.936644172002E0,
1.964760905007E1));
#2386=CARTESIAN_POINT('',(-2.068266687208E-1,-3.946185619771E0,
1.981010905007E1));
#2387=CARTESIAN_POINT('',(2.322764522099E0,-3.197057100674E0,1.997260905007E1));
#2388=CARTESIAN_POINT('',(3.816786968140E0,-1.022314442191E0,2.013510905007E1));
#2389=CARTESIAN_POINT('',(3.679417819552E0,7.296411800725E-1,2.024344238340E1));
#2390=CARTESIAN_POINT('',(3.341828981812E0,1.487878124098E0,2.029760905007E1));
#2391=CARTESIAN_POINT('',(-2.865467615390E0,-2.081884085203E0,
1.495239094993E1));
#2392=CARTESIAN_POINT('',(-2.393103100278E0,-2.732038063675E0,
1.500655761660E1));
#2393=CARTESIAN_POINT('',(-9.905531358905E-1,-3.695383390738E0,
1.511489094993E1));
#2394=CARTESIAN_POINT('',(1.556303755840E0,-3.495451092673E0,1.527739094993E1));
#2395=CARTESIAN_POINT('',(3.409092348817E0,-1.737002117859E0,1.543989094993E1));
#2396=CARTESIAN_POINT('',(3.742531112198E0,7.954911005800E-1,1.560239094993E1));
#2397=CARTESIAN_POINT('',(2.407864011288E0,2.973468139436E0,1.576489094993E1));
#2398=CARTESIAN_POINT('',(3.815710878097E-7,3.826135525027E0,1.592739094993E1));
#2399=CARTESIAN_POINT('',(-2.407865537573E0,2.973466320133E0,1.608989094993E1));
#2400=CARTESIAN_POINT('',(-3.742525770203E0,7.954983777922E-1,
1.625239094993E1));
#2401=CARTESIAN_POINT('',(-3.409112190514E0,-1.737029407405E0,
1.641489094993E1));
#2402=CARTESIAN_POINT('',(-1.556229731049E0,-3.495349211703E0,
1.657739094993E1));
#2403=CARTESIAN_POINT('',(9.902768784218E-1,-3.695763625072E0,
1.673989094993E1));
#2404=CARTESIAN_POINT('',(3.095409087555E0,-2.248946343775E0,1.690239094993E1));
#2405=CARTESIAN_POINT('',(3.820892463696E0,2.002444889556E-1,1.706489094993E1));
#2406=CARTESIAN_POINT('',(2.843373207300E0,2.560184735278E0,1.722739094993E1));
#2407=CARTESIAN_POINT('',(5.985395461836E-1,3.779029966332E0,1.738989094993E1));
#2408=CARTESIAN_POINT('',(-1.913068025106E0,3.313531017819E0,1.755239094993E1));
#2409=CARTESIAN_POINT('',(-3.572005725598E0,1.371164531001E0,1.771489094993E1));
#2410=CARTESIAN_POINT('',(-3.638871622781E0,-1.182341062323E0,
1.787739094993E1));
#2411=CARTESIAN_POINT('',(-2.083863046251E0,-3.208867694211E0,
1.803989094993E1));
#2412=CARTESIAN_POINT('',(3.999401216796E-1,-3.805176076816E0,
1.820239094993E1));
#2413=CARTESIAN_POINT('',(2.705486746484E0,-2.705486746030E0,1.836489094993E1));
#2414=CARTESIAN_POINT('',(3.805176077957E0,-3.999401246389E-1,
1.852739094993E1));
#2415=CARTESIAN_POINT('',(3.208867689190E0,2.083863057634E0,1.868989094993E1));
#2416=CARTESIAN_POINT('',(1.182341081264E0,3.638871580210E0,1.885239094993E1));
#2417=CARTESIAN_POINT('',(-1.371164601746E0,3.572005884501E0,1.901489094993E1));
#2418=CARTESIAN_POINT('',(-3.313530753781E0,1.913067432063E0,1.917739094993E1));
#2419=CARTESIAN_POINT('',(-3.779030951739E0,-5.985373329159E-1,
1.933989094993E1));
#2420=CARTESIAN_POINT('',(-2.560181057686E0,-2.843381467327E0,
1.950239094993E1));
#2421=CARTESIAN_POINT('',(-2.002582139152E-1,-3.820861636853E0,
1.966489094993E1));
#2422=CARTESIAN_POINT('',(2.248997566021E0,-3.095524134899E0,1.982739094993E1));
#2423=CARTESIAN_POINT('',(3.695572461047E0,-9.898475158896E-1,
1.998989094993E1));
#2424=CARTESIAN_POINT('',(3.562565917387E0,7.064690468790E-1,2.009822428327E1));
#2425=CARTESIAN_POINT('',(3.235698313215E0,1.440625706048E0,2.015239094993E1));
#2426=CARTESIAN_POINT('',(-2.771480486670E0,-2.013598439103E0,
1.480717284980E1));
#2427=CARTESIAN_POINT('',(-2.314609493190E0,-2.642427414516E0,
1.486133951646E1));
#2428=CARTESIAN_POINT('',(-9.580630653042E-1,-3.574175085138E0,
1.496967284980E1));
#2429=CARTESIAN_POINT('',(1.505257106197E0,-3.380800551862E0,1.513217284980E1));
#2430=CARTESIAN_POINT('',(3.297274368504E0,-1.680028575126E0,1.529467284980E1));
#2431=CARTESIAN_POINT('',(3.619776364774E0,7.693990505201E-1,1.545717284980E1));
#2432=CARTESIAN_POINT('',(2.328886247396E0,2.875938601407E0,1.561967284980E1));
#2433=CARTESIAN_POINT('',(3.690555958613E-7,3.700638558961E0,1.578217284980E1));
#2434=CARTESIAN_POINT('',(-2.328887723618E0,2.875936841777E0,1.594467284980E1));
#2435=CARTESIAN_POINT('',(-3.619771197995E0,7.694060890402E-1,
1.610717284980E1));
#2436=CARTESIAN_POINT('',(-3.297293559395E0,-1.680054969576E0,
1.626967284980E1));
#2437=CARTESIAN_POINT('',(-1.505185509413E0,-3.380702012581E0,
1.643217284980E1));
#2438=CARTESIAN_POINT('',(9.577958690603E-1,-3.574542847814E0,
1.659467284980E1));
#2439=CARTESIAN_POINT('',(2.993879895325E0,-2.175181067783E0,1.675717284980E1));
#2440=CARTESIAN_POINT('',(3.695567469659E0,1.936764843278E-1,1.691967284980E1));
#2441=CARTESIAN_POINT('',(2.750110773553E0,2.476210862752E0,1.708217284980E1));
#2442=CARTESIAN_POINT('',(5.789074927383E-1,3.655078059155E0,1.724467284980E1));
#2443=CARTESIAN_POINT('',(-1.850319533460E0,3.204847442190E0,1.740717284980E1));
#2444=CARTESIAN_POINT('',(-3.454844198412E0,1.326190434425E0,1.756967284980E1));
#2445=CARTESIAN_POINT('',(-3.519516899047E0,-1.143560361742E0,
1.773217284980E1));
#2446=CARTESIAN_POINT('',(-2.015512490373E0,-3.103617067960E0,
1.789467284980E1));
#2447=CARTESIAN_POINT('',(3.868221148682E-1,-3.680366579122E0,
1.805717284980E1));
#2448=CARTESIAN_POINT('',(2.616746978592E0,-2.616746978153E0,1.821967284980E1));
#2449=CARTESIAN_POINT('',(3.680366580226E0,-3.868221177305E-1,
1.838217284980E1));
#2450=CARTESIAN_POINT('',(3.103617063104E0,2.015512501382E0,1.854467284980E1));
#2451=CARTESIAN_POINT('',(1.143560380062E0,3.519516857871E0,1.870717284980E1));
#2452=CARTESIAN_POINT('',(-1.326190502849E0,3.454844352104E0,1.886967284980E1));
#2453=CARTESIAN_POINT('',(-3.204847186813E0,1.850318959869E0,1.903217284980E1));
#2454=CARTESIAN_POINT('',(-3.655079012241E0,-5.789053520657E-1,
1.919467284980E1));
#2455=CARTESIAN_POINT('',(-2.476207305785E0,-2.750118762652E0,
1.935717284980E1));
#2456=CARTESIAN_POINT('',(-1.936897591097E-1,-3.695537653935E0,
1.951967284980E1));
#2457=CARTESIAN_POINT('',(2.175230609943E0,-2.993991169124E0,1.968217284980E1));
#2458=CARTESIAN_POINT('',(3.574357953955E0,-9.573805895878E-1,
1.984467284980E1));
#2459=CARTESIAN_POINT('',(3.445714015222E0,6.832969136854E-1,1.995300618313E1));
#2460=CARTESIAN_POINT('',(3.129567644619E0,1.393373287998E0,2.000717284980E1));
#2461=B_SPLINE_SURFACE_WITH_KNOTS('',3,3,((#2321,#2322,#2323,#2324,#2325,#2326,
#2327,#2328,#2329,#2330,#2331,#2332,#2333,#2334,#2335,#2336,#2337,#2338,#2339,
#2340,#2341,#2342,#2343,#2344,#2345,#2346,#2347,#2348,#2349,#2350,#2351,#2352,
#2353,#2354,#2355),(#2356,#2357,#2358,#2359,#2360,#2361,#2362,#2363,#2364,#2365,
#2366,#2367,#2368,#2369,#2370,#2371,#2372,#2373,#2374,#2375,#2376,#2377,#2378,
#2379,#2380,#2381,#2382,#2383,#2384,#2385,#2386,#2387,#2388,#2389,#2390),(#2391,
#2392,#2393,#2394,#2395,#2396,#2397,#2398,#2399,#2400,#2401,#2402,#2403,#2404,
#2405,#2406,#2407,#2408,#2409,#2410,#2411,#2412,#2413,#2414,#2415,#2416,#2417,
#2418,#2419,#2420,#2421,#2422,#2423,#2424,#2425),(#2426,#2427,#2428,#2429,#2430,
#2431,#2432,#2433,#2434,#2435,#2436,#2437,#2438,#2439,#2440,#2441,#2442,#2443,
#2444,#2445,#2446,#2447,#2448,#2449,#2450,#2451,#2452,#2453,#2454,#2455,#2456,
#2457,#2458,#2459,#2460)),.UNSPECIFIED.,.F.,.F.,.F.,(4,4),(4,1,1,1,1,1,1,1,1,1,
1,1,1,1,1,1,1,1,1,1,1,1,1,1,1,1,1,1,1,1,1,1,4),(-3.713086008085E-1,
1.371308600809E0),(-2.E-2,1.25E-2,4.5E-2,7.75E-2,1.1E-1,1.425E-1,1.75E-1,
2.075E-1,2.4E-1,2.725E-1,3.05E-1,3.375E-1,3.7E-1,4.025E-1,4.35E-1,4.675E-1,
5.E-1,5.325E-1,5.65E-1,5.975E-1,6.3E-1,6.625E-1,6.95E-1,7.275E-1,7.6E-1,
7.925E-1,8.25E-1,8.575E-1,8.9E-1,9.225E-1,9.55E-1,9.875E-1,1.02E0),
.UNSPECIFIED.);
#2462=ORIENTED_EDGE('',*,*,#2281,.F.);
#2463=ORIENTED_EDGE('',*,*,#1800,.F.);
#2464=ORIENTED_EDGE('',*,*,#1326,.F.);
#2465=ORIENTED_EDGE('',*,*,#1789,.F.);
#2466=ORIENTED_EDGE('',*,*,#1342,.F.);
#2467=ORIENTED_EDGE('',*,*,#1732,.F.);
#2468=ORIENTED_EDGE('',*,*,#1310,.F.);
#2469=ORIENTED_EDGE('',*,*,#1775,.F.);
#2471=ORIENTED_EDGE('',*,*,#2470,.F.);
#2472=ORIENTED_EDGE('',*,*,#2267,.T.);
#2473=EDGE_LOOP('',(#2462,#2463,#2464,#2465,#2466,#2467,#2468,#2469,#2471,
#2472));
#2474=FACE_OUTER_BOUND('',#2473,.F.);
#2475=ADVANCED_FACE('',(#2474),#2461,.T.);
#2476=CARTESIAN_POINT('',(-3.945177775784E-1,3.753585919551E0,
1.024282715020E1));
#2477=CARTESIAN_POINT('',(-1.246179407263E0,3.664072675258E0,1.029699381687E1));
#2478=CARTESIAN_POINT('',(-2.882468198170E0,2.883018633446E0,1.040532715020E1));
#2479=CARTESIAN_POINT('',(-4.054928533305E0,4.261621078467E-1,
1.056782715020E1));
#2480=CARTESIAN_POINT('',(-3.419333185918E0,-2.220560399362E0,
1.073032715020E1));
#2481=CARTESIAN_POINT('',(-1.259912045560E0,-3.877582077377E0,
1.089282715020E1));
#2482=CARTESIAN_POINT('',(1.461115291663E0,-3.806328510110E0,1.105532715020E1));
#2483=CARTESIAN_POINT('',(3.530897481116E0,-2.038565080707E0,1.121782715020E1));
#2484=CARTESIAN_POINT('',(4.026933965021E0,6.378036724521E-1,1.138032715020E1));
#2485=CARTESIAN_POINT('',(2.728132430950E0,3.029898069590E0,1.154282715020E1));
#2486=CARTESIAN_POINT('',(2.133805113909E-1,4.071542453200E0,1.170532715020E1));
#2487=CARTESIAN_POINT('',(-2.396476899099E0,3.298467471493E0,1.186782715020E1));
#2488=CARTESIAN_POINT('',(-3.938205179413E0,1.055238897806E0,1.203032715020E1));
#2489=CARTESIAN_POINT('',(-3.724643607319E0,-1.658318176443E0,
1.219282715020E1));
#2490=CARTESIAN_POINT('',(-1.850978293761E0,-3.632749444924E0,
1.235532715020E1));
#2491=CARTESIAN_POINT('',(8.476829954579E-1,-3.988034943812E0,
1.251782715020E1));
#2492=CARTESIAN_POINT('',(3.168525126895E0,-2.565821056532E0,1.268032715020E1));
#2493=CARTESIAN_POINT('',(4.077130016795E0,-1.942890293094E-14,
1.284282715020E1));
#2494=CARTESIAN_POINT('',(3.168525126895E0,2.565821056532E0,1.300532715020E1));
#2495=CARTESIAN_POINT('',(8.476829954579E-1,3.988034943812E0,1.316782715020E1));
#2496=CARTESIAN_POINT('',(-1.850978293761E0,3.632749444924E0,1.333032715020E1));
#2497=CARTESIAN_POINT('',(-3.724643607319E0,1.658318176443E0,1.349282715020E1));
#2498=CARTESIAN_POINT('',(-3.938205179413E0,-1.055238897806E0,
1.365532715020E1));
#2499=CARTESIAN_POINT('',(-2.396476899099E0,-3.298467471493E0,
1.381782715020E1));
#2500=CARTESIAN_POINT('',(2.133805113909E-1,-4.071542453200E0,
1.398032715020E1));
#2501=CARTESIAN_POINT('',(2.728132430950E0,-3.029898069590E0,1.414282715020E1));
#2502=CARTESIAN_POINT('',(4.026933965021E0,-6.378036724521E-1,
1.430532715020E1));
#2503=CARTESIAN_POINT('',(3.530897481116E0,2.038565080707E0,1.446782715020E1));
#2504=CARTESIAN_POINT('',(1.461115291664E0,3.806328510110E0,1.463032715020E1));
#2505=CARTESIAN_POINT('',(-1.259912045560E0,3.877582077377E0,1.479282715020E1));
#2506=CARTESIAN_POINT('',(-3.419333185918E0,2.220560399362E0,1.495532715020E1));
#2507=CARTESIAN_POINT('',(-4.054928533305E0,-4.261621078466E-1,
1.511782715020E1));
#2508=CARTESIAN_POINT('',(-2.882468198170E0,-2.883018633446E0,
1.528032715020E1));
#2509=CARTESIAN_POINT('',(-1.246179407263E0,-3.664072675258E0,
1.538866048354E1));
#2510=CARTESIAN_POINT('',(-3.945177775784E-1,-3.753585919551E0,
1.544282715020E1));
#2511=CARTESIAN_POINT('',(-3.823742377018E-1,3.638047855401E0,
1.009760905007E1));
#2512=CARTESIAN_POINT('',(-1.207821112186E0,3.551289892906E0,1.015177571673E1));
#2513=CARTESIAN_POINT('',(-2.793743761664E0,2.794277254147E0,1.026010905007E1));
#2514=CARTESIAN_POINT('',(-3.930114927583E0,4.130445328104E-1,
1.042260905007E1));
#2515=CARTESIAN_POINT('',(-3.314083660410E0,-2.152209959178E0,
1.058510905007E1));
#2516=CARTESIAN_POINT('',(-1.221131050036E0,-3.758227322642E0,
1.074760905007E1));
#2517=CARTESIAN_POINT('',(1.416141116057E0,-3.689166991231E0,1.091010905007E1));
#2518=CARTESIAN_POINT('',(3.422213926663E0,-1.975816586835E0,1.107260905007E1));
#2519=CARTESIAN_POINT('',(3.902982052170E0,6.181716184103E-1,1.123510905007E1));
#2520=CARTESIAN_POINT('',(2.644158559945E0,2.936635636004E0,1.139760905007E1));
#2521=CARTESIAN_POINT('',(2.068125063573E-1,3.946217459119E0,1.156010905007E1));
#2522=CARTESIAN_POINT('',(-2.322711623004E0,3.196938279279E0,1.172260905007E1));
#2523=CARTESIAN_POINT('',(-3.816984402160E0,1.022757888424E0,1.188510905007E1));
#2524=CARTESIAN_POINT('',(-3.609996408277E0,-1.607273954742E0,
1.204760905007E1));
#2525=CARTESIAN_POINT('',(-1.794003855603E0,-3.520930814045E0,
1.221010905007E1));
#2526=CARTESIAN_POINT('',(8.215907054698E-1,-3.865280370706E0,
1.237260905007E1));
#2527=CARTESIAN_POINT('',(3.070995653154E0,-2.486843245931E0,1.253510905007E1));
#2528=CARTESIAN_POINT('',(3.951633033504E0,-1.869130094243E-14,
1.269760905007E1));
#2529=CARTESIAN_POINT('',(3.070995653154E0,2.486843245931E0,1.286010905007E1));
#2530=CARTESIAN_POINT('',(8.215907054698E-1,3.865280370706E0,1.302260905007E1));
#2531=CARTESIAN_POINT('',(-1.794003855603E0,3.520930814045E0,1.318510905007E1));
#2532=CARTESIAN_POINT('',(-3.609996408277E0,1.607273954742E0,1.334760905007E1));
#2533=CARTESIAN_POINT('',(-3.816984402160E0,-1.022757888424E0,
1.351010905007E1));
#2534=CARTESIAN_POINT('',(-2.322711623004E0,-3.196938279279E0,
1.367260905007E1));
#2535=CARTESIAN_POINT('',(2.068125063573E-1,-3.946217459119E0,
1.383510905007E1));
#2536=CARTESIAN_POINT('',(2.644158559944E0,-2.936635636004E0,1.399760905007E1));
#2537=CARTESIAN_POINT('',(3.902982052170E0,-6.181716184104E-1,
1.416010905007E1));
#2538=CARTESIAN_POINT('',(3.422213926663E0,1.975816586835E0,1.432260905007E1));
#2539=CARTESIAN_POINT('',(1.416141116057E0,3.689166991231E0,1.448510905007E1));
#2540=CARTESIAN_POINT('',(-1.221131050036E0,3.758227322642E0,1.464760905007E1));
#2541=CARTESIAN_POINT('',(-3.314083660410E0,2.152209959178E0,1.481010905007E1));
#2542=CARTESIAN_POINT('',(-3.930114927583E0,-4.130445328103E-1,
1.497260905007E1));
#2543=CARTESIAN_POINT('',(-2.793743761664E0,-2.794277254147E0,
1.513510905007E1));
#2544=CARTESIAN_POINT('',(-1.207821112186E0,-3.551289892906E0,
1.524344238340E1));
#2545=CARTESIAN_POINT('',(-3.823742377019E-1,-3.638047855401E0,
1.529760905007E1));
#2546=CARTESIAN_POINT('',(-3.702306978252E-1,3.522509791251E0,
9.952390949933E0));
#2547=CARTESIAN_POINT('',(-1.169462817109E0,3.438507110554E0,1.000655761660E1));
#2548=CARTESIAN_POINT('',(-2.705019325157E0,2.705535874849E0,1.011489094993E1));
#2549=CARTESIAN_POINT('',(-3.805301321861E0,3.999269577741E-1,
1.027739094993E1));
#2550=CARTESIAN_POINT('',(-3.208834134902E0,-2.083859518993E0,
1.043989094993E1));
#2551=CARTESIAN_POINT('',(-1.182350054512E0,-3.638872567907E0,
1.060239094993E1));
#2552=CARTESIAN_POINT('',(1.371166940451E0,-3.572005472352E0,1.076489094993E1));
#2553=CARTESIAN_POINT('',(3.313530372210E0,-1.913068092964E0,1.092739094993E1));
#2554=CARTESIAN_POINT('',(3.779030139319E0,5.985395643685E-1,1.108989094993E1));
#2555=CARTESIAN_POINT('',(2.560184688939E0,2.843373202418E0,1.125239094993E1));
#2556=CARTESIAN_POINT('',(2.002445013238E-1,3.820892465039E0,1.141489094993E1));
#2557=CARTESIAN_POINT('',(-2.248946346909E0,3.095409087064E0,1.157739094993E1));
#2558=CARTESIAN_POINT('',(-3.695763624906E0,9.902768790426E-1,
1.173989094993E1));
#2559=CARTESIAN_POINT('',(-3.495349209235E0,-1.556229733041E0,
1.190239094993E1));
#2560=CARTESIAN_POINT('',(-1.737029417444E0,-3.409112183167E0,
1.206489094993E1));
#2561=CARTESIAN_POINT('',(7.954984154817E-1,-3.742525797600E0,
1.222739094993E1));
#2562=CARTESIAN_POINT('',(2.973466179414E0,-2.407865435330E0,1.238989094993E1));
#2563=CARTESIAN_POINT('',(3.826136050212E0,-1.886684313275E-14,
1.255239094993E1));
#2564=CARTESIAN_POINT('',(2.973466179414E0,2.407865435330E0,1.271489094993E1));
#2565=CARTESIAN_POINT('',(7.954984154817E-1,3.742525797600E0,1.287739094993E1));
#2566=CARTESIAN_POINT('',(-1.737029417444E0,3.409112183167E0,1.303989094993E1));
#2567=CARTESIAN_POINT('',(-3.495349209235E0,1.556229733041E0,1.320239094993E1));
#2568=CARTESIAN_POINT('',(-3.695763624906E0,-9.902768790426E-1,
1.336489094993E1));
#2569=CARTESIAN_POINT('',(-2.248946346909E0,-3.095409087064E0,
1.352739094993E1));
#2570=CARTESIAN_POINT('',(2.002445013238E-1,-3.820892465039E0,
1.368989094993E1));
#2571=CARTESIAN_POINT('',(2.560184688939E0,-2.843373202418E0,1.385239094993E1));
#2572=CARTESIAN_POINT('',(3.779030139319E0,-5.985395643686E-1,
1.401489094993E1));
#2573=CARTESIAN_POINT('',(3.313530372210E0,1.913068092964E0,1.417739094993E1));
#2574=CARTESIAN_POINT('',(1.371166940451E0,3.572005472352E0,1.433989094993E1));
#2575=CARTESIAN_POINT('',(-1.182350054512E0,3.638872567907E0,1.450239094993E1));
#2576=CARTESIAN_POINT('',(-3.208834134902E0,2.083859518993E0,1.466489094993E1));
#2577=CARTESIAN_POINT('',(-3.805301321861E0,-3.999269577741E-1,
1.482739094993E1));
#2578=CARTESIAN_POINT('',(-2.705019325157E0,-2.705535874848E0,
1.498989094993E1));
#2579=CARTESIAN_POINT('',(-1.169462817109E0,-3.438507110554E0,
1.509822428327E1));
#2580=CARTESIAN_POINT('',(-3.702306978253E-1,-3.522509791251E0,
1.515239094993E1));
#2581=CARTESIAN_POINT('',(-3.580871579487E-1,3.406971727100E0,
9.807172849798E0));
#2582=CARTESIAN_POINT('',(-1.131104522032E0,3.325724328201E0,9.861339516465E0));
#2583=CARTESIAN_POINT('',(-2.616294888650E0,2.616794495550E0,9.969672849798E0));
#2584=CARTESIAN_POINT('',(-3.680487716139E0,3.868093827379E-1,
1.013217284980E1));
#2585=CARTESIAN_POINT('',(-3.103584609394E0,-2.015509078809E0,
1.029467284980E1));
#2586=CARTESIAN_POINT('',(-1.143569058989E0,-3.519517813173E0,
1.045717284980E1));
#2587=CARTESIAN_POINT('',(1.326192764845E0,-3.454843953473E0,1.061967284980E1));
#2588=CARTESIAN_POINT('',(3.204846817757E0,-1.850319599092E0,1.078217284980E1));
#2589=CARTESIAN_POINT('',(3.655078226468E0,5.789075103268E-1,1.094467284980E1));
#2590=CARTESIAN_POINT('',(2.476210817933E0,2.750110768831E0,1.110717284980E1));
#2591=CARTESIAN_POINT('',(1.936764962902E-1,3.695567470958E0,1.126967284980E1));
#2592=CARTESIAN_POINT('',(-2.175181070813E0,2.993879894850E0,1.143217284980E1));
#2593=CARTESIAN_POINT('',(-3.574542847653E0,9.577958696607E-1,
1.159467284980E1));
#2594=CARTESIAN_POINT('',(-3.380702010193E0,-1.505185511340E0,
1.175717284980E1));
#2595=CARTESIAN_POINT('',(-1.680054979286E0,-3.297293552288E0,
1.191967284980E1));
#2596=CARTESIAN_POINT('',(7.694061254935E-1,-3.619771224494E0,
1.208217284980E1));
#2597=CARTESIAN_POINT('',(2.875936705674E0,-2.328887624730E0,1.224467284980E1));
#2598=CARTESIAN_POINT('',(3.700639066921E0,-1.831867990632E-14,
1.240717284980E1));
#2599=CARTESIAN_POINT('',(2.875936705674E0,2.328887624730E0,1.256967284980E1));
#2600=CARTESIAN_POINT('',(7.694061254936E-1,3.619771224494E0,1.273217284980E1));
#2601=CARTESIAN_POINT('',(-1.680054979286E0,3.297293552288E0,1.289467284980E1));
#2602=CARTESIAN_POINT('',(-3.380702010193E0,1.505185511340E0,1.305717284980E1));
#2603=CARTESIAN_POINT('',(-3.574542847653E0,-9.577958696607E-1,
1.321967284980E1));
#2604=CARTESIAN_POINT('',(-2.175181070814E0,-2.993879894850E0,
1.338217284980E1));
#2605=CARTESIAN_POINT('',(1.936764962902E-1,-3.695567470958E0,
1.354467284980E1));
#2606=CARTESIAN_POINT('',(2.476210817933E0,-2.750110768831E0,1.370717284980E1));
#2607=CARTESIAN_POINT('',(3.655078226468E0,-5.789075103268E-1,
1.386967284980E1));
#2608=CARTESIAN_POINT('',(3.204846817757E0,1.850319599092E0,1.403217284980E1));
#2609=CARTESIAN_POINT('',(1.326192764845E0,3.454843953473E0,1.419467284980E1));
#2610=CARTESIAN_POINT('',(-1.143569058989E0,3.519517813173E0,1.435717284980E1));
#2611=CARTESIAN_POINT('',(-3.103584609394E0,2.015509078809E0,1.451967284980E1));
#2612=CARTESIAN_POINT('',(-3.680487716139E0,-3.868093827378E-1,
1.468217284980E1));
#2613=CARTESIAN_POINT('',(-2.616294888650E0,-2.616794495550E0,
1.484467284980E1));
#2614=CARTESIAN_POINT('',(-1.131104522032E0,-3.325724328201E0,
1.495300618313E1));
#2615=CARTESIAN_POINT('',(-3.580871579487E-1,-3.406971727100E0,
1.500717284980E1));
#2616=B_SPLINE_SURFACE_WITH_KNOTS('',3,3,((#2476,#2477,#2478,#2479,#2480,#2481,
#2482,#2483,#2484,#2485,#2486,#2487,#2488,#2489,#2490,#2491,#2492,#2493,#2494,
#2495,#2496,#2497,#2498,#2499,#2500,#2501,#2502,#2503,#2504,#2505,#2506,#2507,
#2508,#2509,#2510),(#2511,#2512,#2513,#2514,#2515,#2516,#2517,#2518,#2519,#2520,
#2521,#2522,#2523,#2524,#2525,#2526,#2527,#2528,#2529,#2530,#2531,#2532,#2533,
#2534,#2535,#2536,#2537,#2538,#2539,#2540,#2541,#2542,#2543,#2544,#2545),(#2546,
#2547,#2548,#2549,#2550,#2551,#2552,#2553,#2554,#2555,#2556,#2557,#2558,#2559,
#2560,#2561,#2562,#2563,#2564,#2565,#2566,#2567,#2568,#2569,#2570,#2571,#2572,
#2573,#2574,#2575,#2576,#2577,#2578,#2579,#2580),(#2581,#2582,#2583,#2584,#2585,
#2586,#2587,#2588,#2589,#2590,#2591,#2592,#2593,#2594,#2595,#2596,#2597,#2598,
#2599,#2600,#2601,#2602,#2603,#2604,#2605,#2606,#2607,#2608,#2609,#2610,#2611,
#2612,#2613,#2614,#2615)),.UNSPECIFIED.,.F.,.F.,.F.,(4,4),(4,1,1,1,1,1,1,1,1,1,
1,1,1,1,1,1,1,1,1,1,1,1,1,1,1,1,1,1,1,1,1,1,4),(-3.713086008085E-1,
1.371308600809E0),(-2.E-2,1.25E-2,4.5E-2,7.75E-2,1.1E-1,1.425E-1,1.75E-1,
2.075E-1,2.4E-1,2.725E-1,3.05E-1,3.375E-1,3.7E-1,4.025E-1,4.35E-1,4.675E-1,
5.E-1,5.325E-1,5.65E-1,5.975E-1,6.3E-1,6.625E-1,6.95E-1,7.275E-1,7.6E-1,
7.925E-1,8.25E-1,8.575E-1,8.9E-1,9.225E-1,9.55E-1,9.875E-1,1.02E0),
.UNSPECIFIED.);
#2617=ORIENTED_EDGE('',*,*,#1195,.F.);
#2618=ORIENTED_EDGE('',*,*,#1719,.F.);
#2619=ORIENTED_EDGE('',*,*,#1247,.F.);
#2621=ORIENTED_EDGE('',*,*,#2620,.F.);
#2622=ORIENTED_EDGE('',*,*,#2119,.T.);
#2623=ORIENTED_EDGE('',*,*,#2470,.T.);
#2624=ORIENTED_EDGE('',*,*,#1773,.F.);
#2625=ORIENTED_EDGE('',*,*,#1294,.F.);
#2626=ORIENTED_EDGE('',*,*,#1760,.F.);
#2627=ORIENTED_EDGE('',*,*,#1278,.F.);
#2628=ORIENTED_EDGE('',*,*,#1747,.F.);
#2629=EDGE_LOOP('',(#2617,#2618,#2619,#2621,#2622,#2623,#2624,#2625,#2626,#2627,
#2628));
#2630=FACE_OUTER_BOUND('',#2629,.F.);
#2631=ADVANCED_FACE('',(#2630),#2616,.T.);
#2632=CARTESIAN_POINT('',(3.447959650408E0,-1.535130542148E0,5.242827150202E0));
#2633=CARTESIAN_POINT('',(3.796269721717E0,-7.528133132661E-1,
5.296993816869E0));
#2634=CARTESIAN_POINT('',(3.938001475233E0,1.054781368493E0,5.405327150202E0));
#2635=CARTESIAN_POINT('',(2.396531478178E0,3.298590066449E0,5.567827150202E0));
#2636=CARTESIAN_POINT('',(-2.133951235263E-1,4.071509602689E0,
5.730327150202E0));
#2637=CARTESIAN_POINT('',(-2.728128561488E0,3.029906876677E0,5.892827150202E0));
#2638=CARTESIAN_POINT('',(-4.026934830736E0,6.378012946166E-1,
6.055327150202E0));
#2639=CARTESIAN_POINT('',(-3.530897887718E0,-2.038564376451E0,
6.217827150202E0));
#2640=CARTESIAN_POINT('',(-1.461112799540E0,-3.806328949297E0,
6.380327150202E0));
#2641=CARTESIAN_POINT('',(1.259902483668E0,-3.877581024886E0,6.542827150202E0));
#2642=CARTESIAN_POINT('',(3.419368941362E0,-2.220564170137E0,6.705327150202E0));
#2643=CARTESIAN_POINT('',(4.054795073419E0,4.261761384558E-1,6.867827150202E0));
#2644=CARTESIAN_POINT('',(2.882966282268E0,2.882966281784E0,7.030327150202E0));
#2645=CARTESIAN_POINT('',(4.261761353024E-1,4.054795072203E0,7.192827150202E0));
#2646=CARTESIAN_POINT('',(-2.220564158007E0,3.419368946712E0,7.355327150202E0));
#2647=CARTESIAN_POINT('',(-3.877581070251E0,1.259902463484E0,7.517827150202E0));
#2648=CARTESIAN_POINT('',(-3.806328779969E0,-1.461112724154E0,
7.680327150202E0));
#2649=CARTESIAN_POINT('',(-2.038565008398E0,-3.530898169077E0,
7.842827150202E0));
#2650=CARTESIAN_POINT('',(6.378036530742E-1,-4.026933780686E0,
8.005327150202E0));
#2651=CARTESIAN_POINT('',(3.029898074793E0,-2.728132480329E0,8.167827150202E0));
#2652=CARTESIAN_POINT('',(4.071542451768E0,-2.133804982114E-1,
8.330327150202E0));
#2653=CARTESIAN_POINT('',(3.298467472016E0,2.396476895760E0,8.492827150202E0));
#2654=CARTESIAN_POINT('',(1.055238897145E0,3.938205179590E0,8.655327150202E0));
#2655=CARTESIAN_POINT('',(-1.658318174320E0,3.724643609949E0,8.817827150202E0));
#2656=CARTESIAN_POINT('',(-3.632749452753E0,1.850978283063E0,8.980327150202E0));
#2657=CARTESIAN_POINT('',(-3.988034914618E0,-8.476829552959E-1,
9.142827150202E0));
#2658=CARTESIAN_POINT('',(-2.565821165481E0,-3.168525276844E0,
9.305327150202E0));
#2659=CARTESIAN_POINT('',(4.066020963256E-7,-4.077129457158E0,
9.467827150202E0));
#2660=CARTESIAN_POINT('',(2.565819539073E0,-3.168527215494E0,9.630327150202E0));
#2661=CARTESIAN_POINT('',(3.988040607047E0,-8.476752006997E-1,
9.792827150202E0));
#2662=CARTESIAN_POINT('',(3.632728309444E0,1.850949203327E0,9.955327150202E0));
#2663=CARTESIAN_POINT('',(1.658397055127E0,3.724752174296E0,1.011782715020E1));
#2664=CARTESIAN_POINT('',(-1.055533277063E0,3.937800001939E0,1.028032715020E1));
#2665=CARTESIAN_POINT('',(-2.550090314454E0,2.911259361992E0,1.038866048354E1));
#2666=CARTESIAN_POINT('',(-3.053441872830E0,2.218455377403E0,1.044282715020E1));
#2667=CARTESIAN_POINT('',(3.341828981812E0,-1.487878124098E0,5.097609050067E0));
#2668=CARTESIAN_POINT('',(3.679417819552E0,-7.296411800726E-1,
5.151775716734E0));
#2669=CARTESIAN_POINT('',(3.816786968140E0,1.022314442191E0,5.260109050067E0));
#2670=CARTESIAN_POINT('',(2.322764522100E0,3.197057100674E0,5.422609050067E0));
#2671=CARTESIAN_POINT('',(-2.068266687207E-1,3.946185619771E0,
5.585109050067E0));
#2672=CARTESIAN_POINT('',(-2.644154809587E0,2.936644172002E0,5.747609050067E0));
#2673=CARTESIAN_POINT('',(-3.902982891238E0,6.181693137663E-1,
5.910109050067E0));
#2674=CARTESIAN_POINT('',(-3.422214320749E0,-1.975815904257E0,
6.072609050067E0));
#2675=CARTESIAN_POINT('',(-1.416138700643E0,-3.689167416899E0,
6.235109050067E0));
#2676=CARTESIAN_POINT('',(1.221121782466E0,-3.758226302548E0,6.397609050067E0));
#2677=CARTESIAN_POINT('',(3.314118315276E0,-2.152213613885E0,6.560109050067E0));
#2678=CARTESIAN_POINT('',(3.929985575688E0,4.130581315474E-1,6.722609050067E0));
#2679=CARTESIAN_POINT('',(2.794226514376E0,2.794226513907E0,6.885109050067E0));
#2680=CARTESIAN_POINT('',(4.130581284910E-1,3.929985574509E0,7.047609050067E0));
#2681=CARTESIAN_POINT('',(-2.152213602129E0,3.314118320462E0,7.210109050067E0));
#2682=CARTESIAN_POINT('',(-3.758226346516E0,1.221121762903E0,7.372609050067E0));
#2683=CARTESIAN_POINT('',(-3.689167252783E0,-1.416138627578E0,
7.535109050067E0));
#2684=CARTESIAN_POINT('',(-1.975816516752E0,-3.422214593448E0,
7.697609050067E0));
#2685=CARTESIAN_POINT('',(6.181715996289E-1,-3.902981873509E0,
7.860109050067E0));
#2686=CARTESIAN_POINT('',(2.936635641046E0,-2.644158607803E0,8.022609050067E0));
#2687=CARTESIAN_POINT('',(3.946217457732E0,-2.068124935836E-1,
8.185109050067E0));
#2688=CARTESIAN_POINT('',(3.196938279786E0,2.322711619767E0,8.347609050067E0));
#2689=CARTESIAN_POINT('',(1.022757887783E0,3.816984402331E0,8.510109050067E0));
#2690=CARTESIAN_POINT('',(-1.607273952684E0,3.609996410826E0,8.672609050067E0));
#2691=CARTESIAN_POINT('',(-3.520930821634E0,1.794003845234E0,8.835109050067E0));
#2692=CARTESIAN_POINT('',(-3.865280342410E0,-8.215906665440E-1,
8.997609050067E0));
#2693=CARTESIAN_POINT('',(-2.486843351527E0,-3.070995798489E0,
9.160109050067E0));
#2694=CARTESIAN_POINT('',(3.940865925151E-7,-3.951632491093E0,
9.322609050067E0));
#2695=CARTESIAN_POINT('',(2.486841775180E0,-3.070997677465E0,9.485109050067E0));
#2696=CARTESIAN_POINT('',(3.865285859623E0,-8.215831506398E-1,
9.647609050067E0));
#2697=CARTESIAN_POINT('',(3.520910329131E0,1.793975660593E0,9.810109050067E0));
#2698=CARTESIAN_POINT('',(1.607350405483E0,3.610101633484E0,9.972609050067E0));
#2699=CARTESIAN_POINT('',(-1.023043206477E0,3.816591696339E0,1.013510905007E1));
#2700=CARTESIAN_POINT('',(-2.471596707366E0,2.821648712833E0,1.024344238340E1));
#2701=CARTESIAN_POINT('',(-2.959454744110E0,2.150169731303E0,1.029760905007E1));
#2702=CARTESIAN_POINT('',(3.235698313215E0,-1.440625706048E0,4.952390949933E0));
#2703=CARTESIAN_POINT('',(3.562565917387E0,-7.064690468790E-1,
5.006557616599E0));
#2704=CARTESIAN_POINT('',(3.695572461047E0,9.898475158895E-1,5.114890949933E0));
#2705=CARTESIAN_POINT('',(2.248997566021E0,3.095524134899E0,5.277390949933E0));
#2706=CARTESIAN_POINT('',(-2.002582139152E-1,3.820861636853E0,
5.439890949933E0));
#2707=CARTESIAN_POINT('',(-2.560181057686E0,2.843381467327E0,5.602390949933E0));
#2708=CARTESIAN_POINT('',(-3.779030951739E0,5.985373329160E-1,
5.764890949933E0));
#2709=CARTESIAN_POINT('',(-3.313530753781E0,-1.913067432063E0,
5.927390949933E0));
#2710=CARTESIAN_POINT('',(-1.371164601746E0,-3.572005884501E0,
6.089890949933E0));
#2711=CARTESIAN_POINT('',(1.182341081264E0,-3.638871580210E0,6.252390949933E0));
#2712=CARTESIAN_POINT('',(3.208867689190E0,-2.083863057634E0,6.414890949933E0));
#2713=CARTESIAN_POINT('',(3.805176077957E0,3.999401246389E-1,6.577390949933E0));
#2714=CARTESIAN_POINT('',(2.705486746484E0,2.705486746030E0,6.739890949933E0));
#2715=CARTESIAN_POINT('',(3.999401216796E-1,3.805176076816E0,6.902390949933E0));
#2716=CARTESIAN_POINT('',(-2.083863046251E0,3.208867694211E0,7.064890949933E0));
#2717=CARTESIAN_POINT('',(-3.638871622781E0,1.182341062323E0,7.227390949933E0));
#2718=CARTESIAN_POINT('',(-3.572005725598E0,-1.371164531001E0,
7.389890949933E0));
#2719=CARTESIAN_POINT('',(-1.913068025106E0,-3.313531017819E0,
7.552390949933E0));
#2720=CARTESIAN_POINT('',(5.985395461836E-1,-3.779029966332E0,
7.714890949933E0));
#2721=CARTESIAN_POINT('',(2.843373207300E0,-2.560184735278E0,7.877390949933E0));
#2722=CARTESIAN_POINT('',(3.820892463696E0,-2.002444889557E-1,
8.039890949933E0));
#2723=CARTESIAN_POINT('',(3.095409087555E0,2.248946343775E0,8.202390949933E0));
#2724=CARTESIAN_POINT('',(9.902768784218E-1,3.695763625072E0,8.364890949933E0));
#2725=CARTESIAN_POINT('',(-1.556229731049E0,3.495349211703E0,8.527390949933E0));
#2726=CARTESIAN_POINT('',(-3.409112190514E0,1.737029407405E0,8.689890949933E0));
#2727=CARTESIAN_POINT('',(-3.742525770203E0,-7.954983777921E-1,
8.852390949933E0));
#2728=CARTESIAN_POINT('',(-2.407865537573E0,-2.973466320133E0,
9.014890949933E0));
#2729=CARTESIAN_POINT('',(3.815710880291E-7,-3.826135525027E0,
9.177390949933E0));
#2730=CARTESIAN_POINT('',(2.407864011288E0,-2.973468139436E0,9.339890949933E0));
#2731=CARTESIAN_POINT('',(3.742531112198E0,-7.954911005800E-1,
9.502390949933E0));
#2732=CARTESIAN_POINT('',(3.409092348817E0,1.737002117859E0,9.664890949933E0));
#2733=CARTESIAN_POINT('',(1.556303755840E0,3.495451092673E0,9.827390949933E0));
#2734=CARTESIAN_POINT('',(-9.905531358904E-1,3.695383390738E0,
9.989890949933E0));
#2735=CARTESIAN_POINT('',(-2.393103100278E0,2.732038063675E0,1.009822428327E1));
#2736=CARTESIAN_POINT('',(-2.865467615390E0,2.081884085203E0,1.015239094993E1));
#2737=CARTESIAN_POINT('',(3.129567644619E0,-1.393373287998E0,4.807172849798E0));
#2738=CARTESIAN_POINT('',(3.445714015222E0,-6.832969136855E-1,
4.861339516465E0));
#2739=CARTESIAN_POINT('',(3.574357953955E0,9.573805895878E-1,4.969672849798E0));
#2740=CARTESIAN_POINT('',(2.175230609943E0,2.993991169124E0,5.132172849798E0));
#2741=CARTESIAN_POINT('',(-1.936897591096E-1,3.695537653935E0,
5.294672849798E0));
#2742=CARTESIAN_POINT('',(-2.476207305785E0,2.750118762652E0,5.457172849798E0));
#2743=CARTESIAN_POINT('',(-3.655079012241E0,5.789053520657E-1,
5.619672849798E0));
#2744=CARTESIAN_POINT('',(-3.204847186813E0,-1.850318959869E0,
5.782172849798E0));
#2745=CARTESIAN_POINT('',(-1.326190502849E0,-3.454844352104E0,
5.944672849798E0));
#2746=CARTESIAN_POINT('',(1.143560380062E0,-3.519516857871E0,6.107172849798E0));
#2747=CARTESIAN_POINT('',(3.103617063104E0,-2.015512501383E0,6.269672849798E0));
#2748=CARTESIAN_POINT('',(3.680366580226E0,3.868221177304E-1,6.432172849798E0));
#2749=CARTESIAN_POINT('',(2.616746978592E0,2.616746978153E0,6.594672849798E0));
#2750=CARTESIAN_POINT('',(3.868221148682E-1,3.680366579122E0,6.757172849798E0));
#2751=CARTESIAN_POINT('',(-2.015512490373E0,3.103617067960E0,6.919672849798E0));
#2752=CARTESIAN_POINT('',(-3.519516899047E0,1.143560361742E0,7.082172849798E0));
#2753=CARTESIAN_POINT('',(-3.454844198412E0,-1.326190434425E0,
7.244672849798E0));
#2754=CARTESIAN_POINT('',(-1.850319533460E0,-3.204847442190E0,
7.407172849798E0));
#2755=CARTESIAN_POINT('',(5.789074927383E-1,-3.655078059155E0,
7.569672849798E0));
#2756=CARTESIAN_POINT('',(2.750110773553E0,-2.476210862752E0,7.732172849798E0));
#2757=CARTESIAN_POINT('',(3.695567469659E0,-1.936764843278E-1,
7.894672849798E0));
#2758=CARTESIAN_POINT('',(2.993879895325E0,2.175181067783E0,8.057172849798E0));
#2759=CARTESIAN_POINT('',(9.577958690603E-1,3.574542847814E0,8.219672849798E0));
#2760=CARTESIAN_POINT('',(-1.505185509413E0,3.380702012581E0,8.382172849798E0));
#2761=CARTESIAN_POINT('',(-3.297293559395E0,1.680054969576E0,8.544672849798E0));
#2762=CARTESIAN_POINT('',(-3.619771197995E0,-7.694060890402E-1,
8.707172849798E0));
#2763=CARTESIAN_POINT('',(-2.328887723618E0,-2.875936841777E0,
8.869672849798E0));
#2764=CARTESIAN_POINT('',(3.690555845370E-7,-3.700638558961E0,
9.032172849798E0));
#2765=CARTESIAN_POINT('',(2.328886247396E0,-2.875938601407E0,9.194672849798E0));
#2766=CARTESIAN_POINT('',(3.619776364774E0,-7.693990505201E-1,
9.357172849798E0));
#2767=CARTESIAN_POINT('',(3.297274368504E0,1.680028575125E0,9.519672849798E0));
#2768=CARTESIAN_POINT('',(1.505257106197E0,3.380800551862E0,9.682172849798E0));
#2769=CARTESIAN_POINT('',(-9.580630653041E-1,3.574175085138E0,
9.844672849798E0));
#2770=CARTESIAN_POINT('',(-2.314609493190E0,2.642427414516E0,9.953006183131E0));
#2771=CARTESIAN_POINT('',(-2.771480486670E0,2.013598439103E0,1.000717284980E1));
#2772=B_SPLINE_SURFACE_WITH_KNOTS('',3,3,((#2632,#2633,#2634,#2635,#2636,#2637,
#2638,#2639,#2640,#2641,#2642,#2643,#2644,#2645,#2646,#2647,#2648,#2649,#2650,
#2651,#2652,#2653,#2654,#2655,#2656,#2657,#2658,#2659,#2660,#2661,#2662,#2663,
#2664,#2665,#2666),(#2667,#2668,#2669,#2670,#2671,#2672,#2673,#2674,#2675,#2676,
#2677,#2678,#2679,#2680,#2681,#2682,#2683,#2684,#2685,#2686,#2687,#2688,#2689,
#2690,#2691,#2692,#2693,#2694,#2695,#2696,#2697,#2698,#2699,#2700,#2701),(#2702,
#2703,#2704,#2705,#2706,#2707,#2708,#2709,#2710,#2711,#2712,#2713,#2714,#2715,
#2716,#2717,#2718,#2719,#2720,#2721,#2722,#2723,#2724,#2725,#2726,#2727,#2728,
#2729,#2730,#2731,#2732,#2733,#2734,#2735,#2736),(#2737,#2738,#2739,#2740,#2741,
#2742,#2743,#2744,#2745,#2746,#2747,#2748,#2749,#2750,#2751,#2752,#2753,#2754,
#2755,#2756,#2757,#2758,#2759,#2760,#2761,#2762,#2763,#2764,#2765,#2766,#2767,
#2768,#2769,#2770,#2771)),.UNSPECIFIED.,.F.,.F.,.F.,(4,4),(4,1,1,1,1,1,1,1,1,1,
1,1,1,1,1,1,1,1,1,1,1,1,1,1,1,1,1,1,1,1,1,1,4),(-3.713086008085E-1,
1.371308600808E0),(-2.E-2,1.25E-2,4.5E-2,7.75E-2,1.1E-1,1.425E-1,1.75E-1,
2.075E-1,2.4E-1,2.725E-1,3.05E-1,3.375E-1,3.7E-1,4.025E-1,4.35E-1,4.675E-1,
5.E-1,5.325E-1,5.65E-1,5.975E-1,6.3E-1,6.625E-1,6.95E-1,7.275E-1,7.6E-1,
7.925E-1,8.25E-1,8.575E-1,8.9E-1,9.225E-1,9.55E-1,9.875E-1,1.02E0),
.UNSPECIFIED.);
#2773=ORIENTED_EDGE('',*,*,#1245,.F.);
#2774=ORIENTED_EDGE('',*,*,#1706,.F.);
#2775=ORIENTED_EDGE('',*,*,#1229,.F.);
#2776=ORIENTED_EDGE('',*,*,#1693,.F.);
#2777=ORIENTED_EDGE('',*,*,#1213,.F.);
#2778=ORIENTED_EDGE('',*,*,#1680,.F.);
#2779=ORIENTED_EDGE('',*,*,#1259,.F.);
#2780=ORIENTED_EDGE('',*,*,#1819,.F.);
#2781=ORIENTED_EDGE('',*,*,#1969,.T.);
#2782=ORIENTED_EDGE('',*,*,#2620,.T.);
#2783=EDGE_LOOP('',(#2773,#2774,#2775,#2776,#2777,#2778,#2779,#2780,#2781,
#2782));
#2784=FACE_OUTER_BOUND('',#2783,.F.);
#2785=ADVANCED_FACE('',(#2784),#2772,.T.);
#2786=CARTESIAN_POINT('',(-2.639576710899E0,-2.183647762169E0,
1.600782715020E1));
#2787=CARTESIAN_POINT('',(-2.218440844051E0,-2.692713576498E0,
1.605386881687E1));
#2788=CARTESIAN_POINT('',(-1.074275970919E0,-3.459173190107E0,
1.614595215020E1));
#2789=CARTESIAN_POINT('',(9.923842145486E-1,-3.483713760294E0,
1.628407715020E1));
#2790=CARTESIAN_POINT('',(2.735814608260E0,-2.374015885265E0,1.642220215020E1));
#2791=CARTESIAN_POINT('',(3.588744250879E0,-4.915994232780E-1,
1.656032715020E1));
#2792=CARTESIAN_POINT('',(3.273465204845E0,1.550857388426E0,1.669845215020E1));
#2793=CARTESIAN_POINT('',(1.892623475054E0,3.088480314068E0,1.683657715020E1));
#2794=CARTESIAN_POINT('',(-1.042990992151E-1,3.620753655033E0,
1.697470215020E1));
#2795=CARTESIAN_POINT('',(-2.067270347329E0,2.974412224525E0,1.711282715020E1));
#2796=CARTESIAN_POINT('',(-3.357311405308E0,1.359851121997E0,1.725095215020E1));
#2797=CARTESIAN_POINT('',(-3.554492749069E0,-6.973637533492E-1,
1.738907715020E1));
#2798=CARTESIAN_POINT('',(-2.594628654994E0,-2.527575331225E0,
1.752720215020E1));
#2799=CARTESIAN_POINT('',(-7.901705560306E-1,-3.535019859264E0,
1.766532715020E1));
#2800=CARTESIAN_POINT('',(1.271500963875E0,-3.391757687576E0,1.780345215020E1));
#2801=CARTESIAN_POINT('',(2.919278153572E0,-2.144422993415E0,1.794157715020E1));
#2802=CARTESIAN_POINT('',(3.616782625656E0,-1.990435914525E-1,
1.807970215020E1));
#2803=CARTESIAN_POINT('',(3.136965282629E0,1.811127750364E0,1.821782715020E1));
#2804=CARTESIAN_POINT('',(1.636014506170E0,3.231747429511E0,1.835595215020E1));
#2805=CARTESIAN_POINT('',(-3.974857119706E-1,3.600380538413E0,
1.849407715020E1));
#2806=CARTESIAN_POINT('',(-2.301597838985E0,2.797030979441E0,1.863220215020E1));
#2807=CARTESIAN_POINT('',(-3.456502279020E0,1.083202154787E0,1.877032715020E1));
#2808=CARTESIAN_POINT('',(-3.486258774317E0,-9.832266629990E-1,
1.890845215020E1));
#2809=CARTESIAN_POINT('',(-2.381181100613E0,-2.729599141586E0,
1.904657715020E1));
#2810=CARTESIAN_POINT('',(-5.009900856402E-1,-3.587442526410E0,
1.918470215020E1));
#2811=CARTESIAN_POINT('',(1.542281374101E0,-3.277514749539E0,1.932282715020E1));
#2812=CARTESIAN_POINT('',(3.083515096496E0,-1.900702497029E0,1.946095215020E1));
#2813=CARTESIAN_POINT('',(3.621014148599E0,9.481985216168E-2,1.959907715020E1));
#2814=CARTESIAN_POINT('',(2.979814498447E0,2.059475331587E0,1.973720215020E1));
#2815=CARTESIAN_POINT('',(1.368634536395E0,3.353743400586E0,1.987532715020E1));
#2816=CARTESIAN_POINT('',(-6.880507614971E-1,3.556292893430E0,
2.001345215020E1));
#2817=CARTESIAN_POINT('',(-2.520792508653E0,2.601286820261E0,2.015157715020E1));
#2818=CARTESIAN_POINT('',(-3.532869844182E0,7.992363135628E-1,
2.028970215020E1));
#2819=CARTESIAN_POINT('',(-3.441178784388E0,-5.748693394923E-1,
2.038178548354E1));
#2820=CARTESIAN_POINT('',(-3.210882790405E0,-1.194116605792E0,
2.042782715020E1));
#2821=CARTESIAN_POINT('',(-2.729090686295E0,-2.257700162787E0,
1.586260905007E1));
#2822=CARTESIAN_POINT('',(-2.293673156229E0,-2.784029542365E0,
1.590865071673E1));
#2823=CARTESIAN_POINT('',(-1.110707082177E0,-3.576481523125E0,
1.600073405007E1));
#2824=CARTESIAN_POINT('',(1.026038192399E0,-3.601854319171E0,1.613885905007E1));
#2825=CARTESIAN_POINT('',(2.828592226928E0,-2.454524096549E0,1.627698405007E1));
#2826=CARTESIAN_POINT('',(3.710446629616E0,-5.082706639728E-1,
1.641510905007E1));
#2827=CARTESIAN_POINT('',(3.384475762938E0,1.603450446069E0,1.655323405007E1));
#2828=CARTESIAN_POINT('',(1.956806588385E0,3.193217618994E0,1.669135905007E1));
#2829=CARTESIAN_POINT('',(-1.078361159505E-1,3.743541544565E0,
1.682948405007E1));
#2830=CARTESIAN_POINT('',(-2.137376128397E0,3.075281224309E0,1.696760905007E1));
#2831=CARTESIAN_POINT('',(-3.471165376397E0,1.405966728099E0,1.710573405007E1));
#2832=CARTESIAN_POINT('',(-3.675033582442E0,-7.210129246733E-1,
1.724385905007E1));
#2833=CARTESIAN_POINT('',(-2.682618340850E0,-2.613291088254E0,
1.738198405007E1));
#2834=CARTESIAN_POINT('',(-8.169670145002E-1,-3.654900323203E0,
1.752010905007E1));
#2835=CARTESIAN_POINT('',(1.314620417660E0,-3.506779809472E0,1.765823405007E1));
#2836=CARTESIAN_POINT('',(3.018277433166E0,-2.217145194015E0,1.779635905007E1));
#2837=CARTESIAN_POINT('',(3.739435848663E0,-2.057936067388E-1,
1.793448405007E1));
#2838=CARTESIAN_POINT('',(3.243346821747E0,1.872547160611E0,1.807260905007E1));
#2839=CARTESIAN_POINT('',(1.691495432959E0,3.341343244133E0,1.821073405007E1));
#2840=CARTESIAN_POINT('',(-4.109653453128E-1,3.722477529798E0,
1.834885905007E1));
#2841=CARTESIAN_POINT('',(-2.379650191651E0,2.891884582763E0,1.848698405007E1));
#2842=CARTESIAN_POINT('',(-3.573720035444E0,1.119935972990E0,1.862510905007E1));
#2843=CARTESIAN_POINT('',(-3.604485640336E0,-1.016570087707E0,
1.876323405007E1));
#2844=CARTESIAN_POINT('',(-2.461932300445E0,-2.822165979819E0,
1.890135905007E1));
#2845=CARTESIAN_POINT('',(-5.179797847894E-1,-3.709100760746E0,
1.903948405007E1));
#2846=CARTESIAN_POINT('',(1.594583599835E0,-3.388662636789E0,1.917760905007E1));
#2847=CARTESIAN_POINT('',(3.188084019741E0,-1.965159588141E0,1.931573405007E1));
#2848=CARTESIAN_POINT('',(3.743810872053E0,9.803540633686E-2,1.945385905007E1));
#2849=CARTESIAN_POINT('',(3.080866701475E0,2.129316766162E0,1.959198405007E1));
#2850=CARTESIAN_POINT('',(1.415048007809E0,3.467476372620E0,1.973010905007E1));
#2851=CARTESIAN_POINT('',(-7.113841083482E-1,3.676894773742E0,
1.986823405007E1));
#2852=CARTESIAN_POINT('',(-2.606278244933E0,2.689502299457E0,2.000635905007E1));
#2853=CARTESIAN_POINT('',(-3.652677396280E0,8.263402122342E-1,
2.014448405007E1));
#2854=CARTESIAN_POINT('',(-3.557876886689E0,-5.943644500903E-1,
2.023656738340E1));
#2855=CARTESIAN_POINT('',(-3.319771038249E0,-1.234611782170E0,
2.028260905007E1));
#2856=CARTESIAN_POINT('',(-2.818604661691E0,-2.331752563404E0,
1.571739094993E1));
#2857=CARTESIAN_POINT('',(-2.368905468407E0,-2.875345508231E0,
1.576343261660E1));
#2858=CARTESIAN_POINT('',(-1.147138193435E0,-3.693789856143E0,
1.585551594993E1));
#2859=CARTESIAN_POINT('',(1.059692170250E0,-3.719994878048E0,1.599364094993E1));
#2860=CARTESIAN_POINT('',(2.921369845597E0,-2.535032307834E0,1.613176594993E1));
#2861=CARTESIAN_POINT('',(3.832149008352E0,-5.249419046676E-1,
1.626989094993E1));
#2862=CARTESIAN_POINT('',(3.495486321030E0,1.656043503713E0,1.640801594993E1));
#2863=CARTESIAN_POINT('',(2.020989701715E0,3.297954923919E0,1.654614094993E1));
#2864=CARTESIAN_POINT('',(-1.113731326860E-1,3.866329434098E0,
1.668426594993E1));
#2865=CARTESIAN_POINT('',(-2.207481909465E0,3.176150224094E0,1.682239094993E1));
#2866=CARTESIAN_POINT('',(-3.585019347486E0,1.452082334201E0,1.696051594993E1));
#2867=CARTESIAN_POINT('',(-3.795574415815E0,-7.446620959974E-1,
1.709864094993E1));
#2868=CARTESIAN_POINT('',(-2.770608026705E0,-2.699006845282E0,
1.723676594993E1));
#2869=CARTESIAN_POINT('',(-8.437634729698E-1,-3.774780787142E0,
1.737489094993E1));
#2870=CARTESIAN_POINT('',(1.357739871444E0,-3.621801931368E0,1.751301594993E1));
#2871=CARTESIAN_POINT('',(3.117276712760E0,-2.289867394616E0,1.765114094993E1));
#2872=CARTESIAN_POINT('',(3.862089071669E0,-2.125436220252E-1,
1.778926594993E1));
#2873=CARTESIAN_POINT('',(3.349728360865E0,1.933966570858E0,1.792739094993E1));
#2874=CARTESIAN_POINT('',(1.746976359748E0,3.450939058756E0,1.806551594993E1));
#2875=CARTESIAN_POINT('',(-4.244449786550E-1,3.844574521183E0,
1.820364094993E1));
#2876=CARTESIAN_POINT('',(-2.457702544318E0,2.986738186085E0,1.834176594993E1));
#2877=CARTESIAN_POINT('',(-3.690937791867E0,1.156669791194E0,1.847989094993E1));
#2878=CARTESIAN_POINT('',(-3.722712506355E0,-1.049913512414E0,
1.861801594993E1));
#2879=CARTESIAN_POINT('',(-2.542683500277E0,-2.914732818051E0,
1.875614094993E1));
#2880=CARTESIAN_POINT('',(-5.349694839386E-1,-3.830758995082E0,
1.889426594993E1));
#2881=CARTESIAN_POINT('',(1.646885825568E0,-3.499810524038E0,1.903239094993E1));
#2882=CARTESIAN_POINT('',(3.292652942985E0,-2.029616679254E0,1.917051594993E1));
#2883=CARTESIAN_POINT('',(3.866607595507E0,1.012509605120E-1,1.930864094993E1));
#2884=CARTESIAN_POINT('',(3.181918904503E0,2.199158200737E0,1.944676594993E1));
#2885=CARTESIAN_POINT('',(1.461461479223E0,3.581209344654E0,1.958489094993E1));
#2886=CARTESIAN_POINT('',(-7.347174551994E-1,3.797496654054E0,
1.972301594993E1));
#2887=CARTESIAN_POINT('',(-2.691763981212E0,2.777717778652E0,1.986114094993E1));
#2888=CARTESIAN_POINT('',(-3.772484948378E0,8.534441109056E-1,
1.999926594993E1));
#2889=CARTESIAN_POINT('',(-3.674574988989E0,-6.138595606884E-1,
2.009134928327E1));
#2890=CARTESIAN_POINT('',(-3.428659286093E0,-1.275106958547E0,
2.013739094993E1));
#2891=CARTESIAN_POINT('',(-2.908118637086E0,-2.405804964021E0,
1.557217284980E1));
#2892=CARTESIAN_POINT('',(-2.444137780584E0,-2.966661474097E0,
1.561821451646E1));
#2893=CARTESIAN_POINT('',(-1.183569304693E0,-3.811098189161E0,
1.571029784980E1));
#2894=CARTESIAN_POINT('',(1.093346148101E0,-3.838135436925E0,1.584842284980E1));
#2895=CARTESIAN_POINT('',(3.014147464266E0,-2.615540519118E0,1.598654784980E1));
#2896=CARTESIAN_POINT('',(3.953851387089E0,-5.416131453624E-1,
1.612467284980E1));
#2897=CARTESIAN_POINT('',(3.606496879123E0,1.708636561356E0,1.626279784980E1));
#2898=CARTESIAN_POINT('',(2.085172815045E0,3.402692228844E0,1.640092284980E1));
#2899=CARTESIAN_POINT('',(-1.149101494214E-1,3.989117323630E0,
1.653904784980E1));
#2900=CARTESIAN_POINT('',(-2.277587690533E0,3.277019223878E0,1.667717284980E1));
#2901=CARTESIAN_POINT('',(-3.698873318576E0,1.498197940303E0,1.681529784980E1));
#2902=CARTESIAN_POINT('',(-3.916115249188E0,-7.683112673214E-1,
1.695342284980E1));
#2903=CARTESIAN_POINT('',(-2.858597712561E0,-2.784722602311E0,
1.709154784980E1));
#2904=CARTESIAN_POINT('',(-8.705599314394E-1,-3.894661251081E0,
1.722967284980E1));
#2905=CARTESIAN_POINT('',(1.400859325228E0,-3.736824053263E0,1.736779784980E1));
#2906=CARTESIAN_POINT('',(3.216275992353E0,-2.362589595216E0,1.750592284980E1));
#2907=CARTESIAN_POINT('',(3.984742294675E0,-2.192936373115E-1,
1.764404784980E1));
#2908=CARTESIAN_POINT('',(3.456109899984E0,1.995385981104E0,1.778217284980E1));
#2909=CARTESIAN_POINT('',(1.802457286538E0,3.560534873379E0,1.792029784980E1));
#2910=CARTESIAN_POINT('',(-4.379246119971E-1,3.966671512568E0,
1.805842284980E1));
#2911=CARTESIAN_POINT('',(-2.535754896984E0,3.081591789408E0,1.819654784980E1));
#2912=CARTESIAN_POINT('',(-3.808155548291E0,1.193403609397E0,1.833467284980E1));
#2913=CARTESIAN_POINT('',(-3.840939372375E0,-1.083256937122E0,
1.847279784980E1));
#2914=CARTESIAN_POINT('',(-2.623434700108E0,-3.007299656284E0,
1.861092284980E1));
#2915=CARTESIAN_POINT('',(-5.519591830878E-1,-3.952417229418E0,
1.874904784980E1));
#2916=CARTESIAN_POINT('',(1.699188051302E0,-3.610958411288E0,1.888717284980E1));
#2917=CARTESIAN_POINT('',(3.397221866230E0,-2.094073770367E0,1.902529784980E1));
#2918=CARTESIAN_POINT('',(3.989404318962E0,1.044665146872E-1,1.916342284980E1));
#2919=CARTESIAN_POINT('',(3.282971107531E0,2.268999635312E0,1.930154784980E1));
#2920=CARTESIAN_POINT('',(1.507874950637E0,3.694942316689E0,1.943967284980E1));
#2921=CARTESIAN_POINT('',(-7.580508020505E-1,3.918098534366E0,
1.957779784980E1));
#2922=CARTESIAN_POINT('',(-2.777249717492E0,2.865933257848E0,1.971592284980E1));
#2923=CARTESIAN_POINT('',(-3.892292500477E0,8.805480095770E-1,
1.985404784980E1));
#2924=CARTESIAN_POINT('',(-3.791273091289E0,-6.333546712864E-1,
1.994613118313E1));
#2925=CARTESIAN_POINT('',(-3.537547533936E0,-1.315602134925E0,
1.999217284980E1));
#2926=B_SPLINE_SURFACE_WITH_KNOTS('',3,3,((#2786,#2787,#2788,#2789,#2790,#2791,
#2792,#2793,#2794,#2795,#2796,#2797,#2798,#2799,#2800,#2801,#2802,#2803,#2804,
#2805,#2806,#2807,#2808,#2809,#2810,#2811,#2812,#2813,#2814,#2815,#2816,#2817,
#2818,#2819,#2820),(#2821,#2822,#2823,#2824,#2825,#2826,#2827,#2828,#2829,#2830,
#2831,#2832,#2833,#2834,#2835,#2836,#2837,#2838,#2839,#2840,#2841,#2842,#2843,
#2844,#2845,#2846,#2847,#2848,#2849,#2850,#2851,#2852,#2853,#2854,#2855),(#2856,
#2857,#2858,#2859,#2860,#2861,#2862,#2863,#2864,#2865,#2866,#2867,#2868,#2869,
#2870,#2871,#2872,#2873,#2874,#2875,#2876,#2877,#2878,#2879,#2880,#2881,#2882,
#2883,#2884,#2885,#2886,#2887,#2888,#2889,#2890),(#2891,#2892,#2893,#2894,#2895,
#2896,#2897,#2898,#2899,#2900,#2901,#2902,#2903,#2904,#2905,#2906,#2907,#2908,
#2909,#2910,#2911,#2912,#2913,#2914,#2915,#2916,#2917,#2918,#2919,#2920,#2921,
#2922,#2923,#2924,#2925)),.UNSPECIFIED.,.F.,.F.,.F.,(4,4),(4,1,1,1,1,1,1,1,1,1,
1,1,1,1,1,1,1,1,1,1,1,1,1,1,1,1,1,1,1,1,1,1,4),(-3.713086008085E-1,
1.371308600808E0),(-1.7E-2,1.0625E-2,3.825E-2,6.5875E-2,9.35E-2,1.21125E-1,
1.4875E-1,1.76375E-1,2.04E-1,2.31625E-1,2.5925E-1,2.86875E-1,3.145E-1,
3.42125E-1,3.6975E-1,3.97375E-1,4.25E-1,4.52625E-1,4.8025E-1,5.07875E-1,
5.355E-1,5.63125E-1,5.9075E-1,6.18375E-1,6.46E-1,6.73625E-1,7.0125E-1,
7.28875E-1,7.565E-1,7.84125E-1,8.1175E-1,8.39375E-1,8.67E-1),.UNSPECIFIED.);
#2927=ORIENTED_EDGE('',*,*,#2284,.F.);
#2928=ORIENTED_EDGE('',*,*,#2270,.F.);
#2929=ORIENTED_EDGE('',*,*,#1659,.F.);
#2930=ORIENTED_EDGE('',*,*,#1735,.F.);
#2931=ORIENTED_EDGE('',*,*,#1338,.F.);
#2932=ORIENTED_EDGE('',*,*,#1786,.F.);
#2933=ORIENTED_EDGE('',*,*,#1322,.F.);
#2934=ORIENTED_EDGE('',*,*,#1804,.F.);
#2935=EDGE_LOOP('',(#2927,#2928,#2929,#2930,#2931,#2932,#2933,#2934));
#2936=FACE_OUTER_BOUND('',#2935,.F.);
#2937=ADVANCED_FACE('',(#2936),#2926,.T.);
#2941=DIMENSIONAL_EXPONENTS(0.E0,0.E0,0.E0,0.E0,0.E0,0.E0,0.E0);
#2943=PLANE_ANGLE_MEASURE_WITH_UNIT(PLANE_ANGLE_MEASURE(1.745329251994E-2),
#2942);
#2944=(CONVERSION_BASED_UNIT('DEGREE',#2943)NAMED_UNIT(*)PLANE_ANGLE_UNIT());
#2946=UNCERTAINTY_MEASURE_WITH_UNIT(LENGTH_MEASURE(9.906E-3),#2940,'closure',
'Maximum model space distance between geometric entities at asserted connectivities');
#2947=(GEOMETRIC_REPRESENTATION_CONTEXT(3)GLOBAL_UNCERTAINTY_ASSIGNED_CONTEXT((
#2946))GLOBAL_UNIT_ASSIGNED_CONTEXT((#2940,#2944,#2945))REPRESENTATION_CONTEXT(
'ID1','3'));
#2949=APPLICATION_CONTEXT(
'CONFIGURATION CONTROLLED 3D DESIGNS OF MECHANICAL PARTS AND ASSEMBLIES');
#2950=APPLICATION_PROTOCOL_DEFINITION('international standard',
'config_control_design',1994,#2949);
#2951=DESIGN_CONTEXT('',#2949,'design');
#2952=MECHANICAL_CONTEXT('',#2949,'mechanical');
#2953=PRODUCT('VISSANSFIN','VISSANSFIN','NOT SPECIFIED',(#2952));
#2954=PRODUCT_DEFINITION_FORMATION_WITH_SPECIFIED_SOURCE('1','LAST_VERSION',
#2953,.MADE.);
#2958=PRODUCT_CATEGORY('part','');
#2959=PRODUCT_RELATED_PRODUCT_CATEGORY('detail','',(#2953));
#2960=PRODUCT_CATEGORY_RELATIONSHIP('','',#2958,#2959);
#2961=SECURITY_CLASSIFICATION_LEVEL('unclassified');
#2962=SECURITY_CLASSIFICATION('','',#2961);
#2963=CC_DESIGN_SECURITY_CLASSIFICATION(#2962,(#2954));
#2964=APPROVAL_STATUS('approved');
#2965=APPROVAL(#2964,'');
#2966=CC_DESIGN_APPROVAL(#2965,(#2962,#2954,#2955));
#2967=CALENDAR_DATE(126,15,2);
#2968=COORDINATED_UNIVERSAL_TIME_OFFSET(1,0,.AHEAD.);
#2969=LOCAL_TIME(17,3,4.E1,#2968);
#2970=DATE_AND_TIME(#2967,#2969);
#2971=APPROVAL_DATE_TIME(#2970,#2965);
#2972=DATE_TIME_ROLE('creation_date');
#2973=CC_DESIGN_DATE_AND_TIME_ASSIGNMENT(#2970,#2972,(#2955));
#2974=DATE_TIME_ROLE('classification_date');
#2975=CC_DESIGN_DATE_AND_TIME_ASSIGNMENT(#2970,#2974,(#2962));
#2976=PERSON('UNSPECIFIED','UNSPECIFIED',$,$,$,$);
#2977=ORGANIZATION('UNSPECIFIED','UNSPECIFIED','UNSPECIFIED');
#2978=PERSON_AND_ORGANIZATION(#2976,#2977);
#2979=APPROVAL_ROLE('approver');
#2980=APPROVAL_PERSON_ORGANIZATION(#2978,#2965,#2979);
#2981=PERSON_AND_ORGANIZATION_ROLE('creator');
#2982=CC_DESIGN_PERSON_AND_ORGANIZATION_ASSIGNMENT(#2978,#2981,(#2954,#2955));
#2983=PERSON_AND_ORGANIZATION_ROLE('design_supplier');
#2984=CC_DESIGN_PERSON_AND_ORGANIZATION_ASSIGNMENT(#2978,#2983,(#2954));
#2985=PERSON_AND_ORGANIZATION_ROLE('classification_officer');
#2986=CC_DESIGN_PERSON_AND_ORGANIZATION_ASSIGNMENT(#2978,#2985,(#2962));
#2987=PERSON_AND_ORGANIZATION_ROLE('design_owner');
#2988=CC_DESIGN_PERSON_AND_ORGANIZATION_ASSIGNMENT(#2978,#2987,(#2953));
#5=CIRCLE('',#4,3.5E0);
#10=CIRCLE('',#9,3.5E0);
#15=CIRCLE('',#14,2.5E0);
#20=CIRCLE('',#19,2.5E0);
#31=B_SPLINE_CURVE_WITH_KNOTS('',3,(#21,#22,#23,#24,#25,#26,#27,#28,#29,#30),
.UNSPECIFIED.,.F.,.F.,(4,1,1,1,1,1,1,4),(0.E0,1.428571428571E-1,
2.857142857143E-1,4.285714285714E-1,5.714285714286E-1,7.142857142857E-1,
8.571428571429E-1,1.E0),.UNSPECIFIED.);
#48=B_SPLINE_CURVE_WITH_KNOTS('',3,(#36,#37,#38,#39,#40,#41,#42,#43,#44,#45,#46,
#47),.UNSPECIFIED.,.F.,.F.,(4,1,1,1,1,1,1,1,1,4),(0.E0,1.111111111111E-1,
2.222222222222E-1,3.333333333333E-1,4.444444444444E-1,5.555555555556E-1,
6.666666666667E-1,7.777777777778E-1,8.888888888889E-1,1.E0),.UNSPECIFIED.);
#56=B_SPLINE_CURVE_WITH_KNOTS('',3,(#49,#50,#51,#52,#53,#54,#55),.UNSPECIFIED.,
.F.,.F.,(4,1,1,1,4),(0.E0,2.5E-1,5.E-1,7.5E-1,1.E0),.UNSPECIFIED.);
#69=B_SPLINE_CURVE_WITH_KNOTS('',3,(#57,#58,#59,#60,#61,#62,#63,#64,#65,#66,#67,
#68),.UNSPECIFIED.,.F.,.F.,(4,1,1,1,1,1,1,1,1,4),(0.E0,1.111111111111E-1,
2.222222222222E-1,3.333333333333E-1,4.444444444444E-1,5.555555555556E-1,
6.666666666667E-1,7.777777777778E-1,8.888888888889E-1,1.E0),.UNSPECIFIED.);
#86=B_SPLINE_CURVE_WITH_KNOTS('',3,(#74,#75,#76,#77,#78,#79,#80,#81,#82,#83,#84,
#85),.UNSPECIFIED.,.F.,.F.,(4,1,1,1,1,1,1,1,1,4),(0.E0,1.111111111111E-1,
2.222222222222E-1,3.333333333333E-1,4.444444444444E-1,5.555555555556E-1,
6.666666666667E-1,7.777777777778E-1,8.888888888889E-1,1.E0),.UNSPECIFIED.);
#99=B_SPLINE_CURVE_WITH_KNOTS('',3,(#87,#88,#89,#90,#91,#92,#93,#94,#95,#96,#97,
#98),.UNSPECIFIED.,.F.,.F.,(4,1,1,1,1,1,1,1,1,4),(0.E0,1.111111111111E-1,
2.222222222222E-1,3.333333333333E-1,4.444444444444E-1,5.555555555556E-1,
6.666666666667E-1,7.777777777778E-1,8.888888888889E-1,1.E0),.UNSPECIFIED.);
#116=B_SPLINE_CURVE_WITH_KNOTS('',3,(#104,#105,#106,#107,#108,#109,#110,#111,
#112,#113,#114,#115),.UNSPECIFIED.,.F.,.F.,(4,1,1,1,1,1,1,1,1,4),(0.E0,
1.111111111111E-1,2.222222222222E-1,3.333333333333E-1,4.444444444444E-1,
5.555555555556E-1,6.666666666667E-1,7.777777777778E-1,8.888888888889E-1,1.E0),
.UNSPECIFIED.);
#129=B_SPLINE_CURVE_WITH_KNOTS('',3,(#117,#118,#119,#120,#121,#122,#123,#124,
#125,#126,#127,#128),.UNSPECIFIED.,.F.,.F.,(4,1,1,1,1,1,1,1,1,4),(0.E0,
1.111111111111E-1,2.222222222222E-1,3.333333333333E-1,4.444444444444E-1,
5.555555555556E-1,6.666666666667E-1,7.777777777778E-1,8.888888888889E-1,1.E0),
.UNSPECIFIED.);
#144=B_SPLINE_CURVE_WITH_KNOTS('',3,(#134,#135,#136,#137,#138,#139,#140,#141,
#142,#143),.UNSPECIFIED.,.F.,.F.,(4,1,1,1,1,1,1,4),(0.E0,1.428571428571E-1,
2.857142857143E-1,4.285714285714E-1,5.714285714286E-1,7.142857142857E-1,
8.571428571429E-1,1.E0),.UNSPECIFIED.);
#152=B_SPLINE_CURVE_WITH_KNOTS('',3,(#145,#146,#147,#148,#149,#150,#151),
.UNSPECIFIED.,.F.,.F.,(4,1,1,1,4),(0.E0,2.5E-1,5.E-1,7.5E-1,1.E0),
.UNSPECIFIED.);
#165=B_SPLINE_CURVE_WITH_KNOTS('',3,(#153,#154,#155,#156,#157,#158,#159,#160,
#161,#162,#163,#164),.UNSPECIFIED.,.F.,.F.,(4,1,1,1,1,1,1,1,1,4),(0.E0,
1.111111111111E-1,2.222222222222E-1,3.333333333333E-1,4.444444444444E-1,
5.555555555556E-1,6.666666666667E-1,7.777777777778E-1,8.888888888889E-1,1.E0),
.UNSPECIFIED.);
#182=B_SPLINE_CURVE_WITH_KNOTS('',3,(#170,#171,#172,#173,#174,#175,#176,#177,
#178,#179,#180,#181),.UNSPECIFIED.,.F.,.F.,(4,1,1,1,1,1,1,1,1,4),(0.E0,
1.111111111111E-1,2.222222222222E-1,3.333333333333E-1,4.444444444444E-1,
5.555555555556E-1,6.666666666667E-1,7.777777777778E-1,8.888888888889E-1,1.E0),
.UNSPECIFIED.);
#199=B_SPLINE_CURVE_WITH_KNOTS('',3,(#187,#188,#189,#190,#191,#192,#193,#194,
#195,#196,#197,#198),.UNSPECIFIED.,.F.,.F.,(4,1,1,1,1,1,1,1,1,4),(0.E0,
1.111111111111E-1,2.222222222222E-1,3.333333333333E-1,4.444444444444E-1,
5.555555555556E-1,6.666666666667E-1,7.777777777778E-1,8.888888888889E-1,1.E0),
.UNSPECIFIED.);
#212=B_SPLINE_CURVE_WITH_KNOTS('',3,(#200,#201,#202,#203,#204,#205,#206,#207,
#208,#209,#210,#211),.UNSPECIFIED.,.F.,.F.,(4,1,1,1,1,1,1,1,1,4),(0.E0,
1.111111111111E-1,2.222222222222E-1,3.333333333333E-1,4.444444444444E-1,
5.555555555556E-1,6.666666666667E-1,7.777777777778E-1,8.888888888889E-1,1.E0),
.UNSPECIFIED.);
#229=B_SPLINE_CURVE_WITH_KNOTS('',3,(#217,#218,#219,#220,#221,#222,#223,#224,
#225,#226,#227,#228),.UNSPECIFIED.,.F.,.F.,(4,1,1,1,1,1,1,1,1,4),(0.E0,
1.111111111111E-1,2.222222222222E-1,3.333333333333E-1,4.444444444444E-1,
5.555555555556E-1,6.666666666667E-1,7.777777777778E-1,8.888888888889E-1,1.E0),
.UNSPECIFIED.);
#242=B_SPLINE_CURVE_WITH_KNOTS('',3,(#230,#231,#232,#233,#234,#235,#236,#237,
#238,#239,#240,#241),.UNSPECIFIED.,.F.,.F.,(4,1,1,1,1,1,1,1,1,4),(0.E0,
1.111111111111E-1,2.222222222222E-1,3.333333333333E-1,4.444444444444E-1,
5.555555555556E-1,6.666666666667E-1,7.777777777778E-1,8.888888888889E-1,1.E0),
.UNSPECIFIED.);
#259=B_SPLINE_CURVE_WITH_KNOTS('',3,(#247,#248,#249,#250,#251,#252,#253,#254,
#255,#256,#257,#258),.UNSPECIFIED.,.F.,.F.,(4,1,1,1,1,1,1,1,1,4),(0.E0,
1.111111111111E-1,2.222222222222E-1,3.333333333333E-1,4.444444444444E-1,
5.555555555556E-1,6.666666666667E-1,7.777777777778E-1,8.888888888889E-1,1.E0),
.UNSPECIFIED.);
#272=B_SPLINE_CURVE_WITH_KNOTS('',3,(#260,#261,#262,#263,#264,#265,#266,#267,
#268,#269,#270,#271),.UNSPECIFIED.,.F.,.F.,(4,1,1,1,1,1,1,1,1,4),(0.E0,
1.111111111111E-1,2.222222222222E-1,3.333333333333E-1,4.444444444444E-1,
5.555555555556E-1,6.666666666667E-1,7.777777777778E-1,8.888888888889E-1,1.E0),
.UNSPECIFIED.);
#289=B_SPLINE_CURVE_WITH_KNOTS('',3,(#277,#278,#279,#280,#281,#282,#283,#284,
#285,#286,#287,#288),.UNSPECIFIED.,.F.,.F.,(4,1,1,1,1,1,1,1,1,4),(0.E0,
1.111111111111E-1,2.222222222222E-1,3.333333333333E-1,4.444444444444E-1,
5.555555555556E-1,6.666666666667E-1,7.777777777778E-1,8.888888888889E-1,1.E0),
.UNSPECIFIED.);
#302=B_SPLINE_CURVE_WITH_KNOTS('',3,(#290,#291,#292,#293,#294,#295,#296,#297,
#298,#299,#300,#301),.UNSPECIFIED.,.F.,.F.,(4,1,1,1,1,1,1,1,1,4),(0.E0,
1.111111111111E-1,2.222222222222E-1,3.333333333333E-1,4.444444444444E-1,
5.555555555556E-1,6.666666666667E-1,7.777777777778E-1,8.888888888889E-1,1.E0),
.UNSPECIFIED.);
#319=B_SPLINE_CURVE_WITH_KNOTS('',3,(#307,#308,#309,#310,#311,#312,#313,#314,
#315,#316,#317,#318),.UNSPECIFIED.,.F.,.F.,(4,1,1,1,1,1,1,1,1,4),(0.E0,
1.111111111111E-1,2.222222222222E-1,3.333333333333E-1,4.444444444444E-1,
5.555555555556E-1,6.666666666667E-1,7.777777777778E-1,8.888888888889E-1,1.E0),
.UNSPECIFIED.);
#344=B_SPLINE_CURVE_WITH_KNOTS('',3,(#332,#333,#334,#335,#336,#337,#338,#339,
#340,#341,#342,#343),.UNSPECIFIED.,.F.,.F.,(4,1,1,1,1,1,1,1,1,4),(0.E0,
1.111111111111E-1,2.222222222222E-1,3.333333333333E-1,4.444444444444E-1,
5.555555555556E-1,6.666666666667E-1,7.777777777778E-1,8.888888888889E-1,1.E0),
.UNSPECIFIED.);
#357=B_SPLINE_CURVE_WITH_KNOTS('',3,(#345,#346,#347,#348,#349,#350,#351,#352,
#353,#354,#355,#356),.UNSPECIFIED.,.F.,.F.,(4,1,1,1,1,1,1,1,1,4),(0.E0,
1.111111111111E-1,2.222222222222E-1,3.333333333333E-1,4.444444444444E-1,
5.555555555556E-1,6.666666666667E-1,7.777777777778E-1,8.888888888889E-1,1.E0),
.UNSPECIFIED.);
#374=B_SPLINE_CURVE_WITH_KNOTS('',3,(#362,#363,#364,#365,#366,#367,#368,#369,
#370,#371,#372,#373),.UNSPECIFIED.,.F.,.F.,(4,1,1,1,1,1,1,1,1,4),(0.E0,
1.111111111111E-1,2.222222222222E-1,3.333333333333E-1,4.444444444444E-1,
5.555555555556E-1,6.666666666667E-1,7.777777777778E-1,8.888888888889E-1,1.E0),
.UNSPECIFIED.);
#387=B_SPLINE_CURVE_WITH_KNOTS('',3,(#375,#376,#377,#378,#379,#380,#381,#382,
#383,#384,#385,#386),.UNSPECIFIED.,.F.,.F.,(4,1,1,1,1,1,1,1,1,4),(0.E0,
1.111111111111E-1,2.222222222222E-1,3.333333333333E-1,4.444444444444E-1,
5.555555555556E-1,6.666666666667E-1,7.777777777778E-1,8.888888888889E-1,1.E0),
.UNSPECIFIED.);
#404=B_SPLINE_CURVE_WITH_KNOTS('',3,(#392,#393,#394,#395,#396,#397,#398,#399,
#400,#401,#402,#403),.UNSPECIFIED.,.F.,.F.,(4,1,1,1,1,1,1,1,1,4),(0.E0,
1.111111111111E-1,2.222222222222E-1,3.333333333333E-1,4.444444444444E-1,
5.555555555556E-1,6.666666666667E-1,7.777777777778E-1,8.888888888889E-1,1.E0),
.UNSPECIFIED.);
#417=B_SPLINE_CURVE_WITH_KNOTS('',3,(#405,#406,#407,#408,#409,#410,#411,#412,
#413,#414,#415,#416),.UNSPECIFIED.,.F.,.F.,(4,1,1,1,1,1,1,1,1,4),(0.E0,
1.111111111111E-1,2.222222222222E-1,3.333333333333E-1,4.444444444444E-1,
5.555555555556E-1,6.666666666667E-1,7.777777777778E-1,8.888888888889E-1,1.E0),
.UNSPECIFIED.);
#434=B_SPLINE_CURVE_WITH_KNOTS('',3,(#422,#423,#424,#425,#426,#427,#428,#429,
#430,#431,#432,#433),.UNSPECIFIED.,.F.,.F.,(4,1,1,1,1,1,1,1,1,4),(0.E0,
1.111111111111E-1,2.222222222222E-1,3.333333333333E-1,4.444444444444E-1,
5.555555555556E-1,6.666666666667E-1,7.777777777778E-1,8.888888888889E-1,1.E0),
.UNSPECIFIED.);
#442=B_SPLINE_CURVE_WITH_KNOTS('',3,(#435,#436,#437,#438,#439,#440,#441),
.UNSPECIFIED.,.F.,.F.,(4,1,1,1,4),(0.E0,2.5E-1,5.E-1,7.5E-1,1.E0),
.UNSPECIFIED.);
#459=B_SPLINE_CURVE_WITH_KNOTS('',3,(#447,#448,#449,#450,#451,#452,#453,#454,
#455,#456,#457,#458),.UNSPECIFIED.,.F.,.F.,(4,1,1,1,1,1,1,1,1,4),(0.E0,
1.111111111111E-1,2.222222222222E-1,3.333333333333E-1,4.444444444444E-1,
5.555555555556E-1,6.666666666667E-1,7.777777777778E-1,8.888888888889E-1,1.E0),
.UNSPECIFIED.);
#470=B_SPLINE_CURVE_WITH_KNOTS('',3,(#460,#461,#462,#463,#464,#465,#466,#467,
#468,#469),.UNSPECIFIED.,.F.,.F.,(4,1,1,1,1,1,1,4),(0.E0,1.428571428571E-1,
2.857142857143E-1,4.285714285714E-1,5.714285714286E-1,7.142857142857E-1,
8.571428571429E-1,1.E0),.UNSPECIFIED.);
#483=B_SPLINE_CURVE_WITH_KNOTS('',3,(#471,#472,#473,#474,#475,#476,#477,#478,
#479,#480,#481,#482),.UNSPECIFIED.,.F.,.F.,(4,1,1,1,1,1,1,1,1,4),(0.E0,
1.111111111111E-1,2.222222222222E-1,3.333333333333E-1,4.444444444444E-1,
5.555555555556E-1,6.666666666667E-1,7.777777777778E-1,8.888888888889E-1,1.E0),
.UNSPECIFIED.);
#500=B_SPLINE_CURVE_WITH_KNOTS('',3,(#488,#489,#490,#491,#492,#493,#494,#495,
#496,#497,#498,#499),.UNSPECIFIED.,.F.,.F.,(4,1,1,1,1,1,1,1,1,4),(0.E0,
1.111111111111E-1,2.222222222222E-1,3.333333333333E-1,4.444444444444E-1,
5.555555555556E-1,6.666666666667E-1,7.777777777778E-1,8.888888888889E-1,1.E0),
.UNSPECIFIED.);
#513=B_SPLINE_CURVE_WITH_KNOTS('',3,(#501,#502,#503,#504,#505,#506,#507,#508,
#509,#510,#511,#512),.UNSPECIFIED.,.F.,.F.,(4,1,1,1,1,1,1,1,1,4),(0.E0,
1.111111111111E-1,2.222222222222E-1,3.333333333333E-1,4.444444444444E-1,
5.555555555556E-1,6.666666666667E-1,7.777777777778E-1,8.888888888889E-1,1.E0),
.UNSPECIFIED.);
#530=B_SPLINE_CURVE_WITH_KNOTS('',3,(#518,#519,#520,#521,#522,#523,#524,#525,
#526,#527,#528,#529),.UNSPECIFIED.,.F.,.F.,(4,1,1,1,1,1,1,1,1,4),(0.E0,
1.111111111111E-1,2.222222222222E-1,3.333333333333E-1,4.444444444444E-1,
5.555555555556E-1,6.666666666667E-1,7.777777777778E-1,8.888888888889E-1,1.E0),
.UNSPECIFIED.);
#543=B_SPLINE_CURVE_WITH_KNOTS('',3,(#531,#532,#533,#534,#535,#536,#537,#538,
#539,#540,#541,#542),.UNSPECIFIED.,.F.,.F.,(4,1,1,1,1,1,1,1,1,4),(0.E0,
1.111111111111E-1,2.222222222222E-1,3.333333333333E-1,4.444444444444E-1,
5.555555555556E-1,6.666666666667E-1,7.777777777778E-1,8.888888888889E-1,1.E0),
.UNSPECIFIED.);
#555=B_SPLINE_CURVE_WITH_KNOTS('',3,(#548,#549,#550,#551,#552,#553,#554),
.UNSPECIFIED.,.F.,.F.,(4,1,1,1,4),(0.E0,2.5E-1,5.E-1,7.5E-1,1.E0),
.UNSPECIFIED.);
#566=B_SPLINE_CURVE_WITH_KNOTS('',3,(#556,#557,#558,#559,#560,#561,#562,#563,
#564,#565),.UNSPECIFIED.,.F.,.F.,(4,1,1,1,1,1,1,4),(0.E0,1.428571428571E-1,
2.857142857143E-1,4.285714285714E-1,5.714285714286E-1,7.142857142857E-1,
8.571428571429E-1,1.E0),.UNSPECIFIED.);
#579=B_SPLINE_CURVE_WITH_KNOTS('',3,(#567,#568,#569,#570,#571,#572,#573,#574,
#575,#576,#577,#578),.UNSPECIFIED.,.F.,.F.,(4,1,1,1,1,1,1,1,1,4),(0.E0,
1.111111111111E-1,2.222222222222E-1,3.333333333333E-1,4.444444444444E-1,
5.555555555556E-1,6.666666666667E-1,7.777777777778E-1,8.888888888889E-1,1.E0),
.UNSPECIFIED.);
#596=B_SPLINE_CURVE_WITH_KNOTS('',3,(#584,#585,#586,#587,#588,#589,#590,#591,
#592,#593,#594,#595),.UNSPECIFIED.,.F.,.F.,(4,1,1,1,1,1,1,1,1,4),(0.E0,
1.111111111111E-1,2.222222222222E-1,3.333333333333E-1,4.444444444444E-1,
5.555555555556E-1,6.666666666667E-1,7.777777777778E-1,8.888888888889E-1,1.E0),
.UNSPECIFIED.);
#609=B_SPLINE_CURVE_WITH_KNOTS('',3,(#597,#598,#599,#600,#601,#602,#603,#604,
#605,#606,#607,#608),.UNSPECIFIED.,.F.,.F.,(4,1,1,1,1,1,1,1,1,4),(0.E0,
1.111111111111E-1,2.222222222222E-1,3.333333333333E-1,4.444444444444E-1,
5.555555555556E-1,6.666666666667E-1,7.777777777778E-1,8.888888888889E-1,1.E0),
.UNSPECIFIED.);
#628=B_SPLINE_CURVE_WITH_KNOTS('',3,(#610,#611,#612,#613,#614,#615,#616,#617,
#618,#619,#620,#621,#622,#623,#624,#625,#626,#627),.UNSPECIFIED.,.F.,.F.,(4,1,1,
1,1,1,1,1,1,1,1,1,1,1,1,4),(0.E0,6.666666666667E-2,1.333333333333E-1,2.E-1,
2.666666666667E-1,3.333333333333E-1,4.E-1,4.666666666667E-1,5.333333333333E-1,
6.E-1,6.666666666667E-1,7.333333333333E-1,8.E-1,8.666666666667E-1,
9.333333333333E-1,1.E0),.UNSPECIFIED.);
#708=B_SPLINE_CURVE_WITH_KNOTS('',3,(#645,#646,#647,#648,#649,#650,#651,#652,
#653,#654,#655,#656,#657,#658,#659,#660,#661,#662,#663,#664,#665,#666,#667,#668,
#669,#670,#671,#672,#673,#674,#675,#676,#677,#678,#679,#680,#681,#682,#683,#684,
#685,#686,#687,#688,#689,#690,#691,#692,#693,#694,#695,#696,#697,#698,#699,#700,
#701,#702,#703,#704,#705,#706,#707),.UNSPECIFIED.,.F.,.F.,(4,1,1,1,1,1,1,1,1,1,
1,1,1,1,1,1,1,1,1,1,1,1,1,1,1,1,1,1,1,1,1,1,1,1,1,1,1,1,1,1,1,1,1,1,1,1,1,1,1,1,
1,1,1,1,1,1,1,1,1,1,4),(0.E0,1.666666666667E-2,3.333333333333E-2,5.E-2,
6.666666666667E-2,8.333333333333E-2,1.E-1,1.166666666667E-1,1.333333333333E-1,
1.5E-1,1.666666666667E-1,1.833333333333E-1,2.E-1,2.166666666667E-1,
2.333333333333E-1,2.5E-1,2.666666666667E-1,2.833333333333E-1,3.E-1,
3.166666666667E-1,3.333333333333E-1,3.5E-1,3.666666666667E-1,3.833333333333E-1,
4.E-1,4.166666666667E-1,4.333333333333E-1,4.5E-1,4.666666666667E-1,
4.833333333333E-1,5.E-1,5.166666666667E-1,5.333333333333E-1,5.5E-1,
5.666666666667E-1,5.833333333333E-1,6.E-1,6.166666666667E-1,6.333333333333E-1,
6.5E-1,6.666666666667E-1,6.833333333333E-1,7.E-1,7.166666666667E-1,
7.333333333333E-1,7.5E-1,7.666666666667E-1,7.833333333333E-1,8.E-1,
8.166666666667E-1,8.333333333333E-1,8.5E-1,8.666666666667E-1,8.833333333333E-1,
9.E-1,9.166666666667E-1,9.333333333333E-1,9.5E-1,9.666666666667E-1,
9.833333333333E-1,1.E0),.UNSPECIFIED.);
#776=B_SPLINE_CURVE_WITH_KNOTS('',3,(#713,#714,#715,#716,#717,#718,#719,#720,
#721,#722,#723,#724,#725,#726,#727,#728,#729,#730,#731,#732,#733,#734,#735,#736,
#737,#738,#739,#740,#741,#742,#743,#744,#745,#746,#747,#748,#749,#750,#751,#752,
#753,#754,#755,#756,#757,#758,#759,#760,#761,#762,#763,#764,#765,#766,#767,#768,
#769,#770,#771,#772,#773,#774,#775),.UNSPECIFIED.,.F.,.F.,(4,1,1,1,1,1,1,1,1,1,
1,1,1,1,1,1,1,1,1,1,1,1,1,1,1,1,1,1,1,1,1,1,1,1,1,1,1,1,1,1,1,1,1,1,1,1,1,1,1,1,
1,1,1,1,1,1,1,1,1,1,4),(0.E0,1.666666666667E-2,3.333333333333E-2,5.E-2,
6.666666666667E-2,8.333333333333E-2,1.E-1,1.166666666667E-1,1.333333333333E-1,
1.5E-1,1.666666666667E-1,1.833333333333E-1,2.E-1,2.166666666667E-1,
2.333333333333E-1,2.5E-1,2.666666666667E-1,2.833333333333E-1,3.E-1,
3.166666666667E-1,3.333333333333E-1,3.5E-1,3.666666666667E-1,3.833333333333E-1,
4.E-1,4.166666666667E-1,4.333333333333E-1,4.5E-1,4.666666666667E-1,
4.833333333333E-1,5.E-1,5.166666666667E-1,5.333333333333E-1,5.5E-1,
5.666666666667E-1,5.833333333333E-1,6.E-1,6.166666666667E-1,6.333333333333E-1,
6.5E-1,6.666666666667E-1,6.833333333333E-1,7.E-1,7.166666666667E-1,
7.333333333333E-1,7.5E-1,7.666666666667E-1,7.833333333333E-1,8.E-1,
8.166666666667E-1,8.333333333333E-1,8.5E-1,8.666666666667E-1,8.833333333333E-1,
9.E-1,9.166666666667E-1,9.333333333333E-1,9.5E-1,9.666666666667E-1,
9.833333333333E-1,1.E0),.UNSPECIFIED.);
#791=B_SPLINE_CURVE_WITH_KNOTS('',3,(#777,#778,#779,#780,#781,#782,#783,#784,
#785,#786,#787,#788,#789,#790),.UNSPECIFIED.,.F.,.F.,(4,1,1,1,1,1,1,1,1,1,1,4),(
0.E0,9.090909090909E-2,1.818181818182E-1,2.727272727273E-1,3.636363636364E-1,
4.545454545455E-1,5.454545454545E-1,6.363636363636E-1,7.272727272727E-1,
8.181818181818E-1,9.090909090909E-1,1.E0),.UNSPECIFIED.);
#850=B_SPLINE_CURVE_WITH_KNOTS('',3,(#796,#797,#798,#799,#800,#801,#802,#803,
#804,#805,#806,#807,#808,#809,#810,#811,#812,#813,#814,#815,#816,#817,#818,#819,
#820,#821,#822,#823,#824,#825,#826,#827,#828,#829,#830,#831,#832,#833,#834,#835,
#836,#837,#838,#839,#840,#841,#842,#843,#844,#845,#846,#847,#848,#849),
.UNSPECIFIED.,.F.,.F.,(4,1,1,1,1,1,1,1,1,1,1,1,1,1,1,1,1,1,1,1,1,1,1,1,1,1,1,1,
1,1,1,1,1,1,1,1,1,1,1,1,1,1,1,1,1,1,1,1,1,1,1,4),(0.E0,1.960784313725E-2,
3.921568627451E-2,5.882352941176E-2,7.843137254902E-2,9.803921568627E-2,
1.176470588235E-1,1.372549019608E-1,1.568627450980E-1,1.764705882353E-1,
1.960784313725E-1,2.156862745098E-1,2.352941176471E-1,2.549019607843E-1,
2.745098039216E-1,2.941176470588E-1,3.137254901961E-1,3.333333333333E-1,
3.529411764706E-1,3.725490196078E-1,3.921568627451E-1,4.117647058824E-1,
4.313725490196E-1,4.509803921569E-1,4.705882352941E-1,4.901960784314E-1,
5.098039215686E-1,5.294117647059E-1,5.490196078431E-1,5.686274509804E-1,
5.882352941176E-1,6.078431372549E-1,6.274509803922E-1,6.470588235294E-1,
6.666666666667E-1,6.862745098039E-1,7.058823529412E-1,7.254901960784E-1,
7.450980392157E-1,7.647058823529E-1,7.843137254902E-1,8.039215686275E-1,
8.235294117647E-1,8.431372549020E-1,8.627450980392E-1,8.823529411765E-1,
9.019607843137E-1,9.215686274510E-1,9.411764705882E-1,9.607843137255E-1,
9.803921568627E-1,1.E0),.UNSPECIFIED.);
#855=CIRCLE('',#854,2.5E0);
#860=CIRCLE('',#859,2.5E0);
#865=CIRCLE('',#864,3.5E0);
#883=B_SPLINE_CURVE_WITH_KNOTS('',3,(#874,#875,#876,#877,#878,#879,#880,#881,
#882),.UNSPECIFIED.,.F.,.F.,(4,1,1,1,1,1,4),(0.E0,1.666666666667E-1,
3.333333333333E-1,5.E-1,6.666666666667E-1,8.333333333333E-1,1.E0),
.UNSPECIFIED.);
#948=B_SPLINE_CURVE_WITH_KNOTS('',3,(#888,#889,#890,#891,#892,#893,#894,#895,
#896,#897,#898,#899,#900,#901,#902,#903,#904,#905,#906,#907,#908,#909,#910,#911,
#912,#913,#914,#915,#916,#917,#918,#919,#920,#921,#922,#923,#924,#925,#926,#927,
#928,#929,#930,#931,#932,#933,#934,#935,#936,#937,#938,#939,#940,#941,#942,#943,
#944,#945,#946,#947),.UNSPECIFIED.,.F.,.F.,(4,1,1,1,1,1,1,1,1,1,1,1,1,1,1,1,1,1,
1,1,1,1,1,1,1,1,1,1,1,1,1,1,1,1,1,1,1,1,1,1,1,1,1,1,1,1,1,1,1,1,1,1,1,1,1,1,1,
4),(0.E0,1.754385964912E-2,3.508771929825E-2,5.263157894737E-2,
7.017543859649E-2,8.771929824561E-2,1.052631578947E-1,1.228070175439E-1,
1.403508771930E-1,1.578947368421E-1,1.754385964912E-1,1.929824561404E-1,
2.105263157895E-1,2.280701754386E-1,2.456140350877E-1,2.631578947368E-1,
2.807017543860E-1,2.982456140351E-1,3.157894736842E-1,3.333333333333E-1,
3.508771929825E-1,3.684210526316E-1,3.859649122807E-1,4.035087719298E-1,
4.210526315789E-1,4.385964912281E-1,4.561403508772E-1,4.736842105263E-1,
4.912280701754E-1,5.087719298246E-1,5.263157894737E-1,5.438596491228E-1,
5.614035087719E-1,5.789473684211E-1,5.964912280702E-1,6.140350877193E-1,
6.315789473684E-1,6.491228070175E-1,6.666666666667E-1,6.842105263158E-1,
7.017543859649E-1,7.192982456140E-1,7.368421052632E-1,7.543859649123E-1,
7.719298245614E-1,7.894736842105E-1,8.070175438596E-1,8.245614035088E-1,
8.421052631579E-1,8.596491228070E-1,8.771929824561E-1,8.947368421053E-1,
9.122807017544E-1,9.298245614035E-1,9.473684210526E-1,9.649122807018E-1,
9.824561403509E-1,1.E0),.UNSPECIFIED.);
#1016=B_SPLINE_CURVE_WITH_KNOTS('',3,(#953,#954,#955,#956,#957,#958,#959,#960,
#961,#962,#963,#964,#965,#966,#967,#968,#969,#970,#971,#972,#973,#974,#975,#976,
#977,#978,#979,#980,#981,#982,#983,#984,#985,#986,#987,#988,#989,#990,#991,#992,
#993,#994,#995,#996,#997,#998,#999,#1000,#1001,#1002,#1003,#1004,#1005,#1006,
#1007,#1008,#1009,#1010,#1011,#1012,#1013,#1014,#1015),.UNSPECIFIED.,.F.,.F.,(4,
1,1,1,1,1,1,1,1,1,1,1,1,1,1,1,1,1,1,1,1,1,1,1,1,1,1,1,1,1,1,1,1,1,1,1,1,1,1,1,1,
1,1,1,1,1,1,1,1,1,1,1,1,1,1,1,1,1,1,1,4),(0.E0,1.666666666667E-2,
3.333333333333E-2,5.E-2,6.666666666667E-2,8.333333333333E-2,1.E-1,
1.166666666667E-1,1.333333333333E-1,1.5E-1,1.666666666667E-1,1.833333333333E-1,
2.E-1,2.166666666667E-1,2.333333333333E-1,2.5E-1,2.666666666667E-1,
2.833333333333E-1,3.E-1,3.166666666667E-1,3.333333333333E-1,3.5E-1,
3.666666666667E-1,3.833333333333E-1,4.E-1,4.166666666667E-1,4.333333333333E-1,
4.5E-1,4.666666666667E-1,4.833333333333E-1,5.E-1,5.166666666667E-1,
5.333333333333E-1,5.5E-1,5.666666666667E-1,5.833333333333E-1,6.E-1,
6.166666666667E-1,6.333333333333E-1,6.5E-1,6.666666666667E-1,6.833333333333E-1,
7.E-1,7.166666666667E-1,7.333333333333E-1,7.5E-1,7.666666666667E-1,
7.833333333333E-1,8.E-1,8.166666666667E-1,8.333333333333E-1,8.5E-1,
8.666666666667E-1,8.833333333333E-1,9.E-1,9.166666666667E-1,9.333333333333E-1,
9.5E-1,9.666666666667E-1,9.833333333333E-1,1.E0),.UNSPECIFIED.);
#1080=B_SPLINE_CURVE_WITH_KNOTS('',3,(#1017,#1018,#1019,#1020,#1021,#1022,#1023,
#1024,#1025,#1026,#1027,#1028,#1029,#1030,#1031,#1032,#1033,#1034,#1035,#1036,
#1037,#1038,#1039,#1040,#1041,#1042,#1043,#1044,#1045,#1046,#1047,#1048,#1049,
#1050,#1051,#1052,#1053,#1054,#1055,#1056,#1057,#1058,#1059,#1060,#1061,#1062,
#1063,#1064,#1065,#1066,#1067,#1068,#1069,#1070,#1071,#1072,#1073,#1074,#1075,
#1076,#1077,#1078,#1079),.UNSPECIFIED.,.F.,.F.,(4,1,1,1,1,1,1,1,1,1,1,1,1,1,1,1,
1,1,1,1,1,1,1,1,1,1,1,1,1,1,1,1,1,1,1,1,1,1,1,1,1,1,1,1,1,1,1,1,1,1,1,1,1,1,1,1,
1,1,1,1,4),(0.E0,1.666666666667E-2,3.333333333333E-2,5.E-2,6.666666666667E-2,
8.333333333333E-2,1.E-1,1.166666666667E-1,1.333333333333E-1,1.5E-1,
1.666666666667E-1,1.833333333333E-1,2.E-1,2.166666666667E-1,2.333333333333E-1,
2.5E-1,2.666666666667E-1,2.833333333333E-1,3.E-1,3.166666666667E-1,
3.333333333333E-1,3.5E-1,3.666666666667E-1,3.833333333333E-1,4.E-1,
4.166666666667E-1,4.333333333333E-1,4.5E-1,4.666666666667E-1,4.833333333333E-1,
5.E-1,5.166666666667E-1,5.333333333333E-1,5.5E-1,5.666666666667E-1,
5.833333333333E-1,6.E-1,6.166666666667E-1,6.333333333333E-1,6.5E-1,
6.666666666667E-1,6.833333333333E-1,7.E-1,7.166666666667E-1,7.333333333333E-1,
7.5E-1,7.666666666667E-1,7.833333333333E-1,8.E-1,8.166666666667E-1,
8.333333333333E-1,8.5E-1,8.666666666667E-1,8.833333333333E-1,9.E-1,
9.166666666667E-1,9.333333333333E-1,9.5E-1,9.666666666667E-1,9.833333333333E-1,
1.E0),.UNSPECIFIED.);
#1091=B_SPLINE_CURVE_WITH_KNOTS('',3,(#1081,#1082,#1083,#1084,#1085,#1086,#1087,
#1088,#1089,#1090),.UNSPECIFIED.,.F.,.F.,(4,1,1,1,1,1,1,4),(0.E0,
1.428571428571E-1,2.857142857143E-1,4.285714285714E-1,5.714285714286E-1,
7.142857142857E-1,8.571428571429E-1,1.E0),.UNSPECIFIED.);
#1173=EDGE_CURVE('',#1098,#1099,#5,.T.);
#1175=EDGE_CURVE('',#1099,#1098,#10,.T.);
#1179=EDGE_CURVE('',#1102,#1103,#15,.T.);
#1181=EDGE_CURVE('',#1103,#1102,#20,.T.);
#1191=EDGE_CURVE('',#1124,#1125,#31,.T.);
#1193=EDGE_CURVE('',#1125,#1145,#35,.T.);
#1195=EDGE_CURVE('',#1145,#1146,#48,.T.);
#1197=EDGE_CURVE('',#1144,#1146,#487,.T.);
#1199=EDGE_CURVE('',#1144,#1124,#56,.T.);
#1209=EDGE_CURVE('',#1126,#1123,#69,.T.);
#1211=EDGE_CURVE('',#1123,#1134,#73,.T.);
#1213=EDGE_CURVE('',#1134,#1135,#86,.T.);
#1215=EDGE_CURVE('',#1126,#1135,#361,.T.);
#1225=EDGE_CURVE('',#1127,#1128,#99,.T.);
#1227=EDGE_CURVE('',#1128,#1136,#103,.T.);
#1229=EDGE_CURVE('',#1136,#1137,#116,.T.);
#1231=EDGE_CURVE('',#1127,#1137,#391,.T.);
#1241=EDGE_CURVE('',#1129,#1130,#129,.T.);
#1243=EDGE_CURVE('',#1130,#1131,#133,.T.);
#1245=EDGE_CURVE('',#1131,#1132,#144,.T.);
#1247=EDGE_CURVE('',#1132,#1149,#152,.T.);
#1249=EDGE_CURVE('',#1129,#1149,#421,.T.);
#1259=EDGE_CURVE('',#1122,#1133,#165,.T.);
#1261=EDGE_CURVE('',#1099,#1133,#331,.T.);
#1264=EDGE_CURVE('',#1098,#1122,#169,.T.);
#1274=EDGE_CURVE('',#1138,#1139,#182,.T.);
#1276=EDGE_CURVE('',#1139,#1147,#186,.T.);
#1278=EDGE_CURVE('',#1147,#1148,#199,.T.);
#1280=EDGE_CURVE('',#1138,#1148,#517,.T.);
#1290=EDGE_CURVE('',#1140,#1141,#212,.T.);
#1292=EDGE_CURVE('',#1141,#1150,#216,.T.);
#1294=EDGE_CURVE('',#1150,#1151,#229,.T.);
#1296=EDGE_CURVE('',#1140,#1151,#547,.T.);
#1306=EDGE_CURVE('',#1142,#1143,#242,.T.);
#1308=EDGE_CURVE('',#1143,#1158,#246,.T.);
#1310=EDGE_CURVE('',#1158,#1159,#259,.T.);
#1312=EDGE_CURVE('',#1142,#1159,#446,.T.);
#1322=EDGE_CURVE('',#1152,#1153,#272,.T.);
#1324=EDGE_CURVE('',#1153,#1160,#276,.T.);
#1326=EDGE_CURVE('',#1160,#1161,#289,.T.);
#1328=EDGE_CURVE('',#1152,#1161,#632,.T.);
#1338=EDGE_CURVE('',#1154,#1155,#302,.T.);
#1340=EDGE_CURVE('',#1155,#1156,#306,.T.);
#1342=EDGE_CURVE('',#1156,#1157,#319,.T.);
#1344=EDGE_CURVE('',#1154,#1157,#583,.T.);
#1491=EDGE_CURVE('',#1124,#1114,#323,.T.);
#1493=EDGE_CURVE('',#1110,#1114,#708,.T.);
#1495=EDGE_CURVE('',#1123,#1110,#636,.T.);
#1498=EDGE_CURVE('',#1128,#1126,#357,.T.);
#1501=EDGE_CURVE('',#1130,#1127,#387,.T.);
#1504=EDGE_CURVE('',#1125,#1129,#417,.T.);
#1651=EDGE_CURVE('',#1141,#1138,#513,.T.);
#1654=EDGE_CURVE('',#1143,#1140,#543,.T.);
#1657=EDGE_CURVE('',#1162,#1142,#442,.T.);
#1659=EDGE_CURVE('',#1162,#1118,#1095,.T.);
#1661=EDGE_CURVE('',#1114,#1118,#776,.T.);
#1665=EDGE_CURVE('',#1139,#1144,#483,.T.);
#1675=EDGE_CURVE('',#1122,#1123,#327,.T.);
#1680=EDGE_CURVE('',#1133,#1134,#344,.T.);
#1693=EDGE_CURVE('',#1135,#1136,#374,.T.);
#1706=EDGE_CURVE('',#1137,#1131,#404,.T.);
#1719=EDGE_CURVE('',#1149,#1145,#434,.T.);
#1732=EDGE_CURVE('',#1159,#1156,#459,.T.);
#1735=EDGE_CURVE('',#1155,#1162,#470,.T.);
#1747=EDGE_CURVE('',#1146,#1147,#500,.T.);
#1760=EDGE_CURVE('',#1148,#1150,#530,.T.);
#1773=EDGE_CURVE('',#1151,#1163,#555,.T.);
#1775=EDGE_CURVE('',#1163,#1158,#566,.T.);
#1786=EDGE_CURVE('',#1153,#1154,#579,.T.);
#1789=EDGE_CURVE('',#1157,#1160,#596,.T.);
#1800=EDGE_CURVE('',#1161,#1167,#609,.T.);
#1802=EDGE_CURVE('',#1167,#1165,#865,.T.);
#1804=EDGE_CURVE('',#1165,#1152,#628,.T.);
#1817=EDGE_CURVE('',#1110,#1111,#640,.T.);
#1819=EDGE_CURVE('',#1111,#1122,#644,.T.);
#1967=EDGE_CURVE('',#1114,#1115,#712,.T.);
#1969=EDGE_CURVE('',#1111,#1115,#1080,.T.);
#2117=EDGE_CURVE('',#1118,#1119,#795,.T.);
#2119=EDGE_CURVE('',#1115,#1119,#1016,.T.);
#2265=EDGE_CURVE('',#1166,#1164,#791,.T.);
#2267=EDGE_CURVE('',#1119,#1166,#948,.T.);
#2270=EDGE_CURVE('',#1118,#1164,#850,.T.);
#2281=EDGE_CURVE('',#1167,#1166,#883,.T.);
#2284=EDGE_CURVE('',#1164,#1165,#1091,.T.);
#2288=EDGE_CURVE('',#1106,#1107,#855,.T.);
#2290=EDGE_CURVE('',#1107,#1106,#860,.T.);
#2301=EDGE_CURVE('',#1102,#1106,#869,.T.);
#2304=EDGE_CURVE('',#1103,#1107,#873,.T.);
#2470=EDGE_CURVE('',#1119,#1163,#887,.T.);
#2620=EDGE_CURVE('',#1115,#1132,#952,.T.);
#2938=CLOSED_SHELL('',(#1185,#1203,#1219,#1235,#1253,#1268,#1284,#1300,#1316,
#1332,#1348,#1508,#1669,#1685,#1698,#1711,#1724,#1739,#1752,#1765,#1780,#1794,
#1809,#1823,#1973,#2123,#2274,#2294,#2308,#2320,#2475,#2631,#2785,#2937));
#2939=MANIFOLD_SOLID_BREP('',#2938);
#2940=(LENGTH_UNIT()NAMED_UNIT(*)SI_UNIT(.MILLI.,.METRE.));
#2942=(NAMED_UNIT(*)PLANE_ANGLE_UNIT()SI_UNIT($,.RADIAN.));
#2945=(NAMED_UNIT(*)SI_UNIT($,.STERADIAN.)SOLID_ANGLE_UNIT());
#2948=ADVANCED_BREP_SHAPE_REPRESENTATION('',(#2939),#2947);
#2955=PRODUCT_DEFINITION('design','',#2954,#2951);
#2956=PRODUCT_DEFINITION_SHAPE('','SHAPE FOR VISSANSFIN.',#2955);
#2957=SHAPE_DEFINITION_REPRESENTATION(#2956,#2948);
ENDSEC;
END-ISO-10303-21;
