ISO-10303-21;
HEADER;
FILE_DESCRIPTION(('FreeCAD Model'),'2;1');
FILE_NAME('Open CASCADE Shape Model','2026-02-27T21:44:08',(''),(''),
  'Open CASCADE STEP processor 7.8','FreeCAD','Unknown');
FILE_SCHEMA(('AUTOMOTIVE_DESIGN { 1 0 10303 214 1 1 1 1 }'));
ENDSEC;
DATA;
#1 = APPLICATION_PROTOCOL_DEFINITION('international standard',
  'automotive_design',2000,#2);
#2 = APPLICATION_CONTEXT(
  'core data for automotive mechanical design processes');
#3 = SHAPE_DEFINITION_REPRESENTATION(#4,#10);
#4 = PRODUCT_DEFINITION_SHAPE('','',#5);
#5 = PRODUCT_DEFINITION('design','',#6,#9);
#6 = PRODUCT_DEFINITION_FORMATION('','',#7);
#7 = PRODUCT('Corps','Corps','',(#8));
#8 = PRODUCT_CONTEXT('',#2,'mechanical');
#9 = PRODUCT_DEFINITION_CONTEXT('part definition',#2,'design');
#10 = ADVANCED_BREP_SHAPE_REPRESENTATION('',(#11,#15),#7969);
#11 = AXIS2_PLACEMENT_3D('',#12,#13,#14);
#12 = CARTESIAN_POINT('',(0.,0.,0.));
#13 = DIRECTION('',(0.,0.,1.));
#14 = DIRECTION('',(1.,0.,-0.));
#15 = MANIFOLD_SOLID_BREP('',#16);
#16 = CLOSED_SHELL('',(#17,#50,#135,#168,#360,#413,#430,#491,#522,#576,
    #601,#625,#678,#712,#736,#797,#822,#887,#1020,#1073,#1140,#1201,
    #1266,#1331,#1384,#1438,#1505,#1673,#1697,#1730,#1755,#1803,#1821,
    #1987,#2011,#2045,#2070,#2145,#2192,#2367,#2391,#2565,#2591,#2616,
    #2790,#2816,#2841,#2867,#2893,#2910,#2943,#2976,#3009,#3042,#3076,
    #3094,#3120,#3145,#3170,#3196,#3221,#3254,#3278,#3312,#3330,#3356,
    #3382,#3407,#3432,#3458,#3483,#3506,#3948,#3973,#4048,#4066,#4090,
    #4130,#4156,#4196,#4245,#4291,#4308,#4325,#4378,#4438,#4503,#4568,
    #4614,#4660,#4685,#4894,#4934,#4995,#5049,#5073,#5097,#5121,#5145,
    #5587,#5605,#5630,#5654,#5672,#5697,#5722,#5739,#5765,#5791,#5862,
    #5888,#5971,#5997,#6068,#6151,#6175,#6193,#6217,#6243,#6269,#6293,
    #6311,#6329,#6353,#6377,#6395,#6421,#6440,#6458,#6491,#6515,#6527,
    #6539,#6557,#6575,#6602,#6619,#6636,#6654,#6672,#6690,#6708,#6720,
    #6753,#6771,#6789,#6807,#6825,#6837,#6855,#6867,#6893,#6918,#6936,
    #6962,#6988,#7005,#7023,#7041,#7067,#7093,#7110,#7135,#7160,#7178,
    #7203,#7236,#7262,#7287,#7313,#7338,#7371,#7389,#7415,#7433,#7450,
    #7475,#7500,#7525,#7558,#7584,#7609,#7635,#7660,#7685,#7701,#7718,
    #7764,#7782,#7799,#7816,#7833,#7859,#7892,#7909,#7927,#7945,#7957));
#17 = ADVANCED_FACE('',(#18),#45,.T.);
#18 = FACE_BOUND('',#19,.T.);
#19 = EDGE_LOOP('',(#20,#30,#39));
#20 = ORIENTED_EDGE('',*,*,#21,.T.);
#21 = EDGE_CURVE('',#22,#24,#26,.T.);
#22 = VERTEX_POINT('',#23);
#23 = CARTESIAN_POINT('',(-75.,54.,-36.));
#24 = VERTEX_POINT('',#25);
#25 = CARTESIAN_POINT('',(-75.,54.354248688935,-36.));
#26 = LINE('',#27,#28);
#27 = CARTESIAN_POINT('',(-75.,50.,-36.));
#28 = VECTOR('',#29,1.);
#29 = DIRECTION('',(0.,1.,0.));
#30 = ORIENTED_EDGE('',*,*,#31,.F.);
#31 = EDGE_CURVE('',#32,#24,#34,.T.);
#32 = VERTEX_POINT('',#33);
#33 = CARTESIAN_POINT('',(-75.,54.,-35.64575131106));
#34 = CIRCLE('',#35,4.);
#35 = AXIS2_PLACEMENT_3D('',#36,#37,#38);
#36 = CARTESIAN_POINT('',(-75.,56.999999999997,-33.));
#37 = DIRECTION('',(1.,0.,0.));
#38 = DIRECTION('',(0.,-1.,0.));
#39 = ORIENTED_EDGE('',*,*,#40,.T.);
#40 = EDGE_CURVE('',#32,#22,#41,.T.);
#41 = LINE('',#42,#43);
#42 = CARTESIAN_POINT('',(-75.,54.,40.000000000002));
#43 = VECTOR('',#44,1.);
#44 = DIRECTION('',(0.,0.,-1.));
#45 = PLANE('',#46);
#46 = AXIS2_PLACEMENT_3D('',#47,#48,#49);
#47 = CARTESIAN_POINT('',(-75.,60.000000000001,1.14E-15));
#48 = DIRECTION('',(1.,0.,0.));
#49 = DIRECTION('',(0.,0.,1.));
#50 = ADVANCED_FACE('',(#51),#130,.F.);
#51 = FACE_BOUND('',#52,.F.);
#52 = EDGE_LOOP('',(#53,#54,#68,#84,#98,#106,#115,#123));
#53 = ORIENTED_EDGE('',*,*,#21,.T.);
#54 = ORIENTED_EDGE('',*,*,#55,.T.);
#55 = EDGE_CURVE('',#24,#56,#58,.T.);
#56 = VERTEX_POINT('',#57);
#57 = CARTESIAN_POINT('',(-74.94415333731,56.939352612286,
    -36.66607390862));
#58 = ( BOUNDED_CURVE() B_SPLINE_CURVE(8,(#59,#60,#61,#62,#63,#64,#65,
#66,#67),.UNSPECIFIED.,.F.,.F.) B_SPLINE_CURVE_WITH_KNOTS((9,9),(
41.787568785399,43.233037238069),.PIECEWISE_BEZIER_KNOTS.) CURVE() 
GEOMETRIC_REPRESENTATION_ITEM() RATIONAL_B_SPLINE_CURVE((1.,1.,1.,1.,1.,
1.,1.,1.,1.)) REPRESENTATION_ITEM('') );
#59 = CARTESIAN_POINT('',(-75.,54.354248688935,-36.));
#60 = CARTESIAN_POINT('',(-75.,54.671546637404,-36.18655365848));
#61 = CARTESIAN_POINT('',(-74.9901103238,55.002001637916,-36.33606405049
    ));
#62 = CARTESIAN_POINT('',(-74.97681667281,55.337175085896,
    -36.45386932578));
#63 = CARTESIAN_POINT('',(-74.96508710186,55.672069746726,
    -36.53863886726));
#64 = CARTESIAN_POINT('',(-74.95443379254,56.00554640082,-36.60568158492
    ));
#65 = CARTESIAN_POINT('',(-74.94690222307,56.336788982339,
    -36.64968511955));
#66 = CARTESIAN_POINT('',(-74.94424976065,56.729229123579,
    -36.66550293827));
#67 = CARTESIAN_POINT('',(-74.94415333731,56.939352612286,
    -36.66607390862));
#68 = ORIENTED_EDGE('',*,*,#69,.T.);
#69 = EDGE_CURVE('',#56,#70,#72,.T.);
#70 = VERTEX_POINT('',#71);
#71 = CARTESIAN_POINT('',(-74.94415333731,63.060647387699,
    -36.66607390862));
#72 = ( BOUNDED_CURVE() B_SPLINE_CURVE(10,(#73,#74,#75,#76,#77,#78,#79,
#80,#81,#82,#83),.UNSPECIFIED.,.F.,.F.) B_SPLINE_CURVE_WITH_KNOTS((11,11
),(43.233037238069,49.233037323968),.PIECEWISE_BEZIER_KNOTS.) CURVE() 
GEOMETRIC_REPRESENTATION_ITEM() RATIONAL_B_SPLINE_CURVE((1.,1.,1.,1.,1.,
1.,1.,1.,1.,1.,1.)) REPRESENTATION_ITEM('') );
#73 = CARTESIAN_POINT('',(-74.94415333731,56.939352612286,
    -36.66607390862));
#74 = CARTESIAN_POINT('',(-74.94383314212,57.63711447514,-36.66796994287
    ));
#75 = CARTESIAN_POINT('',(-74.94444285687,58.218143186959,
    -36.66435638205));
#76 = CARTESIAN_POINT('',(-74.94350540166,58.806775618111,
    -36.66991881931));
#77 = CARTESIAN_POINT('',(-74.94473070738,59.39800325223,-36.66263997168
    ));
#78 = CARTESIAN_POINT('',(-74.94332271619,60.000000000483,
    -36.67100979167));
#79 = CARTESIAN_POINT('',(-74.94473070738,60.601996746932,
    -36.66263997169));
#80 = CARTESIAN_POINT('',(-74.94350540166,61.193224382355,
    -36.66991881931));
#81 = CARTESIAN_POINT('',(-74.94444285687,61.78185681284,-36.66435638206
    ));
#82 = CARTESIAN_POINT('',(-74.94383314212,62.362885524877,
    -36.66796994287));
#83 = CARTESIAN_POINT('',(-74.94415333731,63.060647387699,
    -36.66607390862));
#84 = ORIENTED_EDGE('',*,*,#85,.T.);
#85 = EDGE_CURVE('',#70,#86,#88,.T.);
#86 = VERTEX_POINT('',#87);
#87 = CARTESIAN_POINT('',(-75.,65.645751311059,-36.));
#88 = ( BOUNDED_CURVE() B_SPLINE_CURVE(8,(#89,#90,#91,#92,#93,#94,#95,
#96,#97),.UNSPECIFIED.,.F.,.F.) B_SPLINE_CURVE_WITH_KNOTS((9,9),(
49.233037323968,50.678505776641),.PIECEWISE_BEZIER_KNOTS.) CURVE() 
GEOMETRIC_REPRESENTATION_ITEM() RATIONAL_B_SPLINE_CURVE((1.,1.,1.,1.,1.,
1.,1.,1.,1.)) REPRESENTATION_ITEM('') );
#89 = CARTESIAN_POINT('',(-74.94415333731,63.060647387699,
    -36.66607390862));
#90 = CARTESIAN_POINT('',(-74.94424976065,63.2707708764,-36.66550293827)
  );
#91 = CARTESIAN_POINT('',(-74.94690222307,63.663211017648,
    -36.64968511955));
#92 = CARTESIAN_POINT('',(-74.95443379254,63.994453599147,
    -36.60568158493));
#93 = CARTESIAN_POINT('',(-74.96508710186,64.327930253287,
    -36.53863886725));
#94 = CARTESIAN_POINT('',(-74.97681667281,64.662824914069,
    -36.45386932579));
#95 = CARTESIAN_POINT('',(-74.9901103238,64.997998362086,-36.33606405049
    ));
#96 = CARTESIAN_POINT('',(-75.,65.328453362589,-36.18655365848));
#97 = CARTESIAN_POINT('',(-75.,65.645751311059,-36.));
#98 = ORIENTED_EDGE('',*,*,#99,.T.);
#99 = EDGE_CURVE('',#86,#100,#102,.T.);
#100 = VERTEX_POINT('',#101);
#101 = CARTESIAN_POINT('',(-75.,66.000000000003,-36.));
#102 = LINE('',#103,#104);
#103 = CARTESIAN_POINT('',(-75.,50.,-36.));
#104 = VECTOR('',#105,1.);
#105 = DIRECTION('',(0.,1.,0.));
#106 = ORIENTED_EDGE('',*,*,#107,.F.);
#107 = EDGE_CURVE('',#108,#100,#110,.T.);
#108 = VERTEX_POINT('',#109);
#109 = CARTESIAN_POINT('',(-71.,66.000000000003,-40.));
#110 = CIRCLE('',#111,4.);
#111 = AXIS2_PLACEMENT_3D('',#112,#113,#114);
#112 = CARTESIAN_POINT('',(-71.,66.000000000003,-36.));
#113 = DIRECTION('',(0.,1.,0.));
#114 = DIRECTION('',(0.,0.,-1.));
#115 = ORIENTED_EDGE('',*,*,#116,.F.);
#116 = EDGE_CURVE('',#117,#108,#119,.T.);
#117 = VERTEX_POINT('',#118);
#118 = CARTESIAN_POINT('',(-71.,54.,-40.));
#119 = LINE('',#120,#121);
#120 = CARTESIAN_POINT('',(-71.,50.,-40.));
#121 = VECTOR('',#122,1.);
#122 = DIRECTION('',(0.,1.,0.));
#123 = ORIENTED_EDGE('',*,*,#124,.T.);
#124 = EDGE_CURVE('',#117,#22,#125,.T.);
#125 = CIRCLE('',#126,4.);
#126 = AXIS2_PLACEMENT_3D('',#127,#128,#129);
#127 = CARTESIAN_POINT('',(-71.,54.,-36.));
#128 = DIRECTION('',(0.,1.,0.));
#129 = DIRECTION('',(0.,0.,-1.));
#130 = CYLINDRICAL_SURFACE('',#131,4.);
#131 = AXIS2_PLACEMENT_3D('',#132,#133,#134);
#132 = CARTESIAN_POINT('',(-71.,50.,-36.));
#133 = DIRECTION('',(0.,1.,0.));
#134 = DIRECTION('',(0.,0.,-1.));
#135 = ADVANCED_FACE('',(#136),#163,.T.);
#136 = FACE_BOUND('',#137,.T.);
#137 = EDGE_LOOP('',(#138,#146,#147,#156));
#138 = ORIENTED_EDGE('',*,*,#139,.F.);
#139 = EDGE_CURVE('',#32,#140,#142,.T.);
#140 = VERTEX_POINT('',#141);
#141 = CARTESIAN_POINT('',(-77.,55.499999999982,-34.32287565551));
#142 = ( BOUNDED_CURVE() B_SPLINE_CURVE(2,(#143,#144,#145),
.UNSPECIFIED.,.F.,.F.) B_SPLINE_CURVE_WITH_KNOTS((3,3),(0.,
1.445468447092),.PIECEWISE_BEZIER_KNOTS.) CURVE() 
GEOMETRIC_REPRESENTATION_ITEM() RATIONAL_B_SPLINE_CURVE((1.,
0.707106781187,1.)) REPRESENTATION_ITEM('') );
#143 = CARTESIAN_POINT('',(-75.,54.,-35.64575131106));
#144 = CARTESIAN_POINT('',(-75.,55.499999999998,-34.32287565553));
#145 = CARTESIAN_POINT('',(-77.,55.499999999982,-34.32287565551));
#146 = ORIENTED_EDGE('',*,*,#31,.T.);
#147 = ORIENTED_EDGE('',*,*,#148,.T.);
#148 = EDGE_CURVE('',#24,#149,#151,.T.);
#149 = VERTEX_POINT('',#150);
#150 = CARTESIAN_POINT('',(-77.,55.677124344466,-34.5));
#151 = CIRCLE('',#152,2.);
#152 = AXIS2_PLACEMENT_3D('',#153,#154,#155);
#153 = CARTESIAN_POINT('',(-77.,54.354248688935,-36.));
#154 = DIRECTION('',(0.,-0.750000000001,0.661437827765));
#155 = DIRECTION('',(0.,-0.661437827765,-0.750000000001));
#156 = ORIENTED_EDGE('',*,*,#157,.F.);
#157 = EDGE_CURVE('',#140,#149,#158,.T.);
#158 = CIRCLE('',#159,2.);
#159 = AXIS2_PLACEMENT_3D('',#160,#161,#162);
#160 = CARTESIAN_POINT('',(-77.,56.999999999997,-33.));
#161 = DIRECTION('',(1.,0.,0.));
#162 = DIRECTION('',(0.,-1.,0.));
#163 = TOROIDAL_SURFACE('',#164,4.,2.);
#164 = AXIS2_PLACEMENT_3D('',#165,#166,#167);
#165 = CARTESIAN_POINT('',(-77.,56.999999999997,-33.));
#166 = DIRECTION('',(1.,0.,0.));
#167 = DIRECTION('',(0.,-1.,0.));
#168 = ADVANCED_FACE('',(#169),#355,.F.);
#169 = FACE_BOUND('',#170,.F.);
#170 = EDGE_LOOP('',(#171,#181,#195,#212,#226,#234,#248,#265,#279,#287,
    #301,#318,#330,#331,#340,#348));
#171 = ORIENTED_EDGE('',*,*,#172,.T.);
#172 = EDGE_CURVE('',#173,#175,#177,.T.);
#173 = VERTEX_POINT('',#174);
#174 = CARTESIAN_POINT('',(-75.,54.,36.000000000002));
#175 = VERTEX_POINT('',#176);
#176 = CARTESIAN_POINT('',(-75.,54.,35.645751311068));
#177 = LINE('',#178,#179);
#178 = CARTESIAN_POINT('',(-75.,54.,40.000000000002));
#179 = VECTOR('',#180,1.);
#180 = DIRECTION('',(0.,0.,-1.));
#181 = ORIENTED_EDGE('',*,*,#182,.T.);
#182 = EDGE_CURVE('',#175,#183,#185,.T.);
#183 = VERTEX_POINT('',#184);
#184 = CARTESIAN_POINT('',(-74.94416880002,53.33401766019,33.0651621335)
  );
#185 = ( BOUNDED_CURVE() B_SPLINE_CURVE(8,(#186,#187,#188,#189,#190,#191
,#192,#193,#194),.UNSPECIFIED.,.F.,.F.) B_SPLINE_CURVE_WITH_KNOTS((9,9),
(29.312642798474,30.758111245546),.PIECEWISE_BEZIER_KNOTS.) CURVE() 
GEOMETRIC_REPRESENTATION_ITEM() RATIONAL_B_SPLINE_CURVE((1.,1.,1.,1.,1.,
1.,1.,1.,1.)) REPRESENTATION_ITEM('') );
#186 = CARTESIAN_POINT('',(-75.,54.,35.645751311068));
#187 = CARTESIAN_POINT('',(-75.,53.813446341505,35.328453362574));
#188 = CARTESIAN_POINT('',(-74.99012025491,53.663991727706,
    34.997990902345));
#189 = CARTESIAN_POINT('',(-74.9767759079,53.545899086478,
    34.662856702194));
#190 = CARTESIAN_POINT('',(-74.96516382808,53.461809523177,
    34.32786520133));
#191 = CARTESIAN_POINT('',(-74.95436115229,53.393855867256,
    33.994531537341));
#192 = CARTESIAN_POINT('',(-74.94690080553,53.350316128592,
    33.663200808597));
#193 = CARTESIAN_POINT('',(-74.94424034733,53.334441387188,
    33.266289071918));
#194 = CARTESIAN_POINT('',(-74.94416880002,53.33401766019,33.0651621335)
  );
#195 = ORIENTED_EDGE('',*,*,#196,.T.);
#196 = EDGE_CURVE('',#183,#197,#199,.T.);
#197 = VERTEX_POINT('',#198);
#198 = CARTESIAN_POINT('',(-74.94416880002,53.334017660191,
    23.601504533123));
#199 = ( BOUNDED_CURVE() B_SPLINE_CURVE(11,(#200,#201,#202,#203,#204,
    #205,#206,#207,#208,#209,#210,#211),.UNSPECIFIED.,.F.,.F.) 
B_SPLINE_CURVE_WITH_KNOTS((12,12),(30.758111245546,40.091444675993),
.PIECEWISE_BEZIER_KNOTS.) CURVE() GEOMETRIC_REPRESENTATION_ITEM() 
RATIONAL_B_SPLINE_CURVE((1.,1.,1.,1.,1.,1.,1.,1.,1.,1.,1.,1.)) 
REPRESENTATION_ITEM('') );
#200 = CARTESIAN_POINT('',(-74.94416880002,53.33401766019,33.0651621335)
  );
#201 = CARTESIAN_POINT('',(-74.94383281584,53.332027850215,
    32.120675731107));
#202 = CARTESIAN_POINT('',(-74.94437487144,53.335241505981,
    31.281483596234));
#203 = CARTESIAN_POINT('',(-74.94371632325,53.331331169574,
    30.44061598529));
#204 = CARTESIAN_POINT('',(-74.94432055309,53.334925195896,
    29.610519300877));
#205 = CARTESIAN_POINT('',(-74.94394892458,53.332711974135,
    28.750822972411));
#206 = CARTESIAN_POINT('',(-74.94394892458,53.332711974132,
    27.915843694234));
#207 = CARTESIAN_POINT('',(-74.94432055309,53.334925195899,
    27.056147365766));
#208 = CARTESIAN_POINT('',(-74.94371632324,53.331331169571,
    26.22605068136));
#209 = CARTESIAN_POINT('',(-74.94437487144,53.335241505983,
    25.385183070418));
#210 = CARTESIAN_POINT('',(-74.94383281584,53.332027850213,
    24.545990935549));
#211 = CARTESIAN_POINT('',(-74.94416880002,53.334017660191,
    23.601504533123));
#212 = ORIENTED_EDGE('',*,*,#213,.T.);
#213 = EDGE_CURVE('',#197,#214,#216,.T.);
#214 = VERTEX_POINT('',#215);
#215 = CARTESIAN_POINT('',(-75.,54.,21.020915355599));
#216 = ( BOUNDED_CURVE() B_SPLINE_CURVE(8,(#217,#218,#219,#220,#221,#222
,#223,#224,#225),.UNSPECIFIED.,.F.,.F.) B_SPLINE_CURVE_WITH_KNOTS((9,9),
(40.091444675993,41.536913123046),.PIECEWISE_BEZIER_KNOTS.) CURVE() 
GEOMETRIC_REPRESENTATION_ITEM() RATIONAL_B_SPLINE_CURVE((1.,1.,1.,1.,1.,
1.,1.,1.,1.)) REPRESENTATION_ITEM('') );
#217 = CARTESIAN_POINT('',(-74.94416880002,53.334017660191,
    23.601504533123));
#218 = CARTESIAN_POINT('',(-74.94424034733,53.33444138719,
    23.400377594673));
#219 = CARTESIAN_POINT('',(-74.94690080553,53.350316128589,
    23.003465858161));
#220 = CARTESIAN_POINT('',(-74.95436115229,53.393855867287,
    22.672135129108));
#221 = CARTESIAN_POINT('',(-74.96516382808,53.461809523134,
    22.338801465505));
#222 = CARTESIAN_POINT('',(-74.9767759079,53.545899086545,
    22.003809964304));
#223 = CARTESIAN_POINT('',(-74.99012025491,53.663991727667,
    21.668675764391));
#224 = CARTESIAN_POINT('',(-75.,53.813446341534,21.338213304044));
#225 = CARTESIAN_POINT('',(-75.,54.,21.020915355599));
#226 = ORIENTED_EDGE('',*,*,#227,.T.);
#227 = EDGE_CURVE('',#214,#228,#230,.T.);
#228 = VERTEX_POINT('',#229);
#229 = CARTESIAN_POINT('',(-75.,54.,7.312417977734));
#230 = LINE('',#231,#232);
#231 = CARTESIAN_POINT('',(-75.,54.,40.000000000002));
#232 = VECTOR('',#233,1.);
#233 = DIRECTION('',(0.,0.,-1.));
#234 = ORIENTED_EDGE('',*,*,#235,.T.);
#235 = EDGE_CURVE('',#228,#236,#238,.T.);
#236 = VERTEX_POINT('',#237);
#237 = CARTESIAN_POINT('',(-74.94416880002,53.334017660191,
    4.731828800205));
#238 = ( BOUNDED_CURVE() B_SPLINE_CURVE(8,(#239,#240,#241,#242,#243,#244
,#245,#246,#247),.UNSPECIFIED.,.F.,.F.) B_SPLINE_CURVE_WITH_KNOTS((9,9),
(29.312642798476,30.758111245526),.PIECEWISE_BEZIER_KNOTS.) CURVE() 
GEOMETRIC_REPRESENTATION_ITEM() RATIONAL_B_SPLINE_CURVE((1.,1.,1.,1.,1.,
1.,1.,1.,1.)) REPRESENTATION_ITEM('') );
#239 = CARTESIAN_POINT('',(-75.,54.,7.312417977734));
#240 = CARTESIAN_POINT('',(-75.,53.8134463415,6.995120029232));
#241 = CARTESIAN_POINT('',(-74.99012025491,53.663991727722,6.66465756903
    ));
#242 = CARTESIAN_POINT('',(-74.9767759079,53.545899086468,6.329523368881
    ));
#243 = CARTESIAN_POINT('',(-74.96516382808,53.461809523192,
    5.994531867964));
#244 = CARTESIAN_POINT('',(-74.95436115229,53.393855867257,
    5.661198204111));
#245 = CARTESIAN_POINT('',(-74.94690080553,53.350316128596,
    5.329867475219));
#246 = CARTESIAN_POINT('',(-74.94424034733,53.33444138719,4.932955738645
    ));
#247 = CARTESIAN_POINT('',(-74.94416880002,53.334017660191,
    4.731828800205));
#248 = ORIENTED_EDGE('',*,*,#249,.T.);
#249 = EDGE_CURVE('',#236,#250,#252,.T.);
#250 = VERTEX_POINT('',#251);
#251 = CARTESIAN_POINT('',(-74.94416880002,53.33401766019,
    -4.731828800164));
#252 = ( BOUNDED_CURVE() B_SPLINE_CURVE(11,(#253,#254,#255,#256,#257,
    #258,#259,#260,#261,#262,#263,#264),.UNSPECIFIED.,.F.,.F.) 
B_SPLINE_CURVE_WITH_KNOTS((12,12),(30.758111245526,40.091444675997),
.PIECEWISE_BEZIER_KNOTS.) CURVE() GEOMETRIC_REPRESENTATION_ITEM() 
RATIONAL_B_SPLINE_CURVE((1.,1.,1.,1.000000000001,0.999999999999,
1.000000000001,0.999999999999,1.,1.,1.,1.,1.)) REPRESENTATION_ITEM('') 
  );
#253 = CARTESIAN_POINT('',(-74.94416880002,53.334017660191,
    4.731828800205));
#254 = CARTESIAN_POINT('',(-74.94383281584,53.332027850213,
    3.787342397781));
#255 = CARTESIAN_POINT('',(-74.94437487144,53.335241505983,
    2.948150262912));
#256 = CARTESIAN_POINT('',(-74.94371632324,53.331331169571,
    2.107282651973));
#257 = CARTESIAN_POINT('',(-74.94432055309,53.3349251959,1.277185967562)
  );
#258 = CARTESIAN_POINT('',(-74.94394892458,53.332711974131,
    0.417489639102));
#259 = CARTESIAN_POINT('',(-74.94394892458,53.332711974137,
    -0.417489639086));
#260 = CARTESIAN_POINT('',(-74.94432055309,53.334925195895,
    -1.277185967541));
#261 = CARTESIAN_POINT('',(-74.94371632325,53.331331169574,
    -2.107282651963));
#262 = CARTESIAN_POINT('',(-74.94437487144,53.33524150598,
    -2.948150262901));
#263 = CARTESIAN_POINT('',(-74.94383281584,53.332027850215,
    -3.787342397776));
#264 = CARTESIAN_POINT('',(-74.94416880002,53.33401766019,
    -4.731828800164));
#265 = ORIENTED_EDGE('',*,*,#266,.T.);
#266 = EDGE_CURVE('',#250,#267,#269,.T.);
#267 = VERTEX_POINT('',#268);
#268 = CARTESIAN_POINT('',(-75.,54.,-7.312417977734));
#269 = ( BOUNDED_CURVE() B_SPLINE_CURVE(8,(#270,#271,#272,#273,#274,#275
,#276,#277,#278),.UNSPECIFIED.,.F.,.F.) B_SPLINE_CURVE_WITH_KNOTS((9,9),
(40.091444675997,41.536913123067),.PIECEWISE_BEZIER_KNOTS.) CURVE() 
GEOMETRIC_REPRESENTATION_ITEM() RATIONAL_B_SPLINE_CURVE((1.,1.,1.,1.,1.,
1.,1.,1.,1.)) REPRESENTATION_ITEM('') );
#270 = CARTESIAN_POINT('',(-74.94416880002,53.33401766019,
    -4.731828800164));
#271 = CARTESIAN_POINT('',(-74.94424034733,53.334441387189,
    -4.932955738607));
#272 = CARTESIAN_POINT('',(-74.94690080553,53.350316128594,
    -5.329867475218));
#273 = CARTESIAN_POINT('',(-74.95436115229,53.39385586725,
    -5.661198204088));
#274 = CARTESIAN_POINT('',(-74.96516382808,53.461809523195,
    -5.99453186794));
#275 = CARTESIAN_POINT('',(-74.9767759079,53.545899086458,
    -6.329523368873));
#276 = CARTESIAN_POINT('',(-74.99012025491,53.663991727721,
    -6.664657569023));
#277 = CARTESIAN_POINT('',(-75.,53.813446341499,-6.995120029231));
#278 = CARTESIAN_POINT('',(-75.,54.,-7.312417977734));
#279 = ORIENTED_EDGE('',*,*,#280,.T.);
#280 = EDGE_CURVE('',#267,#281,#283,.T.);
#281 = VERTEX_POINT('',#282);
#282 = CARTESIAN_POINT('',(-75.,54.,-21.02091535559));
#283 = LINE('',#284,#285);
#284 = CARTESIAN_POINT('',(-75.,54.,40.000000000002));
#285 = VECTOR('',#286,1.);
#286 = DIRECTION('',(0.,0.,-1.));
#287 = ORIENTED_EDGE('',*,*,#288,.T.);
#288 = EDGE_CURVE('',#281,#289,#291,.T.);
#289 = VERTEX_POINT('',#290);
#290 = CARTESIAN_POINT('',(-74.94416880002,53.334017660191,
    -23.60150453313));
#291 = ( BOUNDED_CURVE() B_SPLINE_CURVE(8,(#292,#293,#294,#295,#296,#297
,#298,#299,#300),.UNSPECIFIED.,.F.,.F.) B_SPLINE_CURVE_WITH_KNOTS((9,9),
(29.312642798477,30.758111245514),.PIECEWISE_BEZIER_KNOTS.) CURVE() 
GEOMETRIC_REPRESENTATION_ITEM() RATIONAL_B_SPLINE_CURVE((1.,1.,1.,1.,1.,
1.,1.,1.,1.)) REPRESENTATION_ITEM('') );
#292 = CARTESIAN_POINT('',(-75.,54.,-21.02091535559));
#293 = CARTESIAN_POINT('',(-75.,53.813446341493,-21.33821330411));
#294 = CARTESIAN_POINT('',(-74.99012025491,53.663991727742,
    -21.66867576425));
#295 = CARTESIAN_POINT('',(-74.9767759079,53.545899086445,
    -22.00380996453));
#296 = CARTESIAN_POINT('',(-74.96516382808,53.461809523216,
    -22.33880146522));
#297 = CARTESIAN_POINT('',(-74.95436115229,53.39385586725,
    -22.67213512935));
#298 = CARTESIAN_POINT('',(-74.94690080553,53.350316128601,
    -23.00346585799));
#299 = CARTESIAN_POINT('',(-74.94424034733,53.33444138719,
    -23.40037759469));
#300 = CARTESIAN_POINT('',(-74.94416880002,53.334017660191,
    -23.60150453313));
#301 = ORIENTED_EDGE('',*,*,#302,.T.);
#302 = EDGE_CURVE('',#289,#303,#305,.T.);
#303 = VERTEX_POINT('',#304);
#304 = CARTESIAN_POINT('',(-74.94416880002,53.334017660189,
    -33.06516213347));
#305 = ( BOUNDED_CURVE() B_SPLINE_CURVE(11,(#306,#307,#308,#309,#310,
    #311,#312,#313,#314,#315,#316,#317),.UNSPECIFIED.,.F.,.F.) 
B_SPLINE_CURVE_WITH_KNOTS((12,12),(30.758111245514,40.091444675978),
.PIECEWISE_BEZIER_KNOTS.) CURVE() GEOMETRIC_REPRESENTATION_ITEM() 
RATIONAL_B_SPLINE_CURVE((1.,1.,1.,1.,1.,1.,1.000000000001,1.,1.,1.,1.,1.
)) REPRESENTATION_ITEM('') );
#306 = CARTESIAN_POINT('',(-74.94416880002,53.334017660191,
    -23.60150453313));
#307 = CARTESIAN_POINT('',(-74.94383281584,53.332027850213,
    -24.54599093554));
#308 = CARTESIAN_POINT('',(-74.94437487144,53.335241505984,
    -25.38518307033));
#309 = CARTESIAN_POINT('',(-74.94371632324,53.331331169568,
    -26.2260506815));
#310 = CARTESIAN_POINT('',(-74.94432055309,53.334925195905,
    -27.05614736548));
#311 = CARTESIAN_POINT('',(-74.94394892458,53.332711974125,
    -27.91584369453));
#312 = CARTESIAN_POINT('',(-74.94394892458,53.332711974142,
    -28.75082297214));
#313 = CARTESIAN_POINT('',(-74.94432055309,53.334925195891,-29.610519301
    ));
#314 = CARTESIAN_POINT('',(-74.94371632325,53.331331169577,
    -30.44061598523));
#315 = CARTESIAN_POINT('',(-74.94437487144,53.335241505979,
    -31.28148359623));
#316 = CARTESIAN_POINT('',(-74.94383281584,53.332027850216,
    -32.1206757311));
#317 = CARTESIAN_POINT('',(-74.94416880002,53.334017660189,
    -33.06516213347));
#318 = ORIENTED_EDGE('',*,*,#319,.T.);
#319 = EDGE_CURVE('',#303,#32,#320,.T.);
#320 = ( BOUNDED_CURVE() B_SPLINE_CURVE(8,(#321,#322,#323,#324,#325,#326
,#327,#328,#329),.UNSPECIFIED.,.F.,.F.) B_SPLINE_CURVE_WITH_KNOTS((9,9),
(40.091444675978,41.53691312307),.PIECEWISE_BEZIER_KNOTS.) CURVE() 
GEOMETRIC_REPRESENTATION_ITEM() RATIONAL_B_SPLINE_CURVE((1.,1.,1.,1.,1.,
1.,1.,1.,1.)) REPRESENTATION_ITEM('') );
#321 = CARTESIAN_POINT('',(-74.94416880002,53.334017660189,
    -33.06516213347));
#322 = CARTESIAN_POINT('',(-74.94424034733,53.334441387188,
    -33.26628907191));
#323 = CARTESIAN_POINT('',(-74.94690080553,53.350316128592,
    -33.66320080852));
#324 = CARTESIAN_POINT('',(-74.95436115229,53.393855867242,
    -33.99453153741));
#325 = CARTESIAN_POINT('',(-74.96516382808,53.461809523198,
    -34.32786520125));
#326 = CARTESIAN_POINT('',(-74.9767759079,53.545899086446,
    -34.66285670219));
#327 = CARTESIAN_POINT('',(-74.99012025491,53.663991727723,
    -34.99799090235));
#328 = CARTESIAN_POINT('',(-75.,53.813446341495,-35.32845336255));
#329 = CARTESIAN_POINT('',(-75.,54.,-35.64575131106));
#330 = ORIENTED_EDGE('',*,*,#40,.T.);
#331 = ORIENTED_EDGE('',*,*,#332,.F.);
#332 = EDGE_CURVE('',#333,#22,#335,.T.);
#333 = VERTEX_POINT('',#334);
#334 = CARTESIAN_POINT('',(-71.,50.,-36.));
#335 = CIRCLE('',#336,4.);
#336 = AXIS2_PLACEMENT_3D('',#337,#338,#339);
#337 = CARTESIAN_POINT('',(-71.,54.,-36.));
#338 = DIRECTION('',(6.E-17,0.,-1.));
#339 = DIRECTION('',(-1.,0.,-6.E-17));
#340 = ORIENTED_EDGE('',*,*,#341,.F.);
#341 = EDGE_CURVE('',#342,#333,#344,.T.);
#342 = VERTEX_POINT('',#343);
#343 = CARTESIAN_POINT('',(-71.,50.,36.000000000002));
#344 = LINE('',#345,#346);
#345 = CARTESIAN_POINT('',(-71.,50.,40.000000000002));
#346 = VECTOR('',#347,1.);
#347 = DIRECTION('',(0.,0.,-1.));
#348 = ORIENTED_EDGE('',*,*,#349,.F.);
#349 = EDGE_CURVE('',#173,#342,#350,.T.);
#350 = CIRCLE('',#351,4.);
#351 = AXIS2_PLACEMENT_3D('',#352,#353,#354);
#352 = CARTESIAN_POINT('',(-71.,54.,36.000000000002));
#353 = DIRECTION('',(0.,0.,1.));
#354 = DIRECTION('',(-1.,0.,0.));
#355 = CYLINDRICAL_SURFACE('',#356,4.);
#356 = AXIS2_PLACEMENT_3D('',#357,#358,#359);
#357 = CARTESIAN_POINT('',(-71.,54.,40.000000000002));
#358 = DIRECTION('',(0.,0.,-1.));
#359 = DIRECTION('',(0.,-1.,0.));
#360 = ADVANCED_FACE('',(#361),#385,.F.);
#361 = FACE_BOUND('',#362,.F.);
#362 = EDGE_LOOP('',(#363,#364,#378,#384));
#363 = ORIENTED_EDGE('',*,*,#148,.T.);
#364 = ORIENTED_EDGE('',*,*,#365,.T.);
#365 = EDGE_CURVE('',#149,#366,#368,.T.);
#366 = VERTEX_POINT('',#367);
#367 = CARTESIAN_POINT('',(-76.91626618785,56.999999999997,-35.));
#368 = ( BOUNDED_CURVE() B_SPLINE_CURVE(8,(#369,#370,#371,#372,#373,#374
,#375,#376,#377),.UNSPECIFIED.,.F.,.F.) B_SPLINE_CURVE_WITH_KNOTS((9,9),
(41.787568785399,43.233037238069),.PIECEWISE_BEZIER_KNOTS.) CURVE() 
GEOMETRIC_REPRESENTATION_ITEM() RATIONAL_B_SPLINE_CURVE((1.,1.,1.,1.,1.,
1.,1.,1.,1.)) REPRESENTATION_ITEM('') );
#369 = CARTESIAN_POINT('',(-77.,55.67712434446,-34.49999999999));
#370 = CARTESIAN_POINT('',(-77.,55.812637009986,-34.61951093749));
#371 = CARTESIAN_POINT('',(-76.98736599057,55.960548973904,
    -34.72505192432));
#372 = CARTESIAN_POINT('',(-76.968374267,56.118777435907,-34.81497954497
    ));
#373 = CARTESIAN_POINT('',(-76.95039259673,56.286558579512,
    -34.88858012741));
#374 = CARTESIAN_POINT('',(-76.93322145161,56.460169129927,
    -34.94385167039));
#375 = CARTESIAN_POINT('',(-76.92059524216,56.638075328546,
    -34.9812920894));
#376 = CARTESIAN_POINT('',(-76.91644558305,56.819077020577,-35.));
#377 = CARTESIAN_POINT('',(-76.91626618785,56.999999999997,-35.));
#378 = ORIENTED_EDGE('',*,*,#379,.F.);
#379 = EDGE_CURVE('',#56,#366,#380,.T.);
#380 = ( BOUNDED_CURVE() B_SPLINE_CURVE(2,(#381,#382,#383),
.UNSPECIFIED.,.F.,.F.) B_SPLINE_CURVE_WITH_KNOTS((3,3),(0.,
1.445468452669),.PIECEWISE_BEZIER_KNOTS.) CURVE() 
GEOMETRIC_REPRESENTATION_ITEM() RATIONAL_B_SPLINE_CURVE((1.,
0.763679028212,1.)) REPRESENTATION_ITEM('') );
#381 = CARTESIAN_POINT('',(-74.94415333731,56.939352612286,
    -36.66607390862));
#382 = CARTESIAN_POINT('',(-75.22551368653,56.999999999985,-35.));
#383 = CARTESIAN_POINT('',(-76.91626618785,56.999999999997,-35.));
#384 = ORIENTED_EDGE('',*,*,#55,.F.);
#385 = ( BOUNDED_SURFACE() B_SPLINE_SURFACE(2,8,(
    (#386,#387,#388,#389,#390,#391,#392,#393,#394)
    ,(#395,#396,#397,#398,#399,#400,#401,#402,#403)
    ,(#404,#405,#406,#407,#408,#409,#410,#411,#412
)),.UNSPECIFIED.,.F.,.F.,.F.) B_SPLINE_SURFACE_WITH_KNOTS((3,3),(9,9),(
    0.,1.445468452669),(41.787568785399,43.233037238069),
.PIECEWISE_BEZIER_KNOTS.) GEOMETRIC_REPRESENTATION_ITEM() 
RATIONAL_B_SPLINE_SURFACE((
    (1.,1.,1.,1.,1.,1.,1.,1.,1.)
    ,(0.707106781187,0.719473658402,0.731363779183,0.742156557262
      ,0.750322396749,0.757323127468,0.762120642657,0.763598555458
      ,0.763679028212)
,(1.,1.,1.,1.,1.,1.,1.,1.,1.))) REPRESENTATION_ITEM('') SURFACE() );
#386 = CARTESIAN_POINT('',(-75.,54.354248688935,-36.));
#387 = CARTESIAN_POINT('',(-75.,54.671546637404,-36.18655365848));
#388 = CARTESIAN_POINT('',(-74.9901103238,55.002001637916,
    -36.33606405049));
#389 = CARTESIAN_POINT('',(-74.97681667281,55.337175085896,
    -36.45386932578));
#390 = CARTESIAN_POINT('',(-74.96508710186,55.672069746726,
    -36.53863886726));
#391 = CARTESIAN_POINT('',(-74.95443379254,56.00554640082,
    -36.60568158492));
#392 = CARTESIAN_POINT('',(-74.94690222307,56.336788982339,
    -36.64968511955));
#393 = CARTESIAN_POINT('',(-74.94424976065,56.729229123579,
    -36.66550293827));
#394 = CARTESIAN_POINT('',(-74.94415333731,56.939352612286,
    -36.66607390862));
#395 = CARTESIAN_POINT('',(-75.,55.677124344465,-34.5));
#396 = CARTESIAN_POINT('',(-75.06875513548,55.810307712044,
    -34.61745668979));
#397 = CARTESIAN_POINT('',(-75.12179415029,55.95635231155,
    -34.72217433605));
#398 = CARTESIAN_POINT('',(-75.16189168997,56.114011308625,
    -34.81267115605));
#399 = CARTESIAN_POINT('',(-75.18810608333,56.282712654525,
    -34.88721659851));
#400 = CARTESIAN_POINT('',(-75.20855010033,56.457059213803,
    -34.94331523142));
#401 = CARTESIAN_POINT('',(-75.22156040422,56.637380448458,
    -34.98126770266));
#402 = CARTESIAN_POINT('',(-75.22526559485,56.819057953773,
    -34.99999999999));
#403 = CARTESIAN_POINT('',(-75.22551368653,56.999999999985,-35.));
#404 = CARTESIAN_POINT('',(-77.,55.67712434446,-34.49999999999));
#405 = CARTESIAN_POINT('',(-77.,55.812637009986,-34.61951093749));
#406 = CARTESIAN_POINT('',(-76.98736599057,55.960548973904,
    -34.72505192432));
#407 = CARTESIAN_POINT('',(-76.968374267,56.118777435907,-34.81497954497
    ));
#408 = CARTESIAN_POINT('',(-76.95039259673,56.286558579512,
    -34.88858012741));
#409 = CARTESIAN_POINT('',(-76.93322145161,56.460169129927,
    -34.94385167039));
#410 = CARTESIAN_POINT('',(-76.92059524216,56.638075328546,
    -34.9812920894));
#411 = CARTESIAN_POINT('',(-76.91644558305,56.819077020577,-35.));
#412 = CARTESIAN_POINT('',(-76.91626618785,56.999999999997,-35.));
#413 = ADVANCED_FACE('',(#414),#425,.F.);
#414 = FACE_BOUND('',#415,.F.);
#415 = EDGE_LOOP('',(#416,#423,#424));
#416 = ORIENTED_EDGE('',*,*,#417,.F.);
#417 = EDGE_CURVE('',#333,#117,#418,.T.);
#418 = CIRCLE('',#419,4.);
#419 = AXIS2_PLACEMENT_3D('',#420,#421,#422);
#420 = CARTESIAN_POINT('',(-71.,54.,-36.));
#421 = DIRECTION('',(1.,-0.,0.));
#422 = DIRECTION('',(0.,0.,-1.));
#423 = ORIENTED_EDGE('',*,*,#332,.T.);
#424 = ORIENTED_EDGE('',*,*,#124,.F.);
#425 = SPHERICAL_SURFACE('',#426,4.);
#426 = AXIS2_PLACEMENT_3D('',#427,#428,#429);
#427 = CARTESIAN_POINT('',(-71.,54.,-36.));
#428 = DIRECTION('',(0.,1.,0.));
#429 = DIRECTION('',(0.,0.,-1.));
#430 = ADVANCED_FACE('',(#431),#457,.F.);
#431 = FACE_BOUND('',#432,.F.);
#432 = EDGE_LOOP('',(#433,#434,#450,#456));
#433 = ORIENTED_EDGE('',*,*,#379,.T.);
#434 = ORIENTED_EDGE('',*,*,#435,.T.);
#435 = EDGE_CURVE('',#366,#436,#438,.T.);
#436 = VERTEX_POINT('',#437);
#437 = CARTESIAN_POINT('',(-76.91626618785,62.999999999997,-35.));
#438 = ( BOUNDED_CURVE() B_SPLINE_CURVE(10,(#439,#440,#441,#442,#443,
    #444,#445,#446,#447,#448,#449),.UNSPECIFIED.,.F.,.F.) 
B_SPLINE_CURVE_WITH_KNOTS((11,11),(43.233037238069,49.233037323968),
.PIECEWISE_BEZIER_KNOTS.) CURVE() GEOMETRIC_REPRESENTATION_ITEM() 
RATIONAL_B_SPLINE_CURVE((1.,1.,1.,1.,1.,1.,1.,1.,1.,1.,1.)) 
REPRESENTATION_ITEM('') );
#439 = CARTESIAN_POINT('',(-76.91626618785,56.999999999997,-35.));
#440 = CARTESIAN_POINT('',(-76.91567046613,57.600795065462,-35.));
#441 = CARTESIAN_POINT('',(-76.91680392668,58.197720765397,-35.));
#442 = CARTESIAN_POINT('',(-76.91506307629,58.803030812719,-35.));
#443 = CARTESIAN_POINT('',(-76.91733601523,59.397762579925,-35.));
#444 = CARTESIAN_POINT('',(-76.91472586184,59.999999999994,-35.));
#445 = CARTESIAN_POINT('',(-76.91733601523,60.602237420058,-35.));
#446 = CARTESIAN_POINT('',(-76.91506307629,61.196969187266,-35.));
#447 = CARTESIAN_POINT('',(-76.91680392668,61.802279234583,-35.));
#448 = CARTESIAN_POINT('',(-76.91567046613,62.399204934511,-35.));
#449 = CARTESIAN_POINT('',(-76.91626618785,62.999999999997,-35.));
#450 = ORIENTED_EDGE('',*,*,#451,.F.);
#451 = EDGE_CURVE('',#70,#436,#452,.T.);
#452 = ( BOUNDED_CURVE() B_SPLINE_CURVE(2,(#453,#454,#455),
.UNSPECIFIED.,.F.,.F.) B_SPLINE_CURVE_WITH_KNOTS((3,3),(0.,
6.000000085899),.PIECEWISE_BEZIER_KNOTS.) CURVE() 
GEOMETRIC_REPRESENTATION_ITEM() RATIONAL_B_SPLINE_CURVE((1.,
0.763679028212,1.)) REPRESENTATION_ITEM('') );
#453 = CARTESIAN_POINT('',(-74.94415333731,63.060647387699,
    -36.66607390862));
#454 = CARTESIAN_POINT('',(-75.22551368653,63.000000000001,-35.));
#455 = CARTESIAN_POINT('',(-76.91626618785,62.999999999997,-35.));
#456 = ORIENTED_EDGE('',*,*,#69,.F.);
#457 = ( BOUNDED_SURFACE() B_SPLINE_SURFACE(2,10,(
    (#458,#459,#460,#461,#462,#463,#464,#465,#466,#467,#468)
    ,(#469,#470,#471,#472,#473,#474,#475,#476,#477,#478,#479)
    ,(#480,#481,#482,#483,#484,#485,#486,#487,#488,#489,#490
)),.UNSPECIFIED.,.F.,.F.,.F.) B_SPLINE_SURFACE_WITH_KNOTS((3,3),(11,11),
  (0.,6.000000085899),(43.233037238069,49.233037323968),
.PIECEWISE_BEZIER_KNOTS.) GEOMETRIC_REPRESENTATION_ITEM() 
RATIONAL_B_SPLINE_SURFACE((
    (1.,1.,1.,1.,1.,1.,1.,1.,1.,1.,1.)
    ,(0.763679028212,0.763946255923,0.76343746944,0.764219604534
      ,0.763197492825,0.764371871146,0.763197492826,0.764219604534
      ,0.76343746944,0.763946255923,0.763679028212)
,(1.,1.,1.,1.,1.,1.,1.,1.,1.,1.,1.
  ))) REPRESENTATION_ITEM('') SURFACE() );
#458 = CARTESIAN_POINT('',(-74.94415333731,56.939352612286,
    -36.66607390862));
#459 = CARTESIAN_POINT('',(-74.94383314212,57.63711447514,
    -36.66796994287));
#460 = CARTESIAN_POINT('',(-74.94444285687,58.218143186959,
    -36.66435638205));
#461 = CARTESIAN_POINT('',(-74.94350540166,58.806775618111,
    -36.66991881931));
#462 = CARTESIAN_POINT('',(-74.94473070738,59.39800325223,
    -36.66263997168));
#463 = CARTESIAN_POINT('',(-74.94332271619,60.000000000483,
    -36.67100979167));
#464 = CARTESIAN_POINT('',(-74.94473070738,60.601996746932,
    -36.66263997169));
#465 = CARTESIAN_POINT('',(-74.94350540166,61.193224382355,
    -36.66991881931));
#466 = CARTESIAN_POINT('',(-74.94444285687,61.78185681284,
    -36.66435638206));
#467 = CARTESIAN_POINT('',(-74.94383314212,62.362885524877,
    -36.66796994287));
#468 = CARTESIAN_POINT('',(-74.94415333731,63.060647387699,
    -36.66607390862));
#469 = CARTESIAN_POINT('',(-75.22551368653,56.999999999985,-35.));
#470 = CARTESIAN_POINT('',(-75.22633715526,57.600584907898,-35.));
#471 = CARTESIAN_POINT('',(-75.22476821833,58.198386157758,-35.));
#472 = CARTESIAN_POINT('',(-75.22718045647,58.801977199322,-35.));
#473 = CARTESIAN_POINT('',(-75.22402547684,59.398600428449,-35.));
#474 = CARTESIAN_POINT('',(-75.22765084191,59.999999999989,-35.));
#475 = CARTESIAN_POINT('',(-75.22402547684,60.601399571541,
    -34.99999999999));
#476 = CARTESIAN_POINT('',(-75.22718045647,61.19802280066,-35.));
#477 = CARTESIAN_POINT('',(-75.22476821833,61.801613842226,-35.));
#478 = CARTESIAN_POINT('',(-75.22633715526,62.39941509208,-35.));
#479 = CARTESIAN_POINT('',(-75.22551368653,63.000000000001,-35.));
#480 = CARTESIAN_POINT('',(-76.91626618785,56.999999999997,-35.));
#481 = CARTESIAN_POINT('',(-76.91567046613,57.600795065462,-35.));
#482 = CARTESIAN_POINT('',(-76.91680392668,58.197720765397,-35.));
#483 = CARTESIAN_POINT('',(-76.91506307629,58.803030812719,-35.));
#484 = CARTESIAN_POINT('',(-76.91733601523,59.397762579925,-35.));
#485 = CARTESIAN_POINT('',(-76.91472586184,59.999999999994,-35.));
#486 = CARTESIAN_POINT('',(-76.91733601523,60.602237420058,-35.));
#487 = CARTESIAN_POINT('',(-76.91506307629,61.196969187266,-35.));
#488 = CARTESIAN_POINT('',(-76.91680392668,61.802279234583,-35.));
#489 = CARTESIAN_POINT('',(-76.91567046613,62.399204934511,-35.));
#490 = CARTESIAN_POINT('',(-76.91626618785,62.999999999997,-35.));
#491 = ADVANCED_FACE('',(#492),#517,.F.);
#492 = FACE_BOUND('',#493,.F.);
#493 = EDGE_LOOP('',(#494,#502,#503,#511));
#494 = ORIENTED_EDGE('',*,*,#495,.T.);
#495 = EDGE_CURVE('',#496,#117,#498,.T.);
#496 = VERTEX_POINT('',#497);
#497 = CARTESIAN_POINT('',(83.,54.,-40.));
#498 = LINE('',#499,#500);
#499 = CARTESIAN_POINT('',(85.,54.,-40.));
#500 = VECTOR('',#501,1.);
#501 = DIRECTION('',(-1.,-0.,-0.));
#502 = ORIENTED_EDGE('',*,*,#116,.T.);
#503 = ORIENTED_EDGE('',*,*,#504,.F.);
#504 = EDGE_CURVE('',#505,#108,#507,.T.);
#505 = VERTEX_POINT('',#506);
#506 = CARTESIAN_POINT('',(83.,66.000000000003,-40.));
#507 = LINE('',#508,#509);
#508 = CARTESIAN_POINT('',(85.,66.000000000003,-40.));
#509 = VECTOR('',#510,1.);
#510 = DIRECTION('',(-1.,-0.,-0.));
#511 = ORIENTED_EDGE('',*,*,#512,.F.);
#512 = EDGE_CURVE('',#496,#505,#513,.T.);
#513 = LINE('',#514,#515);
#514 = CARTESIAN_POINT('',(83.,54.,-40.));
#515 = VECTOR('',#516,1.);
#516 = DIRECTION('',(0.,1.,0.));
#517 = PLANE('',#518);
#518 = AXIS2_PLACEMENT_3D('',#519,#520,#521);
#519 = CARTESIAN_POINT('',(85.,50.,-40.));
#520 = DIRECTION('',(0.,0.,-1.));
#521 = DIRECTION('',(0.,1.,0.));
#522 = ADVANCED_FACE('',(#523),#548,.F.);
#523 = FACE_BOUND('',#524,.F.);
#524 = EDGE_LOOP('',(#525,#526,#540,#547));
#525 = ORIENTED_EDGE('',*,*,#451,.T.);
#526 = ORIENTED_EDGE('',*,*,#527,.T.);
#527 = EDGE_CURVE('',#436,#528,#530,.T.);
#528 = VERTEX_POINT('',#529);
#529 = CARTESIAN_POINT('',(-77.,64.322875655528,-34.5));
#530 = ( BOUNDED_CURVE() B_SPLINE_CURVE(8,(#531,#532,#533,#534,#535,#536
,#537,#538,#539),.UNSPECIFIED.,.F.,.F.) B_SPLINE_CURVE_WITH_KNOTS((9,9),
(49.233037323968,50.678505776641),.PIECEWISE_BEZIER_KNOTS.) CURVE() 
GEOMETRIC_REPRESENTATION_ITEM() RATIONAL_B_SPLINE_CURVE((1.,1.,1.,1.,1.,
1.,1.,1.,1.)) REPRESENTATION_ITEM('') );
#531 = CARTESIAN_POINT('',(-76.91626618785,62.999999999997,-35.));
#532 = CARTESIAN_POINT('',(-76.91644558305,63.180922979424,-35.));
#533 = CARTESIAN_POINT('',(-76.92059524216,63.361924671391,
    -34.98129208941));
#534 = CARTESIAN_POINT('',(-76.93322145161,63.539830870144,
    -34.94385167036));
#535 = CARTESIAN_POINT('',(-76.95039259673,63.713441420372,
    -34.88858012747));
#536 = CARTESIAN_POINT('',(-76.968374267,63.881222564189,-34.81497954489
    ));
#537 = CARTESIAN_POINT('',(-76.98736599057,64.039451026013,
    -34.72505192439));
#538 = CARTESIAN_POINT('',(-77.,64.187362990045,-34.61951093745));
#539 = CARTESIAN_POINT('',(-77.,64.322875655526,-34.5));
#540 = ORIENTED_EDGE('',*,*,#541,.F.);
#541 = EDGE_CURVE('',#86,#528,#542,.T.);
#542 = CIRCLE('',#543,2.);
#543 = AXIS2_PLACEMENT_3D('',#544,#545,#546);
#544 = CARTESIAN_POINT('',(-77.,65.645751311059,-36.));
#545 = DIRECTION('',(0.,-0.750000000001,-0.661437827765));
#546 = DIRECTION('',(0.,0.661437827765,-0.750000000001));
#547 = ORIENTED_EDGE('',*,*,#85,.F.);
#548 = ( BOUNDED_SURFACE() B_SPLINE_SURFACE(2,8,(
    (#549,#550,#551,#552,#553,#554,#555,#556,#557)
    ,(#558,#559,#560,#561,#562,#563,#564,#565,#566)
    ,(#567,#568,#569,#570,#571,#572,#573,#574,#575
)),.UNSPECIFIED.,.F.,.F.,.F.) B_SPLINE_SURFACE_WITH_KNOTS((3,3),(9,9),(
    0.,1.445468452673),(49.233037323968,50.678505776641),
.PIECEWISE_BEZIER_KNOTS.) GEOMETRIC_REPRESENTATION_ITEM() 
RATIONAL_B_SPLINE_SURFACE((
    (1.,1.,1.,1.,1.,1.,1.,1.,1.)
    ,(0.763679028212,0.763598555458,0.762120642657,0.757323127468
      ,0.750322396749,0.742156557263,0.731363779183,0.719473658402
      ,0.707106781187)
,(1.,1.,1.,1.,1.,1.,1.,1.,1.))) REPRESENTATION_ITEM('') SURFACE() );
#549 = CARTESIAN_POINT('',(-74.94415333731,63.060647387699,
    -36.66607390862));
#550 = CARTESIAN_POINT('',(-74.94424976065,63.2707708764,-36.66550293827
    ));
#551 = CARTESIAN_POINT('',(-74.94690222307,63.663211017648,
    -36.64968511955));
#552 = CARTESIAN_POINT('',(-74.95443379254,63.994453599147,
    -36.60568158493));
#553 = CARTESIAN_POINT('',(-74.96508710186,64.327930253287,
    -36.53863886725));
#554 = CARTESIAN_POINT('',(-74.97681667281,64.662824914069,
    -36.45386932579));
#555 = CARTESIAN_POINT('',(-74.9901103238,64.997998362086,
    -36.33606405049));
#556 = CARTESIAN_POINT('',(-75.,65.328453362589,-36.18655365848));
#557 = CARTESIAN_POINT('',(-75.,65.645751311059,-36.));
#558 = CARTESIAN_POINT('',(-75.22551368653,63.000000000001,-35.));
#559 = CARTESIAN_POINT('',(-75.22526559485,63.180942046216,-35.));
#560 = CARTESIAN_POINT('',(-75.22156040421,63.362619551527,
    -34.98126770267));
#561 = CARTESIAN_POINT('',(-75.20855010034,63.542940786189,
    -34.94331523143));
#562 = CARTESIAN_POINT('',(-75.18810608332,63.717287345464,
    -34.88721659851));
#563 = CARTESIAN_POINT('',(-75.16189168997,63.885988691366,
    -34.81267115606));
#564 = CARTESIAN_POINT('',(-75.12179415029,64.043647688444,
    -34.72217433605));
#565 = CARTESIAN_POINT('',(-75.06875513548,64.18969228795,
    -34.61745668979));
#566 = CARTESIAN_POINT('',(-75.,64.32287565553,-34.5));
#567 = CARTESIAN_POINT('',(-76.91626618785,62.999999999997,-35.));
#568 = CARTESIAN_POINT('',(-76.91644558305,63.180922979424,-35.));
#569 = CARTESIAN_POINT('',(-76.92059524216,63.361924671391,
    -34.98129208941));
#570 = CARTESIAN_POINT('',(-76.93322145161,63.539830870144,
    -34.94385167036));
#571 = CARTESIAN_POINT('',(-76.95039259673,63.713441420372,
    -34.88858012747));
#572 = CARTESIAN_POINT('',(-76.968374267,63.881222564189,-34.81497954489
    ));
#573 = CARTESIAN_POINT('',(-76.98736599057,64.039451026013,
    -34.72505192439));
#574 = CARTESIAN_POINT('',(-77.,64.187362990045,-34.61951093745));
#575 = CARTESIAN_POINT('',(-77.,64.322875655526,-34.5));
#576 = ADVANCED_FACE('',(#577),#596,.F.);
#577 = FACE_BOUND('',#578,.T.);
#578 = EDGE_LOOP('',(#579,#588,#595));
#579 = ORIENTED_EDGE('',*,*,#580,.F.);
#580 = EDGE_CURVE('',#581,#108,#583,.T.);
#581 = VERTEX_POINT('',#582);
#582 = CARTESIAN_POINT('',(-71.,70.000000000003,-36.));
#583 = CIRCLE('',#584,4.);
#584 = AXIS2_PLACEMENT_3D('',#585,#586,#587);
#585 = CARTESIAN_POINT('',(-71.,66.000000000003,-36.));
#586 = DIRECTION('',(-1.,0.,0.));
#587 = DIRECTION('',(0.,0.,-1.));
#588 = ORIENTED_EDGE('',*,*,#589,.T.);
#589 = EDGE_CURVE('',#581,#100,#590,.T.);
#590 = CIRCLE('',#591,4.);
#591 = AXIS2_PLACEMENT_3D('',#592,#593,#594);
#592 = CARTESIAN_POINT('',(-71.,66.000000000003,-36.));
#593 = DIRECTION('',(-6.E-17,0.,1.));
#594 = DIRECTION('',(-1.,0.,-6.E-17));
#595 = ORIENTED_EDGE('',*,*,#107,.F.);
#596 = SPHERICAL_SURFACE('',#597,4.);
#597 = AXIS2_PLACEMENT_3D('',#598,#599,#600);
#598 = CARTESIAN_POINT('',(-71.,66.000000000003,-36.));
#599 = DIRECTION('',(-0.,-1.,-0.));
#600 = DIRECTION('',(0.,0.,-1.));
#601 = ADVANCED_FACE('',(#602),#620,.T.);
#602 = FACE_BOUND('',#603,.T.);
#603 = EDGE_LOOP('',(#604,#605,#613));
#604 = ORIENTED_EDGE('',*,*,#99,.T.);
#605 = ORIENTED_EDGE('',*,*,#606,.T.);
#606 = EDGE_CURVE('',#100,#607,#609,.T.);
#607 = VERTEX_POINT('',#608);
#608 = CARTESIAN_POINT('',(-75.,66.000000000003,-35.64575131105));
#609 = LINE('',#610,#611);
#610 = CARTESIAN_POINT('',(-75.,66.000000000003,-40.));
#611 = VECTOR('',#612,1.);
#612 = DIRECTION('',(0.,0.,1.));
#613 = ORIENTED_EDGE('',*,*,#614,.F.);
#614 = EDGE_CURVE('',#86,#607,#615,.T.);
#615 = CIRCLE('',#616,4.);
#616 = AXIS2_PLACEMENT_3D('',#617,#618,#619);
#617 = CARTESIAN_POINT('',(-75.,62.999999999997,-33.));
#618 = DIRECTION('',(1.,-0.,0.));
#619 = DIRECTION('',(0.,0.,-1.));
#620 = PLANE('',#621);
#621 = AXIS2_PLACEMENT_3D('',#622,#623,#624);
#622 = CARTESIAN_POINT('',(-75.,60.000000000001,1.14E-15));
#623 = DIRECTION('',(1.,0.,0.));
#624 = DIRECTION('',(0.,0.,1.));
#625 = ADVANCED_FACE('',(#626),#650,.F.);
#626 = FACE_BOUND('',#627,.F.);
#627 = EDGE_LOOP('',(#628,#636,#648,#649));
#628 = ORIENTED_EDGE('',*,*,#629,.T.);
#629 = EDGE_CURVE('',#303,#630,#632,.T.);
#630 = VERTEX_POINT('',#631);
#631 = CARTESIAN_POINT('',(-76.91629495427,54.999999999997,-33.));
#632 = ( BOUNDED_CURVE() B_SPLINE_CURVE(2,(#633,#634,#635),
.UNSPECIFIED.,.F.,.F.) B_SPLINE_CURVE_WITH_KNOTS((3,3),(0.,
9.333333430464),.PIECEWISE_BEZIER_KNOTS.) CURVE() 
GEOMETRIC_REPRESENTATION_ITEM() RATIONAL_B_SPLINE_CURVE((1.,
0.763666123524,1.)) REPRESENTATION_ITEM('') );
#633 = CARTESIAN_POINT('',(-74.94416880002,53.334017660189,
    -33.06516213347));
#634 = CARTESIAN_POINT('',(-75.22547390459,54.999999999997,
    -32.99999999996));
#635 = CARTESIAN_POINT('',(-76.91629495427,54.999999999997,-33.));
#636 = ORIENTED_EDGE('',*,*,#637,.T.);
#637 = EDGE_CURVE('',#630,#140,#638,.T.);
#638 = ( BOUNDED_CURVE() B_SPLINE_CURVE(8,(#639,#640,#641,#642,#643,#644
,#645,#646,#647),.UNSPECIFIED.,.F.,.F.) B_SPLINE_CURVE_WITH_KNOTS((9,9),
(40.091444675978,41.53691312307),.PIECEWISE_BEZIER_KNOTS.) CURVE() 
GEOMETRIC_REPRESENTATION_ITEM() RATIONAL_B_SPLINE_CURVE((1.,1.,1.,1.,1.,
1.,1.,1.,1.)) REPRESENTATION_ITEM('') );
#639 = CARTESIAN_POINT('',(-76.91629495427,54.999999999997,-33.));
#640 = CARTESIAN_POINT('',(-76.91642805037,54.999999999997,
    -33.18095998282));
#641 = CARTESIAN_POINT('',(-76.9205907459,55.018711873137,
    -33.36190697615));
#642 = CARTESIAN_POINT('',(-76.93309202986,55.056160893408,
    -33.53991929013));
#643 = CARTESIAN_POINT('',(-76.95053419722,55.111407576897,
    -33.71334375773));
#644 = CARTESIAN_POINT('',(-76.96829783904,55.185026327424,
    -33.8812768719));
#645 = CARTESIAN_POINT('',(-76.98738476041,55.274946770781,
    -34.03943738091));
#646 = CARTESIAN_POINT('',(-77.,55.380489062603,-34.18736299011));
#647 = CARTESIAN_POINT('',(-77.,55.499999999982,-34.32287565551));
#648 = ORIENTED_EDGE('',*,*,#139,.F.);
#649 = ORIENTED_EDGE('',*,*,#319,.F.);
#650 = ( BOUNDED_SURFACE() B_SPLINE_SURFACE(2,8,(
    (#651,#652,#653,#654,#655,#656,#657,#658,#659)
    ,(#660,#661,#662,#663,#664,#665,#666,#667,#668)
    ,(#669,#670,#671,#672,#673,#674,#675,#676,#677
)),.UNSPECIFIED.,.F.,.F.,.F.) B_SPLINE_SURFACE_WITH_KNOTS((3,3),(9,9),(
    0.,1.445468447092),(40.091444675978,41.53691312307),
.PIECEWISE_BEZIER_KNOTS.) GEOMETRIC_REPRESENTATION_ITEM() 
RATIONAL_B_SPLINE_SURFACE((
    (1.,1.,1.,1.,1.,1.,1.,1.,1.)
    ,(0.763666123524,0.76360641303,0.762121679217,0.757385175576
      ,0.75025849337,0.742190303195,0.73135557282,0.719473658404
      ,0.707106781187)
,(1.,1.,1.,1.,1.,1.,1.,1.,1.))) REPRESENTATION_ITEM('') SURFACE() );
#651 = CARTESIAN_POINT('',(-74.94416880002,53.334017660189,
    -33.06516213347));
#652 = CARTESIAN_POINT('',(-74.94424034733,53.334441387188,
    -33.26628907191));
#653 = CARTESIAN_POINT('',(-74.94690080553,53.350316128592,
    -33.66320080852));
#654 = CARTESIAN_POINT('',(-74.95436115229,53.393855867242,
    -33.99453153741));
#655 = CARTESIAN_POINT('',(-74.96516382808,53.461809523198,
    -34.32786520125));
#656 = CARTESIAN_POINT('',(-74.9767759079,53.545899086446,
    -34.66285670219));
#657 = CARTESIAN_POINT('',(-74.99012025491,53.663991727723,
    -34.99799090235));
#658 = CARTESIAN_POINT('',(-75.,53.813446341495,-35.32845336255));
#659 = CARTESIAN_POINT('',(-75.,54.,-35.64575131106));
#660 = CARTESIAN_POINT('',(-75.22547390459,54.999999999997,
    -32.99999999996));
#661 = CARTESIAN_POINT('',(-75.22528980874,54.999999999994,
    -33.18097413301));
#662 = CARTESIAN_POINT('',(-75.22156173659,55.018735126523,
    -33.36260001265));
#663 = CARTESIAN_POINT('',(-75.20875223926,55.056696833393,
    -33.54302262002));
#664 = CARTESIAN_POINT('',(-75.18790140345,55.112779734886,
    -33.71722260607));
#665 = CARTESIAN_POINT('',(-75.16200067622,55.18732604095,
    -33.88601499925));
#666 = CARTESIAN_POINT('',(-75.12176697181,55.277827585629,
    -34.04364299667));
#667 = CARTESIAN_POINT('',(-75.06875513549,55.382543310197,
    -34.18969228794));
#668 = CARTESIAN_POINT('',(-75.,55.499999999998,-34.32287565553));
#669 = CARTESIAN_POINT('',(-76.91629495427,54.999999999997,-33.));
#670 = CARTESIAN_POINT('',(-76.91642805037,54.999999999997,
    -33.18095998282));
#671 = CARTESIAN_POINT('',(-76.9205907459,55.018711873137,
    -33.36190697615));
#672 = CARTESIAN_POINT('',(-76.93309202986,55.056160893408,
    -33.53991929013));
#673 = CARTESIAN_POINT('',(-76.95053419722,55.111407576897,
    -33.71334375773));
#674 = CARTESIAN_POINT('',(-76.96829783904,55.185026327424,
    -33.8812768719));
#675 = CARTESIAN_POINT('',(-76.98738476041,55.274946770781,
    -34.03943738091));
#676 = CARTESIAN_POINT('',(-77.,55.380489062603,-34.18736299011));
#677 = CARTESIAN_POINT('',(-77.,55.499999999982,-34.32287565551));
#678 = ADVANCED_FACE('',(#679),#707,.F.);
#679 = FACE_BOUND('',#680,.F.);
#680 = EDGE_LOOP('',(#681,#689,#698,#704,#705,#706));
#681 = ORIENTED_EDGE('',*,*,#682,.F.);
#682 = EDGE_CURVE('',#683,#630,#685,.T.);
#683 = VERTEX_POINT('',#684);
#684 = CARTESIAN_POINT('',(-83.,54.999999999997,-33.));
#685 = LINE('',#686,#687);
#686 = CARTESIAN_POINT('',(-85.,54.999999999997,-33.));
#687 = VECTOR('',#688,1.);
#688 = DIRECTION('',(1.,0.,0.));
#689 = ORIENTED_EDGE('',*,*,#690,.F.);
#690 = EDGE_CURVE('',#691,#683,#693,.T.);
#691 = VERTEX_POINT('',#692);
#692 = CARTESIAN_POINT('',(-83.,56.999999999997,-35.));
#693 = CIRCLE('',#694,2.);
#694 = AXIS2_PLACEMENT_3D('',#695,#696,#697);
#695 = CARTESIAN_POINT('',(-83.,56.999999999997,-33.));
#696 = DIRECTION('',(-1.,0.,-0.));
#697 = DIRECTION('',(0.,3.55E-15,-1.));
#698 = ORIENTED_EDGE('',*,*,#699,.T.);
#699 = EDGE_CURVE('',#691,#366,#700,.T.);
#700 = LINE('',#701,#702);
#701 = CARTESIAN_POINT('',(-85.,56.999999999997,-35.));
#702 = VECTOR('',#703,1.);
#703 = DIRECTION('',(1.,0.,0.));
#704 = ORIENTED_EDGE('',*,*,#365,.F.);
#705 = ORIENTED_EDGE('',*,*,#157,.F.);
#706 = ORIENTED_EDGE('',*,*,#637,.F.);
#707 = CYLINDRICAL_SURFACE('',#708,2.);
#708 = AXIS2_PLACEMENT_3D('',#709,#710,#711);
#709 = CARTESIAN_POINT('',(-85.,56.999999999997,-33.));
#710 = DIRECTION('',(1.,0.,0.));
#711 = DIRECTION('',(0.,-1.,0.));
#712 = ADVANCED_FACE('',(#713),#731,.T.);
#713 = FACE_BOUND('',#714,.T.);
#714 = EDGE_LOOP('',(#715,#716,#725));
#715 = ORIENTED_EDGE('',*,*,#172,.T.);
#716 = ORIENTED_EDGE('',*,*,#717,.F.);
#717 = EDGE_CURVE('',#718,#175,#720,.T.);
#718 = VERTEX_POINT('',#719);
#719 = CARTESIAN_POINT('',(-75.,54.354248688935,36.000000000002));
#720 = CIRCLE('',#721,4.);
#721 = AXIS2_PLACEMENT_3D('',#722,#723,#724);
#722 = CARTESIAN_POINT('',(-75.,56.999999999997,33.));
#723 = DIRECTION('',(1.,0.,-0.));
#724 = DIRECTION('',(0.,0.,1.));
#725 = ORIENTED_EDGE('',*,*,#726,.T.);
#726 = EDGE_CURVE('',#718,#173,#727,.T.);
#727 = LINE('',#728,#729);
#728 = CARTESIAN_POINT('',(-75.,70.000000000003,36.000000000002));
#729 = VECTOR('',#730,1.);
#730 = DIRECTION('',(0.,-1.,0.));
#731 = PLANE('',#732);
#732 = AXIS2_PLACEMENT_3D('',#733,#734,#735);
#733 = CARTESIAN_POINT('',(-75.,60.000000000001,1.14E-15));
#734 = DIRECTION('',(1.,0.,0.));
#735 = DIRECTION('',(0.,0.,1.));
#736 = ADVANCED_FACE('',(#737),#769,.F.);
#737 = FACE_BOUND('',#738,.F.);
#738 = EDGE_LOOP('',(#739,#748,#762,#768));
#739 = ORIENTED_EDGE('',*,*,#740,.T.);
#740 = EDGE_CURVE('',#175,#741,#743,.T.);
#741 = VERTEX_POINT('',#742);
#742 = CARTESIAN_POINT('',(-77.,55.499999999999,34.322875655534));
#743 = CIRCLE('',#744,2.);
#744 = AXIS2_PLACEMENT_3D('',#745,#746,#747);
#745 = CARTESIAN_POINT('',(-77.,54.,35.645751311068));
#746 = DIRECTION('',(-0.,0.661437827767,0.749999999999));
#747 = DIRECTION('',(0.,-0.749999999999,0.661437827767));
#748 = ORIENTED_EDGE('',*,*,#749,.T.);
#749 = EDGE_CURVE('',#741,#750,#752,.T.);
#750 = VERTEX_POINT('',#751);
#751 = CARTESIAN_POINT('',(-76.91629495427,54.999999999997,33.));
#752 = ( BOUNDED_CURVE() B_SPLINE_CURVE(8,(#753,#754,#755,#756,#757,#758
,#759,#760,#761),.UNSPECIFIED.,.F.,.F.) B_SPLINE_CURVE_WITH_KNOTS((9,9),
(29.312642798474,30.758111245546),.PIECEWISE_BEZIER_KNOTS.) CURVE() 
GEOMETRIC_REPRESENTATION_ITEM() RATIONAL_B_SPLINE_CURVE((1.,1.,1.,1.,1.,
1.,1.,1.,1.)) REPRESENTATION_ITEM('') );
#753 = CARTESIAN_POINT('',(-77.,55.499999999992,34.322875655526));
#754 = CARTESIAN_POINT('',(-77.,55.380489062559,34.187362990068));
#755 = CARTESIAN_POINT('',(-76.98738476041,55.274946770886,
    34.039437381038));
#756 = CARTESIAN_POINT('',(-76.96829783904,55.185026327292,
    33.881276871717));
#757 = CARTESIAN_POINT('',(-76.95053419722,55.111407577009,
    33.713343757944));
#758 = CARTESIAN_POINT('',(-76.93309202985,55.056160893358,
    33.539919289991));
#759 = CARTESIAN_POINT('',(-76.9205907459,55.018711873153,
    33.361906976253));
#760 = CARTESIAN_POINT('',(-76.91642805037,54.999999999997,
    33.180959982821));
#761 = CARTESIAN_POINT('',(-76.91629495427,54.999999999997,33.));
#762 = ORIENTED_EDGE('',*,*,#763,.F.);
#763 = EDGE_CURVE('',#183,#750,#764,.T.);
#764 = ( BOUNDED_CURVE() B_SPLINE_CURVE(2,(#765,#766,#767),
.UNSPECIFIED.,.F.,.F.) B_SPLINE_CURVE_WITH_KNOTS((3,3),(0.,
1.445468447072),.PIECEWISE_BEZIER_KNOTS.) CURVE() 
GEOMETRIC_REPRESENTATION_ITEM() RATIONAL_B_SPLINE_CURVE((1.,
0.763666123524,1.)) REPRESENTATION_ITEM('') );
#765 = CARTESIAN_POINT('',(-74.94416880002,53.33401766019,33.0651621335)
  );
#766 = CARTESIAN_POINT('',(-75.22547390459,54.999999999997,
    32.999999999974));
#767 = CARTESIAN_POINT('',(-76.91629495427,54.999999999997,33.));
#768 = ORIENTED_EDGE('',*,*,#182,.F.);
#769 = ( BOUNDED_SURFACE() B_SPLINE_SURFACE(2,8,(
    (#770,#771,#772,#773,#774,#775,#776,#777,#778)
    ,(#779,#780,#781,#782,#783,#784,#785,#786,#787)
    ,(#788,#789,#790,#791,#792,#793,#794,#795,#796
)),.UNSPECIFIED.,.F.,.F.,.F.) B_SPLINE_SURFACE_WITH_KNOTS((3,3),(9,9),(
    0.,1.445468447072),(29.312642798474,30.758111245546),
.PIECEWISE_BEZIER_KNOTS.) GEOMETRIC_REPRESENTATION_ITEM() 
RATIONAL_B_SPLINE_SURFACE((
    (1.,1.,1.,1.,1.,1.,1.,1.,1.)
    ,(0.707106781187,0.719473658403,0.731355572821,0.742190303193
      ,0.750258493371,0.757385175576,0.762121679216,0.76360641303
      ,0.763666123524)
,(1.,1.,1.,1.,1.,1.,1.,1.,1.))) REPRESENTATION_ITEM('') SURFACE() );
#770 = CARTESIAN_POINT('',(-75.,54.,35.645751311068));
#771 = CARTESIAN_POINT('',(-75.,53.813446341505,35.328453362574));
#772 = CARTESIAN_POINT('',(-74.99012025491,53.663991727706,
    34.997990902345));
#773 = CARTESIAN_POINT('',(-74.9767759079,53.545899086478,
    34.662856702194));
#774 = CARTESIAN_POINT('',(-74.96516382808,53.461809523177,
    34.32786520133));
#775 = CARTESIAN_POINT('',(-74.95436115229,53.393855867256,
    33.994531537341));
#776 = CARTESIAN_POINT('',(-74.94690080553,53.350316128592,
    33.663200808597));
#777 = CARTESIAN_POINT('',(-74.94424034733,53.334441387188,
    33.266289071918));
#778 = CARTESIAN_POINT('',(-74.94416880002,53.33401766019,33.0651621335)
  );
#779 = CARTESIAN_POINT('',(-75.,55.499999999998,34.322875655534));
#780 = CARTESIAN_POINT('',(-75.06875513549,55.3825433102,34.189692287951
    ));
#781 = CARTESIAN_POINT('',(-75.12176697182,55.277827585629,
    34.04364299668));
#782 = CARTESIAN_POINT('',(-75.16200067621,55.187326040956,
    33.886014999255));
#783 = CARTESIAN_POINT('',(-75.18790140345,55.112779734886,
    33.717222606089));
#784 = CARTESIAN_POINT('',(-75.20875223925,55.056696833397,
    33.543022620025));
#785 = CARTESIAN_POINT('',(-75.22156173659,55.018735126525,
    33.362600012671));
#786 = CARTESIAN_POINT('',(-75.22528980874,54.999999999995,
    33.180974133022));
#787 = CARTESIAN_POINT('',(-75.22547390459,54.999999999997,
    32.999999999974));
#788 = CARTESIAN_POINT('',(-77.,55.499999999992,34.322875655526));
#789 = CARTESIAN_POINT('',(-77.,55.380489062559,34.187362990068));
#790 = CARTESIAN_POINT('',(-76.98738476041,55.274946770886,
    34.039437381038));
#791 = CARTESIAN_POINT('',(-76.96829783904,55.185026327292,
    33.881276871717));
#792 = CARTESIAN_POINT('',(-76.95053419722,55.111407577009,
    33.713343757944));
#793 = CARTESIAN_POINT('',(-76.93309202985,55.056160893358,
    33.539919289991));
#794 = CARTESIAN_POINT('',(-76.9205907459,55.018711873153,
    33.361906976253));
#795 = CARTESIAN_POINT('',(-76.91642805037,54.999999999997,
    33.180959982821));
#796 = CARTESIAN_POINT('',(-76.91629495427,54.999999999997,33.));
#797 = ADVANCED_FACE('',(#798),#817,.F.);
#798 = FACE_BOUND('',#799,.T.);
#799 = EDGE_LOOP('',(#800,#809,#816));
#800 = ORIENTED_EDGE('',*,*,#801,.F.);
#801 = EDGE_CURVE('',#802,#173,#804,.T.);
#802 = VERTEX_POINT('',#803);
#803 = CARTESIAN_POINT('',(-71.,54.,40.000000000002));
#804 = CIRCLE('',#805,4.);
#805 = AXIS2_PLACEMENT_3D('',#806,#807,#808);
#806 = CARTESIAN_POINT('',(-71.,54.,36.000000000002));
#807 = DIRECTION('',(0.,-1.,0.));
#808 = DIRECTION('',(-1.,0.,0.));
#809 = ORIENTED_EDGE('',*,*,#810,.T.);
#810 = EDGE_CURVE('',#802,#342,#811,.T.);
#811 = CIRCLE('',#812,4.);
#812 = AXIS2_PLACEMENT_3D('',#813,#814,#815);
#813 = CARTESIAN_POINT('',(-71.,54.,36.000000000002));
#814 = DIRECTION('',(1.,-6.E-17,0.));
#815 = DIRECTION('',(-6.E-17,-1.,0.));
#816 = ORIENTED_EDGE('',*,*,#349,.F.);
#817 = SPHERICAL_SURFACE('',#818,4.);
#818 = AXIS2_PLACEMENT_3D('',#819,#820,#821);
#819 = CARTESIAN_POINT('',(-71.,54.,36.000000000002));
#820 = DIRECTION('',(0.,0.,-1.));
#821 = DIRECTION('',(-1.,0.,0.));
#822 = ADVANCED_FACE('',(#823),#850,.F.);
#823 = FACE_BOUND('',#824,.F.);
#824 = EDGE_LOOP('',(#825,#826,#843,#849));
#825 = ORIENTED_EDGE('',*,*,#763,.T.);
#826 = ORIENTED_EDGE('',*,*,#827,.T.);
#827 = EDGE_CURVE('',#750,#828,#830,.T.);
#828 = VERTEX_POINT('',#829);
#829 = CARTESIAN_POINT('',(-76.91629495427,54.999999999997,
    23.666666666667));
#830 = ( BOUNDED_CURVE() B_SPLINE_CURVE(11,(#831,#832,#833,#834,#835,
    #836,#837,#838,#839,#840,#841,#842),.UNSPECIFIED.,.F.,.F.) 
B_SPLINE_CURVE_WITH_KNOTS((12,12),(30.758111245546,40.091444675993),
.PIECEWISE_BEZIER_KNOTS.) CURVE() GEOMETRIC_REPRESENTATION_ITEM() 
RATIONAL_B_SPLINE_CURVE((1.,1.,1.,1.,1.,1.,1.,1.,1.,1.,1.,1.)) 
REPRESENTATION_ITEM('') );
#831 = CARTESIAN_POINT('',(-76.91629495427,54.999999999997,33.));
#832 = CARTESIAN_POINT('',(-76.91566993876,54.999999999997,
    32.150217049626));
#833 = CARTESIAN_POINT('',(-76.91667730608,54.999999999997,
    31.306625739056));
#834 = CARTESIAN_POINT('',(-76.91545519839,54.999999999997,
    30.449151677796));
#835 = CARTESIAN_POINT('',(-76.91657469882,54.999999999997,
    29.613023862662));
#836 = CARTESIAN_POINT('',(-76.91588694901,54.999999999998,
    28.749628577838));
#837 = CARTESIAN_POINT('',(-76.91588694901,54.999999999997,
    27.917038088807));
#838 = CARTESIAN_POINT('',(-76.91657469881,54.999999999997,
    27.053642803979));
#839 = CARTESIAN_POINT('',(-76.9154551984,54.999999999997,
    26.217514988848));
#840 = CARTESIAN_POINT('',(-76.91667730608,54.999999999997,
    25.360040927577));
#841 = CARTESIAN_POINT('',(-76.91566993877,54.999999999997,
    24.516449617011));
#842 = CARTESIAN_POINT('',(-76.91629495427,54.999999999997,
    23.666666666667));
#843 = ORIENTED_EDGE('',*,*,#844,.F.);
#844 = EDGE_CURVE('',#197,#828,#845,.T.);
#845 = ( BOUNDED_CURVE() B_SPLINE_CURVE(2,(#846,#847,#848),
.UNSPECIFIED.,.F.,.F.) B_SPLINE_CURVE_WITH_KNOTS((3,3),(0.,
9.333333430446),.PIECEWISE_BEZIER_KNOTS.) CURVE() 
GEOMETRIC_REPRESENTATION_ITEM() RATIONAL_B_SPLINE_CURVE((1.,
0.763666123524,1.)) REPRESENTATION_ITEM('') );
#846 = CARTESIAN_POINT('',(-74.94416880002,53.334017660191,
    23.601504533123));
#847 = CARTESIAN_POINT('',(-75.22547390459,54.999999999997,
    23.666666666673));
#848 = CARTESIAN_POINT('',(-76.91629495427,54.999999999997,
    23.666666666667));
#849 = ORIENTED_EDGE('',*,*,#196,.F.);
#850 = ( BOUNDED_SURFACE() B_SPLINE_SURFACE(2,11,(
    (#851,#852,#853,#854,#855,#856,#857,#858,#859,#860,#861,#862)
    ,(#863,#864,#865,#866,#867,#868,#869,#870,#871,#872,#873,#874)
    ,(#875,#876,#877,#878,#879,#880,#881,#882,#883,#884,#885,#886
)),.UNSPECIFIED.,.F.,.F.,.F.) B_SPLINE_SURFACE_WITH_KNOTS((3,3),(12,12),
  (0.,9.333333430446),(30.758111245546,40.091444675993),
.PIECEWISE_BEZIER_KNOTS.) GEOMETRIC_REPRESENTATION_ITEM() 
RATIONAL_B_SPLINE_SURFACE((
    (1.,1.,1.,1.,1.,1.,1.,1.,1.,1.,1.,1.)
    ,(0.763666123524,0.763946522318,0.763494218443,0.76404359632
      ,0.763539666322,0.763849546999,0.763849546998,0.763539666322
      ,0.76404359632,0.763494218443,0.763946522318,0.763666123524)
,(1.,1.,1.,1.,1.,1.,1.,1.,1.,1.,1.,1.
))) REPRESENTATION_ITEM('') SURFACE() );
#851 = CARTESIAN_POINT('',(-74.94416880002,53.33401766019,33.0651621335)
  );
#852 = CARTESIAN_POINT('',(-74.94383281584,53.332027850215,
    32.120675731107));
#853 = CARTESIAN_POINT('',(-74.94437487144,53.335241505981,
    31.281483596234));
#854 = CARTESIAN_POINT('',(-74.94371632325,53.331331169574,
    30.44061598529));
#855 = CARTESIAN_POINT('',(-74.94432055309,53.334925195896,
    29.610519300877));
#856 = CARTESIAN_POINT('',(-74.94394892458,53.332711974135,
    28.750822972411));
#857 = CARTESIAN_POINT('',(-74.94394892458,53.332711974132,
    27.915843694234));
#858 = CARTESIAN_POINT('',(-74.94432055309,53.334925195899,
    27.056147365766));
#859 = CARTESIAN_POINT('',(-74.94371632324,53.331331169571,
    26.22605068136));
#860 = CARTESIAN_POINT('',(-74.94437487144,53.335241505983,
    25.385183070418));
#861 = CARTESIAN_POINT('',(-74.94383281584,53.332027850213,
    24.545990935549));
#862 = CARTESIAN_POINT('',(-74.94416880002,53.334017660191,
    23.601504533123));
#863 = CARTESIAN_POINT('',(-75.22547390459,54.999999999997,
    32.999999999974));
#864 = CARTESIAN_POINT('',(-75.22633802859,54.999999999997,
    32.150528953819));
#865 = CARTESIAN_POINT('',(-75.22494316192,54.999999999997,
    31.305541979116));
#866 = CARTESIAN_POINT('',(-75.22663834008,54.999999999997,
    30.451426891976));
#867 = CARTESIAN_POINT('',(-75.22508229461,54.999999999998,
    29.609475165292));
#868 = CARTESIAN_POINT('',(-75.22603991879,54.999999999996,
    28.754062182228));
#869 = CARTESIAN_POINT('',(-75.22603991879,54.999999999998,
    27.912604484417));
#870 = CARTESIAN_POINT('',(-75.22508229461,54.999999999996,
    27.057191501349));
#871 = CARTESIAN_POINT('',(-75.22663834009,54.999999999998,
    26.215239774672));
#872 = CARTESIAN_POINT('',(-75.22494316192,54.999999999997,
    25.361124687526));
#873 = CARTESIAN_POINT('',(-75.22633802859,54.999999999997,
    24.516137712827));
#874 = CARTESIAN_POINT('',(-75.22547390459,54.999999999997,
    23.666666666673));
#875 = CARTESIAN_POINT('',(-76.91629495427,54.999999999997,33.));
#876 = CARTESIAN_POINT('',(-76.91566993876,54.999999999997,
    32.150217049626));
#877 = CARTESIAN_POINT('',(-76.91667730608,54.999999999997,
    31.306625739056));
#878 = CARTESIAN_POINT('',(-76.91545519839,54.999999999997,
    30.449151677796));
#879 = CARTESIAN_POINT('',(-76.91657469882,54.999999999997,
    29.613023862662));
#880 = CARTESIAN_POINT('',(-76.91588694901,54.999999999998,
    28.749628577838));
#881 = CARTESIAN_POINT('',(-76.91588694901,54.999999999997,
    27.917038088807));
#882 = CARTESIAN_POINT('',(-76.91657469881,54.999999999997,
    27.053642803979));
#883 = CARTESIAN_POINT('',(-76.9154551984,54.999999999997,
    26.217514988848));
#884 = CARTESIAN_POINT('',(-76.91667730608,54.999999999997,
    25.360040927577));
#885 = CARTESIAN_POINT('',(-76.91566993877,54.999999999997,
    24.516449617011));
#886 = CARTESIAN_POINT('',(-76.91629495427,54.999999999997,
    23.666666666667));
#887 = ADVANCED_FACE('',(#888,#981),#1015,.T.);
#888 = FACE_BOUND('',#889,.T.);
#889 = EDGE_LOOP('',(#890,#898,#899,#907,#915,#924,#932,#941,#949,#958,
    #966,#975));
#890 = ORIENTED_EDGE('',*,*,#891,.F.);
#891 = EDGE_CURVE('',#333,#892,#894,.T.);
#892 = VERTEX_POINT('',#893);
#893 = CARTESIAN_POINT('',(87.,50.,-36.));
#894 = LINE('',#895,#896);
#895 = CARTESIAN_POINT('',(85.,50.,-36.));
#896 = VECTOR('',#897,1.);
#897 = DIRECTION('',(1.,0.,0.));
#898 = ORIENTED_EDGE('',*,*,#341,.F.);
#899 = ORIENTED_EDGE('',*,*,#900,.F.);
#900 = EDGE_CURVE('',#901,#342,#903,.T.);
#901 = VERTEX_POINT('',#902);
#902 = CARTESIAN_POINT('',(87.,50.,36.000000000002));
#903 = LINE('',#904,#905);
#904 = CARTESIAN_POINT('',(85.,50.,36.000000000002));
#905 = VECTOR('',#906,1.);
#906 = DIRECTION('',(-1.,-0.,-0.));
#907 = ORIENTED_EDGE('',*,*,#908,.F.);
#908 = EDGE_CURVE('',#909,#901,#911,.T.);
#909 = VERTEX_POINT('',#910);
#910 = CARTESIAN_POINT('',(87.,50.,46.));
#911 = LINE('',#912,#913);
#912 = CARTESIAN_POINT('',(87.,50.,40.000000000002));
#913 = VECTOR('',#914,1.);
#914 = DIRECTION('',(0.,0.,-1.));
#915 = ORIENTED_EDGE('',*,*,#916,.F.);
#916 = EDGE_CURVE('',#917,#909,#919,.T.);
#917 = VERTEX_POINT('',#918);
#918 = CARTESIAN_POINT('',(81.,50.,52.));
#919 = CIRCLE('',#920,6.);
#920 = AXIS2_PLACEMENT_3D('',#921,#922,#923);
#921 = CARTESIAN_POINT('',(81.,50.,46.));
#922 = DIRECTION('',(0.,1.,0.));
#923 = DIRECTION('',(0.,0.,1.));
#924 = ORIENTED_EDGE('',*,*,#925,.F.);
#925 = EDGE_CURVE('',#926,#917,#928,.T.);
#926 = VERTEX_POINT('',#927);
#927 = CARTESIAN_POINT('',(-81.,50.,52.));
#928 = LINE('',#929,#930);
#929 = CARTESIAN_POINT('',(-81.,50.,52.));
#930 = VECTOR('',#931,1.);
#931 = DIRECTION('',(1.,0.,0.));
#932 = ORIENTED_EDGE('',*,*,#933,.F.);
#933 = EDGE_CURVE('',#934,#926,#936,.T.);
#934 = VERTEX_POINT('',#935);
#935 = CARTESIAN_POINT('',(-87.,50.,46.));
#936 = CIRCLE('',#937,6.);
#937 = AXIS2_PLACEMENT_3D('',#938,#939,#940);
#938 = CARTESIAN_POINT('',(-81.,50.,46.));
#939 = DIRECTION('',(0.,1.,-0.));
#940 = DIRECTION('',(-1.,0.,0.));
#941 = ORIENTED_EDGE('',*,*,#942,.F.);
#942 = EDGE_CURVE('',#943,#934,#945,.T.);
#943 = VERTEX_POINT('',#944);
#944 = CARTESIAN_POINT('',(-87.,50.,-46.));
#945 = LINE('',#946,#947);
#946 = CARTESIAN_POINT('',(-87.,50.,-46.));
#947 = VECTOR('',#948,1.);
#948 = DIRECTION('',(0.,2.2E-16,1.));
#949 = ORIENTED_EDGE('',*,*,#950,.F.);
#950 = EDGE_CURVE('',#951,#943,#953,.T.);
#951 = VERTEX_POINT('',#952);
#952 = CARTESIAN_POINT('',(-81.,50.,-52.));
#953 = CIRCLE('',#954,6.);
#954 = AXIS2_PLACEMENT_3D('',#955,#956,#957);
#955 = CARTESIAN_POINT('',(-81.,50.,-46.));
#956 = DIRECTION('',(0.,1.,0.));
#957 = DIRECTION('',(0.,0.,-1.));
#958 = ORIENTED_EDGE('',*,*,#959,.F.);
#959 = EDGE_CURVE('',#960,#951,#962,.T.);
#960 = VERTEX_POINT('',#961);
#961 = CARTESIAN_POINT('',(81.,50.,-52.));
#962 = LINE('',#963,#964);
#963 = CARTESIAN_POINT('',(81.,50.,-52.));
#964 = VECTOR('',#965,1.);
#965 = DIRECTION('',(-1.,0.,0.));
#966 = ORIENTED_EDGE('',*,*,#967,.F.);
#967 = EDGE_CURVE('',#968,#960,#970,.T.);
#968 = VERTEX_POINT('',#969);
#969 = CARTESIAN_POINT('',(87.,50.,-46.));
#970 = CIRCLE('',#971,6.);
#971 = AXIS2_PLACEMENT_3D('',#972,#973,#974);
#972 = CARTESIAN_POINT('',(81.,50.,-46.));
#973 = DIRECTION('',(-0.,1.,0.));
#974 = DIRECTION('',(1.,0.,0.));
#975 = ORIENTED_EDGE('',*,*,#976,.F.);
#976 = EDGE_CURVE('',#892,#968,#977,.T.);
#977 = LINE('',#978,#979);
#978 = CARTESIAN_POINT('',(87.,50.,-40.));
#979 = VECTOR('',#980,1.);
#980 = DIRECTION('',(0.,-2.2E-16,-1.));
#981 = FACE_BOUND('',#982,.T.);
#982 = EDGE_LOOP('',(#983,#993,#1001,#1009));
#983 = ORIENTED_EDGE('',*,*,#984,.T.);
#984 = EDGE_CURVE('',#985,#987,#989,.T.);
#985 = VERTEX_POINT('',#986);
#986 = CARTESIAN_POINT('',(-107.,50.,-74.));
#987 = VERTEX_POINT('',#988);
#988 = CARTESIAN_POINT('',(-107.,50.,74.));
#989 = LINE('',#990,#991);
#990 = CARTESIAN_POINT('',(-107.,50.,-75.));
#991 = VECTOR('',#992,1.);
#992 = DIRECTION('',(0.,0.,1.));
#993 = ORIENTED_EDGE('',*,*,#994,.T.);
#994 = EDGE_CURVE('',#987,#995,#997,.T.);
#995 = VERTEX_POINT('',#996);
#996 = CARTESIAN_POINT('',(107.,50.,74.));
#997 = LINE('',#998,#999);
#998 = CARTESIAN_POINT('',(-107.,50.,74.));
#999 = VECTOR('',#1000,1.);
#1000 = DIRECTION('',(1.,0.,0.));
#1001 = ORIENTED_EDGE('',*,*,#1002,.F.);
#1002 = EDGE_CURVE('',#1003,#995,#1005,.T.);
#1003 = VERTEX_POINT('',#1004);
#1004 = CARTESIAN_POINT('',(107.,50.,-74.));
#1005 = LINE('',#1006,#1007);
#1006 = CARTESIAN_POINT('',(107.,50.,-75.));
#1007 = VECTOR('',#1008,1.);
#1008 = DIRECTION('',(-2.2E-16,0.,1.));
#1009 = ORIENTED_EDGE('',*,*,#1010,.F.);
#1010 = EDGE_CURVE('',#985,#1003,#1011,.T.);
#1011 = LINE('',#1012,#1013);
#1012 = CARTESIAN_POINT('',(2.753E-14,50.,-74.));
#1013 = VECTOR('',#1014,1.);
#1014 = DIRECTION('',(1.,-2.2E-16,2.2E-16));
#1015 = PLANE('',#1016);
#1016 = AXIS2_PLACEMENT_3D('',#1017,#1018,#1019);
#1017 = CARTESIAN_POINT('',(7.54E-15,50.,1.26E-15));
#1018 = DIRECTION('',(0.,1.,0.));
#1019 = DIRECTION('',(0.,0.,1.));
#1020 = ADVANCED_FACE('',(#1021),#1045,.F.);
#1021 = FACE_BOUND('',#1022,.F.);
#1022 = EDGE_LOOP('',(#1023,#1024,#1038,#1044));
#1023 = ORIENTED_EDGE('',*,*,#844,.T.);
#1024 = ORIENTED_EDGE('',*,*,#1025,.T.);
#1025 = EDGE_CURVE('',#828,#1026,#1028,.T.);
#1026 = VERTEX_POINT('',#1027);
#1027 = CARTESIAN_POINT('',(-77.,55.500000000005,22.343791011126));
#1028 = ( BOUNDED_CURVE() B_SPLINE_CURVE(8,(#1029,#1030,#1031,#1032,
    #1033,#1034,#1035,#1036,#1037),.UNSPECIFIED.,.F.,.F.) 
B_SPLINE_CURVE_WITH_KNOTS((9,9),(40.091444675993,41.536913123046),
.PIECEWISE_BEZIER_KNOTS.) CURVE() GEOMETRIC_REPRESENTATION_ITEM() 
RATIONAL_B_SPLINE_CURVE((1.,1.,1.,1.,1.,1.,1.,1.,1.)) 
REPRESENTATION_ITEM('') );
#1029 = CARTESIAN_POINT('',(-76.91629495427,54.999999999997,
    23.666666666667));
#1030 = CARTESIAN_POINT('',(-76.91642805037,54.999999999997,
    23.485706683855));
#1031 = CARTESIAN_POINT('',(-76.9205907459,55.01871187317,
    23.304759690259));
#1032 = CARTESIAN_POINT('',(-76.93309202985,55.056160893319,
    23.126747376877));
#1033 = CARTESIAN_POINT('',(-76.95053419723,55.111407577104,
    22.953322908475));
#1034 = CARTESIAN_POINT('',(-76.96829783904,55.185026327185,
    22.785389795125));
#1035 = CARTESIAN_POINT('',(-76.98738476041,55.27494677098,
    22.627229285511));
#1036 = CARTESIAN_POINT('',(-77.,55.38048906252,22.479303676639));
#1037 = CARTESIAN_POINT('',(-77.,55.500000000005,22.343791011126));
#1038 = ORIENTED_EDGE('',*,*,#1039,.F.);
#1039 = EDGE_CURVE('',#214,#1026,#1040,.T.);
#1040 = ( BOUNDED_CURVE() B_SPLINE_CURVE(2,(#1041,#1042,#1043),
.UNSPECIFIED.,.F.,.F.) B_SPLINE_CURVE_WITH_KNOTS((3,3),(0.,
1.445468447053),.PIECEWISE_BEZIER_KNOTS.) CURVE() 
GEOMETRIC_REPRESENTATION_ITEM() RATIONAL_B_SPLINE_CURVE((1.,
0.707106781187,1.)) REPRESENTATION_ITEM('') );
#1041 = CARTESIAN_POINT('',(-75.,54.,21.020915355599));
#1042 = CARTESIAN_POINT('',(-75.,55.500000000002,22.343791011129));
#1043 = CARTESIAN_POINT('',(-77.,55.500000000005,22.343791011126));
#1044 = ORIENTED_EDGE('',*,*,#213,.F.);
#1045 = ( BOUNDED_SURFACE() B_SPLINE_SURFACE(2,8,(
    (#1046,#1047,#1048,#1049,#1050,#1051,#1052,#1053,#1054)
    ,(#1055,#1056,#1057,#1058,#1059,#1060,#1061,#1062,#1063)
    ,(#1064,#1065,#1066,#1067,#1068,#1069,#1070,#1071,#1072
)),.UNSPECIFIED.,.F.,.F.,.F.) B_SPLINE_SURFACE_WITH_KNOTS((3,3),(9,9),(
    0.,1.445468447053),(40.091444675993,41.536913123046),
.PIECEWISE_BEZIER_KNOTS.) GEOMETRIC_REPRESENTATION_ITEM() 
RATIONAL_B_SPLINE_SURFACE((
    (1.,1.,1.,1.,1.,1.,1.,1.,1.)
    ,(0.763666123524,0.763606413029,0.762121679216,0.757385175574
      ,0.750258493372,0.742190303189,0.731355572823,0.719473658401
      ,0.707106781187)
,(1.,1.,1.,1.,1.,1.,1.,1.,1.))) REPRESENTATION_ITEM('') SURFACE() );
#1046 = CARTESIAN_POINT('',(-74.94416880002,53.334017660191,
    23.601504533123));
#1047 = CARTESIAN_POINT('',(-74.94424034733,53.33444138719,
    23.400377594673));
#1048 = CARTESIAN_POINT('',(-74.94690080553,53.350316128589,
    23.003465858161));
#1049 = CARTESIAN_POINT('',(-74.95436115229,53.393855867287,
    22.672135129108));
#1050 = CARTESIAN_POINT('',(-74.96516382808,53.461809523134,
    22.338801465505));
#1051 = CARTESIAN_POINT('',(-74.9767759079,53.545899086545,
    22.003809964304));
#1052 = CARTESIAN_POINT('',(-74.99012025491,53.663991727667,
    21.668675764391));
#1053 = CARTESIAN_POINT('',(-75.,53.813446341534,21.338213304044));
#1054 = CARTESIAN_POINT('',(-75.,54.,21.020915355599));
#1055 = CARTESIAN_POINT('',(-75.22547390459,54.999999999997,
    23.666666666673));
#1056 = CARTESIAN_POINT('',(-75.22528980874,54.999999999997,
    23.485692533627));
#1057 = CARTESIAN_POINT('',(-75.22156173659,55.018735126528,
    23.304066653962));
#1058 = CARTESIAN_POINT('',(-75.20875223924,55.056696833403,
    23.123644046647));
#1059 = CARTESIAN_POINT('',(-75.18790140347,55.112779734889,
    22.949444060549));
#1060 = CARTESIAN_POINT('',(-75.16200067619,55.187326040964,
    22.780651667408));
#1061 = CARTESIAN_POINT('',(-75.12176697183,55.277827585632,
    22.623023669978));
#1062 = CARTESIAN_POINT('',(-75.06875513548,55.382543310205,
    22.47697437871));
#1063 = CARTESIAN_POINT('',(-75.,55.500000000002,22.343791011129));
#1064 = CARTESIAN_POINT('',(-76.91629495427,54.999999999997,
    23.666666666667));
#1065 = CARTESIAN_POINT('',(-76.91642805037,54.999999999997,
    23.485706683855));
#1066 = CARTESIAN_POINT('',(-76.9205907459,55.01871187317,
    23.304759690259));
#1067 = CARTESIAN_POINT('',(-76.93309202985,55.056160893319,
    23.126747376877));
#1068 = CARTESIAN_POINT('',(-76.95053419723,55.111407577104,
    22.953322908475));
#1069 = CARTESIAN_POINT('',(-76.96829783904,55.185026327185,
    22.785389795125));
#1070 = CARTESIAN_POINT('',(-76.98738476041,55.27494677098,
    22.627229285511));
#1071 = CARTESIAN_POINT('',(-77.,55.38048906252,22.479303676639));
#1072 = CARTESIAN_POINT('',(-77.,55.500000000005,22.343791011126));
#1073 = ADVANCED_FACE('',(#1074),#1135,.T.);
#1074 = FACE_BOUND('',#1075,.T.);
#1075 = EDGE_LOOP('',(#1076,#1077,#1086,#1094,#1103,#1111,#1120,#1128));
#1076 = ORIENTED_EDGE('',*,*,#227,.T.);
#1077 = ORIENTED_EDGE('',*,*,#1078,.F.);
#1078 = EDGE_CURVE('',#1079,#228,#1081,.T.);
#1079 = VERTEX_POINT('',#1080);
#1080 = CARTESIAN_POINT('',(-75.,56.999999999997,8.666666666667));
#1081 = CIRCLE('',#1082,4.);
#1082 = AXIS2_PLACEMENT_3D('',#1083,#1084,#1085);
#1083 = CARTESIAN_POINT('',(-75.,56.999999999997,4.666666666667));
#1084 = DIRECTION('',(1.,0.,-0.));
#1085 = DIRECTION('',(0.,0.,1.));
#1086 = ORIENTED_EDGE('',*,*,#1087,.F.);
#1087 = EDGE_CURVE('',#1088,#1079,#1090,.T.);
#1088 = VERTEX_POINT('',#1089);
#1089 = CARTESIAN_POINT('',(-75.,62.999999999997,8.666666666667));
#1090 = LINE('',#1091,#1092);
#1091 = CARTESIAN_POINT('',(-75.,62.999999999997,8.666666666667));
#1092 = VECTOR('',#1093,1.);
#1093 = DIRECTION('',(0.,-1.,0.));
#1094 = ORIENTED_EDGE('',*,*,#1095,.F.);
#1095 = EDGE_CURVE('',#1096,#1088,#1098,.T.);
#1096 = VERTEX_POINT('',#1097);
#1097 = CARTESIAN_POINT('',(-75.,66.000000000003,7.312417977725));
#1098 = CIRCLE('',#1099,4.);
#1099 = AXIS2_PLACEMENT_3D('',#1100,#1101,#1102);
#1100 = CARTESIAN_POINT('',(-75.,62.999999999997,4.666666666667));
#1101 = DIRECTION('',(1.,0.,0.));
#1102 = DIRECTION('',(-0.,1.,0.));
#1103 = ORIENTED_EDGE('',*,*,#1104,.T.);
#1104 = EDGE_CURVE('',#1096,#1105,#1107,.T.);
#1105 = VERTEX_POINT('',#1106);
#1106 = CARTESIAN_POINT('',(-75.,66.000000000003,21.020915355609));
#1107 = LINE('',#1108,#1109);
#1108 = CARTESIAN_POINT('',(-75.,66.000000000003,-40.));
#1109 = VECTOR('',#1110,1.);
#1110 = DIRECTION('',(0.,0.,1.));
#1111 = ORIENTED_EDGE('',*,*,#1112,.F.);
#1112 = EDGE_CURVE('',#1113,#1105,#1115,.T.);
#1113 = VERTEX_POINT('',#1114);
#1114 = CARTESIAN_POINT('',(-75.,62.999999999997,19.666666666667));
#1115 = CIRCLE('',#1116,4.);
#1116 = AXIS2_PLACEMENT_3D('',#1117,#1118,#1119);
#1117 = CARTESIAN_POINT('',(-75.,62.999999999997,23.666666666667));
#1118 = DIRECTION('',(1.,-0.,0.));
#1119 = DIRECTION('',(0.,0.,-1.));
#1120 = ORIENTED_EDGE('',*,*,#1121,.F.);
#1121 = EDGE_CURVE('',#1122,#1113,#1124,.T.);
#1122 = VERTEX_POINT('',#1123);
#1123 = CARTESIAN_POINT('',(-75.,56.999999999997,19.666666666667));
#1124 = LINE('',#1125,#1126);
#1125 = CARTESIAN_POINT('',(-75.,56.999999999997,19.666666666667));
#1126 = VECTOR('',#1127,1.);
#1127 = DIRECTION('',(0.,1.,0.));
#1128 = ORIENTED_EDGE('',*,*,#1129,.F.);
#1129 = EDGE_CURVE('',#214,#1122,#1130,.T.);
#1130 = CIRCLE('',#1131,4.);
#1131 = AXIS2_PLACEMENT_3D('',#1132,#1133,#1134);
#1132 = CARTESIAN_POINT('',(-75.,56.999999999997,23.666666666667));
#1133 = DIRECTION('',(1.,0.,0.));
#1134 = DIRECTION('',(0.,-1.,0.));
#1135 = PLANE('',#1136);
#1136 = AXIS2_PLACEMENT_3D('',#1137,#1138,#1139);
#1137 = CARTESIAN_POINT('',(-75.,60.000000000001,1.14E-15));
#1138 = DIRECTION('',(1.,0.,0.));
#1139 = DIRECTION('',(0.,0.,1.));
#1140 = ADVANCED_FACE('',(#1141),#1173,.F.);
#1141 = FACE_BOUND('',#1142,.F.);
#1142 = EDGE_LOOP('',(#1143,#1152,#1166,#1172));
#1143 = ORIENTED_EDGE('',*,*,#1144,.T.);
#1144 = EDGE_CURVE('',#228,#1145,#1147,.T.);
#1145 = VERTEX_POINT('',#1146);
#1146 = CARTESIAN_POINT('',(-77.,55.499999999999,5.989542322201));
#1147 = CIRCLE('',#1148,2.);
#1148 = AXIS2_PLACEMENT_3D('',#1149,#1150,#1151);
#1149 = CARTESIAN_POINT('',(-77.,54.,7.312417977734));
#1150 = DIRECTION('',(-0.,0.661437827767,0.749999999999));
#1151 = DIRECTION('',(0.,-0.749999999999,0.661437827767));
#1152 = ORIENTED_EDGE('',*,*,#1153,.T.);
#1153 = EDGE_CURVE('',#1145,#1154,#1156,.T.);
#1154 = VERTEX_POINT('',#1155);
#1155 = CARTESIAN_POINT('',(-76.91629495427,54.999999999997,
    4.666666666667));
#1156 = ( BOUNDED_CURVE() B_SPLINE_CURVE(8,(#1157,#1158,#1159,#1160,
    #1161,#1162,#1163,#1164,#1165),.UNSPECIFIED.,.F.,.F.) 
B_SPLINE_CURVE_WITH_KNOTS((9,9),(29.312642798476,30.758111245526),
.PIECEWISE_BEZIER_KNOTS.) CURVE() GEOMETRIC_REPRESENTATION_ITEM() 
RATIONAL_B_SPLINE_CURVE((1.,1.,1.,1.,1.,1.,1.,1.,1.)) 
REPRESENTATION_ITEM('') );
#1157 = CARTESIAN_POINT('',(-77.,55.499999999985,5.989542322186));
#1158 = CARTESIAN_POINT('',(-77.,55.380489062579,5.854029656757));
#1159 = CARTESIAN_POINT('',(-76.98738476041,55.274946770854,
    5.706104047685));
#1160 = CARTESIAN_POINT('',(-76.96829783904,55.185026327334,
    5.547943538374));
#1161 = CARTESIAN_POINT('',(-76.95053419722,55.111407576985,
    5.380010424705));
#1162 = CARTESIAN_POINT('',(-76.93309202985,55.056160893374,
    5.206585956542));
#1163 = CARTESIAN_POINT('',(-76.9205907459,55.018711873157,
    5.028573643038));
#1164 = CARTESIAN_POINT('',(-76.91642805037,54.999999999997,
    4.847626649479));
#1165 = CARTESIAN_POINT('',(-76.91629495427,54.999999999997,
    4.666666666667));
#1166 = ORIENTED_EDGE('',*,*,#1167,.F.);
#1167 = EDGE_CURVE('',#236,#1154,#1168,.T.);
#1168 = ( BOUNDED_CURVE() B_SPLINE_CURVE(2,(#1169,#1170,#1171),
.UNSPECIFIED.,.F.,.F.) B_SPLINE_CURVE_WITH_KNOTS((3,3),(0.,
1.445468447051),.PIECEWISE_BEZIER_KNOTS.) CURVE() 
GEOMETRIC_REPRESENTATION_ITEM() RATIONAL_B_SPLINE_CURVE((1.,
0.763666123524,1.)) REPRESENTATION_ITEM('') );
#1169 = CARTESIAN_POINT('',(-74.94416880002,53.334017660191,
    4.731828800205));
#1170 = CARTESIAN_POINT('',(-75.22547390459,54.999999999997,
    4.666666666659));
#1171 = CARTESIAN_POINT('',(-76.91629495427,54.999999999997,
    4.666666666667));
#1172 = ORIENTED_EDGE('',*,*,#235,.F.);
#1173 = ( BOUNDED_SURFACE() B_SPLINE_SURFACE(2,8,(
    (#1174,#1175,#1176,#1177,#1178,#1179,#1180,#1181,#1182)
    ,(#1183,#1184,#1185,#1186,#1187,#1188,#1189,#1190,#1191)
    ,(#1192,#1193,#1194,#1195,#1196,#1197,#1198,#1199,#1200
)),.UNSPECIFIED.,.F.,.F.,.F.) B_SPLINE_SURFACE_WITH_KNOTS((3,3),(9,9),(
    0.,1.445468447051),(29.312642798476,30.758111245526),
.PIECEWISE_BEZIER_KNOTS.) GEOMETRIC_REPRESENTATION_ITEM() 
RATIONAL_B_SPLINE_SURFACE((
    (1.,1.,1.,1.,1.,1.,1.,1.,1.)
    ,(0.707106781187,0.719473658403,0.73135557282,0.742190303194
      ,0.750258493369,0.757385175576,0.762121679216,0.763606413029
      ,0.763666123524)
,(1.,1.,1.,1.,1.,1.,1.,1.,1.))) REPRESENTATION_ITEM('') SURFACE() );
#1174 = CARTESIAN_POINT('',(-75.,54.,7.312417977734));
#1175 = CARTESIAN_POINT('',(-75.,53.8134463415,6.995120029232));
#1176 = CARTESIAN_POINT('',(-74.99012025491,53.663991727722,
    6.66465756903));
#1177 = CARTESIAN_POINT('',(-74.9767759079,53.545899086468,
    6.329523368881));
#1178 = CARTESIAN_POINT('',(-74.96516382808,53.461809523192,
    5.994531867964));
#1179 = CARTESIAN_POINT('',(-74.95436115229,53.393855867257,
    5.661198204111));
#1180 = CARTESIAN_POINT('',(-74.94690080553,53.350316128596,
    5.329867475219));
#1181 = CARTESIAN_POINT('',(-74.94424034733,53.33444138719,
    4.932955738645));
#1182 = CARTESIAN_POINT('',(-74.94416880002,53.334017660191,
    4.731828800205));
#1183 = CARTESIAN_POINT('',(-75.,55.499999999997,5.989542322199));
#1184 = CARTESIAN_POINT('',(-75.06875513549,55.382543310201,
    5.856358954618));
#1185 = CARTESIAN_POINT('',(-75.12176697181,55.277827585631,
    5.710309663351));
#1186 = CARTESIAN_POINT('',(-75.16200067621,55.187326040959,
    5.55268166592));
#1187 = CARTESIAN_POINT('',(-75.18790140345,55.11277973489,
    5.383889272779));
#1188 = CARTESIAN_POINT('',(-75.20875223925,55.056696833401,
    5.209689286685));
#1189 = CARTESIAN_POINT('',(-75.22156173659,55.018735126528,
    5.029266679366));
#1190 = CARTESIAN_POINT('',(-75.22528980874,54.999999999996,
    4.847640799704));
#1191 = CARTESIAN_POINT('',(-75.22547390459,54.999999999997,
    4.666666666659));
#1192 = CARTESIAN_POINT('',(-77.,55.499999999985,5.989542322186));
#1193 = CARTESIAN_POINT('',(-77.,55.380489062579,5.854029656757));
#1194 = CARTESIAN_POINT('',(-76.98738476041,55.274946770854,
    5.706104047685));
#1195 = CARTESIAN_POINT('',(-76.96829783904,55.185026327334,
    5.547943538374));
#1196 = CARTESIAN_POINT('',(-76.95053419722,55.111407576985,
    5.380010424705));
#1197 = CARTESIAN_POINT('',(-76.93309202985,55.056160893374,
    5.206585956542));
#1198 = CARTESIAN_POINT('',(-76.9205907459,55.018711873157,
    5.028573643038));
#1199 = CARTESIAN_POINT('',(-76.91642805037,54.999999999997,
    4.847626649479));
#1200 = CARTESIAN_POINT('',(-76.91629495427,54.999999999997,
    4.666666666667));
#1201 = ADVANCED_FACE('',(#1202),#1229,.F.);
#1202 = FACE_BOUND('',#1203,.F.);
#1203 = EDGE_LOOP('',(#1204,#1205,#1222,#1228));
#1204 = ORIENTED_EDGE('',*,*,#1167,.T.);
#1205 = ORIENTED_EDGE('',*,*,#1206,.T.);
#1206 = EDGE_CURVE('',#1154,#1207,#1209,.T.);
#1207 = VERTEX_POINT('',#1208);
#1208 = CARTESIAN_POINT('',(-76.91629495427,54.999999999997,
    -4.666666666667));
#1209 = ( BOUNDED_CURVE() B_SPLINE_CURVE(11,(#1210,#1211,#1212,#1213,
    #1214,#1215,#1216,#1217,#1218,#1219,#1220,#1221),.UNSPECIFIED.,.F.,
.F.) B_SPLINE_CURVE_WITH_KNOTS((12,12),(30.758111245526,40.091444675997)
,.PIECEWISE_BEZIER_KNOTS.) CURVE() GEOMETRIC_REPRESENTATION_ITEM() 
RATIONAL_B_SPLINE_CURVE((1.,1.,1.,1.000000000001,0.999999999999,
1.000000000001,0.999999999999,1.,1.,1.,1.,1.)) REPRESENTATION_ITEM('') 
  );
#1210 = CARTESIAN_POINT('',(-76.91629495427,54.999999999997,
    4.666666666667));
#1211 = CARTESIAN_POINT('',(-76.91566993877,54.999999999997,
    3.816883716316));
#1212 = CARTESIAN_POINT('',(-76.91667730608,54.999999999997,
    2.973292405752));
#1213 = CARTESIAN_POINT('',(-76.9154551984,54.999999999997,
    2.115818344483));
#1214 = CARTESIAN_POINT('',(-76.91657469881,54.999999999997,
    1.27969052935));
#1215 = CARTESIAN_POINT('',(-76.91588694901,54.999999999998,
    0.416295244527));
#1216 = CARTESIAN_POINT('',(-76.91588694901,54.999999999997,
    -0.416295244511));
#1217 = CARTESIAN_POINT('',(-76.91657469881,54.999999999998,
    -1.279690529328));
#1218 = CARTESIAN_POINT('',(-76.91545519839,54.999999999997,
    -2.115818344467));
#1219 = CARTESIAN_POINT('',(-76.91667730608,54.999999999997,
    -2.973292405723));
#1220 = CARTESIAN_POINT('',(-76.91566993876,54.999999999997,
    -3.816883716292));
#1221 = CARTESIAN_POINT('',(-76.91629495427,54.999999999997,
    -4.666666666667));
#1222 = ORIENTED_EDGE('',*,*,#1223,.F.);
#1223 = EDGE_CURVE('',#250,#1207,#1224,.T.);
#1224 = ( BOUNDED_CURVE() B_SPLINE_CURVE(2,(#1225,#1226,#1227),
.UNSPECIFIED.,.F.,.F.) B_SPLINE_CURVE_WITH_KNOTS((3,3),(0.,
9.333333430471),.PIECEWISE_BEZIER_KNOTS.) CURVE() 
GEOMETRIC_REPRESENTATION_ITEM() RATIONAL_B_SPLINE_CURVE((1.,
0.763666123524,1.)) REPRESENTATION_ITEM('') );
#1225 = CARTESIAN_POINT('',(-74.94416880002,53.33401766019,
    -4.731828800164));
#1226 = CARTESIAN_POINT('',(-75.22547390459,54.999999999997,
    -4.666666666643));
#1227 = CARTESIAN_POINT('',(-76.91629495427,54.999999999997,
    -4.666666666667));
#1228 = ORIENTED_EDGE('',*,*,#249,.F.);
#1229 = ( BOUNDED_SURFACE() B_SPLINE_SURFACE(2,11,(
    (#1230,#1231,#1232,#1233,#1234,#1235,#1236,#1237,#1238,#1239,#1240
      ,#1241)
    ,(#1242,#1243,#1244,#1245,#1246,#1247,#1248,#1249,#1250,#1251,#1252
      ,#1253)
    ,(#1254,#1255,#1256,#1257,#1258,#1259,#1260,#1261,#1262,#1263,#1264
,#1265
    )),.UNSPECIFIED.,.F.,.F.,.F.) B_SPLINE_SURFACE_WITH_KNOTS((3,3),(12,
    12),(0.,9.333333430471),(30.758111245526,40.091444675997),
.PIECEWISE_BEZIER_KNOTS.) GEOMETRIC_REPRESENTATION_ITEM() 
RATIONAL_B_SPLINE_SURFACE((
    (1.,1.,1.,1.000000000001,0.999999999999,1.000000000001
      ,0.999999999999,1.,1.,1.,1.,1.)
    ,(0.763666123524,0.763946522318,0.763494218443,0.76404359632
      ,0.763539666321,0.763849546999,0.763849546998,0.763539666322
      ,0.764043596319,0.763494218443,0.763946522318,0.763666123524)
    ,(1.,1.,1.,1.000000000001,0.999999999999,1.000000000001
,0.999999999999,1.,1.,1.,1.,1.))) REPRESENTATION_ITEM('') SURFACE() );
#1230 = CARTESIAN_POINT('',(-74.94416880002,53.334017660191,
    4.731828800205));
#1231 = CARTESIAN_POINT('',(-74.94383281584,53.332027850213,
    3.787342397781));
#1232 = CARTESIAN_POINT('',(-74.94437487144,53.335241505983,
    2.948150262912));
#1233 = CARTESIAN_POINT('',(-74.94371632324,53.331331169571,
    2.107282651973));
#1234 = CARTESIAN_POINT('',(-74.94432055309,53.3349251959,1.277185967562
    ));
#1235 = CARTESIAN_POINT('',(-74.94394892458,53.332711974131,
    0.417489639102));
#1236 = CARTESIAN_POINT('',(-74.94394892458,53.332711974137,
    -0.417489639086));
#1237 = CARTESIAN_POINT('',(-74.94432055309,53.334925195895,
    -1.277185967541));
#1238 = CARTESIAN_POINT('',(-74.94371632325,53.331331169574,
    -2.107282651963));
#1239 = CARTESIAN_POINT('',(-74.94437487144,53.33524150598,
    -2.948150262901));
#1240 = CARTESIAN_POINT('',(-74.94383281584,53.332027850215,
    -3.787342397776));
#1241 = CARTESIAN_POINT('',(-74.94416880002,53.33401766019,
    -4.731828800164));
#1242 = CARTESIAN_POINT('',(-75.22547390459,54.999999999997,
    4.666666666659));
#1243 = CARTESIAN_POINT('',(-75.22633802859,54.999999999997,
    3.817195620501));
#1244 = CARTESIAN_POINT('',(-75.22494316192,54.999999999997,
    2.972208645804));
#1245 = CARTESIAN_POINT('',(-75.22663834008,54.999999999997,
    2.118093558659));
#1246 = CARTESIAN_POINT('',(-75.22508229462,54.999999999997,
    1.276141831981));
#1247 = CARTESIAN_POINT('',(-75.22603991878,54.999999999997,
    0.420728848916));
#1248 = CARTESIAN_POINT('',(-75.22603991879,54.999999999997,
    -0.4207288489));
#1249 = CARTESIAN_POINT('',(-75.22508229461,54.999999999998,
    -1.276141831959));
#1250 = CARTESIAN_POINT('',(-75.22663834009,54.999999999997,
    -2.118093558646));
#1251 = CARTESIAN_POINT('',(-75.22494316192,54.999999999997,
    -2.972208645782));
#1252 = CARTESIAN_POINT('',(-75.22633802859,54.999999999997,
    -3.817195620485));
#1253 = CARTESIAN_POINT('',(-75.22547390459,54.999999999997,
    -4.666666666643));
#1254 = CARTESIAN_POINT('',(-76.91629495427,54.999999999997,
    4.666666666667));
#1255 = CARTESIAN_POINT('',(-76.91566993877,54.999999999997,
    3.816883716316));
#1256 = CARTESIAN_POINT('',(-76.91667730608,54.999999999997,
    2.973292405752));
#1257 = CARTESIAN_POINT('',(-76.9154551984,54.999999999997,
    2.115818344483));
#1258 = CARTESIAN_POINT('',(-76.91657469881,54.999999999997,
    1.27969052935));
#1259 = CARTESIAN_POINT('',(-76.91588694901,54.999999999998,
    0.416295244527));
#1260 = CARTESIAN_POINT('',(-76.91588694901,54.999999999997,
    -0.416295244511));
#1261 = CARTESIAN_POINT('',(-76.91657469881,54.999999999998,
    -1.279690529328));
#1262 = CARTESIAN_POINT('',(-76.91545519839,54.999999999997,
    -2.115818344467));
#1263 = CARTESIAN_POINT('',(-76.91667730608,54.999999999997,
    -2.973292405723));
#1264 = CARTESIAN_POINT('',(-76.91566993876,54.999999999997,
    -3.816883716292));
#1265 = CARTESIAN_POINT('',(-76.91629495427,54.999999999997,
    -4.666666666667));
#1266 = ADVANCED_FACE('',(#1267),#1294,.F.);
#1267 = FACE_BOUND('',#1268,.F.);
#1268 = EDGE_LOOP('',(#1269,#1277,#1292,#1293));
#1269 = ORIENTED_EDGE('',*,*,#1270,.T.);
#1270 = EDGE_CURVE('',#289,#1271,#1273,.T.);
#1271 = VERTEX_POINT('',#1272);
#1272 = CARTESIAN_POINT('',(-76.91629495427,54.999999999997,
    -23.66666666666));
#1273 = ( BOUNDED_CURVE() B_SPLINE_CURVE(2,(#1274,#1275,#1276),
.UNSPECIFIED.,.F.,.F.) B_SPLINE_CURVE_WITH_KNOTS((3,3),(0.,
1.445468447037),.PIECEWISE_BEZIER_KNOTS.) CURVE() 
GEOMETRIC_REPRESENTATION_ITEM() RATIONAL_B_SPLINE_CURVE((1.,
0.763666123525,1.)) REPRESENTATION_ITEM('') );
#1274 = CARTESIAN_POINT('',(-74.94416880002,53.334017660191,
    -23.60150453313));
#1275 = CARTESIAN_POINT('',(-75.22547390459,54.999999999997,
    -23.66666666666));
#1276 = CARTESIAN_POINT('',(-76.91629495427,54.999999999997,
    -23.66666666666));
#1277 = ORIENTED_EDGE('',*,*,#1278,.T.);
#1278 = EDGE_CURVE('',#1271,#630,#1279,.T.);
#1279 = ( BOUNDED_CURVE() B_SPLINE_CURVE(11,(#1280,#1281,#1282,#1283,
    #1284,#1285,#1286,#1287,#1288,#1289,#1290,#1291),.UNSPECIFIED.,.F.,
.F.) B_SPLINE_CURVE_WITH_KNOTS((12,12),(30.758111245514,40.091444675978)
,.PIECEWISE_BEZIER_KNOTS.) CURVE() GEOMETRIC_REPRESENTATION_ITEM() 
RATIONAL_B_SPLINE_CURVE((1.,1.,1.,1.,1.,1.,1.000000000001,1.,1.,1.,1.,1.
)) REPRESENTATION_ITEM('') );
#1280 = CARTESIAN_POINT('',(-76.91629495427,54.999999999997,
    -23.66666666666));
#1281 = CARTESIAN_POINT('',(-76.91566993877,54.999999999997,
    -24.51644961699));
#1282 = CARTESIAN_POINT('',(-76.91667730608,54.999999999997,
    -25.36004092756));
#1283 = CARTESIAN_POINT('',(-76.9154551984,54.999999999997,
    -26.21751498883));
#1284 = CARTESIAN_POINT('',(-76.91657469881,54.999999999997,
    -27.05364280397));
#1285 = CARTESIAN_POINT('',(-76.91588694901,54.999999999998,
    -27.91703808878));
#1286 = CARTESIAN_POINT('',(-76.91588694901,54.999999999997,
    -28.74962857783));
#1287 = CARTESIAN_POINT('',(-76.91657469881,54.999999999998,
    -29.61302386264));
#1288 = CARTESIAN_POINT('',(-76.91545519839,54.999999999997,
    -30.44915167778));
#1289 = CARTESIAN_POINT('',(-76.91667730609,54.999999999997,
    -31.30662573903));
#1290 = CARTESIAN_POINT('',(-76.91566993876,54.999999999997,
    -32.15021704961));
#1291 = CARTESIAN_POINT('',(-76.91629495427,54.999999999997,-33.));
#1292 = ORIENTED_EDGE('',*,*,#629,.F.);
#1293 = ORIENTED_EDGE('',*,*,#302,.F.);
#1294 = ( BOUNDED_SURFACE() B_SPLINE_SURFACE(2,11,(
    (#1295,#1296,#1297,#1298,#1299,#1300,#1301,#1302,#1303,#1304,#1305
      ,#1306)
    ,(#1307,#1308,#1309,#1310,#1311,#1312,#1313,#1314,#1315,#1316,#1317
      ,#1318)
    ,(#1319,#1320,#1321,#1322,#1323,#1324,#1325,#1326,#1327,#1328,#1329
,#1330
    )),.UNSPECIFIED.,.F.,.F.,.F.) B_SPLINE_SURFACE_WITH_KNOTS((3,3),(12,
    12),(0.,9.333333430464),(30.758111245514,40.091444675978),
.PIECEWISE_BEZIER_KNOTS.) GEOMETRIC_REPRESENTATION_ITEM() 
RATIONAL_B_SPLINE_SURFACE((
    (1.,1.,1.,1.,1.,1.,1.000000000001,1.,1.,1.,1.,1.)
    ,(0.763666123525,0.763946522318,0.763494218443,0.76404359632
      ,0.763539666322,0.763849546999,0.763849546998,0.763539666322
      ,0.76404359632,0.763494218443,0.763946522318,0.763666123524)
    ,(1.,1.,1.,1.,1.,1.,1.000000000001,1.,1.,1.,1.,1.
))) REPRESENTATION_ITEM('') SURFACE() );
#1295 = CARTESIAN_POINT('',(-74.94416880002,53.334017660191,
    -23.60150453313));
#1296 = CARTESIAN_POINT('',(-74.94383281584,53.332027850213,
    -24.54599093554));
#1297 = CARTESIAN_POINT('',(-74.94437487144,53.335241505984,
    -25.38518307033));
#1298 = CARTESIAN_POINT('',(-74.94371632324,53.331331169568,
    -26.2260506815));
#1299 = CARTESIAN_POINT('',(-74.94432055309,53.334925195905,
    -27.05614736548));
#1300 = CARTESIAN_POINT('',(-74.94394892458,53.332711974125,
    -27.91584369453));
#1301 = CARTESIAN_POINT('',(-74.94394892458,53.332711974142,
    -28.75082297214));
#1302 = CARTESIAN_POINT('',(-74.94432055309,53.334925195891,
    -29.610519301));
#1303 = CARTESIAN_POINT('',(-74.94371632325,53.331331169577,
    -30.44061598523));
#1304 = CARTESIAN_POINT('',(-74.94437487144,53.335241505979,
    -31.28148359623));
#1305 = CARTESIAN_POINT('',(-74.94383281584,53.332027850216,
    -32.1206757311));
#1306 = CARTESIAN_POINT('',(-74.94416880002,53.334017660189,
    -33.06516213347));
#1307 = CARTESIAN_POINT('',(-75.22547390459,54.999999999997,
    -23.66666666666));
#1308 = CARTESIAN_POINT('',(-75.22633802859,54.999999999997,
    -24.51613771281));
#1309 = CARTESIAN_POINT('',(-75.22494316192,54.999999999997,
    -25.36112468751));
#1310 = CARTESIAN_POINT('',(-75.22663834009,54.999999999997,
    -26.21523977465));
#1311 = CARTESIAN_POINT('',(-75.22508229461,54.999999999997,
    -27.05719150134));
#1312 = CARTESIAN_POINT('',(-75.22603991879,54.999999999997,
    -27.91260448439));
#1313 = CARTESIAN_POINT('',(-75.22603991878,54.999999999997,
    -28.75406218222));
#1314 = CARTESIAN_POINT('',(-75.22508229462,54.999999999997,
    -29.60947516527));
#1315 = CARTESIAN_POINT('',(-75.22663834008,54.999999999997,
    -30.45142689196));
#1316 = CARTESIAN_POINT('',(-75.22494316192,54.999999999997,
    -31.3055419791));
#1317 = CARTESIAN_POINT('',(-75.22633802859,54.999999999997,
    -32.15052895381));
#1318 = CARTESIAN_POINT('',(-75.22547390459,54.999999999997,
    -32.99999999996));
#1319 = CARTESIAN_POINT('',(-76.91629495427,54.999999999997,
    -23.66666666666));
#1320 = CARTESIAN_POINT('',(-76.91566993877,54.999999999997,
    -24.51644961699));
#1321 = CARTESIAN_POINT('',(-76.91667730608,54.999999999997,
    -25.36004092756));
#1322 = CARTESIAN_POINT('',(-76.9154551984,54.999999999997,
    -26.21751498883));
#1323 = CARTESIAN_POINT('',(-76.91657469881,54.999999999997,
    -27.05364280397));
#1324 = CARTESIAN_POINT('',(-76.91588694901,54.999999999998,
    -27.91703808878));
#1325 = CARTESIAN_POINT('',(-76.91588694901,54.999999999997,
    -28.74962857783));
#1326 = CARTESIAN_POINT('',(-76.91657469881,54.999999999998,
    -29.61302386264));
#1327 = CARTESIAN_POINT('',(-76.91545519839,54.999999999997,
    -30.44915167778));
#1328 = CARTESIAN_POINT('',(-76.91667730609,54.999999999997,
    -31.30662573903));
#1329 = CARTESIAN_POINT('',(-76.91566993876,54.999999999997,
    -32.15021704961));
#1330 = CARTESIAN_POINT('',(-76.91629495427,54.999999999997,-33.));
#1331 = ADVANCED_FACE('',(#1332),#1356,.F.);
#1332 = FACE_BOUND('',#1333,.F.);
#1333 = EDGE_LOOP('',(#1334,#1335,#1349,#1355));
#1334 = ORIENTED_EDGE('',*,*,#1223,.T.);
#1335 = ORIENTED_EDGE('',*,*,#1336,.T.);
#1336 = EDGE_CURVE('',#1207,#1337,#1339,.T.);
#1337 = VERTEX_POINT('',#1338);
#1338 = CARTESIAN_POINT('',(-77.,55.499999999995,-5.989542322196));
#1339 = ( BOUNDED_CURVE() B_SPLINE_CURVE(8,(#1340,#1341,#1342,#1343,
    #1344,#1345,#1346,#1347,#1348),.UNSPECIFIED.,.F.,.F.) 
B_SPLINE_CURVE_WITH_KNOTS((9,9),(40.091444675997,41.536913123067),
.PIECEWISE_BEZIER_KNOTS.) CURVE() GEOMETRIC_REPRESENTATION_ITEM() 
RATIONAL_B_SPLINE_CURVE((1.,1.,1.,1.,1.,1.,1.,1.,1.)) 
REPRESENTATION_ITEM('') );
#1340 = CARTESIAN_POINT('',(-76.91629495427,54.999999999997,
    -4.666666666667));
#1341 = CARTESIAN_POINT('',(-76.91642805037,54.999999999997,
    -4.847626649487));
#1342 = CARTESIAN_POINT('',(-76.9205907459,55.018711873156,
    -5.028573642948));
#1343 = CARTESIAN_POINT('',(-76.93309202986,55.056160893349,
    -5.206585956613));
#1344 = CARTESIAN_POINT('',(-76.95053419722,55.111407577026,
    -5.380010424658));
#1345 = CARTESIAN_POINT('',(-76.96829783904,55.18502632727,
    -5.54794353835));
#1346 = CARTESIAN_POINT('',(-76.98738476041,55.274946770906,
    -5.706104047728));
#1347 = CARTESIAN_POINT('',(-77.,55.380489062547,-5.854029656722));
#1348 = CARTESIAN_POINT('',(-77.,55.499999999995,-5.989542322196));
#1349 = ORIENTED_EDGE('',*,*,#1350,.F.);
#1350 = EDGE_CURVE('',#267,#1337,#1351,.T.);
#1351 = ( BOUNDED_CURVE() B_SPLINE_CURVE(2,(#1352,#1353,#1354),
.UNSPECIFIED.,.F.,.F.) B_SPLINE_CURVE_WITH_KNOTS((3,3),(0.,1.44546844707
),.PIECEWISE_BEZIER_KNOTS.) CURVE() GEOMETRIC_REPRESENTATION_ITEM() 
RATIONAL_B_SPLINE_CURVE((1.,0.707106781187,1.)) REPRESENTATION_ITEM('') 
  );
#1352 = CARTESIAN_POINT('',(-75.,54.,-7.312417977734));
#1353 = CARTESIAN_POINT('',(-75.,55.499999999998,-5.9895423222));
#1354 = CARTESIAN_POINT('',(-77.,55.499999999995,-5.989542322196));
#1355 = ORIENTED_EDGE('',*,*,#266,.F.);
#1356 = ( BOUNDED_SURFACE() B_SPLINE_SURFACE(2,8,(
    (#1357,#1358,#1359,#1360,#1361,#1362,#1363,#1364,#1365)
    ,(#1366,#1367,#1368,#1369,#1370,#1371,#1372,#1373,#1374)
    ,(#1375,#1376,#1377,#1378,#1379,#1380,#1381,#1382,#1383
)),.UNSPECIFIED.,.F.,.F.,.F.) B_SPLINE_SURFACE_WITH_KNOTS((3,3),(9,9),(
    0.,1.44546844707),(40.091444675997,41.536913123067),
.PIECEWISE_BEZIER_KNOTS.) GEOMETRIC_REPRESENTATION_ITEM() 
RATIONAL_B_SPLINE_SURFACE((
    (1.,1.,1.,1.,1.,1.,1.,1.,1.)
    ,(0.763666123524,0.76360641303,0.762121679216,0.757385175576
      ,0.75025849337,0.742190303194,0.73135557282,0.719473658403
      ,0.707106781187)
,(1.,1.,1.,1.,1.,1.,1.,1.,1.))) REPRESENTATION_ITEM('') SURFACE() );
#1357 = CARTESIAN_POINT('',(-74.94416880002,53.33401766019,
    -4.731828800164));
#1358 = CARTESIAN_POINT('',(-74.94424034733,53.334441387189,
    -4.932955738607));
#1359 = CARTESIAN_POINT('',(-74.94690080553,53.350316128594,
    -5.329867475218));
#1360 = CARTESIAN_POINT('',(-74.95436115229,53.39385586725,
    -5.661198204088));
#1361 = CARTESIAN_POINT('',(-74.96516382808,53.461809523195,
    -5.99453186794));
#1362 = CARTESIAN_POINT('',(-74.9767759079,53.545899086458,
    -6.329523368873));
#1363 = CARTESIAN_POINT('',(-74.99012025491,53.663991727721,
    -6.664657569023));
#1364 = CARTESIAN_POINT('',(-75.,53.813446341499,-6.995120029231));
#1365 = CARTESIAN_POINT('',(-75.,54.,-7.312417977734));
#1366 = CARTESIAN_POINT('',(-75.22547390459,54.999999999997,
    -4.666666666643));
#1367 = CARTESIAN_POINT('',(-75.22528980874,54.999999999995,
    -4.847640799691));
#1368 = CARTESIAN_POINT('',(-75.22156173659,55.018735126525,
    -5.029266679343));
#1369 = CARTESIAN_POINT('',(-75.20875223925,55.056696833398,
    -5.209689286688));
#1370 = CARTESIAN_POINT('',(-75.18790140345,55.112779734885,
    -5.383889272759));
#1371 = CARTESIAN_POINT('',(-75.16200067622,55.187326040958,
    -5.552681665922));
#1372 = CARTESIAN_POINT('',(-75.12176697181,55.277827585628,
    -5.710309663346));
#1373 = CARTESIAN_POINT('',(-75.06875513549,55.3825433102,
    -5.856358954617));
#1374 = CARTESIAN_POINT('',(-75.,55.499999999998,-5.9895423222));
#1375 = CARTESIAN_POINT('',(-76.91629495427,54.999999999997,
    -4.666666666667));
#1376 = CARTESIAN_POINT('',(-76.91642805037,54.999999999997,
    -4.847626649487));
#1377 = CARTESIAN_POINT('',(-76.9205907459,55.018711873156,
    -5.028573642948));
#1378 = CARTESIAN_POINT('',(-76.93309202986,55.056160893349,
    -5.206585956613));
#1379 = CARTESIAN_POINT('',(-76.95053419722,55.111407577026,
    -5.380010424658));
#1380 = CARTESIAN_POINT('',(-76.96829783904,55.18502632727,
    -5.54794353835));
#1381 = CARTESIAN_POINT('',(-76.98738476041,55.274946770906,
    -5.706104047728));
#1382 = CARTESIAN_POINT('',(-77.,55.380489062547,-5.854029656722));
#1383 = CARTESIAN_POINT('',(-77.,55.499999999995,-5.989542322196));
#1384 = ADVANCED_FACE('',(#1385),#1410,.F.);
#1385 = FACE_BOUND('',#1386,.F.);
#1386 = EDGE_LOOP('',(#1387,#1396,#1408,#1409));
#1387 = ORIENTED_EDGE('',*,*,#1388,.T.);
#1388 = EDGE_CURVE('',#281,#1389,#1391,.T.);
#1389 = VERTEX_POINT('',#1390);
#1390 = CARTESIAN_POINT('',(-77.,55.499999999999,-22.34379101113));
#1391 = CIRCLE('',#1392,2.);
#1392 = AXIS2_PLACEMENT_3D('',#1393,#1394,#1395);
#1393 = CARTESIAN_POINT('',(-77.,54.,-21.02091535559));
#1394 = DIRECTION('',(-0.,0.661437827767,0.749999999999));
#1395 = DIRECTION('',(0.,-0.749999999999,0.661437827767));
#1396 = ORIENTED_EDGE('',*,*,#1397,.T.);
#1397 = EDGE_CURVE('',#1389,#1271,#1398,.T.);
#1398 = ( BOUNDED_CURVE() B_SPLINE_CURVE(8,(#1399,#1400,#1401,#1402,
    #1403,#1404,#1405,#1406,#1407),.UNSPECIFIED.,.F.,.F.) 
B_SPLINE_CURVE_WITH_KNOTS((9,9),(29.312642798477,30.758111245514),
.PIECEWISE_BEZIER_KNOTS.) CURVE() GEOMETRIC_REPRESENTATION_ITEM() 
RATIONAL_B_SPLINE_CURVE((1.,1.,1.,1.,1.,1.,1.,1.,1.)) 
REPRESENTATION_ITEM('') );
#1399 = CARTESIAN_POINT('',(-77.,55.499999999991,-22.34379101114));
#1400 = CARTESIAN_POINT('',(-77.,55.380489062549,-22.47930367661));
#1401 = CARTESIAN_POINT('',(-76.98738476041,55.27494677092,
    -22.62722928556));
#1402 = CARTESIAN_POINT('',(-76.96829783904,55.185026327252,
    -22.78538979508));
#1403 = CARTESIAN_POINT('',(-76.95053419722,55.111407577055,
    -22.95332290847));
#1404 = CARTESIAN_POINT('',(-76.93309202985,55.056160893344,
    -23.1267473769));
#1405 = CARTESIAN_POINT('',(-76.9205907459,55.018711873167,
    -23.30475969021));
#1406 = CARTESIAN_POINT('',(-76.91642805037,54.999999999997,
    -23.48570668386));
#1407 = CARTESIAN_POINT('',(-76.91629495427,54.999999999997,
    -23.66666666666));
#1408 = ORIENTED_EDGE('',*,*,#1270,.F.);
#1409 = ORIENTED_EDGE('',*,*,#288,.F.);
#1410 = ( BOUNDED_SURFACE() B_SPLINE_SURFACE(2,8,(
    (#1411,#1412,#1413,#1414,#1415,#1416,#1417,#1418,#1419)
    ,(#1420,#1421,#1422,#1423,#1424,#1425,#1426,#1427,#1428)
    ,(#1429,#1430,#1431,#1432,#1433,#1434,#1435,#1436,#1437
)),.UNSPECIFIED.,.F.,.F.,.F.) B_SPLINE_SURFACE_WITH_KNOTS((3,3),(9,9),(
    0.,1.445468447037),(29.312642798477,30.758111245514),
.PIECEWISE_BEZIER_KNOTS.) GEOMETRIC_REPRESENTATION_ITEM() 
RATIONAL_B_SPLINE_SURFACE((
    (1.,1.,1.,1.,1.,1.,1.,1.,1.)
    ,(0.707106781187,0.719473658404,0.731355572819,0.742190303195
      ,0.750258493367,0.757385175576,0.762121679215,0.763606413029
      ,0.763666123525)
,(1.,1.,1.,1.,1.,1.,1.,1.,1.))) REPRESENTATION_ITEM('') SURFACE() );
#1411 = CARTESIAN_POINT('',(-75.,54.,-21.02091535559));
#1412 = CARTESIAN_POINT('',(-75.,53.813446341493,-21.33821330411));
#1413 = CARTESIAN_POINT('',(-74.99012025491,53.663991727742,
    -21.66867576425));
#1414 = CARTESIAN_POINT('',(-74.9767759079,53.545899086445,
    -22.00380996453));
#1415 = CARTESIAN_POINT('',(-74.96516382808,53.461809523216,
    -22.33880146522));
#1416 = CARTESIAN_POINT('',(-74.95436115229,53.39385586725,
    -22.67213512935));
#1417 = CARTESIAN_POINT('',(-74.94690080553,53.350316128601,
    -23.00346585799));
#1418 = CARTESIAN_POINT('',(-74.94424034733,53.33444138719,
    -23.40037759469));
#1419 = CARTESIAN_POINT('',(-74.94416880002,53.334017660191,
    -23.60150453313));
#1420 = CARTESIAN_POINT('',(-75.,55.499999999997,-22.34379101113));
#1421 = CARTESIAN_POINT('',(-75.06875513549,55.382543310201,
    -22.47697437871));
#1422 = CARTESIAN_POINT('',(-75.1217669718,55.277827585632,
    -22.62302366997));
#1423 = CARTESIAN_POINT('',(-75.16200067622,55.187326040962,
    -22.78065166741));
#1424 = CARTESIAN_POINT('',(-75.18790140344,55.112779734891,
    -22.94944406054));
#1425 = CARTESIAN_POINT('',(-75.20875223925,55.056696833404,
    -23.12364404665));
#1426 = CARTESIAN_POINT('',(-75.22156173658,55.01873512653,
    -23.30406665395));
#1427 = CARTESIAN_POINT('',(-75.22528980874,54.999999999997,
    -23.48569253362));
#1428 = CARTESIAN_POINT('',(-75.22547390459,54.999999999997,
    -23.66666666666));
#1429 = CARTESIAN_POINT('',(-77.,55.499999999991,-22.34379101114));
#1430 = CARTESIAN_POINT('',(-77.,55.380489062549,-22.47930367661));
#1431 = CARTESIAN_POINT('',(-76.98738476041,55.27494677092,
    -22.62722928556));
#1432 = CARTESIAN_POINT('',(-76.96829783904,55.185026327252,
    -22.78538979508));
#1433 = CARTESIAN_POINT('',(-76.95053419722,55.111407577055,
    -22.95332290847));
#1434 = CARTESIAN_POINT('',(-76.93309202985,55.056160893344,
    -23.1267473769));
#1435 = CARTESIAN_POINT('',(-76.9205907459,55.018711873167,
    -23.30475969021));
#1436 = CARTESIAN_POINT('',(-76.91642805037,54.999999999997,
    -23.48570668386));
#1437 = CARTESIAN_POINT('',(-76.91629495427,54.999999999997,
    -23.66666666666));
#1438 = ADVANCED_FACE('',(#1439),#1500,.T.);
#1439 = FACE_BOUND('',#1440,.T.);
#1440 = EDGE_LOOP('',(#1441,#1442,#1451,#1459,#1468,#1476,#1485,#1493));
#1441 = ORIENTED_EDGE('',*,*,#280,.T.);
#1442 = ORIENTED_EDGE('',*,*,#1443,.F.);
#1443 = EDGE_CURVE('',#1444,#281,#1446,.T.);
#1444 = VERTEX_POINT('',#1445);
#1445 = CARTESIAN_POINT('',(-75.,56.999999999997,-19.66666666666));
#1446 = CIRCLE('',#1447,4.);
#1447 = AXIS2_PLACEMENT_3D('',#1448,#1449,#1450);
#1448 = CARTESIAN_POINT('',(-75.,56.999999999997,-23.66666666666));
#1449 = DIRECTION('',(1.,0.,-0.));
#1450 = DIRECTION('',(0.,0.,1.));
#1451 = ORIENTED_EDGE('',*,*,#1452,.F.);
#1452 = EDGE_CURVE('',#1453,#1444,#1455,.T.);
#1453 = VERTEX_POINT('',#1454);
#1454 = CARTESIAN_POINT('',(-75.,62.999999999997,-19.66666666666));
#1455 = LINE('',#1456,#1457);
#1456 = CARTESIAN_POINT('',(-75.,62.999999999997,-19.66666666666));
#1457 = VECTOR('',#1458,1.);
#1458 = DIRECTION('',(0.,-1.,0.));
#1459 = ORIENTED_EDGE('',*,*,#1460,.F.);
#1460 = EDGE_CURVE('',#1461,#1453,#1463,.T.);
#1461 = VERTEX_POINT('',#1462);
#1462 = CARTESIAN_POINT('',(-75.,66.000000000003,-21.0209153556));
#1463 = CIRCLE('',#1464,4.);
#1464 = AXIS2_PLACEMENT_3D('',#1465,#1466,#1467);
#1465 = CARTESIAN_POINT('',(-75.,62.999999999997,-23.66666666666));
#1466 = DIRECTION('',(1.,0.,0.));
#1467 = DIRECTION('',(-0.,1.,0.));
#1468 = ORIENTED_EDGE('',*,*,#1469,.T.);
#1469 = EDGE_CURVE('',#1461,#1470,#1472,.T.);
#1470 = VERTEX_POINT('',#1471);
#1471 = CARTESIAN_POINT('',(-75.,66.000000000003,-7.312417977725));
#1472 = LINE('',#1473,#1474);
#1473 = CARTESIAN_POINT('',(-75.,66.000000000003,-40.));
#1474 = VECTOR('',#1475,1.);
#1475 = DIRECTION('',(0.,0.,1.));
#1476 = ORIENTED_EDGE('',*,*,#1477,.F.);
#1477 = EDGE_CURVE('',#1478,#1470,#1480,.T.);
#1478 = VERTEX_POINT('',#1479);
#1479 = CARTESIAN_POINT('',(-75.,62.999999999997,-8.666666666667));
#1480 = CIRCLE('',#1481,4.);
#1481 = AXIS2_PLACEMENT_3D('',#1482,#1483,#1484);
#1482 = CARTESIAN_POINT('',(-75.,62.999999999997,-4.666666666667));
#1483 = DIRECTION('',(1.,-0.,0.));
#1484 = DIRECTION('',(0.,0.,-1.));
#1485 = ORIENTED_EDGE('',*,*,#1486,.F.);
#1486 = EDGE_CURVE('',#1487,#1478,#1489,.T.);
#1487 = VERTEX_POINT('',#1488);
#1488 = CARTESIAN_POINT('',(-75.,56.999999999997,-8.666666666667));
#1489 = LINE('',#1490,#1491);
#1490 = CARTESIAN_POINT('',(-75.,56.999999999997,-8.666666666667));
#1491 = VECTOR('',#1492,1.);
#1492 = DIRECTION('',(0.,1.,0.));
#1493 = ORIENTED_EDGE('',*,*,#1494,.F.);
#1494 = EDGE_CURVE('',#267,#1487,#1495,.T.);
#1495 = CIRCLE('',#1496,4.);
#1496 = AXIS2_PLACEMENT_3D('',#1497,#1498,#1499);
#1497 = CARTESIAN_POINT('',(-75.,56.999999999997,-4.666666666667));
#1498 = DIRECTION('',(1.,0.,0.));
#1499 = DIRECTION('',(0.,-1.,0.));
#1500 = PLANE('',#1501);
#1501 = AXIS2_PLACEMENT_3D('',#1502,#1503,#1504);
#1502 = CARTESIAN_POINT('',(-75.,60.000000000001,1.14E-15));
#1503 = DIRECTION('',(1.,0.,0.));
#1504 = DIRECTION('',(0.,0.,1.));
#1505 = ADVANCED_FACE('',(#1506),#1668,.F.);
#1506 = FACE_BOUND('',#1507,.T.);
#1507 = EDGE_LOOP('',(#1508,#1509,#1510,#1511,#1661));
#1508 = ORIENTED_EDGE('',*,*,#495,.T.);
#1509 = ORIENTED_EDGE('',*,*,#417,.F.);
#1510 = ORIENTED_EDGE('',*,*,#891,.T.);
#1511 = ORIENTED_EDGE('',*,*,#1512,.T.);
#1512 = EDGE_CURVE('',#892,#1513,#1515,.T.);
#1513 = VERTEX_POINT('',#1514);
#1514 = CARTESIAN_POINT('',(83.,52.666666666664,-39.77123616633));
#1515 = ( BOUNDED_CURVE() B_SPLINE_CURVE(14,(#1516,#1517,#1518,#1519,
    #1520,#1521,#1522,#1523,#1524,#1525,#1526,#1527,#1528,#1529,#1530,
    #1531,#1532,#1533,#1534,#1535,#1536,#1537,#1538,#1539,#1540,#1541,
    #1542,#1543,#1544,#1545,#1546,#1547,#1548,#1549,#1550,#1551,#1552,
    #1553,#1554,#1555,#1556,#1557,#1558,#1559,#1560,#1561,#1562,#1563,
    #1564,#1565,#1566,#1567,#1568,#1569,#1570,#1571,#1572,#1573,#1574,
    #1575,#1576,#1577,#1578,#1579,#1580,#1581,#1582,#1583,#1584,#1585,
    #1586,#1587,#1588,#1589,#1590,#1591,#1592,#1593,#1594,#1595,#1596,
    #1597,#1598,#1599,#1600,#1601,#1602,#1603,#1604,#1605,#1606,#1607,
    #1608,#1609,#1610,#1611,#1612,#1613,#1614,#1615,#1616,#1617,#1618,
    #1619,#1620,#1621,#1622,#1623,#1624,#1625,#1626,#1627,#1628,#1629,
    #1630,#1631,#1632,#1633,#1634,#1635,#1636,#1637,#1638,#1639,#1640,
    #1641,#1642,#1643,#1644,#1645,#1646,#1647,#1648,#1649,#1650,#1651,
    #1652,#1653,#1654,#1655,#1656,#1657,#1658,#1659,#1660),
.UNSPECIFIED.,.F.,.F.) B_SPLINE_CURVE_WITH_KNOTS((15,13,13,13,13,13,13,
    13,13,13,13,15),(7.291E-14,1.168011518898E-02,2.295035550139E-02,
    5.163772907618E-02,0.179293328044,0.358586656088,0.717173312177,
    1.434346624353,3.165198986541,3.893563055462,4.785289800711,
5.446505790259),.UNSPECIFIED.) CURVE() GEOMETRIC_REPRESENTATION_ITEM() 
RATIONAL_B_SPLINE_CURVE((1.,1.,1.000000000001,0.999999999997,
    1.000000000006,0.99999999999,1.000000000013,0.999999999985,
    1.000000000013,0.99999999999,1.000000000006,0.999999999998,
    1.000000000001,1.,1.,1.,0.999999999999,1.000000000002,0.999999999996
    ,1.000000000005,0.999999999995,1.000000000004,0.999999999997,
    1.000000000001,1.,1.,1.,0.999999999999,1.000000000005,0.999999999984
    ,1.000000000032,0.999999999948,1.000000000068,0.999999999928,
    1.000000000063,0.999999999955,1.000000000026,0.999999999989,
    1.000000000003,1.,1.,1.,0.999999999999,1.000000000003,0.999999999994
    ,1.00000000001,0.999999999988,1.000000000011,0.999999999992,
    1.000000000005,0.999999999998,1.,1.,1.,1.000000000003,0.999999999991
    ,1.000000000019,0.999999999969,1.000000000039,0.999999999959,
    1.000000000035,0.999999999975,1.000000000014,0.999999999994,
    1.000000000002,1.,1.,0.999999999999,1.000000000003,0.999999999993,
    1.000000000011,0.999999999985,1.000000000017,0.999999999984,
    1.000000000012,0.999999999993,1.000000000003,0.999999999999,1.,1.,
    1.000000000001,0.999999999998,1.000000000004,0.999999999993,
    1.000000000009,0.99999999999,1.000000000009,0.999999999994,
    1.000000000004,0.999999999998,1.000000000001,1.,1.,1.,1.000000000001
    ,0.999999999998,1.000000000003,0.999999999996,1.000000000004,
    0.999999999996,1.000000000002,0.999999999999,1.,1.,1.,1.,
    0.999999999998,1.000000000007,0.999999999984,1.000000000026,
    0.999999999966,1.000000000036,0.999999999969,1.000000000022,
    0.999999999988,1.000000000005,0.999999999998,1.,1.,0.999999999998,
    1.000000000005,0.99999999999,1.000000000015,0.999999999981,
    1.000000000019,0.999999999985,1.00000000001,0.999999999994,
    1.000000000002,0.999999999999,1.,1.,1.,1.000000000001,0.999999999997
    ,1.000000000006,0.999999999991,1.000000000011,0.99999999999,
    1.000000000008,0.999999999995,1.000000000002,0.999999999999,1.,1.)) 
REPRESENTATION_ITEM('') );
#1516 = CARTESIAN_POINT('',(87.,50.,-36.));
#1517 = CARTESIAN_POINT('',(86.99958152242,50.,-36.00065833209));
#1518 = CARTESIAN_POINT('',(86.997435422076,50.000000070566,
    -36.0000950504));
#1519 = CARTESIAN_POINT('',(87.00272128389,50.000000211706,
    -36.00478695958));
#1520 = CARTESIAN_POINT('',(86.986630799685,50.000000423394,
    -35.99436350956));
#1521 = CARTESIAN_POINT('',(87.015502296817,50.000000705688,
    -36.0157329815));
#1522 = CARTESIAN_POINT('',(86.972339083679,50.000001058486,
    -35.98616622139));
#1523 = CARTESIAN_POINT('',(87.018865642603,50.000001481937,
    -36.02001970741));
#1524 = CARTESIAN_POINT('',(86.977919013158,50.000001975859,
    -35.99202030887));
#1525 = CARTESIAN_POINT('',(87.003685567802,50.000002540438,
    -36.01119425532));
#1526 = CARTESIAN_POINT('',(86.990122824821,50.000003175516,
    -36.00255818886));
#1527 = CARTESIAN_POINT('',(86.994039326886,50.000003881205,
    -36.00628181528));
#1528 = CARTESIAN_POINT('',(86.992374890351,50.00000465744,
    -36.00605912235));
#1529 = CARTESIAN_POINT('',(86.991868836749,50.000005504251,
    -36.00665553008));
#1530 = CARTESIAN_POINT('',(86.990639836362,50.000007306812,
    -36.0076614935));
#1531 = CARTESIAN_POINT('',(86.990036310422,50.0000082577,
    -36.00815549261));
#1532 = CARTESIAN_POINT('',(86.989432784248,50.000009274291,
    -36.00864949197));
#1533 = CARTESIAN_POINT('',(86.988829257821,50.00001035658,
    -36.00914349163));
#1534 = CARTESIAN_POINT('',(86.988225731137,50.000011504582,
    -36.00963749155));
#1535 = CARTESIAN_POINT('',(86.987622204173,50.000012718272,
    -36.01013149181));
#1536 = CARTESIAN_POINT('',(86.987018676928,50.000013997686,
    -36.01062549234));
#1537 = CARTESIAN_POINT('',(86.98641514938,50.000015342781,
    -36.01111949326));
#1538 = CARTESIAN_POINT('',(86.985811621521,50.000016753601,
    -36.01161349448));
#1539 = CARTESIAN_POINT('',(86.985208093339,50.00001823011,
    -36.0121074961));
#1540 = CARTESIAN_POINT('',(86.984604564819,50.000019772333,
    -36.01260149807));
#1541 = CARTESIAN_POINT('',(86.984001035951,50.000021380256,
    -36.01309550044));
#1542 = CARTESIAN_POINT('',(86.98339750672,50.000023053886,
    -36.01358950321));
#1543 = CARTESIAN_POINT('',(86.981257747296,50.00002922054,
    -36.01534094668));
#1544 = CARTESIAN_POINT('',(86.9797215181,50.000034073553,
    -36.01659838671));
#1545 = CARTESIAN_POINT('',(86.978185289132,50.000039352268,
    -36.01785582692));
#1546 = CARTESIAN_POINT('',(86.976649059985,50.000045056687,
    -36.01911326773));
#1547 = CARTESIAN_POINT('',(86.975112830276,50.000051186832,
    -36.02037070957));
#1548 = CARTESIAN_POINT('',(86.973576599581,50.000057742687,
    -36.02162815288));
#1549 = CARTESIAN_POINT('',(86.972040367538,50.00006472429,
    -36.02288559805));
#1550 = CARTESIAN_POINT('',(86.970504133703,50.000072131616,
    -36.02414304555));
#1551 = CARTESIAN_POINT('',(86.968967897724,50.000079964702,
    -36.02540049577));
#1552 = CARTESIAN_POINT('',(86.967431659163,50.000088223534,
    -36.02665794916));
#1553 = CARTESIAN_POINT('',(86.965895417648,50.000096908133,
    -36.02791540614));
#1554 = CARTESIAN_POINT('',(86.964359172766,50.0001060185,
    -36.02917286714));
#1555 = CARTESIAN_POINT('',(86.962822924124,50.000115554645,
    -36.03043033257));
#1556 = CARTESIAN_POINT('',(86.95445051844,50.00016984605,
    -36.03728340488));
#1557 = CARTESIAN_POINT('',(86.947614311909,50.000222604701,
    -36.04287907601));
#1558 = CARTESIAN_POINT('',(86.940778039816,50.0002837943,
    -36.04847483124));
#1559 = CARTESIAN_POINT('',(86.933941690244,50.000353416642,
    -36.0540706856));
#1560 = CARTESIAN_POINT('',(86.927105251283,50.000431473463,
    -36.05966665393));
#1561 = CARTESIAN_POINT('',(86.920268711007,50.000517966607,
    -36.06526275144));
#1562 = CARTESIAN_POINT('',(86.91343205752,50.000612897758,
    -36.07085899279));
#1563 = CARTESIAN_POINT('',(86.90659527888,50.000716268801,
    -36.07645539333));
#1564 = CARTESIAN_POINT('',(86.899758363204,50.000828081405,
    -36.08205196767));
#1565 = CARTESIAN_POINT('',(86.892921298546,50.000948337437,
    -36.08764873109));
#1566 = CARTESIAN_POINT('',(86.886084073016,50.001077038609,
    -36.09324569835));
#1567 = CARTESIAN_POINT('',(86.879246674682,50.001214186736,
    -36.09884288457));
#1568 = CARTESIAN_POINT('',(86.872409091638,50.001359783577,
    -36.10444030465));
#1569 = CARTESIAN_POINT('',(86.855967594747,50.001730191654,
    -36.11789994519));
#1570 = CARTESIAN_POINT('',(86.84636348856,50.001963218077,
    -36.1257624083));
#1571 = CARTESIAN_POINT('',(86.836758957884,50.002212921961,
    -36.13362540672));
#1572 = CARTESIAN_POINT('',(86.827153967223,50.00247931506,
    -36.14148898427));
#1573 = CARTESIAN_POINT('',(86.81754848103,50.002762409185,
    -36.14935318479));
#1574 = CARTESIAN_POINT('',(86.807942463851,50.003062216039,
    -36.15721805207));
#1575 = CARTESIAN_POINT('',(86.798335880084,50.003378747492,
    -36.16508362995));
#1576 = CARTESIAN_POINT('',(86.788728694326,50.003712015198,
    -36.17294996223));
#1577 = CARTESIAN_POINT('',(86.77912087095,50.004062031047,
    -36.18081709275));
#1578 = CARTESIAN_POINT('',(86.769512374541,50.004428806711,
    -36.1886850653));
#1579 = CARTESIAN_POINT('',(86.759903169514,50.004812354032,
    -36.19655392372));
#1580 = CARTESIAN_POINT('',(86.7502932204,50.00521268474,-36.20442371182
    ));
#1581 = CARTESIAN_POINT('',(86.740682491663,50.005629810627,
    -36.21229447343));
#1582 = CARTESIAN_POINT('',(86.711847860072,50.006931609118,
    -36.23590981019));
#1583 = CARTESIAN_POINT('',(86.692621520892,50.007866596443,
    -36.2516574178));
#1584 = CARTESIAN_POINT('',(86.673391637722,50.008868900882,
    -36.2674094411));
#1585 = CARTESIAN_POINT('',(86.654157918013,50.009938717899,
    -36.28316624599));
#1586 = CARTESIAN_POINT('',(86.634920069237,50.011076242926,
    -36.29892819841));
#1587 = CARTESIAN_POINT('',(86.615677798828,50.012281671449,
    -36.31469566418));
#1588 = CARTESIAN_POINT('',(86.596430814278,50.01355519888,
    -36.33046900937));
#1589 = CARTESIAN_POINT('',(86.577178823006,50.014897020716,
    -36.34624859969));
#1590 = CARTESIAN_POINT('',(86.557921532508,50.016307332372,
    -36.36203480126));
#1591 = CARTESIAN_POINT('',(86.538658650211,50.017786329329,
    -36.3778279798));
#1592 = CARTESIAN_POINT('',(86.519389883595,50.019334207024,
    -36.39362850136));
#1593 = CARTESIAN_POINT('',(86.500114940106,50.020951160918,
    -36.40943673178));
#1594 = CARTESIAN_POINT('',(86.480833527207,50.022637386462,
    -36.42525303699));
#1595 = CARTESIAN_POINT('',(86.42296900265,50.027904464405,
    -36.47272727472));
#1596 = CARTESIAN_POINT('',(86.384366164456,50.031691299818,
    -36.50440957397));
#1597 = CARTESIAN_POINT('',(86.345734090708,50.035757156047,
    -36.53612826351));
#1598 = CARTESIAN_POINT('',(86.307070034345,50.040105603798,
    -36.56788692616));
#1599 = CARTESIAN_POINT('',(86.268371248294,50.044740213764,
    -36.59968914488));
#1600 = CARTESIAN_POINT('',(86.229634985509,50.049664556656,
    -36.63153850234));
#1601 = CARTESIAN_POINT('',(86.190858498898,50.054882203165,
    -36.66343858164));
#1602 = CARTESIAN_POINT('',(86.152039041431,50.060396723996,
    -36.69539296535));
#1603 = CARTESIAN_POINT('',(86.113173866009,50.066211689852,
    -36.72740523662));
#1604 = CARTESIAN_POINT('',(86.074260225597,50.072330671427,
    -36.75947897805));
#1605 = CARTESIAN_POINT('',(86.035295373112,50.07875723943,
    -36.79161777268));
#1606 = CARTESIAN_POINT('',(85.996276561499,50.085494964556,
    -36.82382520325));
#1607 = CARTESIAN_POINT('',(85.957201043691,50.092547417508,
    -36.85610485267));
#1608 = CARTESIAN_POINT('',(85.823616298818,50.117707010805,
    -36.96654813559));
#1609 = CARTESIAN_POINT('',(85.728815823534,50.13734883573,
    -37.04507658311));
#1610 = CARTESIAN_POINT('',(85.633621503647,50.158948544419,
    -37.12411777618));
#1611 = CARTESIAN_POINT('',(85.537981165438,50.182604407007,
    -37.20374561497));
#1612 = CARTESIAN_POINT('',(85.441835074348,50.20841774587,
    -37.28403858993));
#1613 = CARTESIAN_POINT('',(85.345117404706,50.236502618647,
    -37.3650826019));
#1614 = CARTESIAN_POINT('',(85.247757709497,50.266995500785,
    -37.44697378203));
#1615 = CARTESIAN_POINT('',(85.149682390063,50.300064968812,
    -37.52982131187));
#1616 = CARTESIAN_POINT('',(85.050816165909,50.335921382675,
    -37.6137502433));
#1617 = CARTESIAN_POINT('',(84.951083544365,50.374826569101,
    -37.69890431864));
#1618 = CARTESIAN_POINT('',(84.850410290416,50.417103503997,
    -37.78544879056));
#1619 = CARTESIAN_POINT('',(84.748724896368,50.463145995623,
    -37.87357324219));
#1620 = CARTESIAN_POINT('',(84.64596005165,50.513428367241,
    -37.96349440705));
#1621 = CARTESIAN_POINT('',(84.498329208957,50.591696334978,
    -38.09415882202));
#1622 = CARTESIAN_POINT('',(84.454413712824,50.615739104996,
    -38.13321667582));
#1623 = CARTESIAN_POINT('',(84.410297633551,50.640682520601,
    -38.17265359933));
#1624 = CARTESIAN_POINT('',(84.365975469758,50.66657218896,
    -38.21249004712));
#1625 = CARTESIAN_POINT('',(84.321446209209,50.69346025392,
    -38.25274587952));
#1626 = CARTESIAN_POINT('',(84.276713328881,50.721405396019,
    -38.29344036259));
#1627 = CARTESIAN_POINT('',(84.231784794877,50.750472832445,
    -38.33459216812));
#1628 = CARTESIAN_POINT('',(84.186673062508,50.780734317113,
    -38.3762193737));
#1629 = CARTESIAN_POINT('',(84.14139507624,50.812268140557,
    -38.41833946258));
#1630 = CARTESIAN_POINT('',(84.095972269706,50.845159130056,
    -38.46096932386));
#1631 = CARTESIAN_POINT('',(84.050430565731,50.879498649509,
    -38.50412525231));
#1632 = CARTESIAN_POINT('',(84.004800376288,50.915384599537,
    -38.54782294847));
#1633 = CARTESIAN_POINT('',(83.95911660254,50.952921417418,
    -38.59207751863));
#1634 = CARTESIAN_POINT('',(83.857471201699,51.04033291986,
    -38.69178331544));
#1635 = CARTESIAN_POINT('',(83.801503186364,51.091055079318,
    -38.74751875885));
#1636 = CARTESIAN_POINT('',(83.745690836978,51.144759318796,
    -38.80408861433));
#1637 = CARTESIAN_POINT('',(83.690044348573,51.20148716987,
    -38.86153304586));
#1638 = CARTESIAN_POINT('',(83.634725650604,51.261499773788,
    -38.91985961656));
#1639 = CARTESIAN_POINT('',(83.580012672241,51.325191405481,
    -38.97900930589));
#1640 = CARTESIAN_POINT('',(83.526174281111,51.392889345487,
    -39.03888729759));
#1641 = CARTESIAN_POINT('',(83.473419965421,51.464828277571,
    -39.09943367602));
#1642 = CARTESIAN_POINT('',(83.421988203651,51.541351902378,
    -39.16067950831));
#1643 = CARTESIAN_POINT('',(83.372337340113,51.623158970177,
    -39.22270412985));
#1644 = CARTESIAN_POINT('',(83.325302659004,51.711175448011,
    -39.28537979008));
#1645 = CARTESIAN_POINT('',(83.281983223674,51.805399049549,
    -39.34776015583));
#1646 = CARTESIAN_POINT('',(83.243021922108,51.901826868059,
    -39.40693950876));
#1647 = CARTESIAN_POINT('',(83.180014621976,52.049008923614,
    -39.49269153352));
#1648 = CARTESIAN_POINT('',(83.154529039235,52.096756783834,
    -39.51892446424));
#1649 = CARTESIAN_POINT('',(83.130392050931,52.140844934094,
    -39.54251786714));
#1650 = CARTESIAN_POINT('',(83.107942122497,52.185415398215,
    -39.56581947962));
#1651 = CARTESIAN_POINT('',(83.087429759207,52.231312053095,
    -39.58904976222));
#1652 = CARTESIAN_POINT('',(83.068935503433,52.278230059976,
    -39.61190310712));
#1653 = CARTESIAN_POINT('',(83.052448951677,52.325734535077,
    -39.63416189775));
#1654 = CARTESIAN_POINT('',(83.037980284595,52.373589522861,
    -39.65577873478));
#1655 = CARTESIAN_POINT('',(83.025623932653,52.421739774298,
    -39.67676156946));
#1656 = CARTESIAN_POINT('',(83.015542131296,52.470189270791,
    -39.69707591119));
#1657 = CARTESIAN_POINT('',(83.007884248881,52.518921873381,
    -39.7166577015));
#1658 = CARTESIAN_POINT('',(83.002705901685,52.567910915416,
    -39.73550987289));
#1659 = CARTESIAN_POINT('',(83.,52.617165995546,-39.75373503621));
#1660 = CARTESIAN_POINT('',(83.,52.666666666664,-39.77123616633));
#1661 = ORIENTED_EDGE('',*,*,#1662,.T.);
#1662 = EDGE_CURVE('',#1513,#496,#1663,.T.);
#1663 = CIRCLE('',#1664,4.);
#1664 = AXIS2_PLACEMENT_3D('',#1665,#1666,#1667);
#1665 = CARTESIAN_POINT('',(83.,54.,-36.));
#1666 = DIRECTION('',(1.,0.,0.));
#1667 = DIRECTION('',(0.,-0.5,-0.866025403784));
#1668 = CYLINDRICAL_SURFACE('',#1669,4.);
#1669 = AXIS2_PLACEMENT_3D('',#1670,#1671,#1672);
#1670 = CARTESIAN_POINT('',(85.,54.,-36.));
#1671 = DIRECTION('',(-1.,-0.,-0.));
#1672 = DIRECTION('',(0.,-1.,0.));
#1673 = ADVANCED_FACE('',(#1674),#1692,.F.);
#1674 = FACE_BOUND('',#1675,.F.);
#1675 = EDGE_LOOP('',(#1676,#1684,#1685,#1686));
#1676 = ORIENTED_EDGE('',*,*,#1677,.T.);
#1677 = EDGE_CURVE('',#1678,#436,#1680,.T.);
#1678 = VERTEX_POINT('',#1679);
#1679 = CARTESIAN_POINT('',(-83.,62.999999999997,-35.));
#1680 = LINE('',#1681,#1682);
#1681 = CARTESIAN_POINT('',(-85.,62.999999999997,-35.));
#1682 = VECTOR('',#1683,1.);
#1683 = DIRECTION('',(1.,0.,0.));
#1684 = ORIENTED_EDGE('',*,*,#435,.F.);
#1685 = ORIENTED_EDGE('',*,*,#699,.F.);
#1686 = ORIENTED_EDGE('',*,*,#1687,.F.);
#1687 = EDGE_CURVE('',#1678,#691,#1688,.T.);
#1688 = LINE('',#1689,#1690);
#1689 = CARTESIAN_POINT('',(-83.,62.999999999997,-35.));
#1690 = VECTOR('',#1691,1.);
#1691 = DIRECTION('',(0.,-1.,0.));
#1692 = PLANE('',#1693);
#1693 = AXIS2_PLACEMENT_3D('',#1694,#1695,#1696);
#1694 = CARTESIAN_POINT('',(-85.,64.999999999997,-35.));
#1695 = DIRECTION('',(0.,0.,-1.));
#1696 = DIRECTION('',(0.,-1.,0.));
#1697 = ADVANCED_FACE('',(#1698),#1725,.T.);
#1698 = FACE_BOUND('',#1699,.F.);
#1699 = EDGE_LOOP('',(#1700,#1709,#1710,#1719));
#1700 = ORIENTED_EDGE('',*,*,#1701,.T.);
#1701 = EDGE_CURVE('',#1702,#496,#1704,.T.);
#1702 = VERTEX_POINT('',#1703);
#1703 = CARTESIAN_POINT('',(85.,54.,-42.));
#1704 = CIRCLE('',#1705,2.);
#1705 = AXIS2_PLACEMENT_3D('',#1706,#1707,#1708);
#1706 = CARTESIAN_POINT('',(83.,54.,-42.));
#1707 = DIRECTION('',(0.,-1.,6.E-17));
#1708 = DIRECTION('',(0.,-6.E-17,-1.));
#1709 = ORIENTED_EDGE('',*,*,#512,.T.);
#1710 = ORIENTED_EDGE('',*,*,#1711,.F.);
#1711 = EDGE_CURVE('',#1712,#505,#1714,.T.);
#1712 = VERTEX_POINT('',#1713);
#1713 = CARTESIAN_POINT('',(85.,66.000000000003,-42.));
#1714 = CIRCLE('',#1715,2.);
#1715 = AXIS2_PLACEMENT_3D('',#1716,#1717,#1718);
#1716 = CARTESIAN_POINT('',(83.,66.000000000003,-42.));
#1717 = DIRECTION('',(0.,-1.,0.));
#1718 = DIRECTION('',(1.,0.,0.));
#1719 = ORIENTED_EDGE('',*,*,#1720,.F.);
#1720 = EDGE_CURVE('',#1702,#1712,#1721,.T.);
#1721 = LINE('',#1722,#1723);
#1722 = CARTESIAN_POINT('',(85.,54.,-42.));
#1723 = VECTOR('',#1724,1.);
#1724 = DIRECTION('',(0.,1.,0.));
#1725 = CYLINDRICAL_SURFACE('',#1726,2.);
#1726 = AXIS2_PLACEMENT_3D('',#1727,#1728,#1729);
#1727 = CARTESIAN_POINT('',(83.,54.,-42.));
#1728 = DIRECTION('',(0.,1.,0.));
#1729 = DIRECTION('',(1.,0.,0.));
#1730 = ADVANCED_FACE('',(#1731),#1750,.F.);
#1731 = FACE_BOUND('',#1732,.T.);
#1732 = EDGE_LOOP('',(#1733,#1734,#1743,#1749));
#1733 = ORIENTED_EDGE('',*,*,#504,.F.);
#1734 = ORIENTED_EDGE('',*,*,#1735,.T.);
#1735 = EDGE_CURVE('',#505,#1736,#1738,.T.);
#1736 = VERTEX_POINT('',#1737);
#1737 = CARTESIAN_POINT('',(83.,70.000000000003,-36.));
#1738 = CIRCLE('',#1739,4.);
#1739 = AXIS2_PLACEMENT_3D('',#1740,#1741,#1742);
#1740 = CARTESIAN_POINT('',(83.,66.000000000003,-36.));
#1741 = DIRECTION('',(1.,0.,0.));
#1742 = DIRECTION('',(0.,-3.55E-15,-1.));
#1743 = ORIENTED_EDGE('',*,*,#1744,.T.);
#1744 = EDGE_CURVE('',#1736,#581,#1745,.T.);
#1745 = LINE('',#1746,#1747);
#1746 = CARTESIAN_POINT('',(85.,70.000000000003,-36.));
#1747 = VECTOR('',#1748,1.);
#1748 = DIRECTION('',(-1.,-0.,-0.));
#1749 = ORIENTED_EDGE('',*,*,#580,.T.);
#1750 = CYLINDRICAL_SURFACE('',#1751,4.);
#1751 = AXIS2_PLACEMENT_3D('',#1752,#1753,#1754);
#1752 = CARTESIAN_POINT('',(85.,66.000000000003,-36.));
#1753 = DIRECTION('',(-1.,-0.,-0.));
#1754 = DIRECTION('',(0.,0.,-1.));
#1755 = ADVANCED_FACE('',(#1756),#1798,.F.);
#1756 = FACE_BOUND('',#1757,.T.);
#1757 = EDGE_LOOP('',(#1758,#1768,#1775,#1776,#1777,#1786));
#1758 = ORIENTED_EDGE('',*,*,#1759,.F.);
#1759 = EDGE_CURVE('',#1760,#1762,#1764,.T.);
#1760 = VERTEX_POINT('',#1761);
#1761 = CARTESIAN_POINT('',(-83.,64.999999999997,-33.));
#1762 = VERTEX_POINT('',#1763);
#1763 = CARTESIAN_POINT('',(-76.91629495427,64.999999999997,-33.));
#1764 = LINE('',#1765,#1766);
#1765 = CARTESIAN_POINT('',(-85.,64.999999999997,-33.));
#1766 = VECTOR('',#1767,1.);
#1767 = DIRECTION('',(1.,0.,0.));
#1768 = ORIENTED_EDGE('',*,*,#1769,.T.);
#1769 = EDGE_CURVE('',#1760,#1678,#1770,.T.);
#1770 = CIRCLE('',#1771,2.);
#1771 = AXIS2_PLACEMENT_3D('',#1772,#1773,#1774);
#1772 = CARTESIAN_POINT('',(-83.,62.999999999997,-33.));
#1773 = DIRECTION('',(-1.,0.,0.));
#1774 = DIRECTION('',(0.,1.,3.55E-15));
#1775 = ORIENTED_EDGE('',*,*,#1677,.T.);
#1776 = ORIENTED_EDGE('',*,*,#527,.T.);
#1777 = ORIENTED_EDGE('',*,*,#1778,.T.);
#1778 = EDGE_CURVE('',#528,#1779,#1781,.T.);
#1779 = VERTEX_POINT('',#1780);
#1780 = CARTESIAN_POINT('',(-77.,64.5,-34.32287565552));
#1781 = CIRCLE('',#1782,2.);
#1782 = AXIS2_PLACEMENT_3D('',#1783,#1784,#1785);
#1783 = CARTESIAN_POINT('',(-77.,62.999999999997,-33.));
#1784 = DIRECTION('',(1.,-0.,0.));
#1785 = DIRECTION('',(0.,0.,-1.));
#1786 = ORIENTED_EDGE('',*,*,#1787,.T.);
#1787 = EDGE_CURVE('',#1779,#1762,#1788,.T.);
#1788 = ( BOUNDED_CURVE() B_SPLINE_CURVE(8,(#1789,#1790,#1791,#1792,
    #1793,#1794,#1795,#1796,#1797),.UNSPECIFIED.,.F.,.F.) 
B_SPLINE_CURVE_WITH_KNOTS((9,9),(7.696124157965,9.141592604986),
.PIECEWISE_BEZIER_KNOTS.) CURVE() GEOMETRIC_REPRESENTATION_ITEM() 
RATIONAL_B_SPLINE_CURVE((1.,1.,1.,1.,1.,1.,1.,1.,1.)) 
REPRESENTATION_ITEM('') );
#1789 = CARTESIAN_POINT('',(-77.,64.499999999996,-34.32287565553));
#1790 = CARTESIAN_POINT('',(-77.,64.619510937483,-34.18736299001));
#1791 = CARTESIAN_POINT('',(-76.98738476041,64.72505322899,
    -34.03943738119));
#1792 = CARTESIAN_POINT('',(-76.96829783904,64.814973672846,
    -33.88127687143));
#1793 = CARTESIAN_POINT('',(-76.95053419723,64.888592422852,
    -33.71334375836));
#1794 = CARTESIAN_POINT('',(-76.93309202985,64.943839106688,
    -33.53991928962));
#1795 = CARTESIAN_POINT('',(-76.9205907459,64.981288126814,
    -33.36190697655));
#1796 = CARTESIAN_POINT('',(-76.91642805037,64.999999999997,
    -33.18095998279));
#1797 = CARTESIAN_POINT('',(-76.91629495427,64.999999999997,-33.));
#1798 = CYLINDRICAL_SURFACE('',#1799,2.);
#1799 = AXIS2_PLACEMENT_3D('',#1800,#1801,#1802);
#1800 = CARTESIAN_POINT('',(-85.,62.999999999997,-33.));
#1801 = DIRECTION('',(1.,0.,0.));
#1802 = DIRECTION('',(0.,1.,0.));
#1803 = ADVANCED_FACE('',(#1804),#1816,.T.);
#1804 = FACE_BOUND('',#1805,.T.);
#1805 = EDGE_LOOP('',(#1806,#1807,#1808,#1815));
#1806 = ORIENTED_EDGE('',*,*,#541,.F.);
#1807 = ORIENTED_EDGE('',*,*,#614,.T.);
#1808 = ORIENTED_EDGE('',*,*,#1809,.T.);
#1809 = EDGE_CURVE('',#607,#1779,#1810,.T.);
#1810 = CIRCLE('',#1811,2.);
#1811 = AXIS2_PLACEMENT_3D('',#1812,#1813,#1814);
#1812 = CARTESIAN_POINT('',(-77.,66.000000000003,-35.64575131105));
#1813 = DIRECTION('',(0.,-0.661437827765,-0.750000000001));
#1814 = DIRECTION('',(0.,0.750000000001,-0.661437827765));
#1815 = ORIENTED_EDGE('',*,*,#1778,.F.);
#1816 = TOROIDAL_SURFACE('',#1817,4.,2.);
#1817 = AXIS2_PLACEMENT_3D('',#1818,#1819,#1820);
#1818 = CARTESIAN_POINT('',(-77.,62.999999999997,-33.));
#1819 = DIRECTION('',(1.,0.,0.));
#1820 = DIRECTION('',(0.,0.,-1.));
#1821 = ADVANCED_FACE('',(#1822),#1982,.F.);
#1822 = FACE_BOUND('',#1823,.T.);
#1823 = EDGE_LOOP('',(#1824,#1825,#1826,#1834,#1843,#1851,#1865,#1882,
    #1894,#1895,#1909,#1926,#1938,#1939,#1953,#1970));
#1824 = ORIENTED_EDGE('',*,*,#606,.F.);
#1825 = ORIENTED_EDGE('',*,*,#589,.F.);
#1826 = ORIENTED_EDGE('',*,*,#1827,.T.);
#1827 = EDGE_CURVE('',#581,#1828,#1830,.T.);
#1828 = VERTEX_POINT('',#1829);
#1829 = CARTESIAN_POINT('',(-71.,70.000000000003,36.000000000002));
#1830 = LINE('',#1831,#1832);
#1831 = CARTESIAN_POINT('',(-71.,70.000000000003,-40.));
#1832 = VECTOR('',#1833,1.);
#1833 = DIRECTION('',(0.,0.,1.));
#1834 = ORIENTED_EDGE('',*,*,#1835,.T.);
#1835 = EDGE_CURVE('',#1828,#1836,#1838,.T.);
#1836 = VERTEX_POINT('',#1837);
#1837 = CARTESIAN_POINT('',(-75.,66.000000000003,36.000000000002));
#1838 = CIRCLE('',#1839,4.);
#1839 = AXIS2_PLACEMENT_3D('',#1840,#1841,#1842);
#1840 = CARTESIAN_POINT('',(-71.,66.000000000003,36.000000000002));
#1841 = DIRECTION('',(0.,0.,1.));
#1842 = DIRECTION('',(-1.,0.,0.));
#1843 = ORIENTED_EDGE('',*,*,#1844,.F.);
#1844 = EDGE_CURVE('',#1845,#1836,#1847,.T.);
#1845 = VERTEX_POINT('',#1846);
#1846 = CARTESIAN_POINT('',(-75.,66.000000000003,35.645751311058));
#1847 = LINE('',#1848,#1849);
#1848 = CARTESIAN_POINT('',(-75.,66.000000000003,-40.));
#1849 = VECTOR('',#1850,1.);
#1850 = DIRECTION('',(0.,0.,1.));
#1851 = ORIENTED_EDGE('',*,*,#1852,.F.);
#1852 = EDGE_CURVE('',#1853,#1845,#1855,.T.);
#1853 = VERTEX_POINT('',#1854);
#1854 = CARTESIAN_POINT('',(-74.94416880002,66.665982339806,
    33.065162133548));
#1855 = ( BOUNDED_CURVE() B_SPLINE_CURVE(8,(#1856,#1857,#1858,#1859,
    #1860,#1861,#1862,#1863,#1864),.UNSPECIFIED.,.F.,.F.) 
B_SPLINE_CURVE_WITH_KNOTS((9,9),(18.474926035526,19.920394482554),
.PIECEWISE_BEZIER_KNOTS.) CURVE() GEOMETRIC_REPRESENTATION_ITEM() 
RATIONAL_B_SPLINE_CURVE((1.,1.,1.,1.,1.,1.,1.,1.,1.)) 
REPRESENTATION_ITEM('') );
#1856 = CARTESIAN_POINT('',(-74.94416880002,66.665982339806,
    33.065162133548));
#1857 = CARTESIAN_POINT('',(-74.94424034734,66.665558612807,
    33.266289071998));
#1858 = CARTESIAN_POINT('',(-74.94690080553,66.649683871398,
    33.663200808603));
#1859 = CARTESIAN_POINT('',(-74.95436115229,66.606144132742,
    33.994531537416));
#1860 = CARTESIAN_POINT('',(-74.96516382808,66.53819047679,
    34.327865201354));
#1861 = CARTESIAN_POINT('',(-74.9767759079,66.454100913542,
    34.66285670218));
#1862 = CARTESIAN_POINT('',(-74.99012025491,66.336008272265,
    34.997990902383));
#1863 = CARTESIAN_POINT('',(-75.,66.186553658502,35.328453362556));
#1864 = CARTESIAN_POINT('',(-75.,66.000000000003,35.645751311058));
#1865 = ORIENTED_EDGE('',*,*,#1866,.F.);
#1866 = EDGE_CURVE('',#1867,#1853,#1869,.T.);
#1867 = VERTEX_POINT('',#1868);
#1868 = CARTESIAN_POINT('',(-74.94416880002,66.665982339805,
    23.601504533094));
#1869 = ( BOUNDED_CURVE() B_SPLINE_CURVE(11,(#1870,#1871,#1872,#1873,
    #1874,#1875,#1876,#1877,#1878,#1879,#1880,#1881),.UNSPECIFIED.,.F.,
.F.) B_SPLINE_CURVE_WITH_KNOTS((12,12),(9.141592604986,18.474926035526),
.PIECEWISE_BEZIER_KNOTS.) CURVE() GEOMETRIC_REPRESENTATION_ITEM() 
RATIONAL_B_SPLINE_CURVE((1.,1.,1.,1.000000000001,0.999999999998,
    1.000000000003,0.999999999998,1.000000000002,0.999999999999,1.,1.,1.
)) REPRESENTATION_ITEM('') );
#1870 = CARTESIAN_POINT('',(-74.94416880002,66.665982339805,
    23.601504533094));
#1871 = CARTESIAN_POINT('',(-74.94383281584,66.667972149787,
    24.545990935614));
#1872 = CARTESIAN_POINT('',(-74.94437487145,66.664758494004,
    25.385183070036));
#1873 = CARTESIAN_POINT('',(-74.94371632324,66.668668830448,
    26.226050682305));
#1874 = CARTESIAN_POINT('',(-74.9443205531,66.665074804064,
    27.056147364177));
#1875 = CARTESIAN_POINT('',(-74.94394892457,66.667288025902,
    27.915843696056));
#1876 = CARTESIAN_POINT('',(-74.94394892459,66.667288025834,
    28.750822970967));
#1877 = CARTESIAN_POINT('',(-74.94432055309,66.665074804114,
    29.610519301679));
#1878 = CARTESIAN_POINT('',(-74.94371632325,66.668668830422,
    30.440615985039));
#1879 = CARTESIAN_POINT('',(-74.94437487144,66.664758494014,
    31.281483596295));
#1880 = CARTESIAN_POINT('',(-74.94383281584,66.667972149785,
    32.120675731125));
#1881 = CARTESIAN_POINT('',(-74.94416880002,66.665982339806,
    33.065162133548));
#1882 = ORIENTED_EDGE('',*,*,#1883,.F.);
#1883 = EDGE_CURVE('',#1105,#1867,#1884,.T.);
#1884 = ( BOUNDED_CURVE() B_SPLINE_CURVE(8,(#1885,#1886,#1887,#1888,
    #1889,#1890,#1891,#1892,#1893),.UNSPECIFIED.,.F.,.F.) 
B_SPLINE_CURVE_WITH_KNOTS((9,9),(7.696124157967,9.141592604986),
.PIECEWISE_BEZIER_KNOTS.) CURVE() GEOMETRIC_REPRESENTATION_ITEM() 
RATIONAL_B_SPLINE_CURVE((1.,1.,1.,1.,1.,1.,1.,1.,1.)) 
REPRESENTATION_ITEM('') );
#1885 = CARTESIAN_POINT('',(-75.,66.000000000003,21.020915355609));
#1886 = CARTESIAN_POINT('',(-75.,66.186553658488,21.338213304088));
#1887 = CARTESIAN_POINT('',(-74.99012025491,66.336008272288,
    21.668675764325));
#1888 = CARTESIAN_POINT('',(-74.9767759079,66.454100913501,
    22.003809964387));
#1889 = CARTESIAN_POINT('',(-74.96516382808,66.53819047682,
    22.338801465415));
#1890 = CARTESIAN_POINT('',(-74.95436115229,66.606144132722,
    22.672135129132));
#1891 = CARTESIAN_POINT('',(-74.94690080553,66.649683871401,
    23.003465858114));
#1892 = CARTESIAN_POINT('',(-74.94424034734,66.665558612805,
    23.400377594631));
#1893 = CARTESIAN_POINT('',(-74.94416880002,66.665982339805,
    23.601504533094));
#1894 = ORIENTED_EDGE('',*,*,#1104,.F.);
#1895 = ORIENTED_EDGE('',*,*,#1896,.F.);
#1896 = EDGE_CURVE('',#1897,#1096,#1899,.T.);
#1897 = VERTEX_POINT('',#1898);
#1898 = CARTESIAN_POINT('',(-74.94416880002,66.665982339806,
    4.731828800198));
#1899 = ( BOUNDED_CURVE() B_SPLINE_CURVE(8,(#1900,#1901,#1902,#1903,
    #1904,#1905,#1906,#1907,#1908),.UNSPECIFIED.,.F.,.F.) 
B_SPLINE_CURVE_WITH_KNOTS((9,9),(18.4749260355,19.920394482538),
.PIECEWISE_BEZIER_KNOTS.) CURVE() GEOMETRIC_REPRESENTATION_ITEM() 
RATIONAL_B_SPLINE_CURVE((1.,1.,1.,1.,1.,1.,1.,1.,1.)) 
REPRESENTATION_ITEM('') );
#1900 = CARTESIAN_POINT('',(-74.94416880002,66.665982339806,
    4.731828800198));
#1901 = CARTESIAN_POINT('',(-74.94424034734,66.665558612807,
    4.932955738641));
#1902 = CARTESIAN_POINT('',(-74.94690080553,66.649683871397,
    5.329867475263));
#1903 = CARTESIAN_POINT('',(-74.95436115229,66.606144132753,
    5.661198204046));
#1904 = CARTESIAN_POINT('',(-74.96516382808,66.538190476777,
    5.994531868039));
#1905 = CARTESIAN_POINT('',(-74.9767759079,66.454100913565,
    6.329523368804));
#1906 = CARTESIAN_POINT('',(-74.99012025491,66.336008272252,
    6.664657569067));
#1907 = CARTESIAN_POINT('',(-75.,66.186553658513,6.995120029204));
#1908 = CARTESIAN_POINT('',(-75.,66.000000000003,7.312417977725));
#1909 = ORIENTED_EDGE('',*,*,#1910,.F.);
#1910 = EDGE_CURVE('',#1911,#1897,#1913,.T.);
#1911 = VERTEX_POINT('',#1912);
#1912 = CARTESIAN_POINT('',(-74.94416880002,66.665982339805,
    -4.731828800234));
#1913 = ( BOUNDED_CURVE() B_SPLINE_CURVE(11,(#1914,#1915,#1916,#1917,
    #1918,#1919,#1920,#1921,#1922,#1923,#1924,#1925),.UNSPECIFIED.,.F.,
.F.) B_SPLINE_CURVE_WITH_KNOTS((12,12),(9.141592604986,18.4749260355),
.PIECEWISE_BEZIER_KNOTS.) CURVE() GEOMETRIC_REPRESENTATION_ITEM() 
RATIONAL_B_SPLINE_CURVE((1.,1.,1.,1.000000000001,0.999999999999,
1.000000000001,0.999999999999,1.,1.,1.,1.,1.)) REPRESENTATION_ITEM('') 
  );
#1914 = CARTESIAN_POINT('',(-74.94416880002,66.665982339805,
    -4.731828800234));
#1915 = CARTESIAN_POINT('',(-74.94383281584,66.667972149787,
    -3.787342397727));
#1916 = CARTESIAN_POINT('',(-74.94437487145,66.664758494004,
    -2.948150263304));
#1917 = CARTESIAN_POINT('',(-74.94371632324,66.668668830448,
    -2.107282651029));
#1918 = CARTESIAN_POINT('',(-74.9443205531,66.665074804063,
    -1.277185969168));
#1919 = CARTESIAN_POINT('',(-74.94394892457,66.667288025904,
    -0.417489637273));
#1920 = CARTESIAN_POINT('',(-74.94394892459,66.667288025831,
    0.417489637618));
#1921 = CARTESIAN_POINT('',(-74.94432055309,66.665074804117,
    1.277185968345));
#1922 = CARTESIAN_POINT('',(-74.94371632325,66.66866883042,
    2.107282651694));
#1923 = CARTESIAN_POINT('',(-74.94437487144,66.664758494015,
    2.948150262957));
#1924 = CARTESIAN_POINT('',(-74.94383281584,66.667972149784,
    3.787342397786));
#1925 = CARTESIAN_POINT('',(-74.94416880002,66.665982339806,
    4.731828800198));
#1926 = ORIENTED_EDGE('',*,*,#1927,.F.);
#1927 = EDGE_CURVE('',#1470,#1911,#1928,.T.);
#1928 = ( BOUNDED_CURVE() B_SPLINE_CURVE(8,(#1929,#1930,#1931,#1932,
    #1933,#1934,#1935,#1936,#1937),.UNSPECIFIED.,.F.,.F.) 
B_SPLINE_CURVE_WITH_KNOTS((9,9),(7.696124157967,9.141592604986),
.PIECEWISE_BEZIER_KNOTS.) CURVE() GEOMETRIC_REPRESENTATION_ITEM() 
RATIONAL_B_SPLINE_CURVE((1.,1.,1.,1.,1.,1.,1.,1.,1.)) 
REPRESENTATION_ITEM('') );
#1929 = CARTESIAN_POINT('',(-75.,66.000000000003,-7.312417977725));
#1930 = CARTESIAN_POINT('',(-75.,66.186553658491,-6.995120029241));
#1931 = CARTESIAN_POINT('',(-74.99012025491,66.336008272283,
    -6.664657569021));
#1932 = CARTESIAN_POINT('',(-74.9767759079,66.454100913508,
    -6.329523368918));
#1933 = CARTESIAN_POINT('',(-74.96516382808,66.538190476814,
    -5.99453186796));
#1934 = CARTESIAN_POINT('',(-74.95436115229,66.606144132725,
    -5.661198204157));
#1935 = CARTESIAN_POINT('',(-74.94690080553,66.6496838714,
    -5.329867475249));
#1936 = CARTESIAN_POINT('',(-74.94424034734,66.665558612806,
    -4.932955738694));
#1937 = CARTESIAN_POINT('',(-74.94416880002,66.665982339805,
    -4.731828800234));
#1938 = ORIENTED_EDGE('',*,*,#1469,.F.);
#1939 = ORIENTED_EDGE('',*,*,#1940,.F.);
#1940 = EDGE_CURVE('',#1941,#1461,#1943,.T.);
#1941 = VERTEX_POINT('',#1942);
#1942 = CARTESIAN_POINT('',(-74.94416880002,66.665982339806,
    -23.60150453312));
#1943 = ( BOUNDED_CURVE() B_SPLINE_CURVE(8,(#1944,#1945,#1946,#1947,
    #1948,#1949,#1950,#1951,#1952),.UNSPECIFIED.,.F.,.F.) 
B_SPLINE_CURVE_WITH_KNOTS((9,9),(18.474926035466,19.920394482503),
.PIECEWISE_BEZIER_KNOTS.) CURVE() GEOMETRIC_REPRESENTATION_ITEM() 
RATIONAL_B_SPLINE_CURVE((1.,1.,1.,1.,1.,1.,1.,1.,1.)) 
REPRESENTATION_ITEM('') );
#1944 = CARTESIAN_POINT('',(-74.94416880002,66.665982339806,
    -23.60150453312));
#1945 = CARTESIAN_POINT('',(-74.94424034734,66.665558612807,
    -23.40037759468));
#1946 = CARTESIAN_POINT('',(-74.94690080553,66.649683871403,
    -23.00346585809));
#1947 = CARTESIAN_POINT('',(-74.95436115229,66.606144132729,
    -22.67213512921));
#1948 = CARTESIAN_POINT('',(-74.96516382808,66.538190476823,
    -22.33880146538));
#1949 = CARTESIAN_POINT('',(-74.9767759079,66.454100913507,
    -22.00380996442));
#1950 = CARTESIAN_POINT('',(-74.99012025491,66.336008272292,
    -21.66867576432));
#1951 = CARTESIAN_POINT('',(-75.,66.18655365849,-21.33821330409));
#1952 = CARTESIAN_POINT('',(-75.,66.000000000003,-21.0209153556));
#1953 = ORIENTED_EDGE('',*,*,#1954,.F.);
#1954 = EDGE_CURVE('',#1955,#1941,#1957,.T.);
#1955 = VERTEX_POINT('',#1956);
#1956 = CARTESIAN_POINT('',(-74.94416880002,66.665982339805,
    -33.06516213356));
#1957 = ( BOUNDED_CURVE() B_SPLINE_CURVE(11,(#1958,#1959,#1960,#1961,
    #1962,#1963,#1964,#1965,#1966,#1967,#1968,#1969),.UNSPECIFIED.,.F.,
.F.) B_SPLINE_CURVE_WITH_KNOTS((12,12),(9.141592604986,18.474926035466),
.PIECEWISE_BEZIER_KNOTS.) CURVE() GEOMETRIC_REPRESENTATION_ITEM() 
RATIONAL_B_SPLINE_CURVE((1.,1.,1.,1.000000000001,0.999999999999,
    1.000000000001,0.999999999999,1.000000000001,1.,1.,1.,1.)) 
REPRESENTATION_ITEM('') );
#1958 = CARTESIAN_POINT('',(-74.94416880002,66.665982339805,
    -33.06516213356));
#1959 = CARTESIAN_POINT('',(-74.94383281584,66.667972149787,
    -32.12067573106));
#1960 = CARTESIAN_POINT('',(-74.94437487145,66.664758494004,
    -31.28148359664));
#1961 = CARTESIAN_POINT('',(-74.94371632324,66.668668830449,
    -30.44061598436));
#1962 = CARTESIAN_POINT('',(-74.9443205531,66.665074804063,
    -29.6105193025));
#1963 = CARTESIAN_POINT('',(-74.94394892458,66.667288025903,
    -28.7508229706));
#1964 = CARTESIAN_POINT('',(-74.94394892459,66.667288025832,
    -27.91584369571));
#1965 = CARTESIAN_POINT('',(-74.94432055309,66.665074804115,
    -27.05614736498));
#1966 = CARTESIAN_POINT('',(-74.94371632325,66.668668830421,
    -26.22605068163));
#1967 = CARTESIAN_POINT('',(-74.94437487144,66.664758494015,
    -25.38518307037));
#1968 = CARTESIAN_POINT('',(-74.94383281584,66.667972149784,
    -24.54599093554));
#1969 = CARTESIAN_POINT('',(-74.94416880002,66.665982339806,
    -23.60150453312));
#1970 = ORIENTED_EDGE('',*,*,#1971,.F.);
#1971 = EDGE_CURVE('',#607,#1955,#1972,.T.);
#1972 = ( BOUNDED_CURVE() B_SPLINE_CURVE(8,(#1973,#1974,#1975,#1976,
    #1977,#1978,#1979,#1980,#1981),.UNSPECIFIED.,.F.,.F.) 
B_SPLINE_CURVE_WITH_KNOTS((9,9),(7.696124157965,9.141592604986),
.PIECEWISE_BEZIER_KNOTS.) CURVE() GEOMETRIC_REPRESENTATION_ITEM() 
RATIONAL_B_SPLINE_CURVE((1.,1.,1.,1.,1.,1.,1.,1.,1.)) 
REPRESENTATION_ITEM('') );
#1973 = CARTESIAN_POINT('',(-75.,66.000000000003,-35.64575131105));
#1974 = CARTESIAN_POINT('',(-75.,66.186553658476,-35.32845336259));
#1975 = CARTESIAN_POINT('',(-74.99012025491,66.33600827231,
    -34.99799090231));
#1976 = CARTESIAN_POINT('',(-74.9767759079,66.454100913469,
    -34.66285670231));
#1977 = CARTESIAN_POINT('',(-74.96516382808,66.538190476846,
    -34.32786520124));
#1978 = CARTESIAN_POINT('',(-74.95436115229,66.606144132708,
    -33.99453153751));
#1979 = CARTESIAN_POINT('',(-74.94690080553,66.649683871404,
    -33.66320080857));
#1980 = CARTESIAN_POINT('',(-74.94424034734,66.665558612806,
    -33.26628907202));
#1981 = CARTESIAN_POINT('',(-74.94416880002,66.665982339805,
    -33.06516213356));
#1982 = CYLINDRICAL_SURFACE('',#1983,4.);
#1983 = AXIS2_PLACEMENT_3D('',#1984,#1985,#1986);
#1984 = CARTESIAN_POINT('',(-71.,66.000000000003,-40.));
#1985 = DIRECTION('',(0.,0.,1.));
#1986 = DIRECTION('',(-1.,0.,0.));
#1987 = ADVANCED_FACE('',(#1988),#2006,.F.);
#1988 = FACE_BOUND('',#1989,.F.);
#1989 = EDGE_LOOP('',(#1990,#1991,#1992,#2000));
#1990 = ORIENTED_EDGE('',*,*,#682,.T.);
#1991 = ORIENTED_EDGE('',*,*,#1278,.F.);
#1992 = ORIENTED_EDGE('',*,*,#1993,.F.);
#1993 = EDGE_CURVE('',#1994,#1271,#1996,.T.);
#1994 = VERTEX_POINT('',#1995);
#1995 = CARTESIAN_POINT('',(-83.,54.999999999997,-23.66666666666));
#1996 = LINE('',#1997,#1998);
#1997 = CARTESIAN_POINT('',(-85.,54.999999999997,-23.66666666666));
#1998 = VECTOR('',#1999,1.);
#1999 = DIRECTION('',(1.,0.,0.));
#2000 = ORIENTED_EDGE('',*,*,#2001,.F.);
#2001 = EDGE_CURVE('',#683,#1994,#2002,.T.);
#2002 = LINE('',#2003,#2004);
#2003 = CARTESIAN_POINT('',(-83.,54.999999999997,-33.));
#2004 = VECTOR('',#2005,1.);
#2005 = DIRECTION('',(0.,0.,1.));
#2006 = PLANE('',#2007);
#2007 = AXIS2_PLACEMENT_3D('',#2008,#2009,#2010);
#2008 = CARTESIAN_POINT('',(-85.,54.999999999997,-35.));
#2009 = DIRECTION('',(0.,-1.,0.));
#2010 = DIRECTION('',(0.,0.,1.));
#2011 = ADVANCED_FACE('',(#2012),#2040,.T.);
#2012 = FACE_BOUND('',#2013,.F.);
#2013 = EDGE_LOOP('',(#2014,#2023,#2024,#2033));
#2014 = ORIENTED_EDGE('',*,*,#2015,.F.);
#2015 = EDGE_CURVE('',#691,#2016,#2018,.T.);
#2016 = VERTEX_POINT('',#2017);
#2017 = CARTESIAN_POINT('',(-85.,56.999999999997,-37.));
#2018 = CIRCLE('',#2019,2.);
#2019 = AXIS2_PLACEMENT_3D('',#2020,#2021,#2022);
#2020 = CARTESIAN_POINT('',(-83.,56.999999999997,-37.));
#2021 = DIRECTION('',(0.,-1.,0.));
#2022 = DIRECTION('',(0.,0.,1.));
#2023 = ORIENTED_EDGE('',*,*,#690,.T.);
#2024 = ORIENTED_EDGE('',*,*,#2025,.T.);
#2025 = EDGE_CURVE('',#683,#2026,#2028,.T.);
#2026 = VERTEX_POINT('',#2027);
#2027 = CARTESIAN_POINT('',(-85.,52.999999999997,-33.));
#2028 = CIRCLE('',#2029,2.);
#2029 = AXIS2_PLACEMENT_3D('',#2030,#2031,#2032);
#2030 = CARTESIAN_POINT('',(-83.,52.999999999997,-33.));
#2031 = DIRECTION('',(0.,-3.61E-15,1.));
#2032 = DIRECTION('',(-0.,-1.,-3.61E-15));
#2033 = ORIENTED_EDGE('',*,*,#2034,.F.);
#2034 = EDGE_CURVE('',#2016,#2026,#2035,.T.);
#2035 = CIRCLE('',#2036,4.);
#2036 = AXIS2_PLACEMENT_3D('',#2037,#2038,#2039);
#2037 = CARTESIAN_POINT('',(-85.,56.999999999997,-33.));
#2038 = DIRECTION('',(-1.,0.,-0.));
#2039 = DIRECTION('',(0.,3.55E-15,-1.));
#2040 = TOROIDAL_SURFACE('',#2041,4.,2.);
#2041 = AXIS2_PLACEMENT_3D('',#2042,#2043,#2044);
#2042 = CARTESIAN_POINT('',(-83.,56.999999999997,-33.));
#2043 = DIRECTION('',(1.,0.,0.));
#2044 = DIRECTION('',(0.,3.55E-15,-1.));
#2045 = ADVANCED_FACE('',(#2046),#2065,.T.);
#2046 = FACE_BOUND('',#2047,.T.);
#2047 = EDGE_LOOP('',(#2048,#2056,#2057,#2058));
#2048 = ORIENTED_EDGE('',*,*,#2049,.F.);
#2049 = EDGE_CURVE('',#718,#2050,#2052,.T.);
#2050 = VERTEX_POINT('',#2051);
#2051 = CARTESIAN_POINT('',(-77.,55.677124344473,34.500000000007));
#2052 = ( BOUNDED_CURVE() B_SPLINE_CURVE(2,(#2053,#2054,#2055),
.UNSPECIFIED.,.F.,.F.) B_SPLINE_CURVE_WITH_KNOTS((3,3),(0.,
1.445468452704),.PIECEWISE_BEZIER_KNOTS.) CURVE() 
GEOMETRIC_REPRESENTATION_ITEM() RATIONAL_B_SPLINE_CURVE((1.,
0.707106781187,1.)) REPRESENTATION_ITEM('') );
#2053 = CARTESIAN_POINT('',(-75.,54.354248688935,36.000000000002));
#2054 = CARTESIAN_POINT('',(-75.,55.677124344466,34.500000000001));
#2055 = CARTESIAN_POINT('',(-77.,55.677124344473,34.500000000007));
#2056 = ORIENTED_EDGE('',*,*,#717,.T.);
#2057 = ORIENTED_EDGE('',*,*,#740,.T.);
#2058 = ORIENTED_EDGE('',*,*,#2059,.F.);
#2059 = EDGE_CURVE('',#2050,#741,#2060,.T.);
#2060 = CIRCLE('',#2061,2.);
#2061 = AXIS2_PLACEMENT_3D('',#2062,#2063,#2064);
#2062 = CARTESIAN_POINT('',(-77.,56.999999999997,33.));
#2063 = DIRECTION('',(1.,0.,-0.));
#2064 = DIRECTION('',(0.,0.,1.));
#2065 = TOROIDAL_SURFACE('',#2066,4.,2.);
#2066 = AXIS2_PLACEMENT_3D('',#2067,#2068,#2069);
#2067 = CARTESIAN_POINT('',(-77.,56.999999999997,33.));
#2068 = DIRECTION('',(1.,0.,0.));
#2069 = DIRECTION('',(0.,0.,1.));
#2070 = ADVANCED_FACE('',(#2071),#2140,.F.);
#2071 = FACE_BOUND('',#2072,.T.);
#2072 = EDGE_LOOP('',(#2073,#2081,#2090,#2096,#2097,#2098,#2112,#2128));
#2073 = ORIENTED_EDGE('',*,*,#2074,.F.);
#2074 = EDGE_CURVE('',#1836,#2075,#2077,.T.);
#2075 = VERTEX_POINT('',#2076);
#2076 = CARTESIAN_POINT('',(-75.,65.645751311059,36.000000000002));
#2077 = LINE('',#2078,#2079);
#2078 = CARTESIAN_POINT('',(-75.,70.000000000003,36.000000000002));
#2079 = VECTOR('',#2080,1.);
#2080 = DIRECTION('',(0.,-1.,0.));
#2081 = ORIENTED_EDGE('',*,*,#2082,.T.);
#2082 = EDGE_CURVE('',#1836,#2083,#2085,.T.);
#2083 = VERTEX_POINT('',#2084);
#2084 = CARTESIAN_POINT('',(-71.,66.000000000003,40.000000000002));
#2085 = CIRCLE('',#2086,4.);
#2086 = AXIS2_PLACEMENT_3D('',#2087,#2088,#2089);
#2087 = CARTESIAN_POINT('',(-71.,66.000000000003,36.000000000002));
#2088 = DIRECTION('',(0.,1.,-0.));
#2089 = DIRECTION('',(-1.,0.,0.));
#2090 = ORIENTED_EDGE('',*,*,#2091,.T.);
#2091 = EDGE_CURVE('',#2083,#802,#2092,.T.);
#2092 = LINE('',#2093,#2094);
#2093 = CARTESIAN_POINT('',(-71.,70.000000000003,40.000000000002));
#2094 = VECTOR('',#2095,1.);
#2095 = DIRECTION('',(0.,-1.,0.));
#2096 = ORIENTED_EDGE('',*,*,#801,.T.);
#2097 = ORIENTED_EDGE('',*,*,#726,.F.);
#2098 = ORIENTED_EDGE('',*,*,#2099,.F.);
#2099 = EDGE_CURVE('',#2100,#718,#2102,.T.);
#2100 = VERTEX_POINT('',#2101);
#2101 = CARTESIAN_POINT('',(-74.94415333731,56.939352612313,
    36.666073908621));
#2102 = ( BOUNDED_CURVE() B_SPLINE_CURVE(8,(#2103,#2104,#2105,#2106,
    #2107,#2108,#2109,#2110,#2111),.UNSPECIFIED.,.F.,.F.) 
B_SPLINE_CURVE_WITH_KNOTS((9,9),(27.616518683486,29.06198713619),
.PIECEWISE_BEZIER_KNOTS.) CURVE() GEOMETRIC_REPRESENTATION_ITEM() 
RATIONAL_B_SPLINE_CURVE((1.,1.,1.,1.,1.,1.,1.,1.,1.)) 
REPRESENTATION_ITEM('') );
#2103 = CARTESIAN_POINT('',(-74.94415333731,56.939352612313,
    36.666073908621));
#2104 = CARTESIAN_POINT('',(-74.94424976065,56.729229123614,
    36.665502938276));
#2105 = CARTESIAN_POINT('',(-74.94690222307,56.336788982417,
    36.649685119555));
#2106 = CARTESIAN_POINT('',(-74.95443379254,56.005546400806,
    36.605681584947));
#2107 = CARTESIAN_POINT('',(-74.96508710186,55.67206974677,
    36.538638867247));
#2108 = CARTESIAN_POINT('',(-74.97681667281,55.337175085931,
    36.453869325822));
#2109 = CARTESIAN_POINT('',(-74.9901103238,55.002001637905,
    36.33606405048));
#2110 = CARTESIAN_POINT('',(-75.,54.671546637426,36.186553658495));
#2111 = CARTESIAN_POINT('',(-75.,54.354248688935,36.000000000002));
#2112 = ORIENTED_EDGE('',*,*,#2113,.F.);
#2113 = EDGE_CURVE('',#2114,#2100,#2116,.T.);
#2114 = VERTEX_POINT('',#2115);
#2115 = CARTESIAN_POINT('',(-74.94415333731,63.060647387701,
    36.666073908621));
#2116 = ( BOUNDED_CURVE() B_SPLINE_CURVE(10,(#2117,#2118,#2119,#2120,
    #2121,#2122,#2123,#2124,#2125,#2126,#2127),.UNSPECIFIED.,.F.,.F.) 
B_SPLINE_CURVE_WITH_KNOTS((11,11),(21.616518597566,27.616518683486),
.PIECEWISE_BEZIER_KNOTS.) CURVE() GEOMETRIC_REPRESENTATION_ITEM() 
RATIONAL_B_SPLINE_CURVE((1.,1.,1.,1.,1.,1.,1.,1.,1.,1.,1.)) 
REPRESENTATION_ITEM('') );
#2117 = CARTESIAN_POINT('',(-74.94415333731,63.060647387701,
    36.666073908621));
#2118 = CARTESIAN_POINT('',(-74.94383314212,62.362885524863,
    36.667969942873));
#2119 = CARTESIAN_POINT('',(-74.94444285687,61.781856812905,
    36.664356382062));
#2120 = CARTESIAN_POINT('',(-74.94350540166,61.19322438215,
    36.669918819312));
#2121 = CARTESIAN_POINT('',(-74.94473070738,60.601996747382,
    36.662639971694));
#2122 = CARTESIAN_POINT('',(-74.94332271619,59.99999999988,
    36.671009791665));
#2123 = CARTESIAN_POINT('',(-74.94473070738,59.398003252837,
    36.662639971696));
#2124 = CARTESIAN_POINT('',(-74.94350540167,58.806775617739,
    36.669918819309));
#2125 = CARTESIAN_POINT('',(-74.94444285687,58.218143187146,
    36.664356382065));
#2126 = CARTESIAN_POINT('',(-74.94383314212,57.637114475129,
    36.667969942871));
#2127 = CARTESIAN_POINT('',(-74.94415333731,56.939352612313,
    36.666073908621));
#2128 = ORIENTED_EDGE('',*,*,#2129,.F.);
#2129 = EDGE_CURVE('',#2075,#2114,#2130,.T.);
#2130 = ( BOUNDED_CURVE() B_SPLINE_CURVE(8,(#2131,#2132,#2133,#2134,
    #2135,#2136,#2137,#2138,#2139),.UNSPECIFIED.,.F.,.F.) 
B_SPLINE_CURVE_WITH_KNOTS((9,9),(20.171050144891,21.616518597566),
.PIECEWISE_BEZIER_KNOTS.) CURVE() GEOMETRIC_REPRESENTATION_ITEM() 
RATIONAL_B_SPLINE_CURVE((1.,1.,1.,1.,1.,1.,1.,1.,1.)) 
REPRESENTATION_ITEM('') );
#2131 = CARTESIAN_POINT('',(-75.,65.645751311059,36.000000000002));
#2132 = CARTESIAN_POINT('',(-75.,65.328453362548,36.186553658507));
#2133 = CARTESIAN_POINT('',(-74.9901103238,64.997998362141,
    36.33606405045));
#2134 = CARTESIAN_POINT('',(-74.97681667281,64.662824913997,
    36.453869325855));
#2135 = CARTESIAN_POINT('',(-74.96508710186,64.327930253319,
    36.538638867214));
#2136 = CARTESIAN_POINT('',(-74.95443379254,63.994453599143,
    36.605681584957));
#2137 = CARTESIAN_POINT('',(-74.94690222307,63.663211017632,
    36.649685119548));
#2138 = CARTESIAN_POINT('',(-74.94424976065,63.270770876403,
    36.665502938275));
#2139 = CARTESIAN_POINT('',(-74.94415333731,63.060647387701,
    36.666073908621));
#2140 = CYLINDRICAL_SURFACE('',#2141,4.);
#2141 = AXIS2_PLACEMENT_3D('',#2142,#2143,#2144);
#2142 = CARTESIAN_POINT('',(-71.,70.000000000003,36.000000000002));
#2143 = DIRECTION('',(0.,-1.,0.));
#2144 = DIRECTION('',(-1.,0.,0.));
#2145 = ADVANCED_FACE('',(#2146),#2187,.F.);
#2146 = FACE_BOUND('',#2147,.F.);
#2147 = EDGE_LOOP('',(#2148,#2158,#2167,#2173,#2174,#2175));
#2148 = ORIENTED_EDGE('',*,*,#2149,.F.);
#2149 = EDGE_CURVE('',#2150,#2152,#2154,.T.);
#2150 = VERTEX_POINT('',#2151);
#2151 = CARTESIAN_POINT('',(-83.,56.999999999997,35.));
#2152 = VERTEX_POINT('',#2153);
#2153 = CARTESIAN_POINT('',(-76.91626618786,56.999999999997,35.));
#2154 = LINE('',#2155,#2156);
#2155 = CARTESIAN_POINT('',(-85.,56.999999999997,35.));
#2156 = VECTOR('',#2157,1.);
#2157 = DIRECTION('',(1.,0.,0.));
#2158 = ORIENTED_EDGE('',*,*,#2159,.F.);
#2159 = EDGE_CURVE('',#2160,#2150,#2162,.T.);
#2160 = VERTEX_POINT('',#2161);
#2161 = CARTESIAN_POINT('',(-83.,54.999999999997,33.));
#2162 = CIRCLE('',#2163,2.);
#2163 = AXIS2_PLACEMENT_3D('',#2164,#2165,#2166);
#2164 = CARTESIAN_POINT('',(-83.,56.999999999997,33.));
#2165 = DIRECTION('',(-1.,0.,0.));
#2166 = DIRECTION('',(0.,-1.,0.));
#2167 = ORIENTED_EDGE('',*,*,#2168,.T.);
#2168 = EDGE_CURVE('',#2160,#750,#2169,.T.);
#2169 = LINE('',#2170,#2171);
#2170 = CARTESIAN_POINT('',(-85.,54.999999999997,33.));
#2171 = VECTOR('',#2172,1.);
#2172 = DIRECTION('',(1.,0.,0.));
#2173 = ORIENTED_EDGE('',*,*,#749,.F.);
#2174 = ORIENTED_EDGE('',*,*,#2059,.F.);
#2175 = ORIENTED_EDGE('',*,*,#2176,.F.);
#2176 = EDGE_CURVE('',#2152,#2050,#2177,.T.);
#2177 = ( BOUNDED_CURVE() B_SPLINE_CURVE(8,(#2178,#2179,#2180,#2181,
    #2182,#2183,#2184,#2185,#2186),.UNSPECIFIED.,.F.,.F.) 
B_SPLINE_CURVE_WITH_KNOTS((9,9),(27.616518683486,29.06198713619),
.PIECEWISE_BEZIER_KNOTS.) CURVE() GEOMETRIC_REPRESENTATION_ITEM() 
RATIONAL_B_SPLINE_CURVE((1.,1.,1.,1.,1.,1.,1.,1.,1.)) 
REPRESENTATION_ITEM('') );
#2178 = CARTESIAN_POINT('',(-76.91626618786,56.999999999997,35.));
#2179 = CARTESIAN_POINT('',(-76.91644558305,56.819077020561,35.));
#2180 = CARTESIAN_POINT('',(-76.92059524215,56.638075328729,
    34.981292089427));
#2181 = CARTESIAN_POINT('',(-76.93322145161,56.460169129681,
    34.943851670338));
#2182 = CARTESIAN_POINT('',(-76.95039259672,56.28655857982,
    34.888580127535));
#2183 = CARTESIAN_POINT('',(-76.968374267,56.118777435679,
    34.814979544836));
#2184 = CARTESIAN_POINT('',(-76.98736599057,55.960548974048,
    34.725051924444));
#2185 = CARTESIAN_POINT('',(-77.,55.812637009934,34.619510937442));
#2186 = CARTESIAN_POINT('',(-77.,55.677124344473,34.500000000007));
#2187 = CYLINDRICAL_SURFACE('',#2188,2.);
#2188 = AXIS2_PLACEMENT_3D('',#2189,#2190,#2191);
#2189 = CARTESIAN_POINT('',(-85.,56.999999999997,33.));
#2190 = DIRECTION('',(1.,0.,0.));
#2191 = DIRECTION('',(0.,0.,1.));
#2192 = ADVANCED_FACE('',(#2193),#2362,.F.);
#2193 = FACE_BOUND('',#2194,.F.);
#2194 = EDGE_LOOP('',(#2195,#2203,#2204,#2205,#2355));
#2195 = ORIENTED_EDGE('',*,*,#2196,.T.);
#2196 = EDGE_CURVE('',#2197,#802,#2199,.T.);
#2197 = VERTEX_POINT('',#2198);
#2198 = CARTESIAN_POINT('',(83.,54.,40.000000000002));
#2199 = LINE('',#2200,#2201);
#2200 = CARTESIAN_POINT('',(85.,54.,40.000000000002));
#2201 = VECTOR('',#2202,1.);
#2202 = DIRECTION('',(-1.,-0.,-0.));
#2203 = ORIENTED_EDGE('',*,*,#810,.T.);
#2204 = ORIENTED_EDGE('',*,*,#900,.F.);
#2205 = ORIENTED_EDGE('',*,*,#2206,.F.);
#2206 = EDGE_CURVE('',#2207,#901,#2209,.T.);
#2207 = VERTEX_POINT('',#2208);
#2208 = CARTESIAN_POINT('',(83.,52.666666666667,39.771236166331));
#2209 = ( BOUNDED_CURVE() B_SPLINE_CURVE(14,(#2210,#2211,#2212,#2213,
    #2214,#2215,#2216,#2217,#2218,#2219,#2220,#2221,#2222,#2223,#2224,
    #2225,#2226,#2227,#2228,#2229,#2230,#2231,#2232,#2233,#2234,#2235,
    #2236,#2237,#2238,#2239,#2240,#2241,#2242,#2243,#2244,#2245,#2246,
    #2247,#2248,#2249,#2250,#2251,#2252,#2253,#2254,#2255,#2256,#2257,
    #2258,#2259,#2260,#2261,#2262,#2263,#2264,#2265,#2266,#2267,#2268,
    #2269,#2270,#2271,#2272,#2273,#2274,#2275,#2276,#2277,#2278,#2279,
    #2280,#2281,#2282,#2283,#2284,#2285,#2286,#2287,#2288,#2289,#2290,
    #2291,#2292,#2293,#2294,#2295,#2296,#2297,#2298,#2299,#2300,#2301,
    #2302,#2303,#2304,#2305,#2306,#2307,#2308,#2309,#2310,#2311,#2312,
    #2313,#2314,#2315,#2316,#2317,#2318,#2319,#2320,#2321,#2322,#2323,
    #2324,#2325,#2326,#2327,#2328,#2329,#2330,#2331,#2332,#2333,#2334,
    #2335,#2336,#2337,#2338,#2339,#2340,#2341,#2342,#2343,#2344,#2345,
    #2346,#2347,#2348,#2349,#2350,#2351,#2352,#2353,#2354),
.UNSPECIFIED.,.F.,.F.) B_SPLINE_CURVE_WITH_KNOTS((15,13,13,13,13,13,13,
    13,13,13,13,15),(116.73157168026,117.3927876698,118.28451441505,
    119.01287848398,120.74373084617,121.46090415834,121.81949081443,
    121.99878414247,122.12643974145,122.15512711502,122.16639735533,
122.17807747051),.UNSPECIFIED.) CURVE() GEOMETRIC_REPRESENTATION_ITEM() 
RATIONAL_B_SPLINE_CURVE((1.,1.,0.999999999999,1.000000000002,
    0.999999999996,1.000000000006,0.999999999992,1.000000000009,
    0.999999999992,1.000000000006,0.999999999996,1.000000000002,
    0.999999999999,1.,0.999999999999,1.000000000005,0.999999999985,
    1.000000000031,0.99999999995,1.000000000066,0.999999999931,
    1.00000000006,0.999999999957,1.000000000025,0.999999999989,
    1.000000000004,0.999999999999,1.000000000001,0.999999999998,
    1.000000000005,0.999999999989,1.000000000017,0.999999999978,
    1.000000000023,0.99999999998,1.000000000014,0.999999999992,
    1.000000000003,0.999999999999,1.,1.,1.000000000001,0.999999999999,
    1.000000000003,0.999999999996,1.000000000005,0.999999999994,
    1.000000000005,0.999999999996,1.000000000002,0.999999999999,1.,1.,1.
    ,1.,1.,0.999999999999,1.000000000001,0.999999999998,1.000000000002,
    0.999999999998,1.000000000002,0.999999999999,1.000000000001,1.,1.,1.
    ,1.000000000001,0.999999999997,1.000000000007,0.999999999989,
    1.000000000015,0.999999999984,1.000000000014,0.99999999999,
    1.000000000005,0.999999999998,1.000000000001,1.,1.,1.000000000001,
    0.999999999996,1.000000000009,0.999999999986,1.000000000019,
    0.99999999998,1.000000000018,0.999999999987,1.000000000008,
    0.999999999997,1.000000000001,1.,1.,1.,0.999999999998,1.000000000004
    ,0.999999999992,1.000000000012,0.999999999985,1.000000000014,
    0.99999999999,1.000000000006,0.999999999997,1.000000000001,1.,1.,
    1.000000000002,0.999999999994,1.000000000013,0.999999999978,
    1.000000000029,0.999999999969,1.000000000028,0.999999999979,
    1.000000000012,0.999999999994,1.000000000002,0.999999999999,1.,
    0.999999999997,1.000000000009,0.999999999982,1.00000000003,
    0.99999999996,1.000000000044,0.999999999962,1.000000000028,
    0.999999999984,1.000000000007,0.999999999998,1.,1.,0.999999999999,
    1.000000000003,0.999999999993,1.000000000009,0.99999999999,
    1.000000000008,0.999999999995,1.000000000002,1.,1.,1.,1.,1.)) 
REPRESENTATION_ITEM('') );
#2210 = CARTESIAN_POINT('',(83.,52.666666666703,39.771236166344));
#2211 = CARTESIAN_POINT('',(83.,52.617165995431,39.753735036179));
#2212 = CARTESIAN_POINT('',(83.002705901691,52.567910915465,
    39.735509872906));
#2213 = CARTESIAN_POINT('',(83.007884248877,52.518921873445,
    39.716657701527));
#2214 = CARTESIAN_POINT('',(83.015542131292,52.470189270781,
    39.697075911195));
#2215 = CARTESIAN_POINT('',(83.025623932649,52.421739774239,
    39.676761569448));
#2216 = CARTESIAN_POINT('',(83.037980284608,52.373589522837,
    39.655778734766));
#2217 = CARTESIAN_POINT('',(83.052448951679,52.325734535093,
    39.634161897756));
#2218 = CARTESIAN_POINT('',(83.068935503432,52.278230060027,
    39.611903107138));
#2219 = CARTESIAN_POINT('',(83.087429759196,52.2313120531,39.58904976223
    ));
#2220 = CARTESIAN_POINT('',(83.107942122494,52.185415398189,
    39.565819479618));
#2221 = CARTESIAN_POINT('',(83.130392050945,52.140844934055,
    39.542517867128));
#2222 = CARTESIAN_POINT('',(83.154529039249,52.096756783839,
    39.518924464238));
#2223 = CARTESIAN_POINT('',(83.180014621956,52.049008923643,
    39.492691533541));
#2224 = CARTESIAN_POINT('',(83.243021922113,51.901826868051,
    39.406939508763));
#2225 = CARTESIAN_POINT('',(83.281983464712,51.805398641435,
    39.347759806973));
#2226 = CARTESIAN_POINT('',(83.325302575405,51.711175756189,
    39.28537999597));
#2227 = CARTESIAN_POINT('',(83.372336903308,51.623159643619,
    39.222704718444));
#2228 = CARTESIAN_POINT('',(83.421988112593,51.54135145583,
    39.160679359938));
#2229 = CARTESIAN_POINT('',(83.473421270341,51.464825334328,
    39.099431591448));
#2230 = CARTESIAN_POINT('',(83.526177847282,51.392883512231,
    39.038882695791));
#2231 = CARTESIAN_POINT('',(83.580018740492,51.325183385154,
    38.979002439174));
#2232 = CARTESIAN_POINT('',(83.634733632015,51.261490896893,
    38.919851382944));
#2233 = CARTESIAN_POINT('',(83.690052900745,51.201478797484,
    38.861524663692));
#2234 = CARTESIAN_POINT('',(83.745698210814,51.144752540878,
    38.80408140241));
#2235 = CARTESIAN_POINT('',(83.80150780236,51.091050802151,
    38.747514037636));
#2236 = CARTESIAN_POINT('',(83.857472416631,51.040331803259,
    38.691782009395));
#2237 = CARTESIAN_POINT('',(83.959113894472,50.95292373144,
    38.592080184578));
#2238 = CARTESIAN_POINT('',(84.004797673442,50.915387087855,
    38.547825703748));
#2239 = CARTESIAN_POINT('',(84.050428870119,50.879500492204,
    38.504127117761));
#2240 = CARTESIAN_POINT('',(84.095971960369,50.845159957808,
    38.460969904749));
#2241 = CARTESIAN_POINT('',(84.14139605318,50.812267937134,
    38.418338815725));
#2242 = CARTESIAN_POINT('',(84.186674890645,50.780733321812,
    38.37621787464));
#2243 = CARTESIAN_POINT('',(84.231786847975,50.750471442613,
    38.334590378291));
#2244 = CARTESIAN_POINT('',(84.276714933506,50.72140406947,
    38.293438896446));
#2245 = CARTESIAN_POINT('',(84.321446788662,50.693459411463,
    38.252745271704));
#2246 = CARTESIAN_POINT('',(84.36597468802,50.666572116827,
    38.212490619626));
#2247 = CARTESIAN_POINT('',(84.41029553923,50.640683272947,
    38.172655328629));
#2248 = CARTESIAN_POINT('',(84.45441088309,50.615740406364,
    38.133219060062));
#2249 = CARTESIAN_POINT('',(84.498326893493,50.591697482769,
    38.094160748159));
#2250 = CARTESIAN_POINT('',(84.645966448543,50.513424852824,
    37.963488516262));
#2251 = CARTESIAN_POINT('',(84.748737572053,50.463139727715,
    37.873561968556));
#2252 = CARTESIAN_POINT('',(84.850428112593,50.417095366022,
    37.785433246899));
#2253 = CARTESIAN_POINT('',(84.951104728037,50.374817566065,
    37.69888609898));
#2254 = CARTESIAN_POINT('',(85.050838771102,50.335912458416,
    37.613731017759));
#2255 = CARTESIAN_POINT('',(85.149704690912,50.300056874007,
    37.529802528843));
#2256 = CARTESIAN_POINT('',(85.247778434589,50.266988712539,
    37.446956478124));
#2257 = CARTESIAN_POINT('',(85.345135848793,50.236497310459,
    37.365067319049));
#2258 = CARTESIAN_POINT('',(85.441851081344,50.20841380945,
    37.284025400336));
#2259 = CARTESIAN_POINT('',(85.537994982732,50.182601524405,
    37.203734253225));
#2260 = CARTESIAN_POINT('',(85.633633507755,50.158946311844,
    37.124107879145));
#2261 = CARTESIAN_POINT('',(85.728826117034,50.137346938009,
    37.045068037063));
#2262 = CARTESIAN_POINT('',(85.823624178628,50.117705447154,
    36.966541531037));
#2263 = CARTESIAN_POINT('',(85.957202441759,50.092547161283,
    36.856103620428));
#2264 = CARTESIAN_POINT('',(85.996276542766,50.085494994001,
    36.823825148735));
#2265 = CARTESIAN_POINT('',(86.035294363399,50.078757468529,
    36.791618545751));
#2266 = CARTESIAN_POINT('',(86.074258594445,50.072331025518,
    36.759480274631));
#2267 = CARTESIAN_POINT('',(86.113171926713,50.066212105585,
    36.727406798548));
#2268 = CARTESIAN_POINT('',(86.152037050972,50.060397149413,
    36.695394580645));
#2269 = CARTESIAN_POINT('',(86.190856658048,50.05488259758,
    36.663440084112));
#2270 = CARTESIAN_POINT('',(86.229633438699,50.049664890804,
    36.631539772075));
#2271 = CARTESIAN_POINT('',(86.268370083752,50.044740469646,
    36.599690107733));
#2272 = CARTESIAN_POINT('',(86.307069283974,50.040105774815,
    36.567887554214));
#2273 = CARTESIAN_POINT('',(86.345733730176,50.035757246902,
    36.536128574706));
#2274 = CARTESIAN_POINT('',(86.384366113143,50.031691326578,
    36.504409632354));
#2275 = CARTESIAN_POINT('',(86.422969123673,50.027904454468,
    36.472727190328));
#2276 = CARTESIAN_POINT('',(86.480833616998,50.022637379595,
    36.425252972516));
#2277 = CARTESIAN_POINT('',(86.50011501843,50.020951155084,
    36.409436675042));
#2278 = CARTESIAN_POINT('',(86.519389949675,50.019334202214,
    36.393628453213));
#2279 = CARTESIAN_POINT('',(86.538658703542,50.017786325533,
    36.377827940872));
#2280 = CARTESIAN_POINT('',(86.557921572872,50.016307329534,
    36.36203477187));
#2281 = CARTESIAN_POINT('',(86.577178850447,50.014897018816,
    36.346248580049));
#2282 = CARTESIAN_POINT('',(86.596430829143,50.013555197815,
    36.330468999261));
#2283 = CARTESIAN_POINT('',(86.615677801708,50.012281671179,
    36.314695663347));
#2284 = CARTESIAN_POINT('',(86.634920061037,50.011076243319,
    36.298928206157));
#2285 = CARTESIAN_POINT('',(86.654157899884,50.009938718871,
    36.283166261538));
#2286 = CARTESIAN_POINT('',(86.673391611115,50.008868902292,
    36.267409463334));
#2287 = CARTESIAN_POINT('',(86.692621487522,50.007866598158,
    36.251657445394));
#2288 = CARTESIAN_POINT('',(86.711847821938,50.006931610979,
    36.235909841564));
#2289 = CARTESIAN_POINT('',(86.740682449797,50.005629812453,
    36.212294507753));
#2290 = CARTESIAN_POINT('',(86.750293177656,50.005212686535,
    36.20442374684));
#2291 = CARTESIAN_POINT('',(86.759903126262,50.004812355777,
    36.196553959131));
#2292 = CARTESIAN_POINT('',(86.769512331111,50.004428808391,
    36.18868510084));
#2293 = CARTESIAN_POINT('',(86.779120827734,50.004062032649,
    36.18081712809));
#2294 = CARTESIAN_POINT('',(86.788728651586,50.00371201671,
    36.172949997189));
#2295 = CARTESIAN_POINT('',(86.798335838253,50.003378748902,
    36.165083664143));
#2296 = CARTESIAN_POINT('',(86.807942423135,50.003062217345,
    36.157218085368));
#2297 = CARTESIAN_POINT('',(86.817548441852,50.002762410375,
    36.149353216811));
#2298 = CARTESIAN_POINT('',(86.827153929807,50.002479316136,
    36.141489014871));
#2299 = CARTESIAN_POINT('',(86.836758922581,50.002212922917,
    36.133625435581));
#2300 = CARTESIAN_POINT('',(86.846363455635,50.001963218917,
    36.125762435222));
#2301 = CARTESIAN_POINT('',(86.855967564495,50.001730192379,
    36.117899969937));
#2302 = CARTESIAN_POINT('',(86.872409066431,50.001359784113,
    36.104440325272));
#2303 = CARTESIAN_POINT('',(86.879246651753,50.001214187197,
    36.098842903329));
#2304 = CARTESIAN_POINT('',(86.886084052503,50.001077039005,
    36.09324571516));
#2305 = CARTESIAN_POINT('',(86.892921280505,50.000948337758,
    36.087648745843));
#2306 = CARTESIAN_POINT('',(86.899758347704,50.000828081686,
    36.082051980413));
#2307 = CARTESIAN_POINT('',(86.90659526582,50.000716269,36.07645540399)
  );
#2308 = CARTESIAN_POINT('',(86.913432046919,50.000612897943,
    36.07085900156));
#2309 = CARTESIAN_POINT('',(86.920268702622,50.000517966714,
    36.065262758283));
#2310 = CARTESIAN_POINT('',(86.927105245032,50.000431473563,
    36.05966665913));
#2311 = CARTESIAN_POINT('',(86.933941685812,50.000353416691,
    36.054070689244));
#2312 = CARTESIAN_POINT('',(86.940778036963,50.000283794338,
    36.048474833636));
#2313 = CARTESIAN_POINT('',(86.947614310268,50.000222604716,
    36.042879077403));
#2314 = CARTESIAN_POINT('',(86.954450517627,50.000169846056,
    36.037283405595));
#2315 = CARTESIAN_POINT('',(86.962822923776,50.000115554648,
    36.030430332908));
#2316 = CARTESIAN_POINT('',(86.964359173879,50.000106018498,
    36.029172866125));
#2317 = CARTESIAN_POINT('',(86.965895421199,50.000096908125,
    36.02791540286));
#2318 = CARTESIAN_POINT('',(86.967431665746,50.000088223515,
    36.026657943051));
#2319 = CARTESIAN_POINT('',(86.968967907515,50.000079964676,
    36.025400486606));
#2320 = CARTESIAN_POINT('',(86.970504146514,50.000072131579,
    36.024143033501));
#2321 = CARTESIAN_POINT('',(86.972040382754,50.000064724245,
    36.022885583588));
#2322 = CARTESIAN_POINT('',(86.973576616216,50.000057742642,
    36.021628136903));
#2323 = CARTESIAN_POINT('',(86.975112846939,50.000051186781,
    36.020370693254));
#2324 = CARTESIAN_POINT('',(86.976649074885,50.000045056646,
    36.019113252687));
#2325 = CARTESIAN_POINT('',(86.978185300094,50.000039352233,
    36.017855815039));
#2326 = CARTESIAN_POINT('',(86.979721522546,50.000034073538,
    36.016598380301));
#2327 = CARTESIAN_POINT('',(86.981257742256,50.00002922055,
    36.015340948369));
#2328 = CARTESIAN_POINT('',(86.98339748378,50.000023053945,
    36.013589520355));
#2329 = CARTESIAN_POINT('',(86.984001009936,50.000021380323,
    36.013095520309));
#2330 = CARTESIAN_POINT('',(86.984604537451,50.000019772402,
    36.012601519262));
#2331 = CARTESIAN_POINT('',(86.985208066073,50.000018230183,
    36.012107517364));
#2332 = CARTESIAN_POINT('',(86.985811595574,50.000016753663,
    36.011613514901));
#2333 = CARTESIAN_POINT('',(86.986415125678,50.000015342848,
    36.011119511921));
#2334 = CARTESIAN_POINT('',(86.987018656187,50.000013997731,
    36.010625508819));
#2335 = CARTESIAN_POINT('',(86.9876221868,50.000012718321,
    36.010131505563));
#2336 = CARTESIAN_POINT('',(86.988225717329,50.00001150461,
    36.009637502566));
#2337 = CARTESIAN_POINT('',(86.988829247482,50.000010356607,
    36.009143499848));
#2338 = CARTESIAN_POINT('',(86.989432777048,50.000009274305,
    36.008649497723));
#2339 = CARTESIAN_POINT('',(86.990036305763,50.000008257709,
    36.00815549632));
#2340 = CARTESIAN_POINT('',(86.990639833391,50.000007306817,
    36.007661495864));
#2341 = CARTESIAN_POINT('',(86.991868834957,50.000005504253,
    36.006655531502));
#2342 = CARTESIAN_POINT('',(86.992374888583,50.000004657443,
    36.006059123845));
#2343 = CARTESIAN_POINT('',(86.99403932373,50.000003881203,
    36.006281816773));
#2344 = CARTESIAN_POINT('',(86.990122823798,50.000003175531,
    36.002558193976));
#2345 = CARTESIAN_POINT('',(87.003685554422,50.000002540426,
    36.01119425444));
#2346 = CARTESIAN_POINT('',(86.977919018875,50.00000197589,
    35.992020325681));
#2347 = CARTESIAN_POINT('',(87.018865613539,50.00000148192,
    36.020019702741));
#2348 = CARTESIAN_POINT('',(86.972339089631,50.000001058516,
    35.986166243623));
#2349 = CARTESIAN_POINT('',(87.015502274362,50.000000705675,
    36.015732981567));
#2350 = CARTESIAN_POINT('',(86.986630800297,50.000000423404,
    35.994363517632));
#2351 = CARTESIAN_POINT('',(87.002721282569,50.000000211701,
    36.004786958426));
#2352 = CARTESIAN_POINT('',(86.997435422204,50.000000070567,
    36.000095050516));
#2353 = CARTESIAN_POINT('',(86.999581522415,50.,36.000658332095));
#2354 = CARTESIAN_POINT('',(86.999999999995,50.,36.000000000009));
#2355 = ORIENTED_EDGE('',*,*,#2356,.F.);
#2356 = EDGE_CURVE('',#2197,#2207,#2357,.T.);
#2357 = CIRCLE('',#2358,4.);
#2358 = AXIS2_PLACEMENT_3D('',#2359,#2360,#2361);
#2359 = CARTESIAN_POINT('',(83.,54.,36.000000000002));
#2360 = DIRECTION('',(1.,0.,0.));
#2361 = DIRECTION('',(0.,-1.78E-15,1.));
#2362 = CYLINDRICAL_SURFACE('',#2363,4.);
#2363 = AXIS2_PLACEMENT_3D('',#2364,#2365,#2366);
#2364 = CARTESIAN_POINT('',(85.,54.,36.000000000002));
#2365 = DIRECTION('',(-1.,-0.,-0.));
#2366 = DIRECTION('',(0.,-1.,0.));
#2367 = ADVANCED_FACE('',(#2368),#2386,.F.);
#2368 = FACE_BOUND('',#2369,.F.);
#2369 = EDGE_LOOP('',(#2370,#2378,#2379,#2380));
#2370 = ORIENTED_EDGE('',*,*,#2371,.T.);
#2371 = EDGE_CURVE('',#2372,#828,#2374,.T.);
#2372 = VERTEX_POINT('',#2373);
#2373 = CARTESIAN_POINT('',(-83.,54.999999999997,23.666666666667));
#2374 = LINE('',#2375,#2376);
#2375 = CARTESIAN_POINT('',(-85.,54.999999999997,23.666666666667));
#2376 = VECTOR('',#2377,1.);
#2377 = DIRECTION('',(1.,0.,0.));
#2378 = ORIENTED_EDGE('',*,*,#827,.F.);
#2379 = ORIENTED_EDGE('',*,*,#2168,.F.);
#2380 = ORIENTED_EDGE('',*,*,#2381,.F.);
#2381 = EDGE_CURVE('',#2372,#2160,#2382,.T.);
#2382 = LINE('',#2383,#2384);
#2383 = CARTESIAN_POINT('',(-83.,54.999999999997,23.666666666667));
#2384 = VECTOR('',#2385,1.);
#2385 = DIRECTION('',(0.,0.,1.));
#2386 = PLANE('',#2387);
#2387 = AXIS2_PLACEMENT_3D('',#2388,#2389,#2390);
#2388 = CARTESIAN_POINT('',(-85.,54.999999999997,21.666666666667));
#2389 = DIRECTION('',(0.,-1.,0.));
#2390 = DIRECTION('',(0.,0.,1.));
#2391 = ADVANCED_FACE('',(#2392),#2560,.F.);
#2392 = FACE_BOUND('',#2393,.F.);
#2393 = EDGE_LOOP('',(#2394,#2404,#2411,#2412));
#2394 = ORIENTED_EDGE('',*,*,#2395,.T.);
#2395 = EDGE_CURVE('',#2396,#2398,#2400,.T.);
#2396 = VERTEX_POINT('',#2397);
#2397 = CARTESIAN_POINT('',(85.,52.,-41.65685424949));
#2398 = VERTEX_POINT('',#2399);
#2399 = CARTESIAN_POINT('',(85.,52.,-46.));
#2400 = LINE('',#2401,#2402);
#2401 = CARTESIAN_POINT('',(85.,52.,-36.));
#2402 = VECTOR('',#2403,1.);
#2403 = DIRECTION('',(-0.,-0.,-1.));
#2404 = ORIENTED_EDGE('',*,*,#2405,.F.);
#2405 = EDGE_CURVE('',#968,#2398,#2406,.T.);
#2406 = CIRCLE('',#2407,2.);
#2407 = AXIS2_PLACEMENT_3D('',#2408,#2409,#2410);
#2408 = CARTESIAN_POINT('',(87.,52.,-46.));
#2409 = DIRECTION('',(-0.,-2.2E-16,-1.));
#2410 = DIRECTION('',(0.,-1.,2.2E-16));
#2411 = ORIENTED_EDGE('',*,*,#976,.F.);
#2412 = ORIENTED_EDGE('',*,*,#2413,.T.);
#2413 = EDGE_CURVE('',#892,#2396,#2414,.T.);
#2414 = ( BOUNDED_CURVE() B_SPLINE_CURVE(14,(#2415,#2416,#2417,#2418,
    #2419,#2420,#2421,#2422,#2423,#2424,#2425,#2426,#2427,#2428,#2429,
    #2430,#2431,#2432,#2433,#2434,#2435,#2436,#2437,#2438,#2439,#2440,
    #2441,#2442,#2443,#2444,#2445,#2446,#2447,#2448,#2449,#2450,#2451,
    #2452,#2453,#2454,#2455,#2456,#2457,#2458,#2459,#2460,#2461,#2462,
    #2463,#2464,#2465,#2466,#2467,#2468,#2469,#2470,#2471,#2472,#2473,
    #2474,#2475,#2476,#2477,#2478,#2479,#2480,#2481,#2482,#2483,#2484,
    #2485,#2486,#2487,#2488,#2489,#2490,#2491,#2492,#2493,#2494,#2495,
    #2496,#2497,#2498,#2499,#2500,#2501,#2502,#2503,#2504,#2505,#2506,
    #2507,#2508,#2509,#2510,#2511,#2512,#2513,#2514,#2515,#2516,#2517,
    #2518,#2519,#2520,#2521,#2522,#2523,#2524,#2525,#2526,#2527,#2528,
    #2529,#2530,#2531,#2532,#2533,#2534,#2535,#2536,#2537,#2538,#2539,
    #2540,#2541,#2542,#2543,#2544,#2545,#2546,#2547,#2548,#2549,#2550,
    #2551,#2552,#2553,#2554,#2555,#2556,#2557,#2558,#2559),
.UNSPECIFIED.,.F.,.F.) B_SPLINE_CURVE_WITH_KNOTS((15,13,13,13,13,13,13,
    13,13,13,13,15),(7.291E-14,1.168011518898E-02,2.295035550139E-02,
    5.163772907618E-02,0.179293328044,0.358586656088,0.717173312177,
    1.434346624353,3.165198986541,3.893563055462,4.785289800711,
5.446505790259),.UNSPECIFIED.) CURVE() GEOMETRIC_REPRESENTATION_ITEM() 
RATIONAL_B_SPLINE_CURVE((1.,1.,1.000000000001,0.999999999997,
    1.000000000006,0.99999999999,1.000000000013,0.999999999985,
    1.000000000013,0.99999999999,1.000000000006,0.999999999998,
    1.000000000001,1.,1.,1.,0.999999999999,1.000000000002,0.999999999996
    ,1.000000000005,0.999999999995,1.000000000004,0.999999999997,
    1.000000000001,1.,1.,1.,0.999999999999,1.000000000005,0.999999999984
    ,1.000000000032,0.999999999948,1.000000000068,0.999999999928,
    1.000000000063,0.999999999955,1.000000000026,0.999999999989,
    1.000000000003,1.,1.,1.,0.999999999999,1.000000000003,0.999999999994
    ,1.00000000001,0.999999999988,1.000000000011,0.999999999992,
    1.000000000005,0.999999999998,1.,1.,1.,1.000000000003,0.999999999991
    ,1.000000000019,0.999999999969,1.000000000039,0.999999999959,
    1.000000000035,0.999999999975,1.000000000014,0.999999999994,
    1.000000000002,1.,1.,0.999999999999,1.000000000003,0.999999999993,
    1.000000000011,0.999999999985,1.000000000017,0.999999999984,
    1.000000000012,0.999999999993,1.000000000003,0.999999999999,1.,1.,
    1.000000000001,0.999999999998,1.000000000004,0.999999999993,
    1.000000000009,0.99999999999,1.000000000009,0.999999999994,
    1.000000000004,0.999999999998,1.000000000001,1.,1.,1.,1.000000000001
    ,0.999999999998,1.000000000003,0.999999999996,1.000000000004,
    0.999999999996,1.000000000002,0.999999999999,1.,1.,1.,1.,
    0.999999999998,1.000000000007,0.999999999984,1.000000000026,
    0.999999999966,1.000000000036,0.999999999969,1.000000000022,
    0.999999999988,1.000000000005,0.999999999998,1.,1.,0.999999999998,
    1.000000000005,0.99999999999,1.000000000015,0.999999999981,
    1.000000000019,0.999999999985,1.00000000001,0.999999999994,
    1.000000000002,0.999999999999,1.,1.,1.,1.000000000001,0.999999999997
    ,1.000000000006,0.999999999991,1.000000000011,0.99999999999,
    1.000000000008,0.999999999995,1.000000000002,0.999999999999,1.,1.)) 
REPRESENTATION_ITEM('') );
#2415 = CARTESIAN_POINT('',(87.,50.,-36.));
#2416 = CARTESIAN_POINT('',(86.999842015668,50.,-36.00084252863));
#2417 = CARTESIAN_POINT('',(86.998474695404,50.000000049396,
    -36.00082992762));
#2418 = CARTESIAN_POINT('',(87.002309748648,50.000000148194,
    -36.00449596022));
#2419 = CARTESIAN_POINT('',(86.991181359704,50.000000296376,
    -35.99758124138));
#2420 = CARTESIAN_POINT('',(87.011526357673,50.000000493981,
    -36.01292156794));
#2421 = CARTESIAN_POINT('',(86.981447058533,50.000000740941,
    -35.99260653206));
#2422 = CARTESIAN_POINT('',(87.014150599768,50.000001037357,
    -36.01668566853));
#2423 = CARTESIAN_POINT('',(86.985622909278,50.000001383098,
    -35.99746778576));
#2424 = CARTESIAN_POINT('',(87.003794447573,50.00000177831,
    -36.0112712446));
#2425 = CARTESIAN_POINT('',(86.994435477648,50.000002222859,
    -36.00560769436));
#2426 = CARTESIAN_POINT('',(86.997311979246,50.000002716844,
    -36.00859592921));
#2427 = CARTESIAN_POINT('',(86.996281823897,50.000003260206,
    -36.00882174053));
#2428 = CARTESIAN_POINT('',(86.996062536652,50.000003852974,
    -36.00962092234));
#2429 = CARTESIAN_POINT('',(86.995467401458,50.000005114766,
    -36.01107509518));
#2430 = CARTESIAN_POINT('',(86.995175148163,50.000005780385,
    -36.01178919651));
#2431 = CARTESIAN_POINT('',(86.994882894849,50.000006492,-36.01250329793
    ));
#2432 = CARTESIAN_POINT('',(86.994590641517,50.000007249595,
    -36.01321739947));
#2433 = CARTESIAN_POINT('',(86.994298388154,50.000008053204,
    -36.0139315011));
#2434 = CARTESIAN_POINT('',(86.994006134781,50.00000890277,
    -36.0146456029));
#2435 = CARTESIAN_POINT('',(86.993713881358,50.000009798373,
    -36.0153597048));
#2436 = CARTESIAN_POINT('',(86.99342162793,50.000010739919,
    -36.01607380689));
#2437 = CARTESIAN_POINT('',(86.993129374446,50.000011727501,
    -36.0167879091));
#2438 = CARTESIAN_POINT('',(86.992837120945,50.000012761042,
    -36.01750201152));
#2439 = CARTESIAN_POINT('',(86.992544867395,50.000013840596,
    -36.01821611411));
#2440 = CARTESIAN_POINT('',(86.992252613811,50.000014966132,
    -36.0189302169));
#2441 = CARTESIAN_POINT('',(86.991960360183,50.000016137664,
    -36.01964431989));
#2442 = CARTESIAN_POINT('',(86.99092420132,50.000020454284,-36.022176108
    ));
#2443 = CARTESIAN_POINT('',(86.990180295701,50.000023851369,
    -36.02399379532));
#2444 = CARTESIAN_POINT('',(86.989436389638,50.000027546448,
    -36.02581148516));
#2445 = CARTESIAN_POINT('',(86.988692483112,50.000031539519,
    -36.02762917758));
#2446 = CARTESIAN_POINT('',(86.987948576106,50.000035830596,
    -36.02944687269));
#2447 = CARTESIAN_POINT('',(86.987204668603,50.000040419667,
    -36.03126457053));
#2448 = CARTESIAN_POINT('',(86.986460760586,50.000045306754,
    -36.03308227124));
#2449 = CARTESIAN_POINT('',(86.985716852036,50.000050491842,
    -36.03489997483));
#2450 = CARTESIAN_POINT('',(86.984972942939,50.00005597495,
    -36.03671768145));
#2451 = CARTESIAN_POINT('',(86.984229033273,50.000061756069,
    -36.03853539113));
#2452 = CARTESIAN_POINT('',(86.983485123025,50.000067835212,
    -36.04035310398));
#2453 = CARTESIAN_POINT('',(86.982741212174,50.000074212376,
    -36.04217082007));
#2454 = CARTESIAN_POINT('',(86.981997300706,50.000080887568,
    -36.04398853948));
#2455 = CARTESIAN_POINT('',(86.977943063065,50.000118890846,
    -36.05389492525));
#2456 = CARTESIAN_POINT('',(86.97463272597,50.000155821334,
    -36.06198365843));
#2457 = CARTESIAN_POINT('',(86.971322374525,50.000198653193,
    -36.07007247733));
#2458 = CARTESIAN_POINT('',(86.968012005945,50.000247387365,
    -36.0781613975));
#2459 = CARTESIAN_POINT('',(86.964701617435,50.000302024785,
    -36.08625043437));
#2460 = CARTESIAN_POINT('',(86.961391206211,50.000362566403,
    -36.09433960355));
#2461 = CARTESIAN_POINT('',(86.95808076948,50.000429013145,
    -36.1024289204));
#2462 = CARTESIAN_POINT('',(86.954770304451,50.000501365966,
    -36.11051840061));
#2463 = CARTESIAN_POINT('',(86.951459808342,50.000579625792,
    -36.11860805947));
#2464 = CARTESIAN_POINT('',(86.948149278353,50.000663793575,
    -36.12669791269));
#2465 = CARTESIAN_POINT('',(86.944838711704,50.000753870246,
    -36.13478797562));
#2466 = CARTESIAN_POINT('',(86.9415281056,50.000849856752,
    -36.14287826385));
#2467 = CARTESIAN_POINT('',(86.938217457254,50.000951754028,
    -36.15096879284));
#2468 = CARTESIAN_POINT('',(86.930256868071,50.001210981617,
    -36.17042315192));
#2469 = CARTESIAN_POINT('',(86.925606882791,50.001374059721,
    -36.18178723246));
#2470 = CARTESIAN_POINT('',(86.920956799213,50.00154880358,
    -36.1931518657));
#2471 = CARTESIAN_POINT('',(86.916306608509,50.001735219444,
    -36.20451709763));
#2472 = CARTESIAN_POINT('',(86.91165630186,50.001933313572,
    -36.2158829742));
#2473 = CARTESIAN_POINT('',(86.907005870434,50.002143092206,
    -36.2272495414));
#2474 = CARTESIAN_POINT('',(86.902355305414,50.002364561613,
    -36.23861684517));
#2475 = CARTESIAN_POINT('',(86.89770459797,50.002597728026,
    -36.24998493151));
#2476 = CARTESIAN_POINT('',(86.89305373928,50.002842597719,
    -36.26135384637));
#2477 = CARTESIAN_POINT('',(86.88840272052,50.003099176925,
    -36.27272363573));
#2478 = CARTESIAN_POINT('',(86.883751532865,50.003367471912,
    -36.28409434556));
#2479 = CARTESIAN_POINT('',(86.879100167489,50.003647488921,
    -36.29546602182));
#2480 = CARTESIAN_POINT('',(86.87444861557,50.003939234211,
    -36.30683871048));
#2481 = CARTESIAN_POINT('',(86.860493373707,50.004849673676,
    -36.34095995161));
#2482 = CARTESIAN_POINT('',(86.851189097741,50.005503516338,
    -36.3637116643));
#2483 = CARTESIAN_POINT('',(86.841883968809,50.006204345302,
    -36.38646797614));
#2484 = CARTESIAN_POINT('',(86.832577915328,50.006952263853,
    -36.40922926763));
#2485 = CARTESIAN_POINT('',(86.823270865733,50.007747375269,
    -36.43199591931));
#2486 = CARTESIAN_POINT('',(86.813962748424,50.008589782844,
    -36.45476831169));
#2487 = CARTESIAN_POINT('',(86.804653491855,50.009479589845,
    -36.47754682533));
#2488 = CARTESIAN_POINT('',(86.795343024412,50.010416899577,
    -36.50033184069));
#2489 = CARTESIAN_POINT('',(86.786031274554,50.011401815298,
    -36.52312373837));
#2490 = CARTESIAN_POINT('',(86.776718170673,50.012434440315,
    -36.54592289882));
#2491 = CARTESIAN_POINT('',(86.767403641212,50.013514877892,
    -36.56872970262));
#2492 = CARTESIAN_POINT('',(86.758087614582,50.014643231326,
    -36.59154453027));
#2493 = CARTESIAN_POINT('',(86.748770019211,50.015819603893,
    -36.6143677623));
#2494 = CARTESIAN_POINT('',(86.720812312137,50.01949308885,
    -36.68286381309));
#2495 = CARTESIAN_POINT('',(86.702167418095,50.022133389145,
    -36.72856211015));
#2496 = CARTESIAN_POINT('',(86.683515429843,50.0249668373,
    -36.77429832059));
#2497 = CARTESIAN_POINT('',(86.664855675866,50.027995270819,
    -36.82007609457));
#2498 = CARTESIAN_POINT('',(86.646187484571,50.031220527282,
    -36.8658990823));
#2499 = CARTESIAN_POINT('',(86.62751018451,50.034644444128,
    -36.91177093392));
#2500 = CARTESIAN_POINT('',(86.608823104011,50.038268859012,
    -36.95769529966));
#2501 = CARTESIAN_POINT('',(86.59012557169,50.042095609311,
    -37.00367582962));
#2502 = CARTESIAN_POINT('',(86.57141691585,50.046126532704,
    -37.04971617407));
#2503 = CARTESIAN_POINT('',(86.552696465083,50.050363466593,
    -37.0958199831));
#2504 = CARTESIAN_POINT('',(86.533963547756,50.054808248593,
    -37.14199090696));
#2505 = CARTESIAN_POINT('',(86.515217492381,50.059462716184,
    -37.18823259578));
#2506 = CARTESIAN_POINT('',(86.496457627395,50.064328706915,
    -37.23454869975));
#2507 = CARTESIAN_POINT('',(86.432372586073,50.081666751159,
    -37.39291225802));
#2508 = CARTESIAN_POINT('',(86.386981018456,50.095167787932,
    -37.50532950507));
#2509 = CARTESIAN_POINT('',(86.341491528558,50.109963018707,
    -37.61827434403));
#2510 = CARTESIAN_POINT('',(86.295887856382,50.12610155004,
    -37.73182483427));
#2511 = CARTESIAN_POINT('',(86.250153742358,50.143633971032,
    -37.84606108853));
#2512 = CARTESIAN_POINT('',(86.204272138013,50.162616579519,
    -37.96106900073));
#2513 = CARTESIAN_POINT('',(86.158224416443,50.183115608062,
    -38.0769439736));
#2514 = CARTESIAN_POINT('',(86.111989583104,50.205211450231,
    -38.19379464667));
#2515 = CARTESIAN_POINT('',(86.065543486173,50.229002886515,
    -38.31174662378));
#2516 = CARTESIAN_POINT('',(86.018858027399,50.254611310639,
    -38.43094620111));
#2517 = CARTESIAN_POINT('',(85.971900372477,50.282184955505,
    -38.55156409474));
#2518 = CARTESIAN_POINT('',(85.924632161821,50.311903119428,
    -38.67379916858));
#2519 = CARTESIAN_POINT('',(85.877008721053,50.343980392175,
    -38.79788216202));
#2520 = CARTESIAN_POINT('',(85.808766464854,50.393269067663,
    -38.97718478292));
#2521 = CARTESIAN_POINT('',(85.788483301515,50.408336814779,
    -39.03066476968));
#2522 = CARTESIAN_POINT('',(85.768124510085,50.423890234894,
    -39.084539528));
#2523 = CARTESIAN_POINT('',(85.747685934055,50.439948956049,
    -39.13883008324));
#2524 = CARTESIAN_POINT('',(85.727163531931,50.456536121888,
    -39.19355833624));
#2525 = CARTESIAN_POINT('',(85.706553377304,50.473678391674,
    -39.24874706328));
#2526 = CARTESIAN_POINT('',(85.685851658741,50.491405940258,
    -39.30441991603));
#2527 = CARTESIAN_POINT('',(85.665054679925,50.50975245812,
    -39.36060142174));
#2528 = CARTESIAN_POINT('',(85.644158859502,50.528755151326,
    -39.41731698293));
#2529 = CARTESIAN_POINT('',(85.623160731222,50.548454741566,
    -39.47459287775));
#2530 = CARTESIAN_POINT('',(85.60205694383,50.568895466124,
    -39.53245625965));
#2531 = CARTESIAN_POINT('',(85.580844261138,50.590125077901,
    -39.59093515762));
#2532 = CARTESIAN_POINT('',(85.559519561983,50.612194845398,
    -39.65005847604));
#2533 = CARTESIAN_POINT('',(85.511831465161,50.663274948031,
    -39.78306532656));
#2534 = CARTESIAN_POINT('',(85.485414188682,50.692732512014,
    -39.85726830043));
#2535 = CARTESIAN_POINT('',(85.458821770213,50.723670668642,
    -39.93256000349));
#2536 = CARTESIAN_POINT('',(85.432062099423,50.756182393655,
    -40.0089416604));
#2537 = CARTESIAN_POINT('',(85.405137388718,50.790407002332,
    -40.08644442575));
#2538 = CARTESIAN_POINT('',(85.378051892887,50.826527614411,
    -40.16513036396));
#2539 = CARTESIAN_POINT('',(85.35082639889,50.864738223616,
    -40.24504143727));
#2540 = CARTESIAN_POINT('',(85.323506554741,50.905222618179,
    -40.32614943612));
#2541 = CARTESIAN_POINT('',(85.296159932547,50.94816571829,
    -40.40834190157));
#2542 = CARTESIAN_POINT('',(85.268864546517,50.993796215383,
    -40.49146120316));
#2543 = CARTESIAN_POINT('',(85.241699373135,51.042437717543,
    -40.57539605079));
#2544 = CARTESIAN_POINT('',(85.214755246223,51.09452392451,
    -40.6602068335));
#2545 = CARTESIAN_POINT('',(85.188192326072,51.150511674961,
    -40.74624829236));
#2546 = CARTESIAN_POINT('',(85.143236951247,51.255162548795,
    -40.89947746456));
#2547 = CARTESIAN_POINT('',(85.124431214927,51.302154296126,
    -40.96678770307));
#2548 = CARTESIAN_POINT('',(85.106393920568,51.351000474363,
    -41.03334851623));
#2549 = CARTESIAN_POINT('',(85.089305822634,51.40157259172,
    -41.09840471995));
#2550 = CARTESIAN_POINT('',(85.073278001463,51.453885649089,
    -41.16192176002));
#2551 = CARTESIAN_POINT('',(85.058429158959,51.507959736637,
    -41.22395595279));
#2552 = CARTESIAN_POINT('',(85.04490174762,51.563781847833,
    -41.28445957138));
#2553 = CARTESIAN_POINT('',(85.032850773258,51.621315244028,
    -41.3433041391));
#2554 = CARTESIAN_POINT('',(85.022428880723,51.680519226405,
    -41.40036557385));
#2555 = CARTESIAN_POINT('',(85.013781101207,51.741357695728,
    -41.45557512326));
#2556 = CARTESIAN_POINT('',(85.007052408681,51.803790403776,
    -41.50890030957));
#2557 = CARTESIAN_POINT('',(85.002401002215,51.867756324217,
    -41.56028039985));
#2558 = CARTESIAN_POINT('',(85.,51.933174093974,-41.60960119818));
#2559 = CARTESIAN_POINT('',(85.,52.,-41.65685424949));
#2560 = CYLINDRICAL_SURFACE('',#2561,2.);
#2561 = AXIS2_PLACEMENT_3D('',#2562,#2563,#2564);
#2562 = CARTESIAN_POINT('',(87.,52.,-36.));
#2563 = DIRECTION('',(-0.,-0.,-1.));
#2564 = DIRECTION('',(0.,-1.,0.));
#2565 = ADVANCED_FACE('',(#2566),#2586,.F.);
#2566 = FACE_BOUND('',#2567,.T.);
#2567 = EDGE_LOOP('',(#2568,#2569,#2570,#2579));
#2568 = ORIENTED_EDGE('',*,*,#2405,.F.);
#2569 = ORIENTED_EDGE('',*,*,#967,.T.);
#2570 = ORIENTED_EDGE('',*,*,#2571,.T.);
#2571 = EDGE_CURVE('',#960,#2572,#2574,.T.);
#2572 = VERTEX_POINT('',#2573);
#2573 = CARTESIAN_POINT('',(81.,52.,-50.));
#2574 = CIRCLE('',#2575,2.);
#2575 = AXIS2_PLACEMENT_3D('',#2576,#2577,#2578);
#2576 = CARTESIAN_POINT('',(81.,52.,-52.));
#2577 = DIRECTION('',(-1.,-0.,-6.E-17));
#2578 = DIRECTION('',(6.E-17,0.,-1.));
#2579 = ORIENTED_EDGE('',*,*,#2580,.F.);
#2580 = EDGE_CURVE('',#2398,#2572,#2581,.T.);
#2581 = CIRCLE('',#2582,4.);
#2582 = AXIS2_PLACEMENT_3D('',#2583,#2584,#2585);
#2583 = CARTESIAN_POINT('',(81.,52.,-46.));
#2584 = DIRECTION('',(-0.,1.,0.));
#2585 = DIRECTION('',(1.,0.,0.));
#2586 = TOROIDAL_SURFACE('',#2587,6.,2.);
#2587 = AXIS2_PLACEMENT_3D('',#2588,#2589,#2590);
#2588 = CARTESIAN_POINT('',(81.,52.,-46.));
#2589 = DIRECTION('',(-0.,-1.,-0.));
#2590 = DIRECTION('',(1.,0.,0.));
#2591 = ADVANCED_FACE('',(#2592),#2611,.F.);
#2592 = FACE_BOUND('',#2593,.F.);
#2593 = EDGE_LOOP('',(#2594,#2595,#2603,#2610));
#2594 = ORIENTED_EDGE('',*,*,#2571,.T.);
#2595 = ORIENTED_EDGE('',*,*,#2596,.T.);
#2596 = EDGE_CURVE('',#2572,#2597,#2599,.T.);
#2597 = VERTEX_POINT('',#2598);
#2598 = CARTESIAN_POINT('',(-81.,52.,-50.));
#2599 = LINE('',#2600,#2601);
#2600 = CARTESIAN_POINT('',(81.,52.,-50.));
#2601 = VECTOR('',#2602,1.);
#2602 = DIRECTION('',(-1.,0.,0.));
#2603 = ORIENTED_EDGE('',*,*,#2604,.F.);
#2604 = EDGE_CURVE('',#951,#2597,#2605,.T.);
#2605 = CIRCLE('',#2606,2.);
#2606 = AXIS2_PLACEMENT_3D('',#2607,#2608,#2609);
#2607 = CARTESIAN_POINT('',(-81.,52.,-52.));
#2608 = DIRECTION('',(-1.,0.,0.));
#2609 = DIRECTION('',(-0.,-1.,-0.));
#2610 = ORIENTED_EDGE('',*,*,#959,.F.);
#2611 = CYLINDRICAL_SURFACE('',#2612,2.);
#2612 = AXIS2_PLACEMENT_3D('',#2613,#2614,#2615);
#2613 = CARTESIAN_POINT('',(81.,52.,-52.));
#2614 = DIRECTION('',(-1.,0.,0.));
#2615 = DIRECTION('',(-0.,-1.,-0.));
#2616 = ADVANCED_FACE('',(#2617),#2785,.F.);
#2617 = FACE_BOUND('',#2618,.F.);
#2618 = EDGE_LOOP('',(#2619,#2629,#2777,#2778));
#2619 = ORIENTED_EDGE('',*,*,#2620,.T.);
#2620 = EDGE_CURVE('',#2621,#2623,#2625,.T.);
#2621 = VERTEX_POINT('',#2622);
#2622 = CARTESIAN_POINT('',(85.,52.,46.));
#2623 = VERTEX_POINT('',#2624);
#2624 = CARTESIAN_POINT('',(85.,52.,41.656854249495));
#2625 = LINE('',#2626,#2627);
#2626 = CARTESIAN_POINT('',(85.,52.,46.));
#2627 = VECTOR('',#2628,1.);
#2628 = DIRECTION('',(0.,-2.2E-16,-1.));
#2629 = ORIENTED_EDGE('',*,*,#2630,.T.);
#2630 = EDGE_CURVE('',#2623,#901,#2631,.T.);
#2631 = ( BOUNDED_CURVE() B_SPLINE_CURVE(14,(#2632,#2633,#2634,#2635,
    #2636,#2637,#2638,#2639,#2640,#2641,#2642,#2643,#2644,#2645,#2646,
    #2647,#2648,#2649,#2650,#2651,#2652,#2653,#2654,#2655,#2656,#2657,
    #2658,#2659,#2660,#2661,#2662,#2663,#2664,#2665,#2666,#2667,#2668,
    #2669,#2670,#2671,#2672,#2673,#2674,#2675,#2676,#2677,#2678,#2679,
    #2680,#2681,#2682,#2683,#2684,#2685,#2686,#2687,#2688,#2689,#2690,
    #2691,#2692,#2693,#2694,#2695,#2696,#2697,#2698,#2699,#2700,#2701,
    #2702,#2703,#2704,#2705,#2706,#2707,#2708,#2709,#2710,#2711,#2712,
    #2713,#2714,#2715,#2716,#2717,#2718,#2719,#2720,#2721,#2722,#2723,
    #2724,#2725,#2726,#2727,#2728,#2729,#2730,#2731,#2732,#2733,#2734,
    #2735,#2736,#2737,#2738,#2739,#2740,#2741,#2742,#2743,#2744,#2745,
    #2746,#2747,#2748,#2749,#2750,#2751,#2752,#2753,#2754,#2755,#2756,
    #2757,#2758,#2759,#2760,#2761,#2762,#2763,#2764,#2765,#2766,#2767,
    #2768,#2769,#2770,#2771,#2772,#2773,#2774,#2775,#2776),
.UNSPECIFIED.,.F.,.F.) B_SPLINE_CURVE_WITH_KNOTS((15,13,13,13,13,13,13,
    13,13,13,13,15),(116.73157168026,117.3927876698,118.28451441505,
    119.01287848398,120.74373084617,121.46090415834,121.81949081443,
    121.99878414247,122.12643974145,122.15512711502,122.16639735533,
122.17807747051),.UNSPECIFIED.) CURVE() GEOMETRIC_REPRESENTATION_ITEM() 
RATIONAL_B_SPLINE_CURVE((1.,1.,0.999999999999,1.000000000002,
    0.999999999996,1.000000000006,0.999999999992,1.000000000009,
    0.999999999992,1.000000000006,0.999999999996,1.000000000002,
    0.999999999999,1.,0.999999999999,1.000000000005,0.999999999985,
    1.000000000031,0.99999999995,1.000000000066,0.999999999931,
    1.00000000006,0.999999999957,1.000000000025,0.999999999989,
    1.000000000004,0.999999999999,1.000000000001,0.999999999998,
    1.000000000005,0.999999999989,1.000000000017,0.999999999978,
    1.000000000023,0.99999999998,1.000000000014,0.999999999992,
    1.000000000003,0.999999999999,1.,1.,1.000000000001,0.999999999999,
    1.000000000003,0.999999999996,1.000000000005,0.999999999994,
    1.000000000005,0.999999999996,1.000000000002,0.999999999999,1.,1.,1.
    ,1.,1.,0.999999999999,1.000000000001,0.999999999998,1.000000000002,
    0.999999999998,1.000000000002,0.999999999999,1.000000000001,1.,1.,1.
    ,1.000000000001,0.999999999997,1.000000000007,0.999999999989,
    1.000000000015,0.999999999984,1.000000000014,0.99999999999,
    1.000000000005,0.999999999998,1.000000000001,1.,1.,1.000000000001,
    0.999999999996,1.000000000009,0.999999999986,1.000000000019,
    0.99999999998,1.000000000018,0.999999999987,1.000000000008,
    0.999999999997,1.000000000001,1.,1.,1.,0.999999999998,1.000000000004
    ,0.999999999992,1.000000000012,0.999999999985,1.000000000014,
    0.99999999999,1.000000000006,0.999999999997,1.000000000001,1.,1.,
    1.000000000002,0.999999999994,1.000000000013,0.999999999978,
    1.000000000029,0.999999999969,1.000000000028,0.999999999979,
    1.000000000012,0.999999999994,1.000000000002,0.999999999999,1.,
    0.999999999997,1.000000000009,0.999999999982,1.00000000003,
    0.99999999996,1.000000000044,0.999999999962,1.000000000028,
    0.999999999984,1.000000000007,0.999999999998,1.,1.,0.999999999999,
    1.000000000003,0.999999999993,1.000000000009,0.99999999999,
    1.000000000008,0.999999999995,1.000000000002,1.,1.,1.,1.,1.)) 
REPRESENTATION_ITEM('') );
#2632 = CARTESIAN_POINT('',(85.,52.,41.656854249495));
#2633 = CARTESIAN_POINT('',(85.,51.933174093963,41.609601198177));
#2634 = CARTESIAN_POINT('',(85.002401002218,51.867756324216,
    41.56028039984));
#2635 = CARTESIAN_POINT('',(85.00705240868,51.803790403785,
    41.508900309591));
#2636 = CARTESIAN_POINT('',(85.013781101204,51.741357695732,
    41.455575123256));
#2637 = CARTESIAN_POINT('',(85.022428880724,51.6805192264,
    41.400365573883));
#2638 = CARTESIAN_POINT('',(85.032850773262,51.621315244015,
    41.343304139041));
#2639 = CARTESIAN_POINT('',(85.044901747624,51.563781847829,
    41.284459571413));
#2640 = CARTESIAN_POINT('',(85.058429158956,51.507959736645,
    41.223955952771));
#2641 = CARTESIAN_POINT('',(85.073278001458,51.4538856491,
    41.161921760079));
#2642 = CARTESIAN_POINT('',(85.089305822632,51.401572591719,
    41.098404719951));
#2643 = CARTESIAN_POINT('',(85.106393920577,51.351000474341,
    41.033348516193));
#2644 = CARTESIAN_POINT('',(85.124431214936,51.302154296109,
    40.966787703029));
#2645 = CARTESIAN_POINT('',(85.143236951236,51.255162548823,
    40.899477464628));
#2646 = CARTESIAN_POINT('',(85.188192326075,51.150511674953,
    40.746248292352));
#2647 = CARTESIAN_POINT('',(85.214755210944,51.094523943106,
    40.660206665889));
#2648 = CARTESIAN_POINT('',(85.241699396739,51.042437713971,
    40.575396155532));
#2649 = CARTESIAN_POINT('',(85.268864571146,50.993796223901,
    40.4914615502));
#2650 = CARTESIAN_POINT('',(85.296159966953,50.948165596266,
    40.408341676863));
#2651 = CARTESIAN_POINT('',(85.323506873326,50.905221910328,
    40.326147313843));
#2652 = CARTESIAN_POINT('',(85.350827505535,50.864736308477,
    40.245036188213));
#2653 = CARTESIAN_POINT('',(85.378054256091,50.82652406421,
    40.165121517604));
#2654 = CARTESIAN_POINT('',(85.405141094901,50.790401952986,
    40.086432717746));
#2655 = CARTESIAN_POINT('',(85.432066628975,50.756176689907,
    40.008929051875));
#2656 = CARTESIAN_POINT('',(85.458826077618,50.723665616851,
    39.932549158614));
#2657 = CARTESIAN_POINT('',(85.485417161484,50.692729244222,
    39.857261551088));
#2658 = CARTESIAN_POINT('',(85.51183264929,50.663273671061,
    39.783063338864));
#2659 = CARTESIAN_POINT('',(85.559518973813,50.612195482441,
    39.650061166224));
#2660 = CARTESIAN_POINT('',(85.580843517557,50.590125945109,
    39.590937955721));
#2661 = CARTESIAN_POINT('',(85.602056405951,50.568896187149,
    39.532458044565));
#2662 = CARTESIAN_POINT('',(85.623160534284,50.548455147286,
    39.474593236378));
#2663 = CARTESIAN_POINT('',(85.644158967298,50.528755233066,
    39.417316044174));
#2664 = CARTESIAN_POINT('',(85.66505493917,50.509752320907,
    39.360599690422));
#2665 = CARTESIAN_POINT('',(85.685851853543,50.491405756014,
    39.304418106964));
#2666 = CARTESIAN_POINT('',(85.70655328348,50.473678352493,
    39.248745935102));
#2667 = CARTESIAN_POINT('',(85.727162971519,50.456536393223,
    39.193558525527));
#2668 = CARTESIAN_POINT('',(85.747684829617,50.439949629981,
    39.138831938358));
#2669 = CARTESIAN_POINT('',(85.768122939202,50.423891283333,
    39.084542943136));
#2670 = CARTESIAN_POINT('',(85.788481551131,50.408338042719,
    39.03066901881));
#2671 = CARTESIAN_POINT('',(85.808765085716,50.393270066395,
    38.977188353754));
#2672 = CARTESIAN_POINT('',(85.877011529246,50.343978357665,
    38.79787512144));
#2673 = CARTESIAN_POINT('',(85.924638138405,50.311899117273,
    38.673784074437));
#2674 = CARTESIAN_POINT('',(85.971908957164,50.28217953779,
    38.551542327076));
#2675 = CARTESIAN_POINT('',(86.018868262343,50.254605196313,
    38.430920153291));
#2676 = CARTESIAN_POINT('',(86.065554320336,50.22899678946,
    38.311718946112));
#2677 = CARTESIAN_POINT('',(86.112000096801,50.205205953434,
    38.193767685126));
#2678 = CARTESIAN_POINT('',(86.158233966422,50.183111083852,
    38.076919403991));
#2679 = CARTESIAN_POINT('',(86.204280422563,50.162613155918,
    37.961047657883));
#2680 = CARTESIAN_POINT('',(86.250160787052,50.143631544158,
    37.846042991011));
#2681 = CARTESIAN_POINT('',(86.295893919835,50.126099842637,
    37.731809404074));
#2682 = CARTESIAN_POINT('',(86.341496928739,50.109961684717,
    37.618260821761));
#2683 = CARTESIAN_POINT('',(86.386985879158,50.095166563189,
    37.505317560223));
#2684 = CARTESIAN_POINT('',(86.432376503787,50.081665650152,
    37.39290279456));
#2685 = CARTESIAN_POINT('',(86.49645831099,50.064328538992,
    37.234547185913));
#2686 = CARTESIAN_POINT('',(86.515217469653,50.059462751537,
    37.188232810623));
#2687 = CARTESIAN_POINT('',(86.533963031675,50.05480842533,
    37.141992320884));
#2688 = CARTESIAN_POINT('',(86.552695640401,50.050363731059,
    37.095822137156));
#2689 = CARTESIAN_POINT('',(86.571415939208,50.046126839363,
    37.04971867988));
#2690 = CARTESIAN_POINT('',(86.590124571409,50.042095920973,
    37.003678369526));
#2691 = CARTESIAN_POINT('',(86.608822180422,50.038269146481,
    36.957697626532));
#2692 = CARTESIAN_POINT('',(86.627509409525,50.034644686653,
    36.911772871363));
#2693 = CARTESIAN_POINT('',(86.64618690215,50.03122071207,
    36.865900524468));
#2694 = CARTESIAN_POINT('',(86.664855301587,50.02799539348,
    36.820077006298));
#2695 = CARTESIAN_POINT('',(86.683515251237,50.024966901505,
    36.774298737312));
#2696 = CARTESIAN_POINT('',(86.702167394427,50.022133406845,
    36.728562137959));
#2697 = CARTESIAN_POINT('',(86.720812374526,50.019493080161,
    36.682863628696));
#2698 = CARTESIAN_POINT('',(86.748770065062,50.015819598114,
    36.614367630614));
#2699 = CARTESIAN_POINT('',(86.758087654463,50.014643226485,
    36.591544416769));
#2700 = CARTESIAN_POINT('',(86.767403674792,50.013514873953,
    36.568729607634));
#2701 = CARTESIAN_POINT('',(86.776718197767,50.012434437222,
    36.545922822385));
#2702 = CARTESIAN_POINT('',(86.786031295074,50.011401813016,
    36.523123680237));
#2703 = CARTESIAN_POINT('',(86.795343038463,50.010416898018,
    36.500331800336));
#2704 = CARTESIAN_POINT('',(86.804653499581,50.009479588976,
    36.477546801929));
#2705 = CARTESIAN_POINT('',(86.813962750212,50.008589782551,
    36.454768304141));
#2706 = CARTESIAN_POINT('',(86.823270861988,50.007747375504,
    36.431995926219));
#2707 = CARTESIAN_POINT('',(86.832577906682,50.0069522645,
    36.409229287308));
#2708 = CARTESIAN_POINT('',(86.841883955957,50.006204346279,
    36.386468006626));
#2709 = CARTESIAN_POINT('',(86.851189081547,50.005503517533,
    36.363711703346));
#2710 = CARTESIAN_POINT('',(86.86049335515,50.004849674979,
    36.340959996664));
#2711 = CARTESIAN_POINT('',(86.874448595142,50.003939235498,
    36.306838760317));
#2712 = CARTESIAN_POINT('',(86.87910014662,50.003647490187,
    36.295466072785));
#2713 = CARTESIAN_POINT('',(86.883751511733,50.003367473147,
    36.284094397204));
#2714 = CARTESIAN_POINT('',(86.888402699298,50.003099178107,
    36.272723687638));
#2715 = CARTESIAN_POINT('',(86.893053718148,50.002842598863,
    36.261353898072));
#2716 = CARTESIAN_POINT('',(86.897704577077,50.002597729082,
    36.249984982651));
#2717 = CARTESIAN_POINT('',(86.902355284951,50.002364562627,
    36.238616895257));
#2718 = CARTESIAN_POINT('',(86.907005850527,50.002143093117,
    36.227249590132));
#2719 = CARTESIAN_POINT('',(86.9116562827,50.001933314424,
    36.215883021104));
#2720 = CARTESIAN_POINT('',(86.916306590219,50.001735220201,
    36.204517142402));
#2721 = CARTESIAN_POINT('',(86.920956781961,50.001548804259,
    36.193151907928));
#2722 = CARTESIAN_POINT('',(86.925606866712,50.001374060314,
    36.181787271806));
#2723 = CARTESIAN_POINT('',(86.930256853309,50.001210982129,
    36.170423188038));
#2724 = CARTESIAN_POINT('',(86.938217444981,50.000951754405,
    36.150968822859));
#2725 = CARTESIAN_POINT('',(86.941528094452,50.000849857077,
    36.1428782911));
#2726 = CARTESIAN_POINT('',(86.944838701752,50.000753870522,
    36.134787999958));
#2727 = CARTESIAN_POINT('',(86.948149269617,50.000663793806,
    36.126697934003));
#2728 = CARTESIAN_POINT('',(86.95145980087,50.000579625978,
    36.118608077768));
#2729 = CARTESIAN_POINT('',(86.954770298174,50.000501366118,
    36.110518415859));
#2730 = CARTESIAN_POINT('',(86.958080764432,50.000429013257,
    36.102428932777));
#2731 = CARTESIAN_POINT('',(86.961391202244,50.00036256649,
    36.094339613141));
#2732 = CARTESIAN_POINT('',(86.964701614534,50.000302024843,
    36.086250441463));
#2733 = CARTESIAN_POINT('',(86.968012003933,50.000247387403,
    36.078161402331));
#2734 = CARTESIAN_POINT('',(86.971322373296,50.000198653214,
    36.070072480295));
#2735 = CARTESIAN_POINT('',(86.974632725333,50.000155821343,
    36.061983659914));
#2736 = CARTESIAN_POINT('',(86.977943062834,50.000118890848,
    36.053894925752));
#2737 = CARTESIAN_POINT('',(86.981997300697,50.000080887568,
    36.043988539443));
#2738 = CARTESIAN_POINT('',(86.982741212349,50.000074212376,
    36.042170819803));
#2739 = CARTESIAN_POINT('',(86.983485123439,50.000067835213,
    36.040353103501));
#2740 = CARTESIAN_POINT('',(86.984229033929,50.00006175607,
    36.038535390619));
#2741 = CARTESIAN_POINT('',(86.984972943709,50.000055974954,
    36.036717681171));
#2742 = CARTESIAN_POINT('',(86.985716852798,50.000050491846,
    36.034899975315));
#2743 = CARTESIAN_POINT('',(86.986460761032,50.000045306763,
    36.033082272962));
#2744 = CARTESIAN_POINT('',(86.987204668459,50.00004041968,
    36.031264574374));
#2745 = CARTESIAN_POINT('',(86.987948574923,50.000035830613,
    36.029446879395));
#2746 = CARTESIAN_POINT('',(86.988692480432,50.000031539544,
    36.027629188288));
#2747 = CARTESIAN_POINT('',(86.989436384884,50.000027546479,
    36.025811500962));
#2748 = CARTESIAN_POINT('',(86.990180288238,50.00002385141,
    36.023993817576));
#2749 = CARTESIAN_POINT('',(86.990924190425,50.000020454335,
    36.022176138145));
#2750 = CARTESIAN_POINT('',(86.991960343398,50.000016137731,
    36.019644363269));
#2751 = CARTESIAN_POINT('',(86.992252596279,50.000014966203,
    36.018930261788));
#2752 = CARTESIAN_POINT('',(86.99254484991,50.000013840659,
    36.018216158606));
#2753 = CARTESIAN_POINT('',(86.992837104152,50.000012761117,
    36.017502054026));
#2754 = CARTESIAN_POINT('',(86.993129358912,50.000011727541,
    36.016787948343));
#2755 = CARTESIAN_POINT('',(86.993421614009,50.000010739995,
    36.016073841869));
#2756 = CARTESIAN_POINT('',(86.993713869397,50.000009798389,
    36.015359734888));
#2757 = CARTESIAN_POINT('',(86.994006124858,50.00000890283,
    36.014645627722));
#2758 = CARTESIAN_POINT('',(86.994298380362,50.000008053213,
    36.013931520651));
#2759 = CARTESIAN_POINT('',(86.994590635703,50.000007249625,
    36.013217413994));
#2760 = CARTESIAN_POINT('',(86.994882890813,50.000006492008,
    36.012503308038));
#2761 = CARTESIAN_POINT('',(86.995175145534,50.000005780394,
    36.011789203093));
#2762 = CARTESIAN_POINT('',(86.995467399758,50.00000511477,
    36.011075099455));
#2763 = CARTESIAN_POINT('',(86.996062535595,50.000003852976,
    36.009620925016));
#2764 = CARTESIAN_POINT('',(86.996281822838,50.000003260211,
    36.008821743358));
#2765 = CARTESIAN_POINT('',(86.997311977297,50.000002716838,
    36.008595932663));
#2766 = CARTESIAN_POINT('',(86.994435477404,50.000002222881,
    36.005607701386));
#2767 = CARTESIAN_POINT('',(87.003794439071,50.000001778282,
    36.011271248688));
#2768 = CARTESIAN_POINT('',(86.985622914738,50.000001383146,
    35.997467803637));
#2769 = CARTESIAN_POINT('',(87.014150581558,50.000001037319,
    36.016685672139));
#2770 = CARTESIAN_POINT('',(86.9814470653,50.000000740983,
    35.992606554505));
#2771 = CARTESIAN_POINT('',(87.011526344554,50.000000493956,
    36.012921573323));
#2772 = CARTESIAN_POINT('',(86.991181361521,50.000000296392,
    35.997581249004));
#2773 = CARTESIAN_POINT('',(87.002309747823,50.000000148187,
    36.004495958917));
#2774 = CARTESIAN_POINT('',(86.998474695503,50.000000049399,
    36.000829927676));
#2775 = CARTESIAN_POINT('',(86.999842015666,50.,36.00084252864));
#2776 = CARTESIAN_POINT('',(86.999999999996,50.,36.000000000009));
#2777 = ORIENTED_EDGE('',*,*,#908,.F.);
#2778 = ORIENTED_EDGE('',*,*,#2779,.T.);
#2779 = EDGE_CURVE('',#909,#2621,#2780,.T.);
#2780 = CIRCLE('',#2781,2.);
#2781 = AXIS2_PLACEMENT_3D('',#2782,#2783,#2784);
#2782 = CARTESIAN_POINT('',(87.,52.,46.));
#2783 = DIRECTION('',(6.E-17,0.,-1.));
#2784 = DIRECTION('',(1.,0.,6.E-17));
#2785 = CYLINDRICAL_SURFACE('',#2786,2.);
#2786 = AXIS2_PLACEMENT_3D('',#2787,#2788,#2789);
#2787 = CARTESIAN_POINT('',(87.,52.,40.000000000002));
#2788 = DIRECTION('',(0.,0.,-1.));
#2789 = DIRECTION('',(0.,-1.,0.));
#2790 = ADVANCED_FACE('',(#2791),#2811,.F.);
#2791 = FACE_BOUND('',#2792,.T.);
#2792 = EDGE_LOOP('',(#2793,#2794,#2795,#2804));
#2793 = ORIENTED_EDGE('',*,*,#2604,.F.);
#2794 = ORIENTED_EDGE('',*,*,#950,.T.);
#2795 = ORIENTED_EDGE('',*,*,#2796,.T.);
#2796 = EDGE_CURVE('',#943,#2797,#2799,.T.);
#2797 = VERTEX_POINT('',#2798);
#2798 = CARTESIAN_POINT('',(-85.,52.,-46.));
#2799 = CIRCLE('',#2800,2.);
#2800 = AXIS2_PLACEMENT_3D('',#2801,#2802,#2803);
#2801 = CARTESIAN_POINT('',(-87.,52.,-46.));
#2802 = DIRECTION('',(-6.E-17,0.,1.));
#2803 = DIRECTION('',(-1.,0.,-6.E-17));
#2804 = ORIENTED_EDGE('',*,*,#2805,.F.);
#2805 = EDGE_CURVE('',#2597,#2797,#2806,.T.);
#2806 = CIRCLE('',#2807,4.);
#2807 = AXIS2_PLACEMENT_3D('',#2808,#2809,#2810);
#2808 = CARTESIAN_POINT('',(-81.,52.,-46.));
#2809 = DIRECTION('',(0.,1.,0.));
#2810 = DIRECTION('',(0.,0.,-1.));
#2811 = TOROIDAL_SURFACE('',#2812,6.,2.);
#2812 = AXIS2_PLACEMENT_3D('',#2813,#2814,#2815);
#2813 = CARTESIAN_POINT('',(-81.,52.,-46.));
#2814 = DIRECTION('',(-0.,-1.,-0.));
#2815 = DIRECTION('',(0.,0.,-1.));
#2816 = ADVANCED_FACE('',(#2817),#2836,.F.);
#2817 = FACE_BOUND('',#2818,.F.);
#2818 = EDGE_LOOP('',(#2819,#2820,#2828,#2835));
#2819 = ORIENTED_EDGE('',*,*,#2796,.T.);
#2820 = ORIENTED_EDGE('',*,*,#2821,.T.);
#2821 = EDGE_CURVE('',#2797,#2822,#2824,.T.);
#2822 = VERTEX_POINT('',#2823);
#2823 = CARTESIAN_POINT('',(-85.,52.,46.));
#2824 = LINE('',#2825,#2826);
#2825 = CARTESIAN_POINT('',(-85.,52.,-46.));
#2826 = VECTOR('',#2827,1.);
#2827 = DIRECTION('',(0.,2.2E-16,1.));
#2828 = ORIENTED_EDGE('',*,*,#2829,.F.);
#2829 = EDGE_CURVE('',#934,#2822,#2830,.T.);
#2830 = CIRCLE('',#2831,2.);
#2831 = AXIS2_PLACEMENT_3D('',#2832,#2833,#2834);
#2832 = CARTESIAN_POINT('',(-87.,52.,46.));
#2833 = DIRECTION('',(-0.,2.2E-16,1.));
#2834 = DIRECTION('',(0.,-1.,2.2E-16));
#2835 = ORIENTED_EDGE('',*,*,#942,.F.);
#2836 = CYLINDRICAL_SURFACE('',#2837,2.);
#2837 = AXIS2_PLACEMENT_3D('',#2838,#2839,#2840);
#2838 = CARTESIAN_POINT('',(-87.,52.,-46.));
#2839 = DIRECTION('',(0.,2.2E-16,1.));
#2840 = DIRECTION('',(0.,-1.,2.2E-16));
#2841 = ADVANCED_FACE('',(#2842),#2862,.F.);
#2842 = FACE_BOUND('',#2843,.T.);
#2843 = EDGE_LOOP('',(#2844,#2853,#2854,#2855));
#2844 = ORIENTED_EDGE('',*,*,#2845,.F.);
#2845 = EDGE_CURVE('',#917,#2846,#2848,.T.);
#2846 = VERTEX_POINT('',#2847);
#2847 = CARTESIAN_POINT('',(81.,52.,50.));
#2848 = CIRCLE('',#2849,2.);
#2849 = AXIS2_PLACEMENT_3D('',#2850,#2851,#2852);
#2850 = CARTESIAN_POINT('',(81.,52.,52.));
#2851 = DIRECTION('',(1.,0.,0.));
#2852 = DIRECTION('',(0.,-1.,0.));
#2853 = ORIENTED_EDGE('',*,*,#916,.T.);
#2854 = ORIENTED_EDGE('',*,*,#2779,.T.);
#2855 = ORIENTED_EDGE('',*,*,#2856,.F.);
#2856 = EDGE_CURVE('',#2846,#2621,#2857,.T.);
#2857 = CIRCLE('',#2858,4.);
#2858 = AXIS2_PLACEMENT_3D('',#2859,#2860,#2861);
#2859 = CARTESIAN_POINT('',(81.,52.,46.));
#2860 = DIRECTION('',(0.,1.,0.));
#2861 = DIRECTION('',(0.,0.,1.));
#2862 = TOROIDAL_SURFACE('',#2863,6.,2.);
#2863 = AXIS2_PLACEMENT_3D('',#2864,#2865,#2866);
#2864 = CARTESIAN_POINT('',(81.,52.,46.));
#2865 = DIRECTION('',(-0.,-1.,-0.));
#2866 = DIRECTION('',(0.,0.,1.));
#2867 = ADVANCED_FACE('',(#2868),#2888,.F.);
#2868 = FACE_BOUND('',#2869,.T.);
#2869 = EDGE_LOOP('',(#2870,#2871,#2872,#2881));
#2870 = ORIENTED_EDGE('',*,*,#2829,.F.);
#2871 = ORIENTED_EDGE('',*,*,#933,.T.);
#2872 = ORIENTED_EDGE('',*,*,#2873,.T.);
#2873 = EDGE_CURVE('',#926,#2874,#2876,.T.);
#2874 = VERTEX_POINT('',#2875);
#2875 = CARTESIAN_POINT('',(-81.,52.,50.));
#2876 = CIRCLE('',#2877,2.);
#2877 = AXIS2_PLACEMENT_3D('',#2878,#2879,#2880);
#2878 = CARTESIAN_POINT('',(-81.,52.,52.));
#2879 = DIRECTION('',(1.,0.,6.E-17));
#2880 = DIRECTION('',(-6.E-17,0.,1.));
#2881 = ORIENTED_EDGE('',*,*,#2882,.F.);
#2882 = EDGE_CURVE('',#2822,#2874,#2883,.T.);
#2883 = CIRCLE('',#2884,4.);
#2884 = AXIS2_PLACEMENT_3D('',#2885,#2886,#2887);
#2885 = CARTESIAN_POINT('',(-81.,52.,46.));
#2886 = DIRECTION('',(0.,1.,-0.));
#2887 = DIRECTION('',(-1.,0.,0.));
#2888 = TOROIDAL_SURFACE('',#2889,6.,2.);
#2889 = AXIS2_PLACEMENT_3D('',#2890,#2891,#2892);
#2890 = CARTESIAN_POINT('',(-81.,52.,46.));
#2891 = DIRECTION('',(-0.,-1.,-0.));
#2892 = DIRECTION('',(-1.,0.,0.));
#2893 = ADVANCED_FACE('',(#2894),#2905,.F.);
#2894 = FACE_BOUND('',#2895,.F.);
#2895 = EDGE_LOOP('',(#2896,#2897,#2903,#2904));
#2896 = ORIENTED_EDGE('',*,*,#2873,.T.);
#2897 = ORIENTED_EDGE('',*,*,#2898,.T.);
#2898 = EDGE_CURVE('',#2874,#2846,#2899,.T.);
#2899 = LINE('',#2900,#2901);
#2900 = CARTESIAN_POINT('',(-81.,52.,50.));
#2901 = VECTOR('',#2902,1.);
#2902 = DIRECTION('',(1.,0.,0.));
#2903 = ORIENTED_EDGE('',*,*,#2845,.F.);
#2904 = ORIENTED_EDGE('',*,*,#925,.F.);
#2905 = CYLINDRICAL_SURFACE('',#2906,2.);
#2906 = AXIS2_PLACEMENT_3D('',#2907,#2908,#2909);
#2907 = CARTESIAN_POINT('',(-81.,52.,52.));
#2908 = DIRECTION('',(1.,0.,0.));
#2909 = DIRECTION('',(0.,-1.,0.));
#2910 = ADVANCED_FACE('',(#2911),#2938,.T.);
#2911 = FACE_BOUND('',#2912,.T.);
#2912 = EDGE_LOOP('',(#2913,#2914,#2923,#2931));
#2913 = ORIENTED_EDGE('',*,*,#984,.F.);
#2914 = ORIENTED_EDGE('',*,*,#2915,.T.);
#2915 = EDGE_CURVE('',#985,#2916,#2918,.T.);
#2916 = VERTEX_POINT('',#2917);
#2917 = CARTESIAN_POINT('',(-110.,47.,-74.));
#2918 = CIRCLE('',#2919,3.);
#2919 = AXIS2_PLACEMENT_3D('',#2920,#2921,#2922);
#2920 = CARTESIAN_POINT('',(-107.,47.,-74.));
#2921 = DIRECTION('',(0.,-0.,1.));
#2922 = DIRECTION('',(0.,1.,0.));
#2923 = ORIENTED_EDGE('',*,*,#2924,.T.);
#2924 = EDGE_CURVE('',#2916,#2925,#2927,.T.);
#2925 = VERTEX_POINT('',#2926);
#2926 = CARTESIAN_POINT('',(-110.,47.,74.));
#2927 = LINE('',#2928,#2929);
#2928 = CARTESIAN_POINT('',(-110.,47.,-75.));
#2929 = VECTOR('',#2930,1.);
#2930 = DIRECTION('',(0.,0.,1.));
#2931 = ORIENTED_EDGE('',*,*,#2932,.T.);
#2932 = EDGE_CURVE('',#2925,#987,#2933,.T.);
#2933 = CIRCLE('',#2934,3.);
#2934 = AXIS2_PLACEMENT_3D('',#2935,#2936,#2937);
#2935 = CARTESIAN_POINT('',(-107.,47.,74.));
#2936 = DIRECTION('',(0.,0.,-1.));
#2937 = DIRECTION('',(-1.,0.,0.));
#2938 = CYLINDRICAL_SURFACE('',#2939,3.);
#2939 = AXIS2_PLACEMENT_3D('',#2940,#2941,#2942);
#2940 = CARTESIAN_POINT('',(-107.,47.,-75.));
#2941 = DIRECTION('',(0.,0.,1.));
#2942 = DIRECTION('',(0.,1.,0.));
#2943 = ADVANCED_FACE('',(#2944),#2971,.T.);
#2944 = FACE_BOUND('',#2945,.F.);
#2945 = EDGE_LOOP('',(#2946,#2955,#2963,#2970));
#2946 = ORIENTED_EDGE('',*,*,#2947,.F.);
#2947 = EDGE_CURVE('',#2948,#995,#2950,.T.);
#2948 = VERTEX_POINT('',#2949);
#2949 = CARTESIAN_POINT('',(107.,49.,75.));
#2950 = CIRCLE('',#2951,1.);
#2951 = AXIS2_PLACEMENT_3D('',#2952,#2953,#2954);
#2952 = CARTESIAN_POINT('',(107.,49.,74.));
#2953 = DIRECTION('',(-1.,2.8E-16,-2.2E-16));
#2954 = DIRECTION('',(2.8E-16,1.,0.));
#2955 = ORIENTED_EDGE('',*,*,#2956,.T.);
#2956 = EDGE_CURVE('',#2948,#2957,#2959,.T.);
#2957 = VERTEX_POINT('',#2958);
#2958 = CARTESIAN_POINT('',(-107.,49.,75.));
#2959 = LINE('',#2960,#2961);
#2960 = CARTESIAN_POINT('',(107.,49.,75.));
#2961 = VECTOR('',#2962,1.);
#2962 = DIRECTION('',(-1.,2.2E-16,-2.2E-16));
#2963 = ORIENTED_EDGE('',*,*,#2964,.T.);
#2964 = EDGE_CURVE('',#2957,#987,#2965,.T.);
#2965 = CIRCLE('',#2966,1.);
#2966 = AXIS2_PLACEMENT_3D('',#2967,#2968,#2969);
#2967 = CARTESIAN_POINT('',(-107.,49.,74.));
#2968 = DIRECTION('',(-1.,-6.E-17,-0.));
#2969 = DIRECTION('',(-6.E-17,1.,0.));
#2970 = ORIENTED_EDGE('',*,*,#994,.T.);
#2971 = CYLINDRICAL_SURFACE('',#2972,1.);
#2972 = AXIS2_PLACEMENT_3D('',#2973,#2974,#2975);
#2973 = CARTESIAN_POINT('',(-107.,49.,74.));
#2974 = DIRECTION('',(1.,0.,0.));
#2975 = DIRECTION('',(0.,0.,1.));
#2976 = ADVANCED_FACE('',(#2977),#3004,.T.);
#2977 = FACE_BOUND('',#2978,.F.);
#2978 = EDGE_LOOP('',(#2979,#2980,#2989,#2997));
#2979 = ORIENTED_EDGE('',*,*,#1002,.F.);
#2980 = ORIENTED_EDGE('',*,*,#2981,.T.);
#2981 = EDGE_CURVE('',#1003,#2982,#2984,.T.);
#2982 = VERTEX_POINT('',#2983);
#2983 = CARTESIAN_POINT('',(110.,47.,-74.));
#2984 = CIRCLE('',#2985,3.);
#2985 = AXIS2_PLACEMENT_3D('',#2986,#2987,#2988);
#2986 = CARTESIAN_POINT('',(107.,47.,-74.));
#2987 = DIRECTION('',(2.2E-16,0.,-1.));
#2988 = DIRECTION('',(2.2E-16,1.,4.84E-32));
#2989 = ORIENTED_EDGE('',*,*,#2990,.T.);
#2990 = EDGE_CURVE('',#2982,#2991,#2993,.T.);
#2991 = VERTEX_POINT('',#2992);
#2992 = CARTESIAN_POINT('',(110.,47.,74.));
#2993 = LINE('',#2994,#2995);
#2994 = CARTESIAN_POINT('',(110.,47.,-75.));
#2995 = VECTOR('',#2996,1.);
#2996 = DIRECTION('',(-2.2E-16,0.,1.));
#2997 = ORIENTED_EDGE('',*,*,#2998,.T.);
#2998 = EDGE_CURVE('',#2991,#995,#2999,.T.);
#2999 = CIRCLE('',#3000,3.);
#3000 = AXIS2_PLACEMENT_3D('',#3001,#3002,#3003);
#3001 = CARTESIAN_POINT('',(107.,47.,74.));
#3002 = DIRECTION('',(-2.2E-16,0.,1.));
#3003 = DIRECTION('',(1.,-2.2E-16,2.2E-16));
#3004 = CYLINDRICAL_SURFACE('',#3005,3.);
#3005 = AXIS2_PLACEMENT_3D('',#3006,#3007,#3008);
#3006 = CARTESIAN_POINT('',(107.,47.,-75.));
#3007 = DIRECTION('',(-2.2E-16,0.,1.));
#3008 = DIRECTION('',(2.2E-16,1.,4.84E-32));
#3009 = ADVANCED_FACE('',(#3010),#3037,.T.);
#3010 = FACE_BOUND('',#3011,.F.);
#3011 = EDGE_LOOP('',(#3012,#3013,#3022,#3030));
#3012 = ORIENTED_EDGE('',*,*,#1010,.F.);
#3013 = ORIENTED_EDGE('',*,*,#3014,.F.);
#3014 = EDGE_CURVE('',#3015,#985,#3017,.T.);
#3015 = VERTEX_POINT('',#3016);
#3016 = CARTESIAN_POINT('',(-107.,49.,-75.));
#3017 = CIRCLE('',#3018,1.);
#3018 = AXIS2_PLACEMENT_3D('',#3019,#3020,#3021);
#3019 = CARTESIAN_POINT('',(-107.,49.,-74.));
#3020 = DIRECTION('',(1.,-0.,0.));
#3021 = DIRECTION('',(0.,0.,-1.));
#3022 = ORIENTED_EDGE('',*,*,#3023,.F.);
#3023 = EDGE_CURVE('',#3024,#3015,#3026,.T.);
#3024 = VERTEX_POINT('',#3025);
#3025 = CARTESIAN_POINT('',(107.,49.,-75.));
#3026 = LINE('',#3027,#3028);
#3027 = CARTESIAN_POINT('',(0.,49.,-75.));
#3028 = VECTOR('',#3029,1.);
#3029 = DIRECTION('',(-1.,-0.,-0.));
#3030 = ORIENTED_EDGE('',*,*,#3031,.T.);
#3031 = EDGE_CURVE('',#3024,#1003,#3032,.T.);
#3032 = CIRCLE('',#3033,1.);
#3033 = AXIS2_PLACEMENT_3D('',#3034,#3035,#3036);
#3034 = CARTESIAN_POINT('',(107.,49.,-74.));
#3035 = DIRECTION('',(1.,-2.2E-16,2.2E-16));
#3036 = DIRECTION('',(2.2E-16,0.,-1.));
#3037 = CYLINDRICAL_SURFACE('',#3038,1.);
#3038 = AXIS2_PLACEMENT_3D('',#3039,#3040,#3041);
#3039 = CARTESIAN_POINT('',(0.,49.,-74.));
#3040 = DIRECTION('',(-1.,-0.,-0.));
#3041 = DIRECTION('',(0.,0.,-1.));
#3042 = ADVANCED_FACE('',(#3043),#3071,.F.);
#3043 = FACE_BOUND('',#3044,.T.);
#3044 = EDGE_LOOP('',(#3045,#3055,#3062,#3063,#3064));
#3045 = ORIENTED_EDGE('',*,*,#3046,.F.);
#3046 = EDGE_CURVE('',#3047,#3049,#3051,.T.);
#3047 = VERTEX_POINT('',#3048);
#3048 = CARTESIAN_POINT('',(-83.,56.999999999997,21.666666666667));
#3049 = VERTEX_POINT('',#3050);
#3050 = CARTESIAN_POINT('',(-77.,56.999999999997,21.666666666667));
#3051 = LINE('',#3052,#3053);
#3052 = CARTESIAN_POINT('',(-85.,56.999999999997,21.666666666667));
#3053 = VECTOR('',#3054,1.);
#3054 = DIRECTION('',(1.,0.,0.));
#3055 = ORIENTED_EDGE('',*,*,#3056,.T.);
#3056 = EDGE_CURVE('',#3047,#2372,#3057,.T.);
#3057 = CIRCLE('',#3058,2.);
#3058 = AXIS2_PLACEMENT_3D('',#3059,#3060,#3061);
#3059 = CARTESIAN_POINT('',(-83.,56.999999999997,23.666666666667));
#3060 = DIRECTION('',(-1.,0.,-0.));
#3061 = DIRECTION('',(0.,3.55E-15,-1.));
#3062 = ORIENTED_EDGE('',*,*,#2371,.T.);
#3063 = ORIENTED_EDGE('',*,*,#1025,.T.);
#3064 = ORIENTED_EDGE('',*,*,#3065,.T.);
#3065 = EDGE_CURVE('',#1026,#3049,#3066,.T.);
#3066 = CIRCLE('',#3067,2.);
#3067 = AXIS2_PLACEMENT_3D('',#3068,#3069,#3070);
#3068 = CARTESIAN_POINT('',(-77.,56.999999999997,23.666666666667));
#3069 = DIRECTION('',(1.,0.,0.));
#3070 = DIRECTION('',(0.,-1.,0.));
#3071 = CYLINDRICAL_SURFACE('',#3072,2.);
#3072 = AXIS2_PLACEMENT_3D('',#3073,#3074,#3075);
#3073 = CARTESIAN_POINT('',(-85.,56.999999999997,23.666666666667));
#3074 = DIRECTION('',(1.,0.,0.));
#3075 = DIRECTION('',(0.,0.,-1.));
#3076 = ADVANCED_FACE('',(#3077),#3089,.T.);
#3077 = FACE_BOUND('',#3078,.T.);
#3078 = EDGE_LOOP('',(#3079,#3080,#3081,#3088));
#3079 = ORIENTED_EDGE('',*,*,#1039,.F.);
#3080 = ORIENTED_EDGE('',*,*,#1129,.T.);
#3081 = ORIENTED_EDGE('',*,*,#3082,.T.);
#3082 = EDGE_CURVE('',#1122,#3049,#3083,.T.);
#3083 = CIRCLE('',#3084,2.);
#3084 = AXIS2_PLACEMENT_3D('',#3085,#3086,#3087);
#3085 = CARTESIAN_POINT('',(-77.,56.999999999997,19.666666666667));
#3086 = DIRECTION('',(0.,-1.,0.));
#3087 = DIRECTION('',(1.,0.,0.));
#3088 = ORIENTED_EDGE('',*,*,#3065,.F.);
#3089 = TOROIDAL_SURFACE('',#3090,4.,2.);
#3090 = AXIS2_PLACEMENT_3D('',#3091,#3092,#3093);
#3091 = CARTESIAN_POINT('',(-77.,56.999999999997,23.666666666667));
#3092 = DIRECTION('',(1.,0.,0.));
#3093 = DIRECTION('',(0.,-1.,0.));
#3094 = ADVANCED_FACE('',(#3095),#3115,.T.);
#3095 = FACE_BOUND('',#3096,.T.);
#3096 = EDGE_LOOP('',(#3097,#3106,#3107,#3108));
#3097 = ORIENTED_EDGE('',*,*,#3098,.F.);
#3098 = EDGE_CURVE('',#1079,#3099,#3101,.T.);
#3099 = VERTEX_POINT('',#3100);
#3100 = CARTESIAN_POINT('',(-77.,56.999999999997,6.666666666667));
#3101 = CIRCLE('',#3102,2.);
#3102 = AXIS2_PLACEMENT_3D('',#3103,#3104,#3105);
#3103 = CARTESIAN_POINT('',(-77.,56.999999999997,8.666666666667));
#3104 = DIRECTION('',(-0.,1.,0.));
#3105 = DIRECTION('',(1.,0.,0.));
#3106 = ORIENTED_EDGE('',*,*,#1078,.T.);
#3107 = ORIENTED_EDGE('',*,*,#1144,.T.);
#3108 = ORIENTED_EDGE('',*,*,#3109,.F.);
#3109 = EDGE_CURVE('',#3099,#1145,#3110,.T.);
#3110 = CIRCLE('',#3111,2.);
#3111 = AXIS2_PLACEMENT_3D('',#3112,#3113,#3114);
#3112 = CARTESIAN_POINT('',(-77.,56.999999999997,4.666666666667));
#3113 = DIRECTION('',(1.,0.,-0.));
#3114 = DIRECTION('',(0.,0.,1.));
#3115 = TOROIDAL_SURFACE('',#3116,4.,2.);
#3116 = AXIS2_PLACEMENT_3D('',#3117,#3118,#3119);
#3117 = CARTESIAN_POINT('',(-77.,56.999999999997,4.666666666667));
#3118 = DIRECTION('',(1.,0.,0.));
#3119 = DIRECTION('',(0.,0.,1.));
#3120 = ADVANCED_FACE('',(#3121),#3140,.T.);
#3121 = FACE_BOUND('',#3122,.F.);
#3122 = EDGE_LOOP('',(#3123,#3124,#3132,#3139));
#3123 = ORIENTED_EDGE('',*,*,#3082,.T.);
#3124 = ORIENTED_EDGE('',*,*,#3125,.T.);
#3125 = EDGE_CURVE('',#3049,#3126,#3128,.T.);
#3126 = VERTEX_POINT('',#3127);
#3127 = CARTESIAN_POINT('',(-77.,62.999999999997,21.666666666667));
#3128 = LINE('',#3129,#3130);
#3129 = CARTESIAN_POINT('',(-77.,56.999999999997,21.666666666667));
#3130 = VECTOR('',#3131,1.);
#3131 = DIRECTION('',(0.,1.,0.));
#3132 = ORIENTED_EDGE('',*,*,#3133,.F.);
#3133 = EDGE_CURVE('',#1113,#3126,#3134,.T.);
#3134 = CIRCLE('',#3135,2.);
#3135 = AXIS2_PLACEMENT_3D('',#3136,#3137,#3138);
#3136 = CARTESIAN_POINT('',(-77.,62.999999999997,19.666666666667));
#3137 = DIRECTION('',(0.,-1.,0.));
#3138 = DIRECTION('',(1.,0.,0.));
#3139 = ORIENTED_EDGE('',*,*,#1121,.F.);
#3140 = CYLINDRICAL_SURFACE('',#3141,2.);
#3141 = AXIS2_PLACEMENT_3D('',#3142,#3143,#3144);
#3142 = CARTESIAN_POINT('',(-77.,56.999999999997,19.666666666667));
#3143 = DIRECTION('',(0.,1.,0.));
#3144 = DIRECTION('',(1.,0.,0.));
#3145 = ADVANCED_FACE('',(#3146),#3165,.T.);
#3146 = FACE_BOUND('',#3147,.F.);
#3147 = EDGE_LOOP('',(#3148,#3157,#3163,#3164));
#3148 = ORIENTED_EDGE('',*,*,#3149,.T.);
#3149 = EDGE_CURVE('',#1088,#3150,#3152,.T.);
#3150 = VERTEX_POINT('',#3151);
#3151 = CARTESIAN_POINT('',(-77.,62.999999999997,6.666666666667));
#3152 = CIRCLE('',#3153,2.);
#3153 = AXIS2_PLACEMENT_3D('',#3154,#3155,#3156);
#3154 = CARTESIAN_POINT('',(-77.,62.999999999997,8.666666666667));
#3155 = DIRECTION('',(0.,1.,-6.E-17));
#3156 = DIRECTION('',(0.,6.E-17,1.));
#3157 = ORIENTED_EDGE('',*,*,#3158,.T.);
#3158 = EDGE_CURVE('',#3150,#3099,#3159,.T.);
#3159 = LINE('',#3160,#3161);
#3160 = CARTESIAN_POINT('',(-77.,62.999999999997,6.666666666667));
#3161 = VECTOR('',#3162,1.);
#3162 = DIRECTION('',(0.,-1.,0.));
#3163 = ORIENTED_EDGE('',*,*,#3098,.F.);
#3164 = ORIENTED_EDGE('',*,*,#1087,.F.);
#3165 = CYLINDRICAL_SURFACE('',#3166,2.);
#3166 = AXIS2_PLACEMENT_3D('',#3167,#3168,#3169);
#3167 = CARTESIAN_POINT('',(-77.,62.999999999997,8.666666666667));
#3168 = DIRECTION('',(0.,-1.,0.));
#3169 = DIRECTION('',(1.,0.,0.));
#3170 = ADVANCED_FACE('',(#3171),#3191,.T.);
#3171 = FACE_BOUND('',#3172,.T.);
#3172 = EDGE_LOOP('',(#3173,#3174,#3175,#3184));
#3173 = ORIENTED_EDGE('',*,*,#3133,.F.);
#3174 = ORIENTED_EDGE('',*,*,#1112,.T.);
#3175 = ORIENTED_EDGE('',*,*,#3176,.T.);
#3176 = EDGE_CURVE('',#1105,#3177,#3179,.T.);
#3177 = VERTEX_POINT('',#3178);
#3178 = CARTESIAN_POINT('',(-77.,64.5,22.343791011138));
#3179 = CIRCLE('',#3180,2.);
#3180 = AXIS2_PLACEMENT_3D('',#3181,#3182,#3183);
#3181 = CARTESIAN_POINT('',(-77.,66.000000000003,21.020915355609));
#3182 = DIRECTION('',(0.,-0.661437827765,-0.750000000001));
#3183 = DIRECTION('',(0.,0.750000000001,-0.661437827765));
#3184 = ORIENTED_EDGE('',*,*,#3185,.F.);
#3185 = EDGE_CURVE('',#3126,#3177,#3186,.T.);
#3186 = CIRCLE('',#3187,2.);
#3187 = AXIS2_PLACEMENT_3D('',#3188,#3189,#3190);
#3188 = CARTESIAN_POINT('',(-77.,62.999999999997,23.666666666667));
#3189 = DIRECTION('',(1.,-0.,0.));
#3190 = DIRECTION('',(0.,0.,-1.));
#3191 = TOROIDAL_SURFACE('',#3192,4.,2.);
#3192 = AXIS2_PLACEMENT_3D('',#3193,#3194,#3195);
#3193 = CARTESIAN_POINT('',(-77.,62.999999999997,23.666666666667));
#3194 = DIRECTION('',(1.,0.,0.));
#3195 = DIRECTION('',(0.,0.,-1.));
#3196 = ADVANCED_FACE('',(#3197),#3216,.T.);
#3197 = FACE_BOUND('',#3198,.T.);
#3198 = EDGE_LOOP('',(#3199,#3207,#3208,#3209));
#3199 = ORIENTED_EDGE('',*,*,#3200,.F.);
#3200 = EDGE_CURVE('',#1096,#3201,#3203,.T.);
#3201 = VERTEX_POINT('',#3202);
#3202 = CARTESIAN_POINT('',(-77.,64.500000000006,5.989542322189));
#3203 = ( BOUNDED_CURVE() B_SPLINE_CURVE(2,(#3204,#3205,#3206),
.UNSPECIFIED.,.F.,.F.) B_SPLINE_CURVE_WITH_KNOTS((3,3),(0.,
1.445468447038),.PIECEWISE_BEZIER_KNOTS.) CURVE() 
GEOMETRIC_REPRESENTATION_ITEM() RATIONAL_B_SPLINE_CURVE((1.,
0.707106781187,1.)) REPRESENTATION_ITEM('') );
#3204 = CARTESIAN_POINT('',(-75.,66.000000000003,7.312417977725));
#3205 = CARTESIAN_POINT('',(-75.,64.500000000002,5.989542322193));
#3206 = CARTESIAN_POINT('',(-77.,64.500000000006,5.989542322189));
#3207 = ORIENTED_EDGE('',*,*,#1095,.T.);
#3208 = ORIENTED_EDGE('',*,*,#3149,.T.);
#3209 = ORIENTED_EDGE('',*,*,#3210,.F.);
#3210 = EDGE_CURVE('',#3201,#3150,#3211,.T.);
#3211 = CIRCLE('',#3212,2.);
#3212 = AXIS2_PLACEMENT_3D('',#3213,#3214,#3215);
#3213 = CARTESIAN_POINT('',(-77.,62.999999999997,4.666666666667));
#3214 = DIRECTION('',(1.,0.,0.));
#3215 = DIRECTION('',(-0.,1.,0.));
#3216 = TOROIDAL_SURFACE('',#3217,4.,2.);
#3217 = AXIS2_PLACEMENT_3D('',#3218,#3219,#3220);
#3218 = CARTESIAN_POINT('',(-77.,62.999999999997,4.666666666667));
#3219 = DIRECTION('',(1.,0.,0.));
#3220 = DIRECTION('',(-0.,1.,0.));
#3221 = ADVANCED_FACE('',(#3222),#3249,.F.);
#3222 = FACE_BOUND('',#3223,.F.);
#3223 = EDGE_LOOP('',(#3224,#3232,#3241,#3247,#3248));
#3224 = ORIENTED_EDGE('',*,*,#3225,.F.);
#3225 = EDGE_CURVE('',#3226,#3099,#3228,.T.);
#3226 = VERTEX_POINT('',#3227);
#3227 = CARTESIAN_POINT('',(-83.,56.999999999997,6.666666666667));
#3228 = LINE('',#3229,#3230);
#3229 = CARTESIAN_POINT('',(-85.,56.999999999997,6.666666666667));
#3230 = VECTOR('',#3231,1.);
#3231 = DIRECTION('',(1.,0.,0.));
#3232 = ORIENTED_EDGE('',*,*,#3233,.F.);
#3233 = EDGE_CURVE('',#3234,#3226,#3236,.T.);
#3234 = VERTEX_POINT('',#3235);
#3235 = CARTESIAN_POINT('',(-83.,54.999999999997,4.666666666667));
#3236 = CIRCLE('',#3237,2.);
#3237 = AXIS2_PLACEMENT_3D('',#3238,#3239,#3240);
#3238 = CARTESIAN_POINT('',(-83.,56.999999999997,4.666666666667));
#3239 = DIRECTION('',(-1.,0.,0.));
#3240 = DIRECTION('',(0.,-1.,0.));
#3241 = ORIENTED_EDGE('',*,*,#3242,.T.);
#3242 = EDGE_CURVE('',#3234,#1154,#3243,.T.);
#3243 = LINE('',#3244,#3245);
#3244 = CARTESIAN_POINT('',(-85.,54.999999999997,4.666666666667));
#3245 = VECTOR('',#3246,1.);
#3246 = DIRECTION('',(1.,0.,0.));
#3247 = ORIENTED_EDGE('',*,*,#1153,.F.);
#3248 = ORIENTED_EDGE('',*,*,#3109,.F.);
#3249 = CYLINDRICAL_SURFACE('',#3250,2.);
#3250 = AXIS2_PLACEMENT_3D('',#3251,#3252,#3253);
#3251 = CARTESIAN_POINT('',(-85.,56.999999999997,4.666666666667));
#3252 = DIRECTION('',(1.,0.,0.));
#3253 = DIRECTION('',(0.,0.,1.));
#3254 = ADVANCED_FACE('',(#3255),#3273,.F.);
#3255 = FACE_BOUND('',#3256,.F.);
#3256 = EDGE_LOOP('',(#3257,#3265,#3266,#3267));
#3257 = ORIENTED_EDGE('',*,*,#3258,.T.);
#3258 = EDGE_CURVE('',#3259,#1207,#3261,.T.);
#3259 = VERTEX_POINT('',#3260);
#3260 = CARTESIAN_POINT('',(-83.,54.999999999997,-4.666666666667));
#3261 = LINE('',#3262,#3263);
#3262 = CARTESIAN_POINT('',(-85.,54.999999999997,-4.666666666667));
#3263 = VECTOR('',#3264,1.);
#3264 = DIRECTION('',(1.,0.,0.));
#3265 = ORIENTED_EDGE('',*,*,#1206,.F.);
#3266 = ORIENTED_EDGE('',*,*,#3242,.F.);
#3267 = ORIENTED_EDGE('',*,*,#3268,.F.);
#3268 = EDGE_CURVE('',#3259,#3234,#3269,.T.);
#3269 = LINE('',#3270,#3271);
#3270 = CARTESIAN_POINT('',(-83.,54.999999999997,-4.666666666667));
#3271 = VECTOR('',#3272,1.);
#3272 = DIRECTION('',(0.,0.,1.));
#3273 = PLANE('',#3274);
#3274 = AXIS2_PLACEMENT_3D('',#3275,#3276,#3277);
#3275 = CARTESIAN_POINT('',(-85.,54.999999999997,-6.666666666667));
#3276 = DIRECTION('',(0.,-1.,0.));
#3277 = DIRECTION('',(0.,0.,1.));
#3278 = ADVANCED_FACE('',(#3279),#3307,.F.);
#3279 = FACE_BOUND('',#3280,.F.);
#3280 = EDGE_LOOP('',(#3281,#3282,#3291,#3299,#3306));
#3281 = ORIENTED_EDGE('',*,*,#3258,.F.);
#3282 = ORIENTED_EDGE('',*,*,#3283,.F.);
#3283 = EDGE_CURVE('',#3284,#3259,#3286,.T.);
#3284 = VERTEX_POINT('',#3285);
#3285 = CARTESIAN_POINT('',(-83.,56.999999999997,-6.666666666667));
#3286 = CIRCLE('',#3287,2.);
#3287 = AXIS2_PLACEMENT_3D('',#3288,#3289,#3290);
#3288 = CARTESIAN_POINT('',(-83.,56.999999999997,-4.666666666667));
#3289 = DIRECTION('',(-1.,0.,-0.));
#3290 = DIRECTION('',(0.,3.55E-15,-1.));
#3291 = ORIENTED_EDGE('',*,*,#3292,.T.);
#3292 = EDGE_CURVE('',#3284,#3293,#3295,.T.);
#3293 = VERTEX_POINT('',#3294);
#3294 = CARTESIAN_POINT('',(-77.,56.999999999997,-6.666666666667));
#3295 = LINE('',#3296,#3297);
#3296 = CARTESIAN_POINT('',(-85.,56.999999999997,-6.666666666667));
#3297 = VECTOR('',#3298,1.);
#3298 = DIRECTION('',(1.,0.,0.));
#3299 = ORIENTED_EDGE('',*,*,#3300,.F.);
#3300 = EDGE_CURVE('',#1337,#3293,#3301,.T.);
#3301 = CIRCLE('',#3302,2.);
#3302 = AXIS2_PLACEMENT_3D('',#3303,#3304,#3305);
#3303 = CARTESIAN_POINT('',(-77.,56.999999999997,-4.666666666667));
#3304 = DIRECTION('',(1.,0.,0.));
#3305 = DIRECTION('',(0.,-1.,0.));
#3306 = ORIENTED_EDGE('',*,*,#1336,.F.);
#3307 = CYLINDRICAL_SURFACE('',#3308,2.);
#3308 = AXIS2_PLACEMENT_3D('',#3309,#3310,#3311);
#3309 = CARTESIAN_POINT('',(-85.,56.999999999997,-4.666666666667));
#3310 = DIRECTION('',(1.,0.,0.));
#3311 = DIRECTION('',(0.,-1.,0.));
#3312 = ADVANCED_FACE('',(#3313),#3325,.T.);
#3313 = FACE_BOUND('',#3314,.T.);
#3314 = EDGE_LOOP('',(#3315,#3316,#3317,#3324));
#3315 = ORIENTED_EDGE('',*,*,#1350,.F.);
#3316 = ORIENTED_EDGE('',*,*,#1494,.T.);
#3317 = ORIENTED_EDGE('',*,*,#3318,.T.);
#3318 = EDGE_CURVE('',#1487,#3293,#3319,.T.);
#3319 = CIRCLE('',#3320,2.);
#3320 = AXIS2_PLACEMENT_3D('',#3321,#3322,#3323);
#3321 = CARTESIAN_POINT('',(-77.,56.999999999997,-8.666666666667));
#3322 = DIRECTION('',(0.,-1.,0.));
#3323 = DIRECTION('',(1.,0.,0.));
#3324 = ORIENTED_EDGE('',*,*,#3300,.F.);
#3325 = TOROIDAL_SURFACE('',#3326,4.,2.);
#3326 = AXIS2_PLACEMENT_3D('',#3327,#3328,#3329);
#3327 = CARTESIAN_POINT('',(-77.,56.999999999997,-4.666666666667));
#3328 = DIRECTION('',(1.,0.,0.));
#3329 = DIRECTION('',(0.,-1.,0.));
#3330 = ADVANCED_FACE('',(#3331),#3351,.T.);
#3331 = FACE_BOUND('',#3332,.T.);
#3332 = EDGE_LOOP('',(#3333,#3342,#3343,#3344));
#3333 = ORIENTED_EDGE('',*,*,#3334,.F.);
#3334 = EDGE_CURVE('',#1444,#3335,#3337,.T.);
#3335 = VERTEX_POINT('',#3336);
#3336 = CARTESIAN_POINT('',(-77.,56.999999999997,-21.66666666666));
#3337 = CIRCLE('',#3338,2.);
#3338 = AXIS2_PLACEMENT_3D('',#3339,#3340,#3341);
#3339 = CARTESIAN_POINT('',(-77.,56.999999999997,-19.66666666666));
#3340 = DIRECTION('',(-0.,1.,0.));
#3341 = DIRECTION('',(1.,0.,0.));
#3342 = ORIENTED_EDGE('',*,*,#1443,.T.);
#3343 = ORIENTED_EDGE('',*,*,#1388,.T.);
#3344 = ORIENTED_EDGE('',*,*,#3345,.F.);
#3345 = EDGE_CURVE('',#3335,#1389,#3346,.T.);
#3346 = CIRCLE('',#3347,2.);
#3347 = AXIS2_PLACEMENT_3D('',#3348,#3349,#3350);
#3348 = CARTESIAN_POINT('',(-77.,56.999999999997,-23.66666666666));
#3349 = DIRECTION('',(1.,0.,-0.));
#3350 = DIRECTION('',(0.,0.,1.));
#3351 = TOROIDAL_SURFACE('',#3352,4.,2.);
#3352 = AXIS2_PLACEMENT_3D('',#3353,#3354,#3355);
#3353 = CARTESIAN_POINT('',(-77.,56.999999999997,-23.66666666666));
#3354 = DIRECTION('',(1.,0.,0.));
#3355 = DIRECTION('',(0.,0.,1.));
#3356 = ADVANCED_FACE('',(#3357),#3377,.F.);
#3357 = FACE_BOUND('',#3358,.F.);
#3358 = EDGE_LOOP('',(#3359,#3367,#3374,#3375,#3376));
#3359 = ORIENTED_EDGE('',*,*,#3360,.F.);
#3360 = EDGE_CURVE('',#3361,#3335,#3363,.T.);
#3361 = VERTEX_POINT('',#3362);
#3362 = CARTESIAN_POINT('',(-83.,56.999999999997,-21.66666666666));
#3363 = LINE('',#3364,#3365);
#3364 = CARTESIAN_POINT('',(-85.,56.999999999997,-21.66666666666));
#3365 = VECTOR('',#3366,1.);
#3366 = DIRECTION('',(1.,0.,0.));
#3367 = ORIENTED_EDGE('',*,*,#3368,.F.);
#3368 = EDGE_CURVE('',#1994,#3361,#3369,.T.);
#3369 = CIRCLE('',#3370,2.);
#3370 = AXIS2_PLACEMENT_3D('',#3371,#3372,#3373);
#3371 = CARTESIAN_POINT('',(-83.,56.999999999997,-23.66666666666));
#3372 = DIRECTION('',(-1.,0.,0.));
#3373 = DIRECTION('',(0.,-1.,0.));
#3374 = ORIENTED_EDGE('',*,*,#1993,.T.);
#3375 = ORIENTED_EDGE('',*,*,#1397,.F.);
#3376 = ORIENTED_EDGE('',*,*,#3345,.F.);
#3377 = CYLINDRICAL_SURFACE('',#3378,2.);
#3378 = AXIS2_PLACEMENT_3D('',#3379,#3380,#3381);
#3379 = CARTESIAN_POINT('',(-85.,56.999999999997,-23.66666666666));
#3380 = DIRECTION('',(1.,0.,0.));
#3381 = DIRECTION('',(0.,0.,1.));
#3382 = ADVANCED_FACE('',(#3383),#3402,.T.);
#3383 = FACE_BOUND('',#3384,.F.);
#3384 = EDGE_LOOP('',(#3385,#3386,#3394,#3401));
#3385 = ORIENTED_EDGE('',*,*,#3318,.T.);
#3386 = ORIENTED_EDGE('',*,*,#3387,.T.);
#3387 = EDGE_CURVE('',#3293,#3388,#3390,.T.);
#3388 = VERTEX_POINT('',#3389);
#3389 = CARTESIAN_POINT('',(-77.,62.999999999997,-6.666666666667));
#3390 = LINE('',#3391,#3392);
#3391 = CARTESIAN_POINT('',(-77.,56.999999999997,-6.666666666667));
#3392 = VECTOR('',#3393,1.);
#3393 = DIRECTION('',(0.,1.,0.));
#3394 = ORIENTED_EDGE('',*,*,#3395,.F.);
#3395 = EDGE_CURVE('',#1478,#3388,#3396,.T.);
#3396 = CIRCLE('',#3397,2.);
#3397 = AXIS2_PLACEMENT_3D('',#3398,#3399,#3400);
#3398 = CARTESIAN_POINT('',(-77.,62.999999999997,-8.666666666667));
#3399 = DIRECTION('',(0.,-1.,0.));
#3400 = DIRECTION('',(1.,0.,0.));
#3401 = ORIENTED_EDGE('',*,*,#1486,.F.);
#3402 = CYLINDRICAL_SURFACE('',#3403,2.);
#3403 = AXIS2_PLACEMENT_3D('',#3404,#3405,#3406);
#3404 = CARTESIAN_POINT('',(-77.,56.999999999997,-8.666666666667));
#3405 = DIRECTION('',(0.,1.,0.));
#3406 = DIRECTION('',(1.,0.,0.));
#3407 = ADVANCED_FACE('',(#3408),#3427,.T.);
#3408 = FACE_BOUND('',#3409,.F.);
#3409 = EDGE_LOOP('',(#3410,#3419,#3425,#3426));
#3410 = ORIENTED_EDGE('',*,*,#3411,.T.);
#3411 = EDGE_CURVE('',#1453,#3412,#3414,.T.);
#3412 = VERTEX_POINT('',#3413);
#3413 = CARTESIAN_POINT('',(-77.,62.999999999997,-21.66666666666));
#3414 = CIRCLE('',#3415,2.);
#3415 = AXIS2_PLACEMENT_3D('',#3416,#3417,#3418);
#3416 = CARTESIAN_POINT('',(-77.,62.999999999997,-19.66666666666));
#3417 = DIRECTION('',(0.,1.,-6.E-17));
#3418 = DIRECTION('',(0.,6.E-17,1.));
#3419 = ORIENTED_EDGE('',*,*,#3420,.T.);
#3420 = EDGE_CURVE('',#3412,#3335,#3421,.T.);
#3421 = LINE('',#3422,#3423);
#3422 = CARTESIAN_POINT('',(-77.,62.999999999997,-21.66666666666));
#3423 = VECTOR('',#3424,1.);
#3424 = DIRECTION('',(0.,-1.,0.));
#3425 = ORIENTED_EDGE('',*,*,#3334,.F.);
#3426 = ORIENTED_EDGE('',*,*,#1452,.F.);
#3427 = CYLINDRICAL_SURFACE('',#3428,2.);
#3428 = AXIS2_PLACEMENT_3D('',#3429,#3430,#3431);
#3429 = CARTESIAN_POINT('',(-77.,62.999999999997,-19.66666666666));
#3430 = DIRECTION('',(0.,-1.,0.));
#3431 = DIRECTION('',(1.,0.,0.));
#3432 = ADVANCED_FACE('',(#3433),#3453,.T.);
#3433 = FACE_BOUND('',#3434,.T.);
#3434 = EDGE_LOOP('',(#3435,#3436,#3437,#3446));
#3435 = ORIENTED_EDGE('',*,*,#3395,.F.);
#3436 = ORIENTED_EDGE('',*,*,#1477,.T.);
#3437 = ORIENTED_EDGE('',*,*,#3438,.T.);
#3438 = EDGE_CURVE('',#1470,#3439,#3441,.T.);
#3439 = VERTEX_POINT('',#3440);
#3440 = CARTESIAN_POINT('',(-77.,64.5,-5.989542322196));
#3441 = CIRCLE('',#3442,2.);
#3442 = AXIS2_PLACEMENT_3D('',#3443,#3444,#3445);
#3443 = CARTESIAN_POINT('',(-77.,66.000000000003,-7.312417977725));
#3444 = DIRECTION('',(0.,-0.661437827765,-0.750000000001));
#3445 = DIRECTION('',(0.,0.750000000001,-0.661437827765));
#3446 = ORIENTED_EDGE('',*,*,#3447,.F.);
#3447 = EDGE_CURVE('',#3388,#3439,#3448,.T.);
#3448 = CIRCLE('',#3449,2.);
#3449 = AXIS2_PLACEMENT_3D('',#3450,#3451,#3452);
#3450 = CARTESIAN_POINT('',(-77.,62.999999999997,-4.666666666667));
#3451 = DIRECTION('',(1.,-0.,0.));
#3452 = DIRECTION('',(0.,0.,-1.));
#3453 = TOROIDAL_SURFACE('',#3454,4.,2.);
#3454 = AXIS2_PLACEMENT_3D('',#3455,#3456,#3457);
#3455 = CARTESIAN_POINT('',(-77.,62.999999999997,-4.666666666667));
#3456 = DIRECTION('',(1.,0.,0.));
#3457 = DIRECTION('',(0.,0.,-1.));
#3458 = ADVANCED_FACE('',(#3459),#3478,.T.);
#3459 = FACE_BOUND('',#3460,.T.);
#3460 = EDGE_LOOP('',(#3461,#3469,#3470,#3471));
#3461 = ORIENTED_EDGE('',*,*,#3462,.F.);
#3462 = EDGE_CURVE('',#1461,#3463,#3465,.T.);
#3463 = VERTEX_POINT('',#3464);
#3464 = CARTESIAN_POINT('',(-77.,64.5,-22.34379101113));
#3465 = ( BOUNDED_CURVE() B_SPLINE_CURVE(2,(#3466,#3467,#3468),
.UNSPECIFIED.,.F.,.F.) B_SPLINE_CURVE_WITH_KNOTS((3,3),(0.,
1.445468447037),.PIECEWISE_BEZIER_KNOTS.) CURVE() 
GEOMETRIC_REPRESENTATION_ITEM() RATIONAL_B_SPLINE_CURVE((1.,
0.707106781187,1.)) REPRESENTATION_ITEM('') );
#3466 = CARTESIAN_POINT('',(-75.,66.000000000003,-21.0209153556));
#3467 = CARTESIAN_POINT('',(-75.,64.5,-22.34379101113));
#3468 = CARTESIAN_POINT('',(-77.,64.5,-22.34379101113));
#3469 = ORIENTED_EDGE('',*,*,#1460,.T.);
#3470 = ORIENTED_EDGE('',*,*,#3411,.T.);
#3471 = ORIENTED_EDGE('',*,*,#3472,.F.);
#3472 = EDGE_CURVE('',#3463,#3412,#3473,.T.);
#3473 = CIRCLE('',#3474,2.);
#3474 = AXIS2_PLACEMENT_3D('',#3475,#3476,#3477);
#3475 = CARTESIAN_POINT('',(-77.,62.999999999997,-23.66666666666));
#3476 = DIRECTION('',(1.,0.,0.));
#3477 = DIRECTION('',(-0.,1.,0.));
#3478 = TOROIDAL_SURFACE('',#3479,4.,2.);
#3479 = AXIS2_PLACEMENT_3D('',#3480,#3481,#3482);
#3480 = CARTESIAN_POINT('',(-77.,62.999999999997,-23.66666666666));
#3481 = DIRECTION('',(1.,0.,0.));
#3482 = DIRECTION('',(-0.,1.,0.));
#3483 = ADVANCED_FACE('',(#3484),#3501,.T.);
#3484 = FACE_BOUND('',#3485,.T.);
#3485 = EDGE_LOOP('',(#3486,#3492,#3499,#3500));
#3486 = ORIENTED_EDGE('',*,*,#3487,.F.);
#3487 = EDGE_CURVE('',#2396,#1513,#3488,.T.);
#3488 = ( BOUNDED_CURVE() B_SPLINE_CURVE(2,(#3489,#3490,#3491),
.UNSPECIFIED.,.F.,.F.) B_SPLINE_CURVE_WITH_KNOTS((3,3),(0.,
5.446505790259),.PIECEWISE_BEZIER_KNOTS.) CURVE() 
GEOMETRIC_REPRESENTATION_ITEM() RATIONAL_B_SPLINE_CURVE((1.,
0.707106781187,1.)) REPRESENTATION_ITEM('') );
#3489 = CARTESIAN_POINT('',(85.,52.,-41.65685424949));
#3490 = CARTESIAN_POINT('',(85.,52.666666666662,-39.77123616632));
#3491 = CARTESIAN_POINT('',(83.,52.666666666664,-39.77123616633));
#3492 = ORIENTED_EDGE('',*,*,#3493,.T.);
#3493 = EDGE_CURVE('',#2396,#1702,#3494,.T.);
#3494 = CIRCLE('',#3495,6.);
#3495 = AXIS2_PLACEMENT_3D('',#3496,#3497,#3498);
#3496 = CARTESIAN_POINT('',(85.,54.,-36.));
#3497 = DIRECTION('',(1.,0.,0.));
#3498 = DIRECTION('',(0.,-0.5,-0.866025403784));
#3499 = ORIENTED_EDGE('',*,*,#1701,.T.);
#3500 = ORIENTED_EDGE('',*,*,#1662,.F.);
#3501 = TOROIDAL_SURFACE('',#3502,6.,2.);
#3502 = AXIS2_PLACEMENT_3D('',#3503,#3504,#3505);
#3503 = CARTESIAN_POINT('',(83.,54.,-36.));
#3504 = DIRECTION('',(1.,0.,0.));
#3505 = DIRECTION('',(0.,-0.5,-0.866025403784));
#3506 = ADVANCED_FACE('',(#3507),#3512,.F.);
#3507 = FACE_BOUND('',#3508,.F.);
#3508 = EDGE_LOOP('',(#3509,#3510,#3511));
#3509 = ORIENTED_EDGE('',*,*,#1512,.T.);
#3510 = ORIENTED_EDGE('',*,*,#3487,.F.);
#3511 = ORIENTED_EDGE('',*,*,#2413,.F.);
#3512 = ( BOUNDED_SURFACE() B_SPLINE_SURFACE(2,14,(
    (#3513,#3514,#3515,#3516,#3517,#3518,#3519,#3520,#3521,#3522,#3523
      ,#3524,#3525,#3526,#3527,#3528,#3529,#3530,#3531,#3532,#3533,#3534
      ,#3535,#3536,#3537,#3538,#3539,#3540,#3541,#3542,#3543,#3544,#3545
      ,#3546,#3547,#3548,#3549,#3550,#3551,#3552,#3553,#3554,#3555,#3556
      ,#3557,#3558,#3559,#3560,#3561,#3562,#3563,#3564,#3565,#3566,#3567
      ,#3568,#3569,#3570,#3571,#3572,#3573,#3574,#3575,#3576,#3577,#3578
      ,#3579,#3580,#3581,#3582,#3583,#3584,#3585,#3586,#3587,#3588,#3589
      ,#3590,#3591,#3592,#3593,#3594,#3595,#3596,#3597,#3598,#3599,#3600
      ,#3601,#3602,#3603,#3604,#3605,#3606,#3607,#3608,#3609,#3610,#3611
      ,#3612,#3613,#3614,#3615,#3616,#3617,#3618,#3619,#3620,#3621,#3622
      ,#3623,#3624,#3625,#3626,#3627,#3628,#3629,#3630,#3631,#3632,#3633
      ,#3634,#3635,#3636,#3637,#3638,#3639,#3640,#3641,#3642,#3643,#3644
      ,#3645,#3646,#3647,#3648,#3649,#3650,#3651,#3652,#3653,#3654,#3655
      ,#3656,#3657)
    ,(#3658,#3659,#3660,#3661,#3662,#3663,#3664,#3665,#3666,#3667,#3668
      ,#3669,#3670,#3671,#3672,#3673,#3674,#3675,#3676,#3677,#3678,#3679
      ,#3680,#3681,#3682,#3683,#3684,#3685,#3686,#3687,#3688,#3689,#3690
      ,#3691,#3692,#3693,#3694,#3695,#3696,#3697,#3698,#3699,#3700,#3701
      ,#3702,#3703,#3704,#3705,#3706,#3707,#3708,#3709,#3710,#3711,#3712
      ,#3713,#3714,#3715,#3716,#3717,#3718,#3719,#3720,#3721,#3722,#3723
      ,#3724,#3725,#3726,#3727,#3728,#3729,#3730,#3731,#3732,#3733,#3734
      ,#3735,#3736,#3737,#3738,#3739,#3740,#3741,#3742,#3743,#3744,#3745
      ,#3746,#3747,#3748,#3749,#3750,#3751,#3752,#3753,#3754,#3755,#3756
      ,#3757,#3758,#3759,#3760,#3761,#3762,#3763,#3764,#3765,#3766,#3767
      ,#3768,#3769,#3770,#3771,#3772,#3773,#3774,#3775,#3776,#3777,#3778
      ,#3779,#3780,#3781,#3782,#3783,#3784,#3785,#3786,#3787,#3788,#3789
      ,#3790,#3791,#3792,#3793,#3794,#3795,#3796,#3797,#3798,#3799,#3800
      ,#3801,#3802)
    ,(#3803,#3804,#3805,#3806,#3807,#3808,#3809,#3810,#3811,#3812,#3813
      ,#3814,#3815,#3816,#3817,#3818,#3819,#3820,#3821,#3822,#3823,#3824
      ,#3825,#3826,#3827,#3828,#3829,#3830,#3831,#3832,#3833,#3834,#3835
      ,#3836,#3837,#3838,#3839,#3840,#3841,#3842,#3843,#3844,#3845,#3846
      ,#3847,#3848,#3849,#3850,#3851,#3852,#3853,#3854,#3855,#3856,#3857
      ,#3858,#3859,#3860,#3861,#3862,#3863,#3864,#3865,#3866,#3867,#3868
      ,#3869,#3870,#3871,#3872,#3873,#3874,#3875,#3876,#3877,#3878,#3879
      ,#3880,#3881,#3882,#3883,#3884,#3885,#3886,#3887,#3888,#3889,#3890
      ,#3891,#3892,#3893,#3894,#3895,#3896,#3897,#3898,#3899,#3900,#3901
      ,#3902,#3903,#3904,#3905,#3906,#3907,#3908,#3909,#3910,#3911,#3912
      ,#3913,#3914,#3915,#3916,#3917,#3918,#3919,#3920,#3921,#3922,#3923
      ,#3924,#3925,#3926,#3927,#3928,#3929,#3930,#3931,#3932,#3933,#3934
      ,#3935,#3936,#3937,#3938,#3939,#3940,#3941,#3942,#3943,#3944,#3945
      ,#3946,#3947
)),.UNSPECIFIED.,.F.,.F.,.F.) B_SPLINE_SURFACE_WITH_KNOTS((3,3),(15,13,
    13,13,13,13,13,13,13,13,13,15),(0.,5.446505790259),(7.291E-14,
    1.168011518898E-02,2.295035550139E-02,5.163772907618E-02,
    0.179293328044,0.358586656088,0.717173312177,1.434346624353,
    3.165198986541,3.893563055462,4.785289800711,5.446505790259),
.UNSPECIFIED.) GEOMETRIC_REPRESENTATION_ITEM() RATIONAL_B_SPLINE_SURFACE
((
    (1.,1.,1.000000000001,0.999999999997,1.000000000006,0.99999999999
      ,1.000000000013,0.999999999985,1.000000000013,0.99999999999
      ,1.000000000006,0.999999999998,1.000000000001,1.,1.,1.
      ,0.999999999999,1.000000000002,0.999999999996,1.000000000005
      ,0.999999999995,1.000000000004,0.999999999997,1.000000000001,1.,1.
      ,1.,0.999999999999,1.000000000005,0.999999999984,1.000000000032
      ,0.999999999948,1.000000000068,0.999999999928,1.000000000063
      ,0.999999999955,1.000000000026,0.999999999989,1.000000000003,1.,1.
      ,1.,0.999999999999,1.000000000003,0.999999999994,1.00000000001
      ,0.999999999988,1.000000000011,0.999999999992,1.000000000005
      ,0.999999999998,1.,1.,1.,1.000000000003,0.999999999991
      ,1.000000000019,0.999999999969,1.000000000039,0.999999999959
      ,1.000000000035,0.999999999975,1.000000000014,0.999999999994
      ,1.000000000002,1.,1.,0.999999999999,1.000000000003,0.999999999993
      ,1.000000000011,0.999999999985,1.000000000017,0.999999999984
      ,1.000000000012,0.999999999993,1.000000000003,0.999999999999,1.,1.
      ,1.000000000001,0.999999999998,1.000000000004,0.999999999993
      ,1.000000000009,0.99999999999,1.000000000009,0.999999999994
      ,1.000000000004,0.999999999998,1.000000000001,1.,1.,1.
      ,1.000000000001,0.999999999998,1.000000000003,0.999999999996
      ,1.000000000004,0.999999999996,1.000000000002,0.999999999999,1.,1.
      ,1.,1.,0.999999999998,1.000000000007,0.999999999984,1.000000000026
      ,0.999999999966,1.000000000036,0.999999999969,1.000000000022
      ,0.999999999988,1.000000000005,0.999999999998,1.,1.,0.999999999998
      ,1.000000000005,0.99999999999,1.000000000015,0.999999999981
      ,1.000000000019,0.999999999985,1.00000000001,0.999999999994
      ,1.000000000002,0.999999999999,1.,1.,1.,1.000000000001
      ,0.999999999997,1.000000000006,0.999999999991,1.000000000011
      ,0.99999999999,1.000000000008,0.999999999995,1.000000000002
      ,0.999999999999,1.,1.)
    ,(1.,1.,0.999999989495,0.999999968476,0.999999936969,0.999999894918
      ,0.999999842421,0.999999779338,0.999999705835,0.999999621746
      ,0.99999952721,0.999999422131,0.999999306563,0.999999180482
      ,0.999998912102,0.999998770526,0.999998619166,0.999998458031
      ,0.999998287098,0.999998106408,0.999997915903,0.99999771565
      ,0.999997505585,0.999997285759,0.999997056138,0.999996816739
      ,0.999996567558,0.999995649421,0.999994926876,0.999994140921
      ,0.999993291655,0.999992378866,0.99999140291,0.999990363293
      ,0.999989260583,0.999988094228,0.999986864677,0.999985571623
      ,0.999984215236,0.99998279544,0.999974712269,0.99996685727
      ,0.999957747077,0.999947381512,0.999935760367,0.999922883506
      ,0.999908750667,0.999893361761,0.999876716506,0.999858814797
      ,0.999839656395,0.999819241145,0.999797568849,0.999742434624
      ,0.999707750299,0.999670585098,0.999630937846,0.999588807189
      ,0.999544192094,0.999497091056,0.999447503153,0.999395426853
      ,0.999340861164,0.999283804691,0.999224256292,0.999162214692
      ,0.998968606636,0.998829567803,0.998680541796,0.998521508193
      ,0.99835244666,0.998173336711,0.997984158085,0.997784890238
      ,0.997575512928,0.997356005639,0.997126348066,0.996886519767
      ,0.996636500374,0.995855807715,0.995294732297,0.994692680331
      ,0.994049288926,0.993364195159,0.992637036168,0.991867448998
      ,0.991055070811,0.990199538647,0.989300489652,0.988357560894
      ,0.987370389491,0.986338612533,0.982663210277,0.979801432001
      ,0.976668157274,0.973254317972,0.969549740974,0.965542736115
      ,0.961219684436,0.956564625968,0.951558848126,0.946180473427
      ,0.940404047844,0.934200128655,0.927534872625,0.917354398828
      ,0.914251051066,0.911056323085,0.907766976187,0.904379790754
      ,0.900891565973,0.897299120281,0.893599290772,0.889788933859
      ,0.885864924649,0.881824157443,0.877663545399,0.873380020722
      ,0.863572057497,0.857986149014,0.852209095594,0.846235672212
      ,0.840066757464,0.833706341381,0.827158290606,0.820428300889
      ,0.813531537213,0.806501526022,0.799390934782,0.792249938732
      ,0.785062944287,0.772100189041,0.766316696772,0.760551397087
      ,0.754904804604,0.749398136986,0.744030041169,0.738801968701
      ,0.733724237612,0.728812378401,0.724080917398,0.719539311617
      ,0.715192304921,0.711044535463,0.707106781187)
    ,(1.,1.,1.000000000001,0.999999999997,1.000000000006,0.99999999999
      ,1.000000000013,0.999999999985,1.000000000013,0.99999999999
      ,1.000000000006,0.999999999998,1.000000000001,1.,1.,1.
      ,0.999999999999,1.000000000002,0.999999999996,1.000000000005
      ,0.999999999995,1.000000000004,0.999999999997,1.000000000001,1.,1.
      ,1.,0.999999999999,1.000000000005,0.999999999984,1.000000000032
      ,0.999999999948,1.000000000068,0.999999999928,1.000000000063
      ,0.999999999955,1.000000000026,0.999999999989,1.000000000003,1.,1.
      ,1.,0.999999999999,1.000000000003,0.999999999994,1.00000000001
      ,0.999999999988,1.000000000011,0.999999999992,1.000000000005
      ,0.999999999998,1.,1.,1.,1.000000000003,0.999999999991
      ,1.000000000019,0.999999999969,1.000000000039,0.999999999959
      ,1.000000000035,0.999999999975,1.000000000014,0.999999999994
      ,1.000000000002,1.,1.,0.999999999999,1.000000000003,0.999999999993
      ,1.000000000011,0.999999999985,1.000000000017,0.999999999984
      ,1.000000000012,0.999999999993,1.000000000003,0.999999999999,1.,1.
      ,1.000000000001,0.999999999998,1.000000000004,0.999999999993
      ,1.000000000009,0.99999999999,1.000000000009,0.999999999994
      ,1.000000000004,0.999999999998,1.000000000001,1.,1.,1.
      ,1.000000000001,0.999999999998,1.000000000003,0.999999999996
      ,1.000000000004,0.999999999996,1.000000000002,0.999999999999,1.,1.
      ,1.,1.,0.999999999998,1.000000000007,0.999999999984,1.000000000026
      ,0.999999999966,1.000000000036,0.999999999969,1.000000000022
      ,0.999999999988,1.000000000005,0.999999999998,1.,1.,0.999999999998
      ,1.000000000005,0.99999999999,1.000000000015,0.999999999981
      ,1.000000000019,0.999999999985,1.00000000001,0.999999999994
      ,1.000000000002,0.999999999999,1.,1.,1.,1.000000000001
      ,0.999999999997,1.000000000006,0.999999999991,1.000000000011
      ,0.99999999999,1.000000000008,0.999999999995,1.000000000002
,0.999999999999,1.,1.))) REPRESENTATION_ITEM('') SURFACE() );
#3513 = CARTESIAN_POINT('',(87.,50.,-36.));
#3514 = CARTESIAN_POINT('',(86.999842015668,50.,-36.00084252863));
#3515 = CARTESIAN_POINT('',(86.998474695404,50.000000049396,
    -36.00082992762));
#3516 = CARTESIAN_POINT('',(87.002309748648,50.000000148194,
    -36.00449596022));
#3517 = CARTESIAN_POINT('',(86.991181359704,50.000000296376,
    -35.99758124138));
#3518 = CARTESIAN_POINT('',(87.011526357673,50.000000493981,
    -36.01292156794));
#3519 = CARTESIAN_POINT('',(86.981447058533,50.000000740941,
    -35.99260653206));
#3520 = CARTESIAN_POINT('',(87.014150599768,50.000001037357,
    -36.01668566853));
#3521 = CARTESIAN_POINT('',(86.985622909278,50.000001383098,
    -35.99746778576));
#3522 = CARTESIAN_POINT('',(87.003794447573,50.00000177831,
    -36.0112712446));
#3523 = CARTESIAN_POINT('',(86.994435477648,50.000002222859,
    -36.00560769436));
#3524 = CARTESIAN_POINT('',(86.997311979246,50.000002716844,
    -36.00859592921));
#3525 = CARTESIAN_POINT('',(86.996281823897,50.000003260206,
    -36.00882174053));
#3526 = CARTESIAN_POINT('',(86.996062536652,50.000003852974,
    -36.00962092234));
#3527 = CARTESIAN_POINT('',(86.995467401458,50.000005114766,
    -36.01107509518));
#3528 = CARTESIAN_POINT('',(86.995175148163,50.000005780385,
    -36.01178919651));
#3529 = CARTESIAN_POINT('',(86.994882894849,50.000006492,-36.01250329793
    ));
#3530 = CARTESIAN_POINT('',(86.994590641517,50.000007249595,
    -36.01321739947));
#3531 = CARTESIAN_POINT('',(86.994298388154,50.000008053204,
    -36.0139315011));
#3532 = CARTESIAN_POINT('',(86.994006134781,50.00000890277,
    -36.0146456029));
#3533 = CARTESIAN_POINT('',(86.993713881358,50.000009798373,
    -36.0153597048));
#3534 = CARTESIAN_POINT('',(86.99342162793,50.000010739919,
    -36.01607380689));
#3535 = CARTESIAN_POINT('',(86.993129374446,50.000011727501,
    -36.0167879091));
#3536 = CARTESIAN_POINT('',(86.992837120945,50.000012761042,
    -36.01750201152));
#3537 = CARTESIAN_POINT('',(86.992544867395,50.000013840596,
    -36.01821611411));
#3538 = CARTESIAN_POINT('',(86.992252613811,50.000014966132,
    -36.0189302169));
#3539 = CARTESIAN_POINT('',(86.991960360183,50.000016137664,
    -36.01964431989));
#3540 = CARTESIAN_POINT('',(86.99092420132,50.000020454284,-36.022176108
    ));
#3541 = CARTESIAN_POINT('',(86.990180295701,50.000023851369,
    -36.02399379532));
#3542 = CARTESIAN_POINT('',(86.989436389638,50.000027546448,
    -36.02581148516));
#3543 = CARTESIAN_POINT('',(86.988692483112,50.000031539519,
    -36.02762917758));
#3544 = CARTESIAN_POINT('',(86.987948576106,50.000035830596,
    -36.02944687269));
#3545 = CARTESIAN_POINT('',(86.987204668603,50.000040419667,
    -36.03126457053));
#3546 = CARTESIAN_POINT('',(86.986460760586,50.000045306754,
    -36.03308227124));
#3547 = CARTESIAN_POINT('',(86.985716852036,50.000050491842,
    -36.03489997483));
#3548 = CARTESIAN_POINT('',(86.984972942939,50.00005597495,
    -36.03671768145));
#3549 = CARTESIAN_POINT('',(86.984229033273,50.000061756069,
    -36.03853539113));
#3550 = CARTESIAN_POINT('',(86.983485123025,50.000067835212,
    -36.04035310398));
#3551 = CARTESIAN_POINT('',(86.982741212174,50.000074212376,
    -36.04217082007));
#3552 = CARTESIAN_POINT('',(86.981997300706,50.000080887568,
    -36.04398853948));
#3553 = CARTESIAN_POINT('',(86.977943063065,50.000118890846,
    -36.05389492525));
#3554 = CARTESIAN_POINT('',(86.97463272597,50.000155821334,
    -36.06198365843));
#3555 = CARTESIAN_POINT('',(86.971322374525,50.000198653193,
    -36.07007247733));
#3556 = CARTESIAN_POINT('',(86.968012005945,50.000247387365,
    -36.0781613975));
#3557 = CARTESIAN_POINT('',(86.964701617435,50.000302024785,
    -36.08625043437));
#3558 = CARTESIAN_POINT('',(86.961391206211,50.000362566403,
    -36.09433960355));
#3559 = CARTESIAN_POINT('',(86.95808076948,50.000429013145,
    -36.1024289204));
#3560 = CARTESIAN_POINT('',(86.954770304451,50.000501365966,
    -36.11051840061));
#3561 = CARTESIAN_POINT('',(86.951459808342,50.000579625792,
    -36.11860805947));
#3562 = CARTESIAN_POINT('',(86.948149278353,50.000663793575,
    -36.12669791269));
#3563 = CARTESIAN_POINT('',(86.944838711704,50.000753870246,
    -36.13478797562));
#3564 = CARTESIAN_POINT('',(86.9415281056,50.000849856752,
    -36.14287826385));
#3565 = CARTESIAN_POINT('',(86.938217457254,50.000951754028,
    -36.15096879284));
#3566 = CARTESIAN_POINT('',(86.930256868071,50.001210981617,
    -36.17042315192));
#3567 = CARTESIAN_POINT('',(86.925606882791,50.001374059721,
    -36.18178723246));
#3568 = CARTESIAN_POINT('',(86.920956799213,50.00154880358,
    -36.1931518657));
#3569 = CARTESIAN_POINT('',(86.916306608509,50.001735219444,
    -36.20451709763));
#3570 = CARTESIAN_POINT('',(86.91165630186,50.001933313572,
    -36.2158829742));
#3571 = CARTESIAN_POINT('',(86.907005870434,50.002143092206,
    -36.2272495414));
#3572 = CARTESIAN_POINT('',(86.902355305414,50.002364561613,
    -36.23861684517));
#3573 = CARTESIAN_POINT('',(86.89770459797,50.002597728026,
    -36.24998493151));
#3574 = CARTESIAN_POINT('',(86.89305373928,50.002842597719,
    -36.26135384637));
#3575 = CARTESIAN_POINT('',(86.88840272052,50.003099176925,
    -36.27272363573));
#3576 = CARTESIAN_POINT('',(86.883751532865,50.003367471912,
    -36.28409434556));
#3577 = CARTESIAN_POINT('',(86.879100167489,50.003647488921,
    -36.29546602182));
#3578 = CARTESIAN_POINT('',(86.87444861557,50.003939234211,
    -36.30683871048));
#3579 = CARTESIAN_POINT('',(86.860493373707,50.004849673676,
    -36.34095995161));
#3580 = CARTESIAN_POINT('',(86.851189097741,50.005503516338,
    -36.3637116643));
#3581 = CARTESIAN_POINT('',(86.841883968809,50.006204345302,
    -36.38646797614));
#3582 = CARTESIAN_POINT('',(86.832577915328,50.006952263853,
    -36.40922926763));
#3583 = CARTESIAN_POINT('',(86.823270865733,50.007747375269,
    -36.43199591931));
#3584 = CARTESIAN_POINT('',(86.813962748424,50.008589782844,
    -36.45476831169));
#3585 = CARTESIAN_POINT('',(86.804653491855,50.009479589845,
    -36.47754682533));
#3586 = CARTESIAN_POINT('',(86.795343024412,50.010416899577,
    -36.50033184069));
#3587 = CARTESIAN_POINT('',(86.786031274554,50.011401815298,
    -36.52312373837));
#3588 = CARTESIAN_POINT('',(86.776718170673,50.012434440315,
    -36.54592289882));
#3589 = CARTESIAN_POINT('',(86.767403641212,50.013514877892,
    -36.56872970262));
#3590 = CARTESIAN_POINT('',(86.758087614582,50.014643231326,
    -36.59154453027));
#3591 = CARTESIAN_POINT('',(86.748770019211,50.015819603893,
    -36.6143677623));
#3592 = CARTESIAN_POINT('',(86.720812312137,50.01949308885,
    -36.68286381309));
#3593 = CARTESIAN_POINT('',(86.702167418095,50.022133389145,
    -36.72856211015));
#3594 = CARTESIAN_POINT('',(86.683515429843,50.0249668373,
    -36.77429832059));
#3595 = CARTESIAN_POINT('',(86.664855675866,50.027995270819,
    -36.82007609457));
#3596 = CARTESIAN_POINT('',(86.646187484571,50.031220527282,
    -36.8658990823));
#3597 = CARTESIAN_POINT('',(86.62751018451,50.034644444128,
    -36.91177093392));
#3598 = CARTESIAN_POINT('',(86.608823104011,50.038268859012,
    -36.95769529966));
#3599 = CARTESIAN_POINT('',(86.59012557169,50.042095609311,
    -37.00367582962));
#3600 = CARTESIAN_POINT('',(86.57141691585,50.046126532704,
    -37.04971617407));
#3601 = CARTESIAN_POINT('',(86.552696465083,50.050363466593,
    -37.0958199831));
#3602 = CARTESIAN_POINT('',(86.533963547756,50.054808248593,
    -37.14199090696));
#3603 = CARTESIAN_POINT('',(86.515217492381,50.059462716184,
    -37.18823259578));
#3604 = CARTESIAN_POINT('',(86.496457627395,50.064328706915,
    -37.23454869975));
#3605 = CARTESIAN_POINT('',(86.432372586073,50.081666751159,
    -37.39291225802));
#3606 = CARTESIAN_POINT('',(86.386981018456,50.095167787932,
    -37.50532950507));
#3607 = CARTESIAN_POINT('',(86.341491528558,50.109963018707,
    -37.61827434403));
#3608 = CARTESIAN_POINT('',(86.295887856382,50.12610155004,
    -37.73182483427));
#3609 = CARTESIAN_POINT('',(86.250153742358,50.143633971032,
    -37.84606108853));
#3610 = CARTESIAN_POINT('',(86.204272138013,50.162616579519,
    -37.96106900073));
#3611 = CARTESIAN_POINT('',(86.158224416443,50.183115608062,
    -38.0769439736));
#3612 = CARTESIAN_POINT('',(86.111989583104,50.205211450231,
    -38.19379464667));
#3613 = CARTESIAN_POINT('',(86.065543486173,50.229002886515,
    -38.31174662378));
#3614 = CARTESIAN_POINT('',(86.018858027399,50.254611310639,
    -38.43094620111));
#3615 = CARTESIAN_POINT('',(85.971900372477,50.282184955505,
    -38.55156409474));
#3616 = CARTESIAN_POINT('',(85.924632161821,50.311903119428,
    -38.67379916858));
#3617 = CARTESIAN_POINT('',(85.877008721053,50.343980392175,
    -38.79788216202));
#3618 = CARTESIAN_POINT('',(85.808766464854,50.393269067663,
    -38.97718478292));
#3619 = CARTESIAN_POINT('',(85.788483301515,50.408336814779,
    -39.03066476968));
#3620 = CARTESIAN_POINT('',(85.768124510085,50.423890234894,
    -39.084539528));
#3621 = CARTESIAN_POINT('',(85.747685934055,50.439948956049,
    -39.13883008324));
#3622 = CARTESIAN_POINT('',(85.727163531931,50.456536121888,
    -39.19355833624));
#3623 = CARTESIAN_POINT('',(85.706553377304,50.473678391674,
    -39.24874706328));
#3624 = CARTESIAN_POINT('',(85.685851658741,50.491405940258,
    -39.30441991603));
#3625 = CARTESIAN_POINT('',(85.665054679925,50.50975245812,
    -39.36060142174));
#3626 = CARTESIAN_POINT('',(85.644158859502,50.528755151326,
    -39.41731698293));
#3627 = CARTESIAN_POINT('',(85.623160731222,50.548454741566,
    -39.47459287775));
#3628 = CARTESIAN_POINT('',(85.60205694383,50.568895466124,
    -39.53245625965));
#3629 = CARTESIAN_POINT('',(85.580844261138,50.590125077901,
    -39.59093515762));
#3630 = CARTESIAN_POINT('',(85.559519561983,50.612194845398,
    -39.65005847604));
#3631 = CARTESIAN_POINT('',(85.511831465161,50.663274948031,
    -39.78306532656));
#3632 = CARTESIAN_POINT('',(85.485414188682,50.692732512014,
    -39.85726830043));
#3633 = CARTESIAN_POINT('',(85.458821770213,50.723670668642,
    -39.93256000349));
#3634 = CARTESIAN_POINT('',(85.432062099423,50.756182393655,
    -40.0089416604));
#3635 = CARTESIAN_POINT('',(85.405137388718,50.790407002332,
    -40.08644442575));
#3636 = CARTESIAN_POINT('',(85.378051892887,50.826527614411,
    -40.16513036396));
#3637 = CARTESIAN_POINT('',(85.35082639889,50.864738223616,
    -40.24504143727));
#3638 = CARTESIAN_POINT('',(85.323506554741,50.905222618179,
    -40.32614943612));
#3639 = CARTESIAN_POINT('',(85.296159932547,50.94816571829,
    -40.40834190157));
#3640 = CARTESIAN_POINT('',(85.268864546517,50.993796215383,
    -40.49146120316));
#3641 = CARTESIAN_POINT('',(85.241699373135,51.042437717543,
    -40.57539605079));
#3642 = CARTESIAN_POINT('',(85.214755246223,51.09452392451,
    -40.6602068335));
#3643 = CARTESIAN_POINT('',(85.188192326072,51.150511674961,
    -40.74624829236));
#3644 = CARTESIAN_POINT('',(85.143236951247,51.255162548795,
    -40.89947746456));
#3645 = CARTESIAN_POINT('',(85.124431214927,51.302154296126,
    -40.96678770307));
#3646 = CARTESIAN_POINT('',(85.106393920568,51.351000474363,
    -41.03334851623));
#3647 = CARTESIAN_POINT('',(85.089305822634,51.40157259172,
    -41.09840471995));
#3648 = CARTESIAN_POINT('',(85.073278001463,51.453885649089,
    -41.16192176002));
#3649 = CARTESIAN_POINT('',(85.058429158959,51.507959736637,
    -41.22395595279));
#3650 = CARTESIAN_POINT('',(85.04490174762,51.563781847833,
    -41.28445957138));
#3651 = CARTESIAN_POINT('',(85.032850773258,51.621315244028,
    -41.3433041391));
#3652 = CARTESIAN_POINT('',(85.022428880723,51.680519226405,
    -41.40036557385));
#3653 = CARTESIAN_POINT('',(85.013781101207,51.741357695728,
    -41.45557512326));
#3654 = CARTESIAN_POINT('',(85.007052408681,51.803790403776,
    -41.50890030957));
#3655 = CARTESIAN_POINT('',(85.002401002215,51.867756324217,
    -41.56028039985));
#3656 = CARTESIAN_POINT('',(85.,51.933174093974,-41.60960119818));
#3657 = CARTESIAN_POINT('',(85.,52.,-41.65685424949));
#3658 = CARTESIAN_POINT('',(87.,50.,-36.));
#3659 = CARTESIAN_POINT('',(86.999711769044,50.,-36.00075043036));
#3660 = CARTESIAN_POINT('',(86.997955058715,50.000000102009,
    -36.00046248901));
#3661 = CARTESIAN_POINT('',(87.002515516388,50.000000306026,
    -36.00464146001));
#3662 = CARTESIAN_POINT('',(86.988906079099,50.000000612054,
    -35.99597237507));
#3663 = CARTESIAN_POINT('',(87.013514329014,50.000001020082,
    -36.01432727586));
#3664 = CARTESIAN_POINT('',(86.976893068034,50.000001530136,
    -35.98938637432));
#3665 = CARTESIAN_POINT('',(87.016508125973,50.000002142178,
    -36.01835269074));
#3666 = CARTESIAN_POINT('',(86.981770957547,50.000002856245,
    -35.99474404372));
#3667 = CARTESIAN_POINT('',(87.003740011748,50.000003672312,
    -36.01123275114));
#3668 = CARTESIAN_POINT('',(86.992279151294,50.000004590391,
    -36.00408293916));
#3669 = CARTESIAN_POINT('',(86.995675655705,50.000005610479,
    -36.00743887052));
#3670 = CARTESIAN_POINT('',(86.994328360027,50.000006732576,
    -36.00744042857));
#3671 = CARTESIAN_POINT('',(86.993965690646,50.000007956682,
    -36.00813822244));
#3672 = CARTESIAN_POINT('',(86.993053625008,50.000010562377,
    -36.0093682885));
#3673 = CARTESIAN_POINT('',(86.992605736544,50.000011936934,
    -36.00997233763));
#3674 = CARTESIAN_POINT('',(86.992157848124,50.000013406458,
    -36.01057638677));
#3675 = CARTESIAN_POINT('',(86.991709959756,50.000014970984,
    -36.01118043593));
#3676 = CARTESIAN_POINT('',(86.991262071449,50.000016630434,
    -36.01178448508));
#3677 = CARTESIAN_POINT('',(86.990814183205,50.000018384943,
    -36.01238853426));
#3678 = CARTESIAN_POINT('',(86.99036629504,50.00002023432,
    -36.01299258341));
#3679 = CARTESIAN_POINT('',(86.989918406949,50.000022178793,
    -36.01359663259));
#3680 = CARTESIAN_POINT('',(86.989470518954,50.000024218133,
    -36.01420068175));
#3681 = CARTESIAN_POINT('',(86.989022631048,50.000026352533,
    -36.01480473092));
#3682 = CARTESIAN_POINT('',(86.988574743249,50.000028581859,
    -36.01540878008));
#3683 = CARTESIAN_POINT('',(86.988126855558,50.000030906188,
    -36.01601282923));
#3684 = CARTESIAN_POINT('',(86.987678967986,50.000033325485,
    -36.01661687836));
#3685 = CARTESIAN_POINT('',(86.986091022654,50.000042239631,
    -36.01875848111));
#3686 = CARTESIAN_POINT('',(86.984950966829,50.000049254864,
    -36.02029603395));
#3687 = CARTESIAN_POINT('',(86.983810913103,50.00005688547,-36.021833586
    ));
#3688 = CARTESIAN_POINT('',(86.982670861503,50.000065131442,
    -36.02337113729));
#3689 = CARTESIAN_POINT('',(86.981530812088,50.000073992804,
    -36.02490868778));
#3690 = CARTESIAN_POINT('',(86.980390764851,50.00008346953,
    -36.02644623754));
#3691 = CARTESIAN_POINT('',(86.979250719893,50.000093561667,
    -36.0279837865));
#3692 = CARTESIAN_POINT('',(86.978110677169,50.000104269172,
    -36.02952133474));
#3693 = CARTESIAN_POINT('',(86.976970636801,50.000115592096,
    -36.0310588822));
#3694 = CARTESIAN_POINT('',(86.975830598748,50.000127530409,
    -36.03259642894));
#3695 = CARTESIAN_POINT('',(86.974690563104,50.000140084139,
    -36.03413397492));
#3696 = CARTESIAN_POINT('',(86.973550529871,50.000153253282,
    -36.03567152017));
#3697 = CARTESIAN_POINT('',(86.9724104991,50.000167037847,
    -36.03720906469));
#3698 = CARTESIAN_POINT('',(86.966197431682,50.000245516717,
    -36.04558856143));
#3699 = CARTESIAN_POINT('',(86.961124441056,50.000321782116,
    -36.05243050901));
#3700 = CARTESIAN_POINT('',(86.956051513147,50.000410234777,
    -36.05927244448));
#3701 = CARTESIAN_POINT('',(86.950978662136,50.000510875535,
    -36.06611436108));
#3702 = CARTESIAN_POINT('',(86.945905902244,50.000623705304,
    -36.0729562521));
#3703 = CARTESIAN_POINT('',(86.940833247616,50.000748725118,
    -36.07979811076));
#3704 = CARTESIAN_POINT('',(86.935760712499,50.000885936057,
    -36.08663993039));
#3705 = CARTESIAN_POINT('',(86.930688311016,50.001035339356,
    -36.0934817042));
#3706 = CARTESIAN_POINT('',(86.925616057408,50.001196936268,
    -36.10032342554));
#3707 = CARTESIAN_POINT('',(86.920543965812,50.001370728212,
    -36.10716508762));
#3708 = CARTESIAN_POINT('',(86.915472050439,50.001556716637,
    -36.11400668378));
#3709 = CARTESIAN_POINT('',(86.910400325452,50.001754903129,
    -36.12084820729));
#3710 = CARTESIAN_POINT('',(86.905328805035,50.001965289339,
    -36.12768965145));
#3711 = CARTESIAN_POINT('',(86.893134426077,50.002500520479,
    -36.14414028262));
#3712 = CARTESIAN_POINT('',(86.886011717964,50.002837237813,
    -36.15374946982));
#3713 = CARTESIAN_POINT('',(86.878889417326,50.003198035404,
    -36.16335855412));
#3714 = CARTESIAN_POINT('',(86.871767562451,50.00358292,-36.17296751859)
  );
#3715 = CARTESIAN_POINT('',(86.86464619157,50.003991898691,
    -36.18257634623));
#3716 = CARTESIAN_POINT('',(86.857525342961,50.004424978971,
    -36.19218502024));
#3717 = CARTESIAN_POINT('',(86.85040505477,50.004882168624,
    -36.20179352366));
#3718 = CARTESIAN_POINT('',(86.843285365273,50.005363475903,
    -36.21140183981));
#3719 = CARTESIAN_POINT('',(86.83616631256,50.005868909299,
    -36.22100995181));
#3720 = CARTESIAN_POINT('',(86.82904793486,50.006398477792,
    -36.23061784303));
#3721 = CARTESIAN_POINT('',(86.821930270261,50.006952190624,
    -36.24022549673));
#3722 = CARTESIAN_POINT('',(86.814813356916,50.007530057474,
    -36.2498328963));
#3723 = CARTESIAN_POINT('',(86.807697232921,50.008132088348,
    -36.25944002512));
#3724 = CARTESIAN_POINT('',(86.78634858528,50.010010946942,
    -36.28826427342));
#3725 = CARTESIAN_POINT('',(86.772118085715,50.01136036254,
    -36.30748114139));
#3726 = CARTESIAN_POINT('',(86.757890763102,50.012806644603,
    -36.3266973174));
#3727 = CARTESIAN_POINT('',(86.743666942136,50.014349903274,
    -36.34591264969));
#3728 = CARTESIAN_POINT('',(86.729446946632,50.015990254758,
    -36.36512698804));
#3729 = CARTESIAN_POINT('',(86.715231099922,50.017727821247,
    -36.38434018345));
#3730 = CARTESIAN_POINT('',(86.701019724299,50.019562731135,
    -36.40355208859));
#3731 = CARTESIAN_POINT('',(86.686813141844,50.021495118825,
    -36.42276255719));
#3732 = CARTESIAN_POINT('',(86.672611673551,50.023525125018,
    -36.44197144469));
#3733 = CARTESIAN_POINT('',(86.658415640246,50.025652896524,
    -36.46117860756));
#3734 = CARTESIAN_POINT('',(86.644225361882,50.027878586486,
    -36.48038390388));
#3735 = CARTESIAN_POINT('',(86.630041158094,50.030202354295,
    -36.49958719288));
#3736 = CARTESIAN_POINT('',(86.615863347922,50.032624365713,
    -36.51878833522));
#3737 = CARTESIAN_POINT('',(86.573327835521,50.040189598931,
    -36.57641500948));
#3738 = CARTESIAN_POINT('',(86.544985823559,50.045629159343,
    -36.61483939004));
#3739 = CARTESIAN_POINT('',(86.516669393602,50.051465188914,
    -36.65325863599));
#3740 = CARTESIAN_POINT('',(86.488381697557,50.057699512747,
    -36.69167109968));
#3741 = CARTESIAN_POINT('',(86.460125861014,50.06433406881,
    -36.73007518382));
#3742 = CARTESIAN_POINT('',(86.431904984706,50.071370910524,
    -36.7684693408));
#3743 = CARTESIAN_POINT('',(86.403722145614,50.078812209584,
    -36.80685207248));
#3744 = CARTESIAN_POINT('',(86.375580398696,50.086660258659,
    -36.84522192916));
#3745 = CARTESIAN_POINT('',(86.347482777788,50.09491747452,
    -36.88357750981));
#3746 = CARTESIAN_POINT('',(86.319432297497,50.103586400886,
    -36.92191746086));
#3747 = CARTESIAN_POINT('',(86.291431954151,50.112669711796,
    -36.96024047644));
#3748 = CARTESIAN_POINT('',(86.263484727566,50.122170214746,
    -36.99854529742));
#3749 = CARTESIAN_POINT('',(86.235593582273,50.132090854214,
    -37.03683071135));
#3750 = CARTESIAN_POINT('',(86.140339190601,50.167492340817,
    -37.16779073174));
#3751 = CARTESIAN_POINT('',(86.073217109546,50.195054715033,
    -37.26042648263));
#3752 = CARTESIAN_POINT('',(86.00644747492,50.225173806154,
    -37.35298504181));
#3753 = CARTESIAN_POINT('',(85.940080737812,50.257910702374,
    -37.44544934747));
#3754 = CARTESIAN_POINT('',(85.874168973686,50.293335569098,
    -37.53780101613));
#3755 = CARTESIAN_POINT('',(85.808769228574,50.33152778373,
    -37.63001850458));
#3756 = CARTESIAN_POINT('',(85.743946815871,50.37257628423,
    -37.72207544655));
#3757 = CARTESIAN_POINT('',(85.679778594939,50.416580172807,
    -37.81393915438));
#3758 = CARTESIAN_POINT('',(85.616356268672,50.463649624822,
    -37.90556927279));
#3759 = CARTESIAN_POINT('',(85.553789745445,50.513907160827,
    -37.99691657268));
#3760 = CARTESIAN_POINT('',(85.4922106219,50.567489353115,
    -38.08792186633));
#3761 = CARTESIAN_POINT('',(85.431775857605,50.62454905208,-38.178515025
    ));
#3762 = CARTESIAN_POINT('',(85.372671732315,50.68525823839,
    -38.26861407163));
#3763 = CARTESIAN_POINT('',(85.290630188618,50.777277964196,
    -38.39620934906));
#3764 = CARTESIAN_POINT('',(85.266409501575,50.805456499859,
    -38.4342141632));
#3765 = CARTESIAN_POINT('',(85.24247193186,50.834366065184,
    -38.47213184811));
#3766 = CARTESIAN_POINT('',(85.218836050823,50.864025204121,
    -38.50995459061));
#3767 = CARTESIAN_POINT('',(85.195523291484,50.894452216033,
    -38.54767364382));
#3768 = CARTESIAN_POINT('',(85.172558037356,50.925665194811,
    -38.58527929325));
#3769 = CARTESIAN_POINT('',(85.149967719672,50.957682069445,
    -38.62276081984));
#3770 = CARTESIAN_POINT('',(85.127782923655,50.990520646521,
    -38.66010645989));
#3771 = CARTESIAN_POINT('',(85.106037504994,51.024198654213,
    -38.69730336123));
#3772 = CARTESIAN_POINT('',(85.08476871708,51.058733788602,
    -38.73433753575));
#3773 = CARTESIAN_POINT('',(85.06401735051,51.094143761725,
    -38.77119380738));
#3774 = CARTESIAN_POINT('',(85.043827885561,51.130446352231,
    -38.80785575573));
#3775 = CARTESIAN_POINT('',(85.024248659236,51.167659458295,
    -38.84430565431));
#3776 = CARTESIAN_POINT('',(84.98190965373,51.253027890433,
    -38.92537016432));
#3777 = CARTESIAN_POINT('',(84.959480025912,51.301717542208,
    -38.96989943674));
#3778 = CARTESIAN_POINT('',(84.938176088548,51.351898123575,
    -39.01408982692));
#3779 = CARTESIAN_POINT('',(84.918088819329,51.403600141222,
    -39.05788249629));
#3780 = CARTESIAN_POINT('',(84.899350770992,51.456850967736,
    -39.10123936516));
#3781 = CARTESIAN_POINT('',(84.882136414007,51.511660933059,
    -39.1441296928));
#3782 = CARTESIAN_POINT('',(84.866631005224,51.568018666945,
    -39.18650451382));
#3783 = CARTESIAN_POINT('',(84.853005947947,51.625899282948,
    -39.22829195026));
#3784 = CARTESIAN_POINT('',(84.841422882342,51.685276663131,
    -39.26942198364));
#3785 = CARTESIAN_POINT('',(84.832071038133,51.746120809322,
    -39.30986556009));
#3786 = CARTESIAN_POINT('',(84.82522283368,51.808353473091,
    -39.34964953678));
#3787 = CARTESIAN_POINT('',(84.82127161836,51.871730704053,
    -39.38878557468));
#3788 = CARTESIAN_POINT('',(84.820693666536,51.935620251596,
    -39.42702754299));
#3789 = CARTESIAN_POINT('',(84.826240195454,52.046161165584,
    -39.49073142106));
#3790 = CARTESIAN_POINT('',(84.831198512832,52.09241700672,
    -39.51659184199));
#3791 = CARTESIAN_POINT('',(84.837677760856,52.138637218249,
    -39.54153538256));
#3792 = CARTESIAN_POINT('',(84.845438544917,52.185205852133,
    -39.56580583068));
#3793 = CARTESIAN_POINT('',(84.854516541776,52.232157626958,
    -39.58945445389));
#3794 = CARTESIAN_POINT('',(84.864973953431,52.279433328851,
    -39.61245268321));
#3795 = CARTESIAN_POINT('',(84.876828527065,52.32698374025,
    -39.63475948973));
#3796 = CARTESIAN_POINT('',(84.890070530172,52.374789185667,
    -39.65635315195));
#3797 = CARTESIAN_POINT('',(84.904701515506,52.422844733346,
    -39.67723647846));
#3798 = CARTESIAN_POINT('',(84.920753831379,52.471143894088,
    -39.69742486866));
#3799 = CARTESIAN_POINT('',(84.938276755207,52.519676442932,
    -39.71692778868));
#3800 = CARTESIAN_POINT('',(84.957303985332,52.568438968067,
    -39.73573628706));
#3801 = CARTESIAN_POINT('',(84.977848058289,52.617440129545,
    -39.75383195722));
#3802 = CARTESIAN_POINT('',(85.,52.666666666662,-39.77123616632));
#3803 = CARTESIAN_POINT('',(87.,50.,-36.));
#3804 = CARTESIAN_POINT('',(86.99958152242,50.,-36.00065833209));
#3805 = CARTESIAN_POINT('',(86.997435422076,50.000000070566,
    -36.0000950504));
#3806 = CARTESIAN_POINT('',(87.00272128389,50.000000211706,
    -36.00478695958));
#3807 = CARTESIAN_POINT('',(86.986630799685,50.000000423394,
    -35.99436350956));
#3808 = CARTESIAN_POINT('',(87.015502296817,50.000000705688,
    -36.0157329815));
#3809 = CARTESIAN_POINT('',(86.972339083679,50.000001058486,
    -35.98616622139));
#3810 = CARTESIAN_POINT('',(87.018865642603,50.000001481937,
    -36.02001970741));
#3811 = CARTESIAN_POINT('',(86.977919013158,50.000001975859,
    -35.99202030887));
#3812 = CARTESIAN_POINT('',(87.003685567802,50.000002540438,
    -36.01119425532));
#3813 = CARTESIAN_POINT('',(86.990122824821,50.000003175516,
    -36.00255818886));
#3814 = CARTESIAN_POINT('',(86.994039326886,50.000003881205,
    -36.00628181528));
#3815 = CARTESIAN_POINT('',(86.992374890351,50.00000465744,
    -36.00605912235));
#3816 = CARTESIAN_POINT('',(86.991868836749,50.000005504251,
    -36.00665553008));
#3817 = CARTESIAN_POINT('',(86.990639836362,50.000007306812,
    -36.0076614935));
#3818 = CARTESIAN_POINT('',(86.990036310422,50.0000082577,
    -36.00815549261));
#3819 = CARTESIAN_POINT('',(86.989432784248,50.000009274291,
    -36.00864949197));
#3820 = CARTESIAN_POINT('',(86.988829257821,50.00001035658,
    -36.00914349163));
#3821 = CARTESIAN_POINT('',(86.988225731137,50.000011504582,
    -36.00963749155));
#3822 = CARTESIAN_POINT('',(86.987622204173,50.000012718272,
    -36.01013149181));
#3823 = CARTESIAN_POINT('',(86.987018676928,50.000013997686,
    -36.01062549234));
#3824 = CARTESIAN_POINT('',(86.98641514938,50.000015342781,
    -36.01111949326));
#3825 = CARTESIAN_POINT('',(86.985811621521,50.000016753601,
    -36.01161349448));
#3826 = CARTESIAN_POINT('',(86.985208093339,50.00001823011,
    -36.0121074961));
#3827 = CARTESIAN_POINT('',(86.984604564819,50.000019772333,
    -36.01260149807));
#3828 = CARTESIAN_POINT('',(86.984001035951,50.000021380256,
    -36.01309550044));
#3829 = CARTESIAN_POINT('',(86.98339750672,50.000023053886,
    -36.01358950321));
#3830 = CARTESIAN_POINT('',(86.981257747296,50.00002922054,
    -36.01534094668));
#3831 = CARTESIAN_POINT('',(86.9797215181,50.000034073553,
    -36.01659838671));
#3832 = CARTESIAN_POINT('',(86.978185289132,50.000039352268,
    -36.01785582692));
#3833 = CARTESIAN_POINT('',(86.976649059985,50.000045056687,
    -36.01911326773));
#3834 = CARTESIAN_POINT('',(86.975112830276,50.000051186832,
    -36.02037070957));
#3835 = CARTESIAN_POINT('',(86.973576599581,50.000057742687,
    -36.02162815288));
#3836 = CARTESIAN_POINT('',(86.972040367538,50.00006472429,
    -36.02288559805));
#3837 = CARTESIAN_POINT('',(86.970504133703,50.000072131616,
    -36.02414304555));
#3838 = CARTESIAN_POINT('',(86.968967897724,50.000079964702,
    -36.02540049577));
#3839 = CARTESIAN_POINT('',(86.967431659163,50.000088223534,
    -36.02665794916));
#3840 = CARTESIAN_POINT('',(86.965895417648,50.000096908133,
    -36.02791540614));
#3841 = CARTESIAN_POINT('',(86.964359172766,50.0001060185,
    -36.02917286714));
#3842 = CARTESIAN_POINT('',(86.962822924124,50.000115554645,
    -36.03043033257));
#3843 = CARTESIAN_POINT('',(86.95445051844,50.00016984605,
    -36.03728340488));
#3844 = CARTESIAN_POINT('',(86.947614311909,50.000222604701,
    -36.04287907601));
#3845 = CARTESIAN_POINT('',(86.940778039816,50.0002837943,
    -36.04847483124));
#3846 = CARTESIAN_POINT('',(86.933941690244,50.000353416642,
    -36.0540706856));
#3847 = CARTESIAN_POINT('',(86.927105251283,50.000431473463,
    -36.05966665393));
#3848 = CARTESIAN_POINT('',(86.920268711007,50.000517966607,
    -36.06526275144));
#3849 = CARTESIAN_POINT('',(86.91343205752,50.000612897758,
    -36.07085899279));
#3850 = CARTESIAN_POINT('',(86.90659527888,50.000716268801,
    -36.07645539333));
#3851 = CARTESIAN_POINT('',(86.899758363204,50.000828081405,
    -36.08205196767));
#3852 = CARTESIAN_POINT('',(86.892921298546,50.000948337437,
    -36.08764873109));
#3853 = CARTESIAN_POINT('',(86.886084073016,50.001077038609,
    -36.09324569835));
#3854 = CARTESIAN_POINT('',(86.879246674682,50.001214186736,
    -36.09884288457));
#3855 = CARTESIAN_POINT('',(86.872409091638,50.001359783577,
    -36.10444030465));
#3856 = CARTESIAN_POINT('',(86.855967594747,50.001730191654,
    -36.11789994519));
#3857 = CARTESIAN_POINT('',(86.84636348856,50.001963218077,
    -36.1257624083));
#3858 = CARTESIAN_POINT('',(86.836758957884,50.002212921961,
    -36.13362540672));
#3859 = CARTESIAN_POINT('',(86.827153967223,50.00247931506,
    -36.14148898427));
#3860 = CARTESIAN_POINT('',(86.81754848103,50.002762409185,
    -36.14935318479));
#3861 = CARTESIAN_POINT('',(86.807942463851,50.003062216039,
    -36.15721805207));
#3862 = CARTESIAN_POINT('',(86.798335880084,50.003378747492,
    -36.16508362995));
#3863 = CARTESIAN_POINT('',(86.788728694326,50.003712015198,
    -36.17294996223));
#3864 = CARTESIAN_POINT('',(86.77912087095,50.004062031047,
    -36.18081709275));
#3865 = CARTESIAN_POINT('',(86.769512374541,50.004428806711,
    -36.1886850653));
#3866 = CARTESIAN_POINT('',(86.759903169514,50.004812354032,
    -36.19655392372));
#3867 = CARTESIAN_POINT('',(86.7502932204,50.00521268474,-36.20442371182
    ));
#3868 = CARTESIAN_POINT('',(86.740682491663,50.005629810627,
    -36.21229447343));
#3869 = CARTESIAN_POINT('',(86.711847860072,50.006931609118,
    -36.23590981019));
#3870 = CARTESIAN_POINT('',(86.692621520892,50.007866596443,
    -36.2516574178));
#3871 = CARTESIAN_POINT('',(86.673391637722,50.008868900882,
    -36.2674094411));
#3872 = CARTESIAN_POINT('',(86.654157918013,50.009938717899,
    -36.28316624599));
#3873 = CARTESIAN_POINT('',(86.634920069237,50.011076242926,
    -36.29892819841));
#3874 = CARTESIAN_POINT('',(86.615677798828,50.012281671449,
    -36.31469566418));
#3875 = CARTESIAN_POINT('',(86.596430814278,50.01355519888,
    -36.33046900937));
#3876 = CARTESIAN_POINT('',(86.577178823006,50.014897020716,
    -36.34624859969));
#3877 = CARTESIAN_POINT('',(86.557921532508,50.016307332372,
    -36.36203480126));
#3878 = CARTESIAN_POINT('',(86.538658650211,50.017786329329,
    -36.3778279798));
#3879 = CARTESIAN_POINT('',(86.519389883595,50.019334207024,
    -36.39362850136));
#3880 = CARTESIAN_POINT('',(86.500114940106,50.020951160918,
    -36.40943673178));
#3881 = CARTESIAN_POINT('',(86.480833527207,50.022637386462,
    -36.42525303699));
#3882 = CARTESIAN_POINT('',(86.42296900265,50.027904464405,
    -36.47272727472));
#3883 = CARTESIAN_POINT('',(86.384366164456,50.031691299818,
    -36.50440957397));
#3884 = CARTESIAN_POINT('',(86.345734090708,50.035757156047,
    -36.53612826351));
#3885 = CARTESIAN_POINT('',(86.307070034345,50.040105603798,
    -36.56788692616));
#3886 = CARTESIAN_POINT('',(86.268371248294,50.044740213764,
    -36.59968914488));
#3887 = CARTESIAN_POINT('',(86.229634985509,50.049664556656,
    -36.63153850234));
#3888 = CARTESIAN_POINT('',(86.190858498898,50.054882203165,
    -36.66343858164));
#3889 = CARTESIAN_POINT('',(86.152039041431,50.060396723996,
    -36.69539296535));
#3890 = CARTESIAN_POINT('',(86.113173866009,50.066211689852,
    -36.72740523662));
#3891 = CARTESIAN_POINT('',(86.074260225597,50.072330671427,
    -36.75947897805));
#3892 = CARTESIAN_POINT('',(86.035295373112,50.07875723943,
    -36.79161777268));
#3893 = CARTESIAN_POINT('',(85.996276561499,50.085494964556,
    -36.82382520325));
#3894 = CARTESIAN_POINT('',(85.957201043691,50.092547417508,
    -36.85610485267));
#3895 = CARTESIAN_POINT('',(85.823616298818,50.117707010805,
    -36.96654813559));
#3896 = CARTESIAN_POINT('',(85.728815823534,50.13734883573,
    -37.04507658311));
#3897 = CARTESIAN_POINT('',(85.633621503647,50.158948544419,
    -37.12411777618));
#3898 = CARTESIAN_POINT('',(85.537981165438,50.182604407007,
    -37.20374561497));
#3899 = CARTESIAN_POINT('',(85.441835074348,50.20841774587,
    -37.28403858993));
#3900 = CARTESIAN_POINT('',(85.345117404706,50.236502618647,
    -37.3650826019));
#3901 = CARTESIAN_POINT('',(85.247757709497,50.266995500785,
    -37.44697378203));
#3902 = CARTESIAN_POINT('',(85.149682390063,50.300064968812,
    -37.52982131187));
#3903 = CARTESIAN_POINT('',(85.050816165909,50.335921382675,
    -37.6137502433));
#3904 = CARTESIAN_POINT('',(84.951083544365,50.374826569101,
    -37.69890431864));
#3905 = CARTESIAN_POINT('',(84.850410290416,50.417103503997,
    -37.78544879056));
#3906 = CARTESIAN_POINT('',(84.748724896368,50.463145995623,
    -37.87357324219));
#3907 = CARTESIAN_POINT('',(84.64596005165,50.513428367241,
    -37.96349440705));
#3908 = CARTESIAN_POINT('',(84.498329208957,50.591696334978,
    -38.09415882202));
#3909 = CARTESIAN_POINT('',(84.454413712824,50.615739104996,
    -38.13321667582));
#3910 = CARTESIAN_POINT('',(84.410297633551,50.640682520601,
    -38.17265359933));
#3911 = CARTESIAN_POINT('',(84.365975469758,50.66657218896,
    -38.21249004712));
#3912 = CARTESIAN_POINT('',(84.321446209209,50.69346025392,
    -38.25274587952));
#3913 = CARTESIAN_POINT('',(84.276713328881,50.721405396019,
    -38.29344036259));
#3914 = CARTESIAN_POINT('',(84.231784794877,50.750472832445,
    -38.33459216812));
#3915 = CARTESIAN_POINT('',(84.186673062508,50.780734317113,
    -38.3762193737));
#3916 = CARTESIAN_POINT('',(84.14139507624,50.812268140557,
    -38.41833946258));
#3917 = CARTESIAN_POINT('',(84.095972269706,50.845159130056,
    -38.46096932386));
#3918 = CARTESIAN_POINT('',(84.050430565731,50.879498649509,
    -38.50412525231));
#3919 = CARTESIAN_POINT('',(84.004800376288,50.915384599537,
    -38.54782294847));
#3920 = CARTESIAN_POINT('',(83.95911660254,50.952921417418,
    -38.59207751863));
#3921 = CARTESIAN_POINT('',(83.857471201699,51.04033291986,
    -38.69178331544));
#3922 = CARTESIAN_POINT('',(83.801503186364,51.091055079318,
    -38.74751875885));
#3923 = CARTESIAN_POINT('',(83.745690836978,51.144759318796,
    -38.80408861433));
#3924 = CARTESIAN_POINT('',(83.690044348573,51.20148716987,
    -38.86153304586));
#3925 = CARTESIAN_POINT('',(83.634725650604,51.261499773788,
    -38.91985961656));
#3926 = CARTESIAN_POINT('',(83.580012672241,51.325191405481,
    -38.97900930589));
#3927 = CARTESIAN_POINT('',(83.526174281111,51.392889345487,
    -39.03888729759));
#3928 = CARTESIAN_POINT('',(83.473419965421,51.464828277571,
    -39.09943367602));
#3929 = CARTESIAN_POINT('',(83.421988203651,51.541351902378,
    -39.16067950831));
#3930 = CARTESIAN_POINT('',(83.372337340113,51.623158970177,
    -39.22270412985));
#3931 = CARTESIAN_POINT('',(83.325302659004,51.711175448011,
    -39.28537979008));
#3932 = CARTESIAN_POINT('',(83.281983223674,51.805399049549,
    -39.34776015583));
#3933 = CARTESIAN_POINT('',(83.243021922108,51.901826868059,
    -39.40693950876));
#3934 = CARTESIAN_POINT('',(83.180014621976,52.049008923614,
    -39.49269153352));
#3935 = CARTESIAN_POINT('',(83.154529039235,52.096756783834,
    -39.51892446424));
#3936 = CARTESIAN_POINT('',(83.130392050931,52.140844934094,
    -39.54251786714));
#3937 = CARTESIAN_POINT('',(83.107942122497,52.185415398215,
    -39.56581947962));
#3938 = CARTESIAN_POINT('',(83.087429759207,52.231312053095,
    -39.58904976222));
#3939 = CARTESIAN_POINT('',(83.068935503433,52.278230059976,
    -39.61190310712));
#3940 = CARTESIAN_POINT('',(83.052448951677,52.325734535077,
    -39.63416189775));
#3941 = CARTESIAN_POINT('',(83.037980284595,52.373589522861,
    -39.65577873478));
#3942 = CARTESIAN_POINT('',(83.025623932653,52.421739774298,
    -39.67676156946));
#3943 = CARTESIAN_POINT('',(83.015542131296,52.470189270791,
    -39.69707591119));
#3944 = CARTESIAN_POINT('',(83.007884248881,52.518921873381,
    -39.7166577015));
#3945 = CARTESIAN_POINT('',(83.002705901685,52.567910915416,
    -39.73550987289));
#3946 = CARTESIAN_POINT('',(83.,52.617165995546,-39.75373503621));
#3947 = CARTESIAN_POINT('',(83.,52.666666666664,-39.77123616633));
#3948 = ADVANCED_FACE('',(#3949),#3968,.T.);
#3949 = FACE_BOUND('',#3950,.T.);
#3950 = EDGE_LOOP('',(#3951,#3960,#3966,#3967));
#3951 = ORIENTED_EDGE('',*,*,#3952,.T.);
#3952 = EDGE_CURVE('',#1678,#3953,#3955,.T.);
#3953 = VERTEX_POINT('',#3954);
#3954 = CARTESIAN_POINT('',(-85.,62.999999999997,-37.));
#3955 = CIRCLE('',#3956,2.);
#3956 = AXIS2_PLACEMENT_3D('',#3957,#3958,#3959);
#3957 = CARTESIAN_POINT('',(-83.,62.999999999997,-37.));
#3958 = DIRECTION('',(0.,-1.,0.));
#3959 = DIRECTION('',(0.,0.,1.));
#3960 = ORIENTED_EDGE('',*,*,#3961,.T.);
#3961 = EDGE_CURVE('',#3953,#2016,#3962,.T.);
#3962 = LINE('',#3963,#3964);
#3963 = CARTESIAN_POINT('',(-85.,62.999999999997,-37.));
#3964 = VECTOR('',#3965,1.);
#3965 = DIRECTION('',(0.,-1.,0.));
#3966 = ORIENTED_EDGE('',*,*,#2015,.F.);
#3967 = ORIENTED_EDGE('',*,*,#1687,.F.);
#3968 = CYLINDRICAL_SURFACE('',#3969,2.);
#3969 = AXIS2_PLACEMENT_3D('',#3970,#3971,#3972);
#3970 = CARTESIAN_POINT('',(-83.,62.999999999997,-37.));
#3971 = DIRECTION('',(0.,-1.,0.));
#3972 = DIRECTION('',(0.,0.,1.));
#3973 = ADVANCED_FACE('',(#3974),#4043,.F.);
#3974 = FACE_BOUND('',#3975,.F.);
#3975 = EDGE_LOOP('',(#3976,#3977,#3985,#3993,#3999,#4000,#4001,#4002,
    #4011,#4019,#4028,#4036));
#3976 = ORIENTED_EDGE('',*,*,#2620,.F.);
#3977 = ORIENTED_EDGE('',*,*,#3978,.T.);
#3978 = EDGE_CURVE('',#2621,#3979,#3981,.T.);
#3979 = VERTEX_POINT('',#3980);
#3980 = CARTESIAN_POINT('',(85.,78.,46.));
#3981 = LINE('',#3982,#3983);
#3982 = CARTESIAN_POINT('',(85.,50.,46.));
#3983 = VECTOR('',#3984,1.);
#3984 = DIRECTION('',(0.,1.,-2.2E-16));
#3985 = ORIENTED_EDGE('',*,*,#3986,.T.);
#3986 = EDGE_CURVE('',#3979,#3987,#3989,.T.);
#3987 = VERTEX_POINT('',#3988);
#3988 = CARTESIAN_POINT('',(85.,78.,-46.));
#3989 = LINE('',#3990,#3991);
#3990 = CARTESIAN_POINT('',(85.,78.,46.));
#3991 = VECTOR('',#3992,1.);
#3992 = DIRECTION('',(0.,-2.2E-16,-1.));
#3993 = ORIENTED_EDGE('',*,*,#3994,.F.);
#3994 = EDGE_CURVE('',#2398,#3987,#3995,.T.);
#3995 = LINE('',#3996,#3997);
#3996 = CARTESIAN_POINT('',(85.,50.,-46.));
#3997 = VECTOR('',#3998,1.);
#3998 = DIRECTION('',(0.,1.,-2.2E-16));
#3999 = ORIENTED_EDGE('',*,*,#2395,.F.);
#4000 = ORIENTED_EDGE('',*,*,#3493,.T.);
#4001 = ORIENTED_EDGE('',*,*,#1720,.T.);
#4002 = ORIENTED_EDGE('',*,*,#4003,.T.);
#4003 = EDGE_CURVE('',#1712,#4004,#4006,.T.);
#4004 = VERTEX_POINT('',#4005);
#4005 = CARTESIAN_POINT('',(85.,72.000000000003,-36.));
#4006 = CIRCLE('',#4007,6.);
#4007 = AXIS2_PLACEMENT_3D('',#4008,#4009,#4010);
#4008 = CARTESIAN_POINT('',(85.,66.000000000003,-36.));
#4009 = DIRECTION('',(1.,0.,0.));
#4010 = DIRECTION('',(0.,-3.55E-15,-1.));
#4011 = ORIENTED_EDGE('',*,*,#4012,.T.);
#4012 = EDGE_CURVE('',#4004,#4013,#4015,.T.);
#4013 = VERTEX_POINT('',#4014);
#4014 = CARTESIAN_POINT('',(85.,72.000000000003,36.000000000002));
#4015 = LINE('',#4016,#4017);
#4016 = CARTESIAN_POINT('',(85.,72.000000000003,-36.));
#4017 = VECTOR('',#4018,1.);
#4018 = DIRECTION('',(0.,0.,1.));
#4019 = ORIENTED_EDGE('',*,*,#4020,.T.);
#4020 = EDGE_CURVE('',#4013,#4021,#4023,.T.);
#4021 = VERTEX_POINT('',#4022);
#4022 = CARTESIAN_POINT('',(85.,66.000000000003,42.000000000002));
#4023 = CIRCLE('',#4024,6.);
#4024 = AXIS2_PLACEMENT_3D('',#4025,#4026,#4027);
#4025 = CARTESIAN_POINT('',(85.,66.000000000003,36.000000000002));
#4026 = DIRECTION('',(1.,0.,0.));
#4027 = DIRECTION('',(0.,1.,0.));
#4028 = ORIENTED_EDGE('',*,*,#4029,.T.);
#4029 = EDGE_CURVE('',#4021,#4030,#4032,.T.);
#4030 = VERTEX_POINT('',#4031);
#4031 = CARTESIAN_POINT('',(85.,54.,42.000000000002));
#4032 = LINE('',#4033,#4034);
#4033 = CARTESIAN_POINT('',(85.,66.000000000003,42.000000000002));
#4034 = VECTOR('',#4035,1.);
#4035 = DIRECTION('',(0.,-1.,0.));
#4036 = ORIENTED_EDGE('',*,*,#4037,.T.);
#4037 = EDGE_CURVE('',#4030,#2623,#4038,.T.);
#4038 = CIRCLE('',#4039,6.);
#4039 = AXIS2_PLACEMENT_3D('',#4040,#4041,#4042);
#4040 = CARTESIAN_POINT('',(85.,54.,36.000000000002));
#4041 = DIRECTION('',(1.,0.,0.));
#4042 = DIRECTION('',(0.,-1.78E-15,1.));
#4043 = PLANE('',#4044);
#4044 = AXIS2_PLACEMENT_3D('',#4045,#4046,#4047);
#4045 = CARTESIAN_POINT('',(85.,50.,50.));
#4046 = DIRECTION('',(-1.,0.,0.));
#4047 = DIRECTION('',(-0.,-2.2E-16,-1.));
#4048 = ADVANCED_FACE('',(#4049),#4061,.T.);
#4049 = FACE_BOUND('',#4050,.T.);
#4050 = EDGE_LOOP('',(#4051,#4052,#4053,#4060));
#4051 = ORIENTED_EDGE('',*,*,#1711,.F.);
#4052 = ORIENTED_EDGE('',*,*,#4003,.T.);
#4053 = ORIENTED_EDGE('',*,*,#4054,.T.);
#4054 = EDGE_CURVE('',#4004,#1736,#4055,.T.);
#4055 = CIRCLE('',#4056,2.);
#4056 = AXIS2_PLACEMENT_3D('',#4057,#4058,#4059);
#4057 = CARTESIAN_POINT('',(83.,72.000000000003,-36.));
#4058 = DIRECTION('',(0.,-3.61E-15,-1.));
#4059 = DIRECTION('',(0.,1.,-3.61E-15));
#4060 = ORIENTED_EDGE('',*,*,#1735,.F.);
#4061 = TOROIDAL_SURFACE('',#4062,6.,2.);
#4062 = AXIS2_PLACEMENT_3D('',#4063,#4064,#4065);
#4063 = CARTESIAN_POINT('',(83.,66.000000000003,-36.));
#4064 = DIRECTION('',(1.,0.,0.));
#4065 = DIRECTION('',(0.,-3.55E-15,-1.));
#4066 = ADVANCED_FACE('',(#4067),#4085,.F.);
#4067 = FACE_BOUND('',#4068,.F.);
#4068 = EDGE_LOOP('',(#4069,#4070,#4071,#4079));
#4069 = ORIENTED_EDGE('',*,*,#1744,.T.);
#4070 = ORIENTED_EDGE('',*,*,#1827,.T.);
#4071 = ORIENTED_EDGE('',*,*,#4072,.F.);
#4072 = EDGE_CURVE('',#4073,#1828,#4075,.T.);
#4073 = VERTEX_POINT('',#4074);
#4074 = CARTESIAN_POINT('',(83.,70.000000000003,36.000000000002));
#4075 = LINE('',#4076,#4077);
#4076 = CARTESIAN_POINT('',(85.,70.000000000003,36.000000000002));
#4077 = VECTOR('',#4078,1.);
#4078 = DIRECTION('',(-1.,-0.,-0.));
#4079 = ORIENTED_EDGE('',*,*,#4080,.F.);
#4080 = EDGE_CURVE('',#1736,#4073,#4081,.T.);
#4081 = LINE('',#4082,#4083);
#4082 = CARTESIAN_POINT('',(83.,70.000000000003,-36.));
#4083 = VECTOR('',#4084,1.);
#4084 = DIRECTION('',(0.,0.,1.));
#4085 = PLANE('',#4086);
#4086 = AXIS2_PLACEMENT_3D('',#4087,#4088,#4089);
#4087 = CARTESIAN_POINT('',(85.,70.000000000003,-40.));
#4088 = DIRECTION('',(0.,1.,0.));
#4089 = DIRECTION('',(0.,0.,1.));
#4090 = ADVANCED_FACE('',(#4091),#4125,.F.);
#4091 = FACE_BOUND('',#4092,.F.);
#4092 = EDGE_LOOP('',(#4093,#4103,#4118,#4119));
#4093 = ORIENTED_EDGE('',*,*,#4094,.T.);
#4094 = EDGE_CURVE('',#4095,#4097,#4099,.T.);
#4095 = VERTEX_POINT('',#4096);
#4096 = CARTESIAN_POINT('',(-83.,64.999999999997,-23.66666666666));
#4097 = VERTEX_POINT('',#4098);
#4098 = CARTESIAN_POINT('',(-76.91629495427,64.999999999997,
    -23.66666666666));
#4099 = LINE('',#4100,#4101);
#4100 = CARTESIAN_POINT('',(-85.,64.999999999997,-23.66666666666));
#4101 = VECTOR('',#4102,1.);
#4102 = DIRECTION('',(1.,0.,0.));
#4103 = ORIENTED_EDGE('',*,*,#4104,.F.);
#4104 = EDGE_CURVE('',#1762,#4097,#4105,.T.);
#4105 = ( BOUNDED_CURVE() B_SPLINE_CURVE(11,(#4106,#4107,#4108,#4109,
    #4110,#4111,#4112,#4113,#4114,#4115,#4116,#4117),.UNSPECIFIED.,.F.,
.F.) B_SPLINE_CURVE_WITH_KNOTS((12,12),(9.141592604986,18.474926035466),
.PIECEWISE_BEZIER_KNOTS.) CURVE() GEOMETRIC_REPRESENTATION_ITEM() 
RATIONAL_B_SPLINE_CURVE((1.,1.,1.,1.000000000001,0.999999999999,
    1.000000000001,0.999999999999,1.000000000001,1.,1.,1.,1.)) 
REPRESENTATION_ITEM('') );
#4106 = CARTESIAN_POINT('',(-76.91629495427,64.999999999997,-33.));
#4107 = CARTESIAN_POINT('',(-76.91566993877,64.999999999997,
    -32.15021704969));
#4108 = CARTESIAN_POINT('',(-76.91667730608,64.999999999997,
    -31.30662573911));
#4109 = CARTESIAN_POINT('',(-76.91545519839,64.999999999997,
    -30.44915167783));
#4110 = CARTESIAN_POINT('',(-76.91657469882,64.999999999997,
    -29.61302386269));
#4111 = CARTESIAN_POINT('',(-76.91588694901,64.999999999997,
    -28.74962857786));
#4112 = CARTESIAN_POINT('',(-76.91588694902,64.999999999997,
    -27.91703808882));
#4113 = CARTESIAN_POINT('',(-76.91657469881,64.999999999997,
    -27.05364280399));
#4114 = CARTESIAN_POINT('',(-76.9154551984,64.999999999997,
    -26.21751498885));
#4115 = CARTESIAN_POINT('',(-76.91667730608,64.999999999997,
    -25.36004092758));
#4116 = CARTESIAN_POINT('',(-76.91566993877,64.999999999997,
    -24.516449617));
#4117 = CARTESIAN_POINT('',(-76.91629495427,64.999999999997,
    -23.66666666666));
#4118 = ORIENTED_EDGE('',*,*,#1759,.F.);
#4119 = ORIENTED_EDGE('',*,*,#4120,.F.);
#4120 = EDGE_CURVE('',#4095,#1760,#4121,.T.);
#4121 = LINE('',#4122,#4123);
#4122 = CARTESIAN_POINT('',(-83.,64.999999999997,-23.66666666666));
#4123 = VECTOR('',#4124,1.);
#4124 = DIRECTION('',(0.,0.,-1.));
#4125 = PLANE('',#4126);
#4126 = AXIS2_PLACEMENT_3D('',#4127,#4128,#4129);
#4127 = CARTESIAN_POINT('',(-85.,64.999999999997,-21.66666666666));
#4128 = DIRECTION('',(0.,1.,0.));
#4129 = DIRECTION('',(0.,0.,-1.));
#4130 = ADVANCED_FACE('',(#4131),#4151,.T.);
#4131 = FACE_BOUND('',#4132,.F.);
#4132 = EDGE_LOOP('',(#4133,#4142,#4143,#4144));
#4133 = ORIENTED_EDGE('',*,*,#4134,.F.);
#4134 = EDGE_CURVE('',#1760,#4135,#4137,.T.);
#4135 = VERTEX_POINT('',#4136);
#4136 = CARTESIAN_POINT('',(-85.,66.999999999997,-33.));
#4137 = CIRCLE('',#4138,2.);
#4138 = AXIS2_PLACEMENT_3D('',#4139,#4140,#4141);
#4139 = CARTESIAN_POINT('',(-83.,66.999999999997,-33.));
#4140 = DIRECTION('',(0.,0.,-1.));
#4141 = DIRECTION('',(0.,-1.,0.));
#4142 = ORIENTED_EDGE('',*,*,#1769,.T.);
#4143 = ORIENTED_EDGE('',*,*,#3952,.T.);
#4144 = ORIENTED_EDGE('',*,*,#4145,.F.);
#4145 = EDGE_CURVE('',#4135,#3953,#4146,.T.);
#4146 = CIRCLE('',#4147,4.);
#4147 = AXIS2_PLACEMENT_3D('',#4148,#4149,#4150);
#4148 = CARTESIAN_POINT('',(-85.,62.999999999997,-33.));
#4149 = DIRECTION('',(-1.,0.,0.));
#4150 = DIRECTION('',(0.,1.,3.55E-15));
#4151 = TOROIDAL_SURFACE('',#4152,4.,2.);
#4152 = AXIS2_PLACEMENT_3D('',#4153,#4154,#4155);
#4153 = CARTESIAN_POINT('',(-83.,62.999999999997,-33.));
#4154 = DIRECTION('',(1.,0.,0.));
#4155 = DIRECTION('',(-0.,1.,3.55E-15));
#4156 = ADVANCED_FACE('',(#4157),#4168,.F.);
#4157 = FACE_BOUND('',#4158,.F.);
#4158 = EDGE_LOOP('',(#4159,#4160,#4161,#4167));
#4159 = ORIENTED_EDGE('',*,*,#1809,.T.);
#4160 = ORIENTED_EDGE('',*,*,#1787,.T.);
#4161 = ORIENTED_EDGE('',*,*,#4162,.F.);
#4162 = EDGE_CURVE('',#1955,#1762,#4163,.T.);
#4163 = ( BOUNDED_CURVE() B_SPLINE_CURVE(2,(#4164,#4165,#4166),
.UNSPECIFIED.,.F.,.F.) B_SPLINE_CURVE_WITH_KNOTS((3,3),(0.,
1.445468447021),.PIECEWISE_BEZIER_KNOTS.) CURVE() 
GEOMETRIC_REPRESENTATION_ITEM() RATIONAL_B_SPLINE_CURVE((1.,
0.763666123524,1.)) REPRESENTATION_ITEM('') );
#4164 = CARTESIAN_POINT('',(-74.94416880002,66.665982339805,
    -33.06516213356));
#4165 = CARTESIAN_POINT('',(-75.22547390459,64.999999999997,
    -33.00000000001));
#4166 = CARTESIAN_POINT('',(-76.91629495427,64.999999999997,-33.));
#4167 = ORIENTED_EDGE('',*,*,#1971,.F.);
#4168 = ( BOUNDED_SURFACE() B_SPLINE_SURFACE(2,8,(
    (#4169,#4170,#4171,#4172,#4173,#4174,#4175,#4176,#4177)
    ,(#4178,#4179,#4180,#4181,#4182,#4183,#4184,#4185,#4186)
    ,(#4187,#4188,#4189,#4190,#4191,#4192,#4193,#4194,#4195
)),.UNSPECIFIED.,.F.,.F.,.F.) B_SPLINE_SURFACE_WITH_KNOTS((3,3),(9,9),(
    0.,1.445468447021),(7.696124157965,9.141592604986),
.PIECEWISE_BEZIER_KNOTS.) GEOMETRIC_REPRESENTATION_ITEM() 
RATIONAL_B_SPLINE_SURFACE((
    (1.,1.,1.,1.,1.,1.,1.,1.,1.)
    ,(0.707106781187,0.719473658402,0.731355572821,0.74219030319
      ,0.75025849337,0.757385175574,0.762121679215,0.763606413029
      ,0.763666123524)
,(1.,1.,1.,1.,1.,1.,1.,1.,1.))) REPRESENTATION_ITEM('') SURFACE() );
#4169 = CARTESIAN_POINT('',(-75.,66.000000000003,-35.64575131105));
#4170 = CARTESIAN_POINT('',(-75.,66.186553658476,-35.32845336259));
#4171 = CARTESIAN_POINT('',(-74.99012025491,66.33600827231,
    -34.99799090231));
#4172 = CARTESIAN_POINT('',(-74.9767759079,66.454100913469,
    -34.66285670231));
#4173 = CARTESIAN_POINT('',(-74.96516382808,66.538190476846,
    -34.32786520124));
#4174 = CARTESIAN_POINT('',(-74.95436115229,66.606144132708,
    -33.99453153751));
#4175 = CARTESIAN_POINT('',(-74.94690080553,66.649683871404,
    -33.66320080857));
#4176 = CARTESIAN_POINT('',(-74.94424034734,66.665558612806,
    -33.26628907202));
#4177 = CARTESIAN_POINT('',(-74.94416880002,66.665982339805,
    -33.06516213356));
#4178 = CARTESIAN_POINT('',(-75.,64.499999999998,-34.32287565553));
#4179 = CARTESIAN_POINT('',(-75.06875513548,64.617456689793,
    -34.18969228795));
#4180 = CARTESIAN_POINT('',(-75.12176697182,64.722172414361,
    -34.04364299669));
#4181 = CARTESIAN_POINT('',(-75.16200067619,64.81267395903,
    -33.88601499925));
#4182 = CARTESIAN_POINT('',(-75.18790140346,64.887220265101,
    -33.71722260614));
#4183 = CARTESIAN_POINT('',(-75.20875223924,64.943303166587,
    -33.54302262001));
#4184 = CARTESIAN_POINT('',(-75.22156173659,64.981264873462,
    -33.36260001273));
#4185 = CARTESIAN_POINT('',(-75.22528980874,64.999999999996,
    -33.18097413305));
#4186 = CARTESIAN_POINT('',(-75.22547390459,64.999999999997,
    -33.00000000001));
#4187 = CARTESIAN_POINT('',(-77.,64.499999999996,-34.32287565553));
#4188 = CARTESIAN_POINT('',(-77.,64.619510937483,-34.18736299001));
#4189 = CARTESIAN_POINT('',(-76.98738476041,64.72505322899,
    -34.03943738119));
#4190 = CARTESIAN_POINT('',(-76.96829783904,64.814973672846,
    -33.88127687143));
#4191 = CARTESIAN_POINT('',(-76.95053419723,64.888592422852,
    -33.71334375836));
#4192 = CARTESIAN_POINT('',(-76.93309202985,64.943839106688,
    -33.53991928962));
#4193 = CARTESIAN_POINT('',(-76.9205907459,64.981288126814,
    -33.36190697655));
#4194 = CARTESIAN_POINT('',(-76.91642805037,64.999999999997,
    -33.18095998279));
#4195 = CARTESIAN_POINT('',(-76.91629495427,64.999999999997,-33.));
#4196 = ADVANCED_FACE('',(#4197),#4208,.F.);
#4197 = FACE_BOUND('',#4198,.F.);
#4198 = EDGE_LOOP('',(#4199,#4200,#4201,#4207));
#4199 = ORIENTED_EDGE('',*,*,#4162,.T.);
#4200 = ORIENTED_EDGE('',*,*,#4104,.T.);
#4201 = ORIENTED_EDGE('',*,*,#4202,.F.);
#4202 = EDGE_CURVE('',#1941,#4097,#4203,.T.);
#4203 = ( BOUNDED_CURVE() B_SPLINE_CURVE(2,(#4204,#4205,#4206),
.UNSPECIFIED.,.F.,.F.) B_SPLINE_CURVE_WITH_KNOTS((3,3),(0.,9.33333343048
),.PIECEWISE_BEZIER_KNOTS.) CURVE() GEOMETRIC_REPRESENTATION_ITEM() 
RATIONAL_B_SPLINE_CURVE((1.,0.763666123524,1.)) REPRESENTATION_ITEM('') 
  );
#4204 = CARTESIAN_POINT('',(-74.94416880002,66.665982339806,
    -23.60150453312));
#4205 = CARTESIAN_POINT('',(-75.22547390459,64.999999999997,
    -23.66666666666));
#4206 = CARTESIAN_POINT('',(-76.91629495427,64.999999999997,
    -23.66666666666));
#4207 = ORIENTED_EDGE('',*,*,#1954,.F.);
#4208 = ( BOUNDED_SURFACE() B_SPLINE_SURFACE(2,11,(
    (#4209,#4210,#4211,#4212,#4213,#4214,#4215,#4216,#4217,#4218,#4219
      ,#4220)
    ,(#4221,#4222,#4223,#4224,#4225,#4226,#4227,#4228,#4229,#4230,#4231
      ,#4232)
    ,(#4233,#4234,#4235,#4236,#4237,#4238,#4239,#4240,#4241,#4242,#4243
,#4244
    )),.UNSPECIFIED.,.F.,.F.,.F.) B_SPLINE_SURFACE_WITH_KNOTS((3,3),(12,
    12),(0.,9.33333343048),(9.141592604986,18.474926035466),
.PIECEWISE_BEZIER_KNOTS.) GEOMETRIC_REPRESENTATION_ITEM() 
RATIONAL_B_SPLINE_SURFACE((
    (1.,1.,1.,1.000000000001,0.999999999999,1.000000000001
      ,0.999999999999,1.000000000001,1.,1.,1.,1.)
    ,(0.763666123524,0.763946522318,0.763494218442,0.764043596322
      ,0.763539666317,0.763849547004,0.763849546993,0.763539666324
      ,0.764043596318,0.763494218443,0.763946522318,0.763666123524)
    ,(1.,1.,1.,1.000000000001,0.999999999999,1.000000000001
,0.999999999999,1.000000000001,1.,1.,1.,1.
))) REPRESENTATION_ITEM('') SURFACE() );
#4209 = CARTESIAN_POINT('',(-74.94416880002,66.665982339805,
    -33.06516213356));
#4210 = CARTESIAN_POINT('',(-74.94383281584,66.667972149787,
    -32.12067573106));
#4211 = CARTESIAN_POINT('',(-74.94437487145,66.664758494004,
    -31.28148359664));
#4212 = CARTESIAN_POINT('',(-74.94371632324,66.668668830449,
    -30.44061598436));
#4213 = CARTESIAN_POINT('',(-74.9443205531,66.665074804063,
    -29.6105193025));
#4214 = CARTESIAN_POINT('',(-74.94394892458,66.667288025903,
    -28.7508229706));
#4215 = CARTESIAN_POINT('',(-74.94394892459,66.667288025832,
    -27.91584369571));
#4216 = CARTESIAN_POINT('',(-74.94432055309,66.665074804115,
    -27.05614736498));
#4217 = CARTESIAN_POINT('',(-74.94371632325,66.668668830421,
    -26.22605068163));
#4218 = CARTESIAN_POINT('',(-74.94437487144,66.664758494015,
    -25.38518307037));
#4219 = CARTESIAN_POINT('',(-74.94383281584,66.667972149784,
    -24.54599093554));
#4220 = CARTESIAN_POINT('',(-74.94416880002,66.665982339806,
    -23.60150453312));
#4221 = CARTESIAN_POINT('',(-75.22547390459,64.999999999997,
    -33.00000000001));
#4222 = CARTESIAN_POINT('',(-75.22633802859,64.999999999997,
    -32.15052895386));
#4223 = CARTESIAN_POINT('',(-75.22494316191,64.999999999997,
    -31.30554197915));
#4224 = CARTESIAN_POINT('',(-75.22663834009,64.999999999996,
    -30.45142689201));
#4225 = CARTESIAN_POINT('',(-75.2250822946,64.999999999999,
    -29.6094751653));
#4226 = CARTESIAN_POINT('',(-75.22603991881,64.999999999993,
    -28.75406218227));
#4227 = CARTESIAN_POINT('',(-75.22603991877,65.000000000002,
    -27.91260448441));
#4228 = CARTESIAN_POINT('',(-75.22508229462,64.999999999994,
    -27.05719150138));
#4229 = CARTESIAN_POINT('',(-75.22663834008,64.999999999999,
    -26.21523977467));
#4230 = CARTESIAN_POINT('',(-75.22494316192,64.999999999997,
    -25.36112468753));
#4231 = CARTESIAN_POINT('',(-75.22633802859,64.999999999997,
    -24.51613771282));
#4232 = CARTESIAN_POINT('',(-75.22547390459,64.999999999997,
    -23.66666666666));
#4233 = CARTESIAN_POINT('',(-76.91629495427,64.999999999997,-33.));
#4234 = CARTESIAN_POINT('',(-76.91566993877,64.999999999997,
    -32.15021704969));
#4235 = CARTESIAN_POINT('',(-76.91667730608,64.999999999997,
    -31.30662573911));
#4236 = CARTESIAN_POINT('',(-76.91545519839,64.999999999997,
    -30.44915167783));
#4237 = CARTESIAN_POINT('',(-76.91657469882,64.999999999997,
    -29.61302386269));
#4238 = CARTESIAN_POINT('',(-76.91588694901,64.999999999997,
    -28.74962857786));
#4239 = CARTESIAN_POINT('',(-76.91588694902,64.999999999997,
    -27.91703808882));
#4240 = CARTESIAN_POINT('',(-76.91657469881,64.999999999997,
    -27.05364280399));
#4241 = CARTESIAN_POINT('',(-76.9154551984,64.999999999997,
    -26.21751498885));
#4242 = CARTESIAN_POINT('',(-76.91667730608,64.999999999997,
    -25.36004092758));
#4243 = CARTESIAN_POINT('',(-76.91566993877,64.999999999997,
    -24.516449617));
#4244 = CARTESIAN_POINT('',(-76.91629495427,64.999999999997,
    -23.66666666666));
#4245 = ADVANCED_FACE('',(#4246),#4263,.F.);
#4246 = FACE_BOUND('',#4247,.F.);
#4247 = EDGE_LOOP('',(#4248,#4249,#4261,#4262));
#4248 = ORIENTED_EDGE('',*,*,#4202,.T.);
#4249 = ORIENTED_EDGE('',*,*,#4250,.T.);
#4250 = EDGE_CURVE('',#4097,#3463,#4251,.T.);
#4251 = ( BOUNDED_CURVE() B_SPLINE_CURVE(8,(#4252,#4253,#4254,#4255,
    #4256,#4257,#4258,#4259,#4260),.UNSPECIFIED.,.F.,.F.) 
B_SPLINE_CURVE_WITH_KNOTS((9,9),(18.474926035466,19.920394482503),
.PIECEWISE_BEZIER_KNOTS.) CURVE() GEOMETRIC_REPRESENTATION_ITEM() 
RATIONAL_B_SPLINE_CURVE((1.,1.,1.,1.,1.,1.,1.,1.,1.)) 
REPRESENTATION_ITEM('') );
#4252 = CARTESIAN_POINT('',(-76.91629495427,64.999999999997,
    -23.66666666666));
#4253 = CARTESIAN_POINT('',(-76.91642805037,64.999999999997,
    -23.48570668385));
#4254 = CARTESIAN_POINT('',(-76.9205907459,64.981288126823,
    -23.30475969023));
#4255 = CARTESIAN_POINT('',(-76.93309202985,64.943839106675,
    -23.1267473769));
#4256 = CARTESIAN_POINT('',(-76.95053419723,64.888592422893,
    -22.95332290845));
#4257 = CARTESIAN_POINT('',(-76.96829783904,64.814973672805,
    -22.78538979513));
#4258 = CARTESIAN_POINT('',(-76.98738476041,64.725053229029,
    -22.62722928552));
#4259 = CARTESIAN_POINT('',(-77.,64.61951093747,-22.47930367663));
#4260 = CARTESIAN_POINT('',(-77.,64.5,-22.34379101113));
#4261 = ORIENTED_EDGE('',*,*,#3462,.F.);
#4262 = ORIENTED_EDGE('',*,*,#1940,.F.);
#4263 = ( BOUNDED_SURFACE() B_SPLINE_SURFACE(2,8,(
    (#4264,#4265,#4266,#4267,#4268,#4269,#4270,#4271,#4272)
    ,(#4273,#4274,#4275,#4276,#4277,#4278,#4279,#4280,#4281)
    ,(#4282,#4283,#4284,#4285,#4286,#4287,#4288,#4289,#4290
)),.UNSPECIFIED.,.F.,.F.,.F.) B_SPLINE_SURFACE_WITH_KNOTS((3,3),(9,9),(
    0.,1.445468447037),(18.474926035466,19.920394482503),
.PIECEWISE_BEZIER_KNOTS.) GEOMETRIC_REPRESENTATION_ITEM() 
RATIONAL_B_SPLINE_SURFACE((
    (1.,1.,1.,1.,1.,1.,1.,1.,1.)
    ,(0.763666123524,0.763606413029,0.762121679215,0.757385175575
      ,0.750258493369,0.742190303192,0.73135557282,0.719473658403
      ,0.707106781187)
,(1.,1.,1.,1.,1.,1.,1.,1.,1.))) REPRESENTATION_ITEM('') SURFACE() );
#4264 = CARTESIAN_POINT('',(-74.94416880002,66.665982339806,
    -23.60150453312));
#4265 = CARTESIAN_POINT('',(-74.94424034734,66.665558612807,
    -23.40037759468));
#4266 = CARTESIAN_POINT('',(-74.94690080553,66.649683871403,
    -23.00346585809));
#4267 = CARTESIAN_POINT('',(-74.95436115229,66.606144132729,
    -22.67213512921));
#4268 = CARTESIAN_POINT('',(-74.96516382808,66.538190476823,
    -22.33880146538));
#4269 = CARTESIAN_POINT('',(-74.9767759079,66.454100913507,
    -22.00380996442));
#4270 = CARTESIAN_POINT('',(-74.99012025491,66.336008272292,
    -21.66867576432));
#4271 = CARTESIAN_POINT('',(-75.,66.18655365849,-21.33821330409));
#4272 = CARTESIAN_POINT('',(-75.,66.000000000003,-21.0209153556));
#4273 = CARTESIAN_POINT('',(-75.22547390459,64.999999999997,
    -23.66666666666));
#4274 = CARTESIAN_POINT('',(-75.22528980874,64.999999999997,
    -23.48569253362));
#4275 = CARTESIAN_POINT('',(-75.22156173659,64.981264873465,
    -23.30406665395));
#4276 = CARTESIAN_POINT('',(-75.20875223925,64.943303166593,
    -23.12364404665));
#4277 = CARTESIAN_POINT('',(-75.18790140345,64.887220265103,
    -22.94944406054));
#4278 = CARTESIAN_POINT('',(-75.1620006762,64.812673959035,
    -22.78065166741));
#4279 = CARTESIAN_POINT('',(-75.12176697182,64.722172414364,
    -22.62302366998));
#4280 = CARTESIAN_POINT('',(-75.06875513548,64.617456689795,
    -22.47697437871));
#4281 = CARTESIAN_POINT('',(-75.,64.5,-22.34379101113));
#4282 = CARTESIAN_POINT('',(-76.91629495427,64.999999999997,
    -23.66666666666));
#4283 = CARTESIAN_POINT('',(-76.91642805037,64.999999999997,
    -23.48570668385));
#4284 = CARTESIAN_POINT('',(-76.9205907459,64.981288126823,
    -23.30475969023));
#4285 = CARTESIAN_POINT('',(-76.93309202985,64.943839106675,
    -23.1267473769));
#4286 = CARTESIAN_POINT('',(-76.95053419723,64.888592422893,
    -22.95332290845));
#4287 = CARTESIAN_POINT('',(-76.96829783904,64.814973672805,
    -22.78538979513));
#4288 = CARTESIAN_POINT('',(-76.98738476041,64.725053229029,
    -22.62722928552));
#4289 = CARTESIAN_POINT('',(-77.,64.61951093747,-22.47930367663));
#4290 = CARTESIAN_POINT('',(-77.,64.5,-22.34379101113));
#4291 = ADVANCED_FACE('',(#4292),#4303,.F.);
#4292 = FACE_BOUND('',#4293,.T.);
#4293 = EDGE_LOOP('',(#4294,#4295,#4302));
#4294 = ORIENTED_EDGE('',*,*,#1835,.F.);
#4295 = ORIENTED_EDGE('',*,*,#4296,.T.);
#4296 = EDGE_CURVE('',#1828,#2083,#4297,.T.);
#4297 = CIRCLE('',#4298,4.);
#4298 = AXIS2_PLACEMENT_3D('',#4299,#4300,#4301);
#4299 = CARTESIAN_POINT('',(-71.,66.000000000003,36.000000000002));
#4300 = DIRECTION('',(1.,0.,6.E-17));
#4301 = DIRECTION('',(-6.E-17,0.,1.));
#4302 = ORIENTED_EDGE('',*,*,#2082,.F.);
#4303 = SPHERICAL_SURFACE('',#4304,4.);
#4304 = AXIS2_PLACEMENT_3D('',#4305,#4306,#4307);
#4305 = CARTESIAN_POINT('',(-71.,66.000000000003,36.000000000002));
#4306 = DIRECTION('',(-0.,-1.,-0.));
#4307 = DIRECTION('',(-1.,0.,0.));
#4308 = ADVANCED_FACE('',(#4309),#4320,.T.);
#4309 = FACE_BOUND('',#4310,.T.);
#4310 = EDGE_LOOP('',(#4311,#4312,#4313));
#4311 = ORIENTED_EDGE('',*,*,#1844,.T.);
#4312 = ORIENTED_EDGE('',*,*,#2074,.T.);
#4313 = ORIENTED_EDGE('',*,*,#4314,.F.);
#4314 = EDGE_CURVE('',#1845,#2075,#4315,.T.);
#4315 = CIRCLE('',#4316,4.);
#4316 = AXIS2_PLACEMENT_3D('',#4317,#4318,#4319);
#4317 = CARTESIAN_POINT('',(-75.,62.999999999997,33.));
#4318 = DIRECTION('',(1.,0.,0.));
#4319 = DIRECTION('',(-0.,1.,0.));
#4320 = PLANE('',#4321);
#4321 = AXIS2_PLACEMENT_3D('',#4322,#4323,#4324);
#4322 = CARTESIAN_POINT('',(-75.,60.000000000001,1.14E-15));
#4323 = DIRECTION('',(1.,0.,0.));
#4324 = DIRECTION('',(0.,0.,1.));
#4325 = ADVANCED_FACE('',(#4326),#4350,.F.);
#4326 = FACE_BOUND('',#4327,.F.);
#4327 = EDGE_LOOP('',(#4328,#4329,#4343,#4349));
#4328 = ORIENTED_EDGE('',*,*,#3438,.T.);
#4329 = ORIENTED_EDGE('',*,*,#4330,.T.);
#4330 = EDGE_CURVE('',#3439,#4331,#4333,.T.);
#4331 = VERTEX_POINT('',#4332);
#4332 = CARTESIAN_POINT('',(-76.91629495427,64.999999999997,
    -4.666666666667));
#4333 = ( BOUNDED_CURVE() B_SPLINE_CURVE(8,(#4334,#4335,#4336,#4337,
    #4338,#4339,#4340,#4341,#4342),.UNSPECIFIED.,.F.,.F.) 
B_SPLINE_CURVE_WITH_KNOTS((9,9),(7.696124157967,9.141592604986),
.PIECEWISE_BEZIER_KNOTS.) CURVE() GEOMETRIC_REPRESENTATION_ITEM() 
RATIONAL_B_SPLINE_CURVE((1.,1.,1.,1.,1.,1.,1.,1.,1.)) 
REPRESENTATION_ITEM('') );
#4334 = CARTESIAN_POINT('',(-77.,64.499999999998,-5.989542322199));
#4335 = CARTESIAN_POINT('',(-77.,64.619510937484,-5.854029656681));
#4336 = CARTESIAN_POINT('',(-76.98738476041,64.725053228992,
    -5.706104047862));
#4337 = CARTESIAN_POINT('',(-76.96829783904,64.814973672845,
    -5.547943538102));
#4338 = CARTESIAN_POINT('',(-76.95053419723,64.888592422854,
    -5.380010425036));
#4339 = CARTESIAN_POINT('',(-76.93309202985,64.943839106687,
    -5.206585956286));
#4340 = CARTESIAN_POINT('',(-76.9205907459,64.981288126813,
    -5.028573643219));
#4341 = CARTESIAN_POINT('',(-76.91642805037,64.999999999997,
    -4.847626649467));
#4342 = CARTESIAN_POINT('',(-76.91629495427,64.999999999997,
    -4.666666666667));
#4343 = ORIENTED_EDGE('',*,*,#4344,.F.);
#4344 = EDGE_CURVE('',#1911,#4331,#4345,.T.);
#4345 = ( BOUNDED_CURVE() B_SPLINE_CURVE(2,(#4346,#4347,#4348),
.UNSPECIFIED.,.F.,.F.) B_SPLINE_CURVE_WITH_KNOTS((3,3),(0.,
1.445468447019),.PIECEWISE_BEZIER_KNOTS.) CURVE() 
GEOMETRIC_REPRESENTATION_ITEM() RATIONAL_B_SPLINE_CURVE((1.,
0.763666123524,1.)) REPRESENTATION_ITEM('') );
#4346 = CARTESIAN_POINT('',(-74.94416880002,66.665982339805,
    -4.731828800234));
#4347 = CARTESIAN_POINT('',(-75.22547390459,64.999999999997,
    -4.666666666682));
#4348 = CARTESIAN_POINT('',(-76.91629495427,64.999999999997,
    -4.666666666667));
#4349 = ORIENTED_EDGE('',*,*,#1927,.F.);
#4350 = ( BOUNDED_SURFACE() B_SPLINE_SURFACE(2,8,(
    (#4351,#4352,#4353,#4354,#4355,#4356,#4357,#4358,#4359)
    ,(#4360,#4361,#4362,#4363,#4364,#4365,#4366,#4367,#4368)
    ,(#4369,#4370,#4371,#4372,#4373,#4374,#4375,#4376,#4377
)),.UNSPECIFIED.,.F.,.F.,.F.) B_SPLINE_SURFACE_WITH_KNOTS((3,3),(9,9),(
    0.,1.445468447019),(7.696124157967,9.141592604986),
.PIECEWISE_BEZIER_KNOTS.) GEOMETRIC_REPRESENTATION_ITEM() 
RATIONAL_B_SPLINE_SURFACE((
    (1.,1.,1.,1.,1.,1.,1.,1.,1.)
    ,(0.707106781187,0.719473658403,0.73135557282,0.742190303192
      ,0.750258493368,0.757385175575,0.762121679215,0.763606413029
      ,0.763666123524)
,(1.,1.,1.,1.,1.,1.,1.,1.,1.))) REPRESENTATION_ITEM('') SURFACE() );
#4351 = CARTESIAN_POINT('',(-75.,66.000000000003,-7.312417977725));
#4352 = CARTESIAN_POINT('',(-75.,66.186553658491,-6.995120029241));
#4353 = CARTESIAN_POINT('',(-74.99012025491,66.336008272283,
    -6.664657569021));
#4354 = CARTESIAN_POINT('',(-74.9767759079,66.454100913508,
    -6.329523368918));
#4355 = CARTESIAN_POINT('',(-74.96516382808,66.538190476814,
    -5.99453186796));
#4356 = CARTESIAN_POINT('',(-74.95436115229,66.606144132725,
    -5.661198204157));
#4357 = CARTESIAN_POINT('',(-74.94690080553,66.6496838714,
    -5.329867475249));
#4358 = CARTESIAN_POINT('',(-74.94424034734,66.665558612806,
    -4.932955738694));
#4359 = CARTESIAN_POINT('',(-74.94416880002,66.665982339805,
    -4.731828800234));
#4360 = CARTESIAN_POINT('',(-75.,64.5,-5.989542322196));
#4361 = CARTESIAN_POINT('',(-75.06875513548,64.617456689794,
    -5.856358954617));
#4362 = CARTESIAN_POINT('',(-75.12176697181,64.722172414363,
    -5.710309663354));
#4363 = CARTESIAN_POINT('',(-75.1620006762,64.812673959028,
    -5.552681665919));
#4364 = CARTESIAN_POINT('',(-75.18790140345,64.887220265103,
    -5.383889272806));
#4365 = CARTESIAN_POINT('',(-75.20875223925,64.943303166587,
    -5.209689286677));
#4366 = CARTESIAN_POINT('',(-75.22156173658,64.981264873462,
    -5.029266679402));
#4367 = CARTESIAN_POINT('',(-75.22528980874,64.999999999996,
    -4.847640799722));
#4368 = CARTESIAN_POINT('',(-75.22547390459,64.999999999997,
    -4.666666666682));
#4369 = CARTESIAN_POINT('',(-77.,64.499999999998,-5.989542322199));
#4370 = CARTESIAN_POINT('',(-77.,64.619510937484,-5.854029656681));
#4371 = CARTESIAN_POINT('',(-76.98738476041,64.725053228992,
    -5.706104047862));
#4372 = CARTESIAN_POINT('',(-76.96829783904,64.814973672845,
    -5.547943538102));
#4373 = CARTESIAN_POINT('',(-76.95053419723,64.888592422854,
    -5.380010425036));
#4374 = CARTESIAN_POINT('',(-76.93309202985,64.943839106687,
    -5.206585956286));
#4375 = CARTESIAN_POINT('',(-76.9205907459,64.981288126813,
    -5.028573643219));
#4376 = CARTESIAN_POINT('',(-76.91642805037,64.999999999997,
    -4.847626649467));
#4377 = CARTESIAN_POINT('',(-76.91629495427,64.999999999997,
    -4.666666666667));
#4378 = ADVANCED_FACE('',(#4379),#4410,.F.);
#4379 = FACE_BOUND('',#4380,.F.);
#4380 = EDGE_LOOP('',(#4381,#4389,#4403,#4409));
#4381 = ORIENTED_EDGE('',*,*,#4382,.T.);
#4382 = EDGE_CURVE('',#1853,#4383,#4385,.T.);
#4383 = VERTEX_POINT('',#4384);
#4384 = CARTESIAN_POINT('',(-76.91629495427,64.999999999997,33.));
#4385 = ( BOUNDED_CURVE() B_SPLINE_CURVE(2,(#4386,#4387,#4388),
.UNSPECIFIED.,.F.,.F.) B_SPLINE_CURVE_WITH_KNOTS((3,3),(0.,
9.333333430539),.PIECEWISE_BEZIER_KNOTS.) CURVE() 
GEOMETRIC_REPRESENTATION_ITEM() RATIONAL_B_SPLINE_CURVE((1.,
0.763666123524,1.)) REPRESENTATION_ITEM('') );
#4386 = CARTESIAN_POINT('',(-74.94416880002,66.665982339806,
    33.065162133548));
#4387 = CARTESIAN_POINT('',(-75.22547390459,64.999999999997,
    33.000000000006));
#4388 = CARTESIAN_POINT('',(-76.91629495427,64.999999999997,33.));
#4389 = ORIENTED_EDGE('',*,*,#4390,.T.);
#4390 = EDGE_CURVE('',#4383,#4391,#4393,.T.);
#4391 = VERTEX_POINT('',#4392);
#4392 = CARTESIAN_POINT('',(-77.,64.5,34.322875655529));
#4393 = ( BOUNDED_CURVE() B_SPLINE_CURVE(8,(#4394,#4395,#4396,#4397,
    #4398,#4399,#4400,#4401,#4402),.UNSPECIFIED.,.F.,.F.) 
B_SPLINE_CURVE_WITH_KNOTS((9,9),(18.474926035526,19.920394482554),
.PIECEWISE_BEZIER_KNOTS.) CURVE() GEOMETRIC_REPRESENTATION_ITEM() 
RATIONAL_B_SPLINE_CURVE((1.,1.,1.,1.,1.,1.,1.,1.,1.)) 
REPRESENTATION_ITEM('') );
#4394 = CARTESIAN_POINT('',(-76.91629495427,64.999999999997,33.));
#4395 = CARTESIAN_POINT('',(-76.91642805037,64.999999999997,
    33.180959982805));
#4396 = CARTESIAN_POINT('',(-76.9205907459,64.981288126817,
    33.361906976487));
#4397 = CARTESIAN_POINT('',(-76.93309202985,64.943839106687,
    33.539919289684));
#4398 = CARTESIAN_POINT('',(-76.95053419723,64.888592422865,
    33.713343758304));
#4399 = CARTESIAN_POINT('',(-76.96829783904,64.814973672833,
    33.881276871466));
#4400 = CARTESIAN_POINT('',(-76.98738476041,64.72505322901,
    34.039437381172));
#4401 = CARTESIAN_POINT('',(-77.,64.619510937477,34.187362990022));
#4402 = CARTESIAN_POINT('',(-77.,64.5,34.322875655529));
#4403 = ORIENTED_EDGE('',*,*,#4404,.F.);
#4404 = EDGE_CURVE('',#1845,#4391,#4405,.T.);
#4405 = ( BOUNDED_CURVE() B_SPLINE_CURVE(2,(#4406,#4407,#4408),
.UNSPECIFIED.,.F.,.F.) B_SPLINE_CURVE_WITH_KNOTS((3,3),(0.,
1.445468447028),.PIECEWISE_BEZIER_KNOTS.) CURVE() 
GEOMETRIC_REPRESENTATION_ITEM() RATIONAL_B_SPLINE_CURVE((1.,
0.707106781187,1.)) REPRESENTATION_ITEM('') );
#4406 = CARTESIAN_POINT('',(-75.,66.000000000003,35.645751311058));
#4407 = CARTESIAN_POINT('',(-75.,64.500000000001,34.322875655528));
#4408 = CARTESIAN_POINT('',(-77.,64.5,34.322875655529));
#4409 = ORIENTED_EDGE('',*,*,#1852,.F.);
#4410 = ( BOUNDED_SURFACE() B_SPLINE_SURFACE(2,8,(
    (#4411,#4412,#4413,#4414,#4415,#4416,#4417,#4418,#4419)
    ,(#4420,#4421,#4422,#4423,#4424,#4425,#4426,#4427,#4428)
    ,(#4429,#4430,#4431,#4432,#4433,#4434,#4435,#4436,#4437
)),.UNSPECIFIED.,.F.,.F.,.F.) B_SPLINE_SURFACE_WITH_KNOTS((3,3),(9,9),(
    0.,1.445468447028),(18.474926035526,19.920394482554),
.PIECEWISE_BEZIER_KNOTS.) GEOMETRIC_REPRESENTATION_ITEM() 
RATIONAL_B_SPLINE_SURFACE((
    (1.,1.,1.,1.,1.,1.,1.,1.,1.)
    ,(0.763666123524,0.763606413029,0.762121679215,0.757385175576
      ,0.750258493367,0.742190303194,0.731355572819,0.719473658403
      ,0.707106781187)
,(1.,1.,1.,1.,1.,1.,1.,1.,1.))) REPRESENTATION_ITEM('') SURFACE() );
#4411 = CARTESIAN_POINT('',(-74.94416880002,66.665982339806,
    33.065162133548));
#4412 = CARTESIAN_POINT('',(-74.94424034734,66.665558612807,
    33.266289071998));
#4413 = CARTESIAN_POINT('',(-74.94690080553,66.649683871398,
    33.663200808603));
#4414 = CARTESIAN_POINT('',(-74.95436115229,66.606144132742,
    33.994531537416));
#4415 = CARTESIAN_POINT('',(-74.96516382808,66.53819047679,
    34.327865201354));
#4416 = CARTESIAN_POINT('',(-74.9767759079,66.454100913542,
    34.66285670218));
#4417 = CARTESIAN_POINT('',(-74.99012025491,66.336008272265,
    34.997990902383));
#4418 = CARTESIAN_POINT('',(-75.,66.186553658502,35.328453362556));
#4419 = CARTESIAN_POINT('',(-75.,66.000000000003,35.645751311058));
#4420 = CARTESIAN_POINT('',(-75.22547390459,64.999999999997,
    33.000000000006));
#4421 = CARTESIAN_POINT('',(-75.22528980874,64.999999999997,
    33.180974133048));
#4422 = CARTESIAN_POINT('',(-75.22156173658,64.981264873464,
    33.36260001272));
#4423 = CARTESIAN_POINT('',(-75.20875223925,64.943303166589,
    33.543022620011));
#4424 = CARTESIAN_POINT('',(-75.18790140344,64.887220265105,
    33.717222606127));
#4425 = CARTESIAN_POINT('',(-75.16200067621,64.812673959031,
    33.886014999251));
#4426 = CARTESIAN_POINT('',(-75.12176697181,64.722172414365,
    34.043642996684));
#4427 = CARTESIAN_POINT('',(-75.06875513549,64.617456689795,
    34.189692287949));
#4428 = CARTESIAN_POINT('',(-75.,64.500000000001,34.322875655528));
#4429 = CARTESIAN_POINT('',(-76.91629495427,64.999999999997,33.));
#4430 = CARTESIAN_POINT('',(-76.91642805037,64.999999999997,
    33.180959982805));
#4431 = CARTESIAN_POINT('',(-76.9205907459,64.981288126817,
    33.361906976487));
#4432 = CARTESIAN_POINT('',(-76.93309202985,64.943839106687,
    33.539919289684));
#4433 = CARTESIAN_POINT('',(-76.95053419723,64.888592422865,
    33.713343758304));
#4434 = CARTESIAN_POINT('',(-76.96829783904,64.814973672833,
    33.881276871466));
#4435 = CARTESIAN_POINT('',(-76.98738476041,64.72505322901,
    34.039437381172));
#4436 = CARTESIAN_POINT('',(-77.,64.619510937477,34.187362990022));
#4437 = CARTESIAN_POINT('',(-77.,64.5,34.322875655529));
#4438 = ADVANCED_FACE('',(#4439),#4466,.F.);
#4439 = FACE_BOUND('',#4440,.F.);
#4440 = EDGE_LOOP('',(#4441,#4442,#4459,#4465));
#4441 = ORIENTED_EDGE('',*,*,#4344,.T.);
#4442 = ORIENTED_EDGE('',*,*,#4443,.T.);
#4443 = EDGE_CURVE('',#4331,#4444,#4446,.T.);
#4444 = VERTEX_POINT('',#4445);
#4445 = CARTESIAN_POINT('',(-76.91629495428,64.999999999997,
    4.666666666667));
#4446 = ( BOUNDED_CURVE() B_SPLINE_CURVE(11,(#4447,#4448,#4449,#4450,
    #4451,#4452,#4453,#4454,#4455,#4456,#4457,#4458),.UNSPECIFIED.,.F.,
.F.) B_SPLINE_CURVE_WITH_KNOTS((12,12),(9.141592604986,18.4749260355),
.PIECEWISE_BEZIER_KNOTS.) CURVE() GEOMETRIC_REPRESENTATION_ITEM() 
RATIONAL_B_SPLINE_CURVE((1.,1.,1.,1.000000000001,0.999999999999,
1.000000000001,0.999999999999,1.,1.,1.,1.,1.)) REPRESENTATION_ITEM('') 
  );
#4447 = CARTESIAN_POINT('',(-76.91629495427,64.999999999997,
    -4.666666666667));
#4448 = CARTESIAN_POINT('',(-76.91566993877,64.999999999997,
    -3.816883716354));
#4449 = CARTESIAN_POINT('',(-76.91667730608,64.999999999997,
    -2.973292405781));
#4450 = CARTESIAN_POINT('',(-76.91545519839,64.999999999997,
    -2.115818344501));
#4451 = CARTESIAN_POINT('',(-76.91657469882,64.999999999998,
    -1.27969052936));
#4452 = CARTESIAN_POINT('',(-76.915886949,64.999999999997,
    -0.416295244531));
#4453 = CARTESIAN_POINT('',(-76.91588694902,64.999999999998,
    0.416295244509));
#4454 = CARTESIAN_POINT('',(-76.91657469881,64.999999999997,
    1.279690529334));
#4455 = CARTESIAN_POINT('',(-76.9154551984,64.999999999997,
    2.115818344477));
#4456 = CARTESIAN_POINT('',(-76.91667730608,64.999999999997,
    2.973292405746));
#4457 = CARTESIAN_POINT('',(-76.91566993877,64.999999999997,
    3.816883716319));
#4458 = CARTESIAN_POINT('',(-76.91629495428,64.999999999997,
    4.666666666667));
#4459 = ORIENTED_EDGE('',*,*,#4460,.F.);
#4460 = EDGE_CURVE('',#1897,#4444,#4461,.T.);
#4461 = ( BOUNDED_CURVE() B_SPLINE_CURVE(2,(#4462,#4463,#4464),
.UNSPECIFIED.,.F.,.F.) B_SPLINE_CURVE_WITH_KNOTS((3,3),(0.,
9.333333430514),.PIECEWISE_BEZIER_KNOTS.) CURVE() 
GEOMETRIC_REPRESENTATION_ITEM() RATIONAL_B_SPLINE_CURVE((1.,
0.763666123524,1.)) REPRESENTATION_ITEM('') );
#4462 = CARTESIAN_POINT('',(-74.94416880002,66.665982339806,
    4.731828800198));
#4463 = CARTESIAN_POINT('',(-75.22547390459,64.999999999997,
    4.666666666662));
#4464 = CARTESIAN_POINT('',(-76.91629495428,64.999999999997,
    4.666666666667));
#4465 = ORIENTED_EDGE('',*,*,#1910,.F.);
#4466 = ( BOUNDED_SURFACE() B_SPLINE_SURFACE(2,11,(
    (#4467,#4468,#4469,#4470,#4471,#4472,#4473,#4474,#4475,#4476,#4477
      ,#4478)
    ,(#4479,#4480,#4481,#4482,#4483,#4484,#4485,#4486,#4487,#4488,#4489
      ,#4490)
    ,(#4491,#4492,#4493,#4494,#4495,#4496,#4497,#4498,#4499,#4500,#4501
,#4502
    )),.UNSPECIFIED.,.F.,.F.,.F.) B_SPLINE_SURFACE_WITH_KNOTS((3,3),(12,
    12),(0.,9.333333430514),(9.141592604986,18.4749260355),
.PIECEWISE_BEZIER_KNOTS.) GEOMETRIC_REPRESENTATION_ITEM() 
RATIONAL_B_SPLINE_SURFACE((
    (1.,1.,1.,1.000000000001,0.999999999999,1.000000000001
      ,0.999999999999,1.,1.,1.,1.,1.)
    ,(0.763666123524,0.763946522318,0.763494218442,0.764043596322
      ,0.763539666317,0.763849547004,0.763849546993,0.763539666324
      ,0.764043596318,0.763494218443,0.763946522318,0.763666123524)
    ,(1.,1.,1.,1.000000000001,0.999999999999,1.000000000001
,0.999999999999,1.,1.,1.,1.,1.))) REPRESENTATION_ITEM('') SURFACE() );
#4467 = CARTESIAN_POINT('',(-74.94416880002,66.665982339805,
    -4.731828800234));
#4468 = CARTESIAN_POINT('',(-74.94383281584,66.667972149787,
    -3.787342397727));
#4469 = CARTESIAN_POINT('',(-74.94437487145,66.664758494004,
    -2.948150263304));
#4470 = CARTESIAN_POINT('',(-74.94371632324,66.668668830448,
    -2.107282651029));
#4471 = CARTESIAN_POINT('',(-74.9443205531,66.665074804063,
    -1.277185969168));
#4472 = CARTESIAN_POINT('',(-74.94394892457,66.667288025904,
    -0.417489637273));
#4473 = CARTESIAN_POINT('',(-74.94394892459,66.667288025831,
    0.417489637618));
#4474 = CARTESIAN_POINT('',(-74.94432055309,66.665074804117,
    1.277185968345));
#4475 = CARTESIAN_POINT('',(-74.94371632325,66.66866883042,
    2.107282651694));
#4476 = CARTESIAN_POINT('',(-74.94437487144,66.664758494015,
    2.948150262957));
#4477 = CARTESIAN_POINT('',(-74.94383281584,66.667972149784,
    3.787342397786));
#4478 = CARTESIAN_POINT('',(-74.94416880002,66.665982339806,
    4.731828800198));
#4479 = CARTESIAN_POINT('',(-75.22547390459,64.999999999997,
    -4.666666666682));
#4480 = CARTESIAN_POINT('',(-75.22633802859,64.999999999997,
    -3.817195620526));
#4481 = CARTESIAN_POINT('',(-75.22494316191,64.999999999997,
    -2.972208645823));
#4482 = CARTESIAN_POINT('',(-75.22663834009,64.999999999997,
    -2.11809355868));
#4483 = CARTESIAN_POINT('',(-75.22508229459,64.999999999997,
    -1.276141831974));
#4484 = CARTESIAN_POINT('',(-75.22603991881,64.999999999997,
    -0.420728848945));
#4485 = CARTESIAN_POINT('',(-75.22603991877,64.999999999997,
    0.420728848923));
#4486 = CARTESIAN_POINT('',(-75.22508229462,64.999999999997,
    1.276141831949));
#4487 = CARTESIAN_POINT('',(-75.22663834008,64.999999999997,
    2.118093558658));
#4488 = CARTESIAN_POINT('',(-75.22494316192,64.999999999997,
    2.972208645796));
#4489 = CARTESIAN_POINT('',(-75.22633802859,64.999999999997,
    3.817195620502));
#4490 = CARTESIAN_POINT('',(-75.22547390459,64.999999999997,
    4.666666666662));
#4491 = CARTESIAN_POINT('',(-76.91629495427,64.999999999997,
    -4.666666666667));
#4492 = CARTESIAN_POINT('',(-76.91566993877,64.999999999997,
    -3.816883716354));
#4493 = CARTESIAN_POINT('',(-76.91667730608,64.999999999997,
    -2.973292405781));
#4494 = CARTESIAN_POINT('',(-76.91545519839,64.999999999997,
    -2.115818344501));
#4495 = CARTESIAN_POINT('',(-76.91657469882,64.999999999998,
    -1.27969052936));
#4496 = CARTESIAN_POINT('',(-76.915886949,64.999999999997,
    -0.416295244531));
#4497 = CARTESIAN_POINT('',(-76.91588694902,64.999999999998,
    0.416295244509));
#4498 = CARTESIAN_POINT('',(-76.91657469881,64.999999999997,
    1.279690529334));
#4499 = CARTESIAN_POINT('',(-76.9154551984,64.999999999997,
    2.115818344477));
#4500 = CARTESIAN_POINT('',(-76.91667730608,64.999999999997,
    2.973292405746));
#4501 = CARTESIAN_POINT('',(-76.91566993877,64.999999999997,
    3.816883716319));
#4502 = CARTESIAN_POINT('',(-76.91629495428,64.999999999997,
    4.666666666667));
#4503 = ADVANCED_FACE('',(#4504),#4531,.F.);
#4504 = FACE_BOUND('',#4505,.F.);
#4505 = EDGE_LOOP('',(#4506,#4514,#4529,#4530));
#4506 = ORIENTED_EDGE('',*,*,#4507,.T.);
#4507 = EDGE_CURVE('',#1867,#4508,#4510,.T.);
#4508 = VERTEX_POINT('',#4509);
#4509 = CARTESIAN_POINT('',(-76.91629495427,64.999999999997,
    23.666666666667));
#4510 = ( BOUNDED_CURVE() B_SPLINE_CURVE(2,(#4511,#4512,#4513),
.UNSPECIFIED.,.F.,.F.) B_SPLINE_CURVE_WITH_KNOTS((3,3),(0.,
1.445468447019),.PIECEWISE_BEZIER_KNOTS.) CURVE() 
GEOMETRIC_REPRESENTATION_ITEM() RATIONAL_B_SPLINE_CURVE((1.,
0.763666123524,1.)) REPRESENTATION_ITEM('') );
#4511 = CARTESIAN_POINT('',(-74.94416880002,66.665982339805,
    23.601504533094));
#4512 = CARTESIAN_POINT('',(-75.22547390459,64.999999999997,
    23.666666666651));
#4513 = CARTESIAN_POINT('',(-76.91629495427,64.999999999997,
    23.666666666667));
#4514 = ORIENTED_EDGE('',*,*,#4515,.T.);
#4515 = EDGE_CURVE('',#4508,#4383,#4516,.T.);
#4516 = ( BOUNDED_CURVE() B_SPLINE_CURVE(11,(#4517,#4518,#4519,#4520,
    #4521,#4522,#4523,#4524,#4525,#4526,#4527,#4528),.UNSPECIFIED.,.F.,
.F.) B_SPLINE_CURVE_WITH_KNOTS((12,12),(9.141592604986,18.474926035526),
.PIECEWISE_BEZIER_KNOTS.) CURVE() GEOMETRIC_REPRESENTATION_ITEM() 
RATIONAL_B_SPLINE_CURVE((1.,1.,1.,1.000000000001,0.999999999998,
    1.000000000003,0.999999999998,1.000000000002,0.999999999999,1.,1.,1.
)) REPRESENTATION_ITEM('') );
#4517 = CARTESIAN_POINT('',(-76.91629495427,64.999999999997,
    23.666666666667));
#4518 = CARTESIAN_POINT('',(-76.91566993877,64.999999999997,
    24.516449616985));
#4519 = CARTESIAN_POINT('',(-76.91667730608,64.999999999997,
    25.360040927554));
#4520 = CARTESIAN_POINT('',(-76.91545519839,64.999999999997,
    26.217514988838));
#4521 = CARTESIAN_POINT('',(-76.91657469882,64.999999999997,
    27.053642803974));
#4522 = CARTESIAN_POINT('',(-76.915886949,64.999999999998,27.91703808881
    ));
#4523 = CARTESIAN_POINT('',(-76.91588694902,64.999999999997,
    28.749628577849));
#4524 = CARTESIAN_POINT('',(-76.91657469881,64.999999999998,
    29.613023862674));
#4525 = CARTESIAN_POINT('',(-76.9154551984,64.999999999997,
    30.449151677822));
#4526 = CARTESIAN_POINT('',(-76.91667730608,64.999999999997,
    31.306625739092));
#4527 = CARTESIAN_POINT('',(-76.91566993877,64.999999999997,
    32.150217049665));
#4528 = CARTESIAN_POINT('',(-76.91629495427,64.999999999997,33.));
#4529 = ORIENTED_EDGE('',*,*,#4382,.F.);
#4530 = ORIENTED_EDGE('',*,*,#1866,.F.);
#4531 = ( BOUNDED_SURFACE() B_SPLINE_SURFACE(2,11,(
    (#4532,#4533,#4534,#4535,#4536,#4537,#4538,#4539,#4540,#4541,#4542
      ,#4543)
    ,(#4544,#4545,#4546,#4547,#4548,#4549,#4550,#4551,#4552,#4553,#4554
      ,#4555)
    ,(#4556,#4557,#4558,#4559,#4560,#4561,#4562,#4563,#4564,#4565,#4566
,#4567
    )),.UNSPECIFIED.,.F.,.F.,.F.) B_SPLINE_SURFACE_WITH_KNOTS((3,3),(12,
    12),(0.,9.333333430539),(9.141592604986,18.474926035526),
.PIECEWISE_BEZIER_KNOTS.) GEOMETRIC_REPRESENTATION_ITEM() 
RATIONAL_B_SPLINE_SURFACE((
    (1.,1.,1.,1.000000000001,0.999999999998,1.000000000003
      ,0.999999999998,1.000000000002,0.999999999999,1.,1.,1.)
    ,(0.763666123524,0.763946522318,0.763494218442,0.764043596322
      ,0.763539666316,0.763849547005,0.763849546992,0.763539666325
      ,0.764043596318,0.763494218443,0.763946522318,0.763666123524)
    ,(1.,1.,1.,1.000000000001,0.999999999998,1.000000000003
      ,0.999999999998,1.000000000002,0.999999999999,1.,1.,1.
))) REPRESENTATION_ITEM('') SURFACE() );
#4532 = CARTESIAN_POINT('',(-74.94416880002,66.665982339805,
    23.601504533094));
#4533 = CARTESIAN_POINT('',(-74.94383281584,66.667972149787,
    24.545990935614));
#4534 = CARTESIAN_POINT('',(-74.94437487145,66.664758494004,
    25.385183070036));
#4535 = CARTESIAN_POINT('',(-74.94371632324,66.668668830448,
    26.226050682305));
#4536 = CARTESIAN_POINT('',(-74.9443205531,66.665074804064,
    27.056147364177));
#4537 = CARTESIAN_POINT('',(-74.94394892457,66.667288025902,
    27.915843696056));
#4538 = CARTESIAN_POINT('',(-74.94394892459,66.667288025834,
    28.750822970967));
#4539 = CARTESIAN_POINT('',(-74.94432055309,66.665074804114,
    29.610519301679));
#4540 = CARTESIAN_POINT('',(-74.94371632325,66.668668830422,
    30.440615985039));
#4541 = CARTESIAN_POINT('',(-74.94437487144,66.664758494014,
    31.281483596295));
#4542 = CARTESIAN_POINT('',(-74.94383281584,66.667972149785,
    32.120675731125));
#4543 = CARTESIAN_POINT('',(-74.94416880002,66.665982339806,
    33.065162133548));
#4544 = CARTESIAN_POINT('',(-75.22547390459,64.999999999997,
    23.666666666651));
#4545 = CARTESIAN_POINT('',(-75.22633802859,64.999999999997,
    24.516137712812));
#4546 = CARTESIAN_POINT('',(-75.22494316191,64.999999999997,
    25.361124687513));
#4547 = CARTESIAN_POINT('',(-75.22663834009,64.999999999997,
    26.215239774659));
#4548 = CARTESIAN_POINT('',(-75.22508229459,64.999999999999,
    27.057191501361));
#4549 = CARTESIAN_POINT('',(-75.22603991881,64.999999999995,
    27.912604484396));
#4550 = CARTESIAN_POINT('',(-75.22603991877,65.,28.75406218226));
#4551 = CARTESIAN_POINT('',(-75.22508229462,64.999999999995,
    29.609475165291));
#4552 = CARTESIAN_POINT('',(-75.22663834008,64.999999999998,30.451426892
    ));
#4553 = CARTESIAN_POINT('',(-75.22494316192,64.999999999997,
    31.305541979139));
#4554 = CARTESIAN_POINT('',(-75.22633802859,64.999999999997,
    32.150528953842));
#4555 = CARTESIAN_POINT('',(-75.22547390459,64.999999999997,
    33.000000000006));
#4556 = CARTESIAN_POINT('',(-76.91629495427,64.999999999997,
    23.666666666667));
#4557 = CARTESIAN_POINT('',(-76.91566993877,64.999999999997,
    24.516449616985));
#4558 = CARTESIAN_POINT('',(-76.91667730608,64.999999999997,
    25.360040927554));
#4559 = CARTESIAN_POINT('',(-76.91545519839,64.999999999997,
    26.217514988838));
#4560 = CARTESIAN_POINT('',(-76.91657469882,64.999999999997,
    27.053642803974));
#4561 = CARTESIAN_POINT('',(-76.915886949,64.999999999998,27.91703808881
    ));
#4562 = CARTESIAN_POINT('',(-76.91588694902,64.999999999997,
    28.749628577849));
#4563 = CARTESIAN_POINT('',(-76.91657469881,64.999999999998,
    29.613023862674));
#4564 = CARTESIAN_POINT('',(-76.9154551984,64.999999999997,
    30.449151677822));
#4565 = CARTESIAN_POINT('',(-76.91667730608,64.999999999997,
    31.306625739092));
#4566 = CARTESIAN_POINT('',(-76.91566993877,64.999999999997,
    32.150217049665));
#4567 = CARTESIAN_POINT('',(-76.91629495427,64.999999999997,33.));
#4568 = ADVANCED_FACE('',(#4569),#4586,.F.);
#4569 = FACE_BOUND('',#4570,.F.);
#4570 = EDGE_LOOP('',(#4571,#4572,#4584,#4585));
#4571 = ORIENTED_EDGE('',*,*,#4460,.T.);
#4572 = ORIENTED_EDGE('',*,*,#4573,.T.);
#4573 = EDGE_CURVE('',#4444,#3201,#4574,.T.);
#4574 = ( BOUNDED_CURVE() B_SPLINE_CURVE(8,(#4575,#4576,#4577,#4578,
    #4579,#4580,#4581,#4582,#4583),.UNSPECIFIED.,.F.,.F.) 
B_SPLINE_CURVE_WITH_KNOTS((9,9),(18.4749260355,19.920394482538),
.PIECEWISE_BEZIER_KNOTS.) CURVE() GEOMETRIC_REPRESENTATION_ITEM() 
RATIONAL_B_SPLINE_CURVE((1.,1.,1.,1.,1.,1.,1.,1.,1.)) 
REPRESENTATION_ITEM('') );
#4575 = CARTESIAN_POINT('',(-76.91629495428,64.999999999997,
    4.666666666667));
#4576 = CARTESIAN_POINT('',(-76.91642805037,64.999999999997,
    4.847626649476));
#4577 = CARTESIAN_POINT('',(-76.9205907459,64.981288126829,
    5.028573643071));
#4578 = CARTESIAN_POINT('',(-76.93309202986,64.943839106656,
    5.206585956473));
#4579 = CARTESIAN_POINT('',(-76.95053419722,64.888592422932,
    5.380010424809));
#4580 = CARTESIAN_POINT('',(-76.96829783904,64.814973672761,
    5.547943538254));
#4581 = CARTESIAN_POINT('',(-76.98738476041,64.725053229064,
    5.706104047768));
#4582 = CARTESIAN_POINT('',(-77.,64.619510937457,5.854029656709));
#4583 = CARTESIAN_POINT('',(-77.,64.500000000006,5.989542322189));
#4584 = ORIENTED_EDGE('',*,*,#3200,.F.);
#4585 = ORIENTED_EDGE('',*,*,#1896,.F.);
#4586 = ( BOUNDED_SURFACE() B_SPLINE_SURFACE(2,8,(
    (#4587,#4588,#4589,#4590,#4591,#4592,#4593,#4594,#4595)
    ,(#4596,#4597,#4598,#4599,#4600,#4601,#4602,#4603,#4604)
    ,(#4605,#4606,#4607,#4608,#4609,#4610,#4611,#4612,#4613
)),.UNSPECIFIED.,.F.,.F.,.F.) B_SPLINE_SURFACE_WITH_KNOTS((3,3),(9,9),(
    0.,1.445468447038),(18.4749260355,19.920394482538),
.PIECEWISE_BEZIER_KNOTS.) GEOMETRIC_REPRESENTATION_ITEM() 
RATIONAL_B_SPLINE_SURFACE((
    (1.,1.,1.,1.,1.,1.,1.,1.,1.)
    ,(0.763666123524,0.763606413029,0.762121679215,0.757385175576
      ,0.750258493367,0.742190303196,0.731355572818,0.719473658404
      ,0.707106781187)
,(1.,1.,1.,1.,1.,1.,1.,1.,1.))) REPRESENTATION_ITEM('') SURFACE() );
#4587 = CARTESIAN_POINT('',(-74.94416880002,66.665982339806,
    4.731828800198));
#4588 = CARTESIAN_POINT('',(-74.94424034734,66.665558612807,
    4.932955738641));
#4589 = CARTESIAN_POINT('',(-74.94690080553,66.649683871397,
    5.329867475263));
#4590 = CARTESIAN_POINT('',(-74.95436115229,66.606144132753,
    5.661198204046));
#4591 = CARTESIAN_POINT('',(-74.96516382808,66.538190476777,
    5.994531868039));
#4592 = CARTESIAN_POINT('',(-74.9767759079,66.454100913565,
    6.329523368804));
#4593 = CARTESIAN_POINT('',(-74.99012025491,66.336008272252,
    6.664657569067));
#4594 = CARTESIAN_POINT('',(-75.,66.186553658513,6.995120029204));
#4595 = CARTESIAN_POINT('',(-75.,66.000000000003,7.312417977725));
#4596 = CARTESIAN_POINT('',(-75.22547390459,64.999999999997,
    4.666666666662));
#4597 = CARTESIAN_POINT('',(-75.22528980874,64.999999999998,
    4.847640799705));
#4598 = CARTESIAN_POINT('',(-75.22156173658,64.981264873466,
    5.029266679369));
#4599 = CARTESIAN_POINT('',(-75.20875223925,64.943303166593,
    5.209689286681));
#4600 = CARTESIAN_POINT('',(-75.18790140344,64.887220265106,
    5.383889272779));
#4601 = CARTESIAN_POINT('',(-75.16200067622,64.812673959035,
    5.552681665916));
#4602 = CARTESIAN_POINT('',(-75.1217669718,64.722172414366,
    5.710309663347));
#4603 = CARTESIAN_POINT('',(-75.06875513549,64.617456689798,
    5.856358954612));
#4604 = CARTESIAN_POINT('',(-75.,64.500000000002,5.989542322193));
#4605 = CARTESIAN_POINT('',(-76.91629495428,64.999999999997,
    4.666666666667));
#4606 = CARTESIAN_POINT('',(-76.91642805037,64.999999999997,
    4.847626649476));
#4607 = CARTESIAN_POINT('',(-76.9205907459,64.981288126829,
    5.028573643071));
#4608 = CARTESIAN_POINT('',(-76.93309202986,64.943839106656,
    5.206585956473));
#4609 = CARTESIAN_POINT('',(-76.95053419722,64.888592422932,
    5.380010424809));
#4610 = CARTESIAN_POINT('',(-76.96829783904,64.814973672761,
    5.547943538254));
#4611 = CARTESIAN_POINT('',(-76.98738476041,64.725053229064,
    5.706104047768));
#4612 = CARTESIAN_POINT('',(-77.,64.619510937457,5.854029656709));
#4613 = CARTESIAN_POINT('',(-77.,64.500000000006,5.989542322189));
#4614 = ADVANCED_FACE('',(#4615),#4632,.F.);
#4615 = FACE_BOUND('',#4616,.F.);
#4616 = EDGE_LOOP('',(#4617,#4618,#4630,#4631));
#4617 = ORIENTED_EDGE('',*,*,#3176,.T.);
#4618 = ORIENTED_EDGE('',*,*,#4619,.T.);
#4619 = EDGE_CURVE('',#3177,#4508,#4620,.T.);
#4620 = ( BOUNDED_CURVE() B_SPLINE_CURVE(8,(#4621,#4622,#4623,#4624,
    #4625,#4626,#4627,#4628,#4629),.UNSPECIFIED.,.F.,.F.) 
B_SPLINE_CURVE_WITH_KNOTS((9,9),(7.696124157967,9.141592604986),
.PIECEWISE_BEZIER_KNOTS.) CURVE() GEOMETRIC_REPRESENTATION_ITEM() 
RATIONAL_B_SPLINE_CURVE((1.,1.,1.,1.,1.,1.,1.,1.,1.)) 
REPRESENTATION_ITEM('') );
#4621 = CARTESIAN_POINT('',(-77.,64.499999999998,22.343791011135));
#4622 = CARTESIAN_POINT('',(-77.,64.619510937481,22.47930367665));
#4623 = CARTESIAN_POINT('',(-76.98738476041,64.725053228997,
    22.627229285476));
#4624 = CARTESIAN_POINT('',(-76.96829783904,64.814973672838,
    22.785389795222));
#4625 = CARTESIAN_POINT('',(-76.95053419723,64.88859242286,
    22.953322908307));
#4626 = CARTESIAN_POINT('',(-76.93309202985,64.943839106684,
    23.12674737704));
#4627 = CARTESIAN_POINT('',(-76.9205907459,64.981288126814,
    23.304759690117));
#4628 = CARTESIAN_POINT('',(-76.91642805037,64.999999999997,
    23.485706683866));
#4629 = CARTESIAN_POINT('',(-76.91629495427,64.999999999997,
    23.666666666667));
#4630 = ORIENTED_EDGE('',*,*,#4507,.F.);
#4631 = ORIENTED_EDGE('',*,*,#1883,.F.);
#4632 = ( BOUNDED_SURFACE() B_SPLINE_SURFACE(2,8,(
    (#4633,#4634,#4635,#4636,#4637,#4638,#4639,#4640,#4641)
    ,(#4642,#4643,#4644,#4645,#4646,#4647,#4648,#4649,#4650)
    ,(#4651,#4652,#4653,#4654,#4655,#4656,#4657,#4658,#4659
)),.UNSPECIFIED.,.F.,.F.,.F.) B_SPLINE_SURFACE_WITH_KNOTS((3,3),(9,9),(
    0.,1.445468447019),(7.696124157967,9.141592604986),
.PIECEWISE_BEZIER_KNOTS.) GEOMETRIC_REPRESENTATION_ITEM() 
RATIONAL_B_SPLINE_SURFACE((
    (1.,1.,1.,1.,1.,1.,1.,1.,1.)
    ,(0.707106781187,0.719473658403,0.73135557282,0.742190303192
      ,0.750258493369,0.757385175574,0.762121679215,0.763606413029
      ,0.763666123524)
,(1.,1.,1.,1.,1.,1.,1.,1.,1.))) REPRESENTATION_ITEM('') SURFACE() );
#4633 = CARTESIAN_POINT('',(-75.,66.000000000003,21.020915355609));
#4634 = CARTESIAN_POINT('',(-75.,66.186553658488,21.338213304088));
#4635 = CARTESIAN_POINT('',(-74.99012025491,66.336008272288,
    21.668675764325));
#4636 = CARTESIAN_POINT('',(-74.9767759079,66.454100913501,
    22.003809964387));
#4637 = CARTESIAN_POINT('',(-74.96516382808,66.53819047682,
    22.338801465415));
#4638 = CARTESIAN_POINT('',(-74.95436115229,66.606144132722,
    22.672135129132));
#4639 = CARTESIAN_POINT('',(-74.94690080553,66.649683871401,
    23.003465858114));
#4640 = CARTESIAN_POINT('',(-74.94424034734,66.665558612805,
    23.400377594631));
#4641 = CARTESIAN_POINT('',(-74.94416880002,66.665982339805,
    23.601504533094));
#4642 = CARTESIAN_POINT('',(-75.,64.5,22.343791011137));
#4643 = CARTESIAN_POINT('',(-75.06875513548,64.617456689793,
    22.476974378715));
#4644 = CARTESIAN_POINT('',(-75.12176697181,64.722172414364,
    22.623023669979));
#4645 = CARTESIAN_POINT('',(-75.1620006762,64.812673959027,
    22.780651667413));
#4646 = CARTESIAN_POINT('',(-75.18790140345,64.887220265104,
    22.949444060528));
#4647 = CARTESIAN_POINT('',(-75.20875223924,64.943303166586,
    23.123644046656));
#4648 = CARTESIAN_POINT('',(-75.22156173658,64.981264873462,
    23.304066653931));
#4649 = CARTESIAN_POINT('',(-75.22528980874,64.999999999996,
    23.48569253361));
#4650 = CARTESIAN_POINT('',(-75.22547390459,64.999999999997,
    23.666666666651));
#4651 = CARTESIAN_POINT('',(-77.,64.499999999998,22.343791011135));
#4652 = CARTESIAN_POINT('',(-77.,64.619510937481,22.47930367665));
#4653 = CARTESIAN_POINT('',(-76.98738476041,64.725053228997,
    22.627229285476));
#4654 = CARTESIAN_POINT('',(-76.96829783904,64.814973672838,
    22.785389795222));
#4655 = CARTESIAN_POINT('',(-76.95053419723,64.88859242286,
    22.953322908307));
#4656 = CARTESIAN_POINT('',(-76.93309202985,64.943839106684,
    23.12674737704));
#4657 = CARTESIAN_POINT('',(-76.9205907459,64.981288126814,
    23.304759690117));
#4658 = CARTESIAN_POINT('',(-76.91642805037,64.999999999997,
    23.485706683866));
#4659 = CARTESIAN_POINT('',(-76.91629495427,64.999999999997,
    23.666666666667));
#4660 = ADVANCED_FACE('',(#4661),#4680,.T.);
#4661 = FACE_BOUND('',#4662,.T.);
#4662 = EDGE_LOOP('',(#4663,#4664,#4672,#4679));
#4663 = ORIENTED_EDGE('',*,*,#2025,.T.);
#4664 = ORIENTED_EDGE('',*,*,#4665,.T.);
#4665 = EDGE_CURVE('',#2026,#4666,#4668,.T.);
#4666 = VERTEX_POINT('',#4667);
#4667 = CARTESIAN_POINT('',(-85.,52.999999999997,-23.66666666666));
#4668 = LINE('',#4669,#4670);
#4669 = CARTESIAN_POINT('',(-85.,52.999999999997,-33.));
#4670 = VECTOR('',#4671,1.);
#4671 = DIRECTION('',(0.,0.,1.));
#4672 = ORIENTED_EDGE('',*,*,#4673,.F.);
#4673 = EDGE_CURVE('',#1994,#4666,#4674,.T.);
#4674 = CIRCLE('',#4675,2.);
#4675 = AXIS2_PLACEMENT_3D('',#4676,#4677,#4678);
#4676 = CARTESIAN_POINT('',(-83.,52.999999999997,-23.66666666666));
#4677 = DIRECTION('',(0.,-0.,1.));
#4678 = DIRECTION('',(0.,1.,0.));
#4679 = ORIENTED_EDGE('',*,*,#2001,.F.);
#4680 = CYLINDRICAL_SURFACE('',#4681,2.);
#4681 = AXIS2_PLACEMENT_3D('',#4682,#4683,#4684);
#4682 = CARTESIAN_POINT('',(-83.,52.999999999997,-33.));
#4683 = DIRECTION('',(0.,0.,1.));
#4684 = DIRECTION('',(0.,1.,0.));
#4685 = ADVANCED_FACE('',(#4686,#4756,#4781,#4851),#4889,.F.);
#4686 = FACE_BOUND('',#4687,.F.);
#4687 = EDGE_LOOP('',(#4688,#4698,#4707,#4715,#4724,#4732,#4741,#4749));
#4688 = ORIENTED_EDGE('',*,*,#4689,.T.);
#4689 = EDGE_CURVE('',#4690,#4692,#4694,.T.);
#4690 = VERTEX_POINT('',#4691);
#4691 = CARTESIAN_POINT('',(-85.,62.999999999997,19.666666666667));
#4692 = VERTEX_POINT('',#4693);
#4693 = CARTESIAN_POINT('',(-85.,56.999999999997,19.666666666667));
#4694 = LINE('',#4695,#4696);
#4695 = CARTESIAN_POINT('',(-85.,62.999999999997,19.666666666667));
#4696 = VECTOR('',#4697,1.);
#4697 = DIRECTION('',(0.,-1.,0.));
#4698 = ORIENTED_EDGE('',*,*,#4699,.T.);
#4699 = EDGE_CURVE('',#4692,#4700,#4702,.T.);
#4700 = VERTEX_POINT('',#4701);
#4701 = CARTESIAN_POINT('',(-85.,52.999999999997,23.666666666667));
#4702 = CIRCLE('',#4703,4.);
#4703 = AXIS2_PLACEMENT_3D('',#4704,#4705,#4706);
#4704 = CARTESIAN_POINT('',(-85.,56.999999999997,23.666666666667));
#4705 = DIRECTION('',(-1.,0.,-0.));
#4706 = DIRECTION('',(0.,3.55E-15,-1.));
#4707 = ORIENTED_EDGE('',*,*,#4708,.T.);
#4708 = EDGE_CURVE('',#4700,#4709,#4711,.T.);
#4709 = VERTEX_POINT('',#4710);
#4710 = CARTESIAN_POINT('',(-85.,52.999999999997,33.));
#4711 = LINE('',#4712,#4713);
#4712 = CARTESIAN_POINT('',(-85.,52.999999999997,23.666666666667));
#4713 = VECTOR('',#4714,1.);
#4714 = DIRECTION('',(0.,0.,1.));
#4715 = ORIENTED_EDGE('',*,*,#4716,.T.);
#4716 = EDGE_CURVE('',#4709,#4717,#4719,.T.);
#4717 = VERTEX_POINT('',#4718);
#4718 = CARTESIAN_POINT('',(-85.,56.999999999997,37.));
#4719 = CIRCLE('',#4720,4.);
#4720 = AXIS2_PLACEMENT_3D('',#4721,#4722,#4723);
#4721 = CARTESIAN_POINT('',(-85.,56.999999999997,33.));
#4722 = DIRECTION('',(-1.,0.,0.));
#4723 = DIRECTION('',(0.,-1.,0.));
#4724 = ORIENTED_EDGE('',*,*,#4725,.T.);
#4725 = EDGE_CURVE('',#4717,#4726,#4728,.T.);
#4726 = VERTEX_POINT('',#4727);
#4727 = CARTESIAN_POINT('',(-85.,62.999999999997,37.));
#4728 = LINE('',#4729,#4730);
#4729 = CARTESIAN_POINT('',(-85.,56.999999999997,37.));
#4730 = VECTOR('',#4731,1.);
#4731 = DIRECTION('',(0.,1.,0.));
#4732 = ORIENTED_EDGE('',*,*,#4733,.T.);
#4733 = EDGE_CURVE('',#4726,#4734,#4736,.T.);
#4734 = VERTEX_POINT('',#4735);
#4735 = CARTESIAN_POINT('',(-85.,66.999999999997,33.));
#4736 = CIRCLE('',#4737,4.);
#4737 = AXIS2_PLACEMENT_3D('',#4738,#4739,#4740);
#4738 = CARTESIAN_POINT('',(-85.,62.999999999997,33.));
#4739 = DIRECTION('',(-1.,0.,0.));
#4740 = DIRECTION('',(0.,0.,1.));
#4741 = ORIENTED_EDGE('',*,*,#4742,.T.);
#4742 = EDGE_CURVE('',#4734,#4743,#4745,.T.);
#4743 = VERTEX_POINT('',#4744);
#4744 = CARTESIAN_POINT('',(-85.,66.999999999997,23.666666666667));
#4745 = LINE('',#4746,#4747);
#4746 = CARTESIAN_POINT('',(-85.,66.999999999997,33.));
#4747 = VECTOR('',#4748,1.);
#4748 = DIRECTION('',(0.,0.,-1.));
#4749 = ORIENTED_EDGE('',*,*,#4750,.T.);
#4750 = EDGE_CURVE('',#4743,#4690,#4751,.T.);
#4751 = CIRCLE('',#4752,4.);
#4752 = AXIS2_PLACEMENT_3D('',#4753,#4754,#4755);
#4753 = CARTESIAN_POINT('',(-85.,62.999999999997,23.666666666667));
#4754 = DIRECTION('',(-1.,0.,0.));
#4755 = DIRECTION('',(0.,1.,1.78E-15));
#4756 = FACE_BOUND('',#4757,.F.);
#4757 = EDGE_LOOP('',(#4758,#4766,#4774,#4780));
#4758 = ORIENTED_EDGE('',*,*,#4759,.T.);
#4759 = EDGE_CURVE('',#2797,#4760,#4762,.T.);
#4760 = VERTEX_POINT('',#4761);
#4761 = CARTESIAN_POINT('',(-85.,78.,-46.));
#4762 = LINE('',#4763,#4764);
#4763 = CARTESIAN_POINT('',(-85.,50.,-46.));
#4764 = VECTOR('',#4765,1.);
#4765 = DIRECTION('',(0.,1.,-2.2E-16));
#4766 = ORIENTED_EDGE('',*,*,#4767,.T.);
#4767 = EDGE_CURVE('',#4760,#4768,#4770,.T.);
#4768 = VERTEX_POINT('',#4769);
#4769 = CARTESIAN_POINT('',(-85.,78.,46.));
#4770 = LINE('',#4771,#4772);
#4771 = CARTESIAN_POINT('',(-85.,78.,-46.));
#4772 = VECTOR('',#4773,1.);
#4773 = DIRECTION('',(0.,2.2E-16,1.));
#4774 = ORIENTED_EDGE('',*,*,#4775,.F.);
#4775 = EDGE_CURVE('',#2822,#4768,#4776,.T.);
#4776 = LINE('',#4777,#4778);
#4777 = CARTESIAN_POINT('',(-85.,50.,46.));
#4778 = VECTOR('',#4779,1.);
#4779 = DIRECTION('',(0.,1.,-2.2E-16));
#4780 = ORIENTED_EDGE('',*,*,#2821,.F.);
#4781 = FACE_BOUND('',#4782,.F.);
#4782 = EDGE_LOOP('',(#4783,#4793,#4802,#4810,#4819,#4827,#4836,#4844));
#4783 = ORIENTED_EDGE('',*,*,#4784,.T.);
#4784 = EDGE_CURVE('',#4785,#4787,#4789,.T.);
#4785 = VERTEX_POINT('',#4786);
#4786 = CARTESIAN_POINT('',(-85.,62.999999999997,-8.666666666667));
#4787 = VERTEX_POINT('',#4788);
#4788 = CARTESIAN_POINT('',(-85.,56.999999999997,-8.666666666667));
#4789 = LINE('',#4790,#4791);
#4790 = CARTESIAN_POINT('',(-85.,62.999999999997,-8.666666666667));
#4791 = VECTOR('',#4792,1.);
#4792 = DIRECTION('',(0.,-1.,0.));
#4793 = ORIENTED_EDGE('',*,*,#4794,.T.);
#4794 = EDGE_CURVE('',#4787,#4795,#4797,.T.);
#4795 = VERTEX_POINT('',#4796);
#4796 = CARTESIAN_POINT('',(-85.,52.999999999997,-4.666666666667));
#4797 = CIRCLE('',#4798,4.);
#4798 = AXIS2_PLACEMENT_3D('',#4799,#4800,#4801);
#4799 = CARTESIAN_POINT('',(-85.,56.999999999997,-4.666666666667));
#4800 = DIRECTION('',(-1.,0.,-0.));
#4801 = DIRECTION('',(0.,3.55E-15,-1.));
#4802 = ORIENTED_EDGE('',*,*,#4803,.T.);
#4803 = EDGE_CURVE('',#4795,#4804,#4806,.T.);
#4804 = VERTEX_POINT('',#4805);
#4805 = CARTESIAN_POINT('',(-85.,52.999999999997,4.666666666667));
#4806 = LINE('',#4807,#4808);
#4807 = CARTESIAN_POINT('',(-85.,52.999999999997,-4.666666666667));
#4808 = VECTOR('',#4809,1.);
#4809 = DIRECTION('',(0.,0.,1.));
#4810 = ORIENTED_EDGE('',*,*,#4811,.T.);
#4811 = EDGE_CURVE('',#4804,#4812,#4814,.T.);
#4812 = VERTEX_POINT('',#4813);
#4813 = CARTESIAN_POINT('',(-85.,56.999999999997,8.666666666667));
#4814 = CIRCLE('',#4815,4.);
#4815 = AXIS2_PLACEMENT_3D('',#4816,#4817,#4818);
#4816 = CARTESIAN_POINT('',(-85.,56.999999999997,4.666666666667));
#4817 = DIRECTION('',(-1.,0.,0.));
#4818 = DIRECTION('',(0.,-1.,0.));
#4819 = ORIENTED_EDGE('',*,*,#4820,.T.);
#4820 = EDGE_CURVE('',#4812,#4821,#4823,.T.);
#4821 = VERTEX_POINT('',#4822);
#4822 = CARTESIAN_POINT('',(-85.,62.999999999997,8.666666666667));
#4823 = LINE('',#4824,#4825);
#4824 = CARTESIAN_POINT('',(-85.,56.999999999997,8.666666666667));
#4825 = VECTOR('',#4826,1.);
#4826 = DIRECTION('',(0.,1.,0.));
#4827 = ORIENTED_EDGE('',*,*,#4828,.T.);
#4828 = EDGE_CURVE('',#4821,#4829,#4831,.T.);
#4829 = VERTEX_POINT('',#4830);
#4830 = CARTESIAN_POINT('',(-85.,66.999999999997,4.666666666667));
#4831 = CIRCLE('',#4832,4.);
#4832 = AXIS2_PLACEMENT_3D('',#4833,#4834,#4835);
#4833 = CARTESIAN_POINT('',(-85.,62.999999999997,4.666666666667));
#4834 = DIRECTION('',(-1.,0.,0.));
#4835 = DIRECTION('',(0.,0.,1.));
#4836 = ORIENTED_EDGE('',*,*,#4837,.T.);
#4837 = EDGE_CURVE('',#4829,#4838,#4840,.T.);
#4838 = VERTEX_POINT('',#4839);
#4839 = CARTESIAN_POINT('',(-85.,66.999999999997,-4.666666666667));
#4840 = LINE('',#4841,#4842);
#4841 = CARTESIAN_POINT('',(-85.,66.999999999997,4.666666666667));
#4842 = VECTOR('',#4843,1.);
#4843 = DIRECTION('',(0.,0.,-1.));
#4844 = ORIENTED_EDGE('',*,*,#4845,.T.);
#4845 = EDGE_CURVE('',#4838,#4785,#4846,.T.);
#4846 = CIRCLE('',#4847,4.);
#4847 = AXIS2_PLACEMENT_3D('',#4848,#4849,#4850);
#4848 = CARTESIAN_POINT('',(-85.,62.999999999997,-4.666666666667));
#4849 = DIRECTION('',(-1.,0.,0.));
#4850 = DIRECTION('',(0.,1.,0.));
#4851 = FACE_BOUND('',#4852,.F.);
#4852 = EDGE_LOOP('',(#4853,#4854,#4855,#4856,#4865,#4873,#4882,#4888));
#4853 = ORIENTED_EDGE('',*,*,#3961,.T.);
#4854 = ORIENTED_EDGE('',*,*,#2034,.T.);
#4855 = ORIENTED_EDGE('',*,*,#4665,.T.);
#4856 = ORIENTED_EDGE('',*,*,#4857,.T.);
#4857 = EDGE_CURVE('',#4666,#4858,#4860,.T.);
#4858 = VERTEX_POINT('',#4859);
#4859 = CARTESIAN_POINT('',(-85.,56.999999999997,-19.66666666666));
#4860 = CIRCLE('',#4861,4.);
#4861 = AXIS2_PLACEMENT_3D('',#4862,#4863,#4864);
#4862 = CARTESIAN_POINT('',(-85.,56.999999999997,-23.66666666666));
#4863 = DIRECTION('',(-1.,0.,0.));
#4864 = DIRECTION('',(0.,-1.,0.));
#4865 = ORIENTED_EDGE('',*,*,#4866,.T.);
#4866 = EDGE_CURVE('',#4858,#4867,#4869,.T.);
#4867 = VERTEX_POINT('',#4868);
#4868 = CARTESIAN_POINT('',(-85.,62.999999999997,-19.66666666666));
#4869 = LINE('',#4870,#4871);
#4870 = CARTESIAN_POINT('',(-85.,56.999999999997,-19.66666666666));
#4871 = VECTOR('',#4872,1.);
#4872 = DIRECTION('',(0.,1.,0.));
#4873 = ORIENTED_EDGE('',*,*,#4874,.T.);
#4874 = EDGE_CURVE('',#4867,#4875,#4877,.T.);
#4875 = VERTEX_POINT('',#4876);
#4876 = CARTESIAN_POINT('',(-85.,66.999999999997,-23.66666666666));
#4877 = CIRCLE('',#4878,4.);
#4878 = AXIS2_PLACEMENT_3D('',#4879,#4880,#4881);
#4879 = CARTESIAN_POINT('',(-85.,62.999999999997,-23.66666666666));
#4880 = DIRECTION('',(-1.,0.,0.));
#4881 = DIRECTION('',(0.,0.,1.));
#4882 = ORIENTED_EDGE('',*,*,#4883,.T.);
#4883 = EDGE_CURVE('',#4875,#4135,#4884,.T.);
#4884 = LINE('',#4885,#4886);
#4885 = CARTESIAN_POINT('',(-85.,66.999999999997,-23.66666666666));
#4886 = VECTOR('',#4887,1.);
#4887 = DIRECTION('',(0.,0.,-1.));
#4888 = ORIENTED_EDGE('',*,*,#4145,.T.);
#4889 = PLANE('',#4890);
#4890 = AXIS2_PLACEMENT_3D('',#4891,#4892,#4893);
#4891 = CARTESIAN_POINT('',(-85.,50.,-50.));
#4892 = DIRECTION('',(1.,0.,0.));
#4893 = DIRECTION('',(0.,2.2E-16,1.));
#4894 = ADVANCED_FACE('',(#4895),#4906,.F.);
#4895 = FACE_BOUND('',#4896,.F.);
#4896 = EDGE_LOOP('',(#4897,#4903,#4904,#4905));
#4897 = ORIENTED_EDGE('',*,*,#4898,.T.);
#4898 = EDGE_CURVE('',#2100,#2152,#4899,.T.);
#4899 = ( BOUNDED_CURVE() B_SPLINE_CURVE(2,(#4900,#4901,#4902),
.UNSPECIFIED.,.F.,.F.) B_SPLINE_CURVE_WITH_KNOTS((3,3),(0.,6.00000008592
),.PIECEWISE_BEZIER_KNOTS.) CURVE() GEOMETRIC_REPRESENTATION_ITEM() 
RATIONAL_B_SPLINE_CURVE((1.,0.763679028212,1.)) REPRESENTATION_ITEM('') 
  );
#4900 = CARTESIAN_POINT('',(-74.94415333731,56.939352612313,
    36.666073908621));
#4901 = CARTESIAN_POINT('',(-75.22551368653,57.000000000008,35.));
#4902 = CARTESIAN_POINT('',(-76.91626618786,56.999999999997,35.));
#4903 = ORIENTED_EDGE('',*,*,#2176,.T.);
#4904 = ORIENTED_EDGE('',*,*,#2049,.F.);
#4905 = ORIENTED_EDGE('',*,*,#2099,.F.);
#4906 = ( BOUNDED_SURFACE() B_SPLINE_SURFACE(2,8,(
    (#4907,#4908,#4909,#4910,#4911,#4912,#4913,#4914,#4915)
    ,(#4916,#4917,#4918,#4919,#4920,#4921,#4922,#4923,#4924)
    ,(#4925,#4926,#4927,#4928,#4929,#4930,#4931,#4932,#4933
)),.UNSPECIFIED.,.F.,.F.,.F.) B_SPLINE_SURFACE_WITH_KNOTS((3,3),(9,9),(
    0.,1.445468452704),(27.616518683486,29.06198713619),
.PIECEWISE_BEZIER_KNOTS.) GEOMETRIC_REPRESENTATION_ITEM() 
RATIONAL_B_SPLINE_SURFACE((
    (1.,1.,1.,1.,1.,1.,1.,1.,1.)
    ,(0.763679028212,0.763598555458,0.762120642658,0.757323127468
      ,0.750322396749,0.742156557264,0.731363779183,0.719473658403
      ,0.707106781187)
,(1.,1.,1.,1.,1.,1.,1.,1.,1.))) REPRESENTATION_ITEM('') SURFACE() );
#4907 = CARTESIAN_POINT('',(-74.94415333731,56.939352612313,
    36.666073908621));
#4908 = CARTESIAN_POINT('',(-74.94424976065,56.729229123614,
    36.665502938276));
#4909 = CARTESIAN_POINT('',(-74.94690222307,56.336788982417,
    36.649685119555));
#4910 = CARTESIAN_POINT('',(-74.95443379254,56.005546400806,
    36.605681584947));
#4911 = CARTESIAN_POINT('',(-74.96508710186,55.67206974677,
    36.538638867247));
#4912 = CARTESIAN_POINT('',(-74.97681667281,55.337175085931,
    36.453869325822));
#4913 = CARTESIAN_POINT('',(-74.9901103238,55.002001637905,
    36.33606405048));
#4914 = CARTESIAN_POINT('',(-75.,54.671546637426,36.186553658495));
#4915 = CARTESIAN_POINT('',(-75.,54.354248688935,36.000000000002));
#4916 = CARTESIAN_POINT('',(-75.22551368653,57.000000000008,35.));
#4917 = CARTESIAN_POINT('',(-75.22526559485,56.819057953791,
    35.000000000001));
#4918 = CARTESIAN_POINT('',(-75.22156040422,56.637380448495,
    34.981267702673));
#4919 = CARTESIAN_POINT('',(-75.20855010034,56.457059213796,
    34.943315231434));
#4920 = CARTESIAN_POINT('',(-75.18810608332,56.282712654558,
    34.887216598514));
#4921 = CARTESIAN_POINT('',(-75.16189168998,56.114011308625,
    34.812671156065));
#4922 = CARTESIAN_POINT('',(-75.12179415028,55.956352311558,
    34.722174336059));
#4923 = CARTESIAN_POINT('',(-75.06875513549,55.810307712047,
    34.617456689798));
#4924 = CARTESIAN_POINT('',(-75.,55.677124344466,34.500000000001));
#4925 = CARTESIAN_POINT('',(-76.91626618786,56.999999999997,35.));
#4926 = CARTESIAN_POINT('',(-76.91644558305,56.819077020561,35.));
#4927 = CARTESIAN_POINT('',(-76.92059524215,56.638075328729,
    34.981292089427));
#4928 = CARTESIAN_POINT('',(-76.93322145161,56.460169129681,
    34.943851670338));
#4929 = CARTESIAN_POINT('',(-76.95039259672,56.28655857982,
    34.888580127535));
#4930 = CARTESIAN_POINT('',(-76.968374267,56.118777435679,
    34.814979544836));
#4931 = CARTESIAN_POINT('',(-76.98736599057,55.960548974048,
    34.725051924444));
#4932 = CARTESIAN_POINT('',(-77.,55.812637009934,34.619510937442));
#4933 = CARTESIAN_POINT('',(-77.,55.677124344473,34.500000000007));
#4934 = ADVANCED_FACE('',(#4935),#4967,.F.);
#4935 = FACE_BOUND('',#4936,.F.);
#4936 = EDGE_LOOP('',(#4937,#4946,#4960,#4966));
#4937 = ORIENTED_EDGE('',*,*,#4938,.T.);
#4938 = EDGE_CURVE('',#2075,#4939,#4941,.T.);
#4939 = VERTEX_POINT('',#4940);
#4940 = CARTESIAN_POINT('',(-77.,64.322875655528,34.500000000001));
#4941 = CIRCLE('',#4942,2.);
#4942 = AXIS2_PLACEMENT_3D('',#4943,#4944,#4945);
#4943 = CARTESIAN_POINT('',(-77.,65.645751311059,36.000000000002));
#4944 = DIRECTION('',(0.,0.750000000001,-0.661437827765));
#4945 = DIRECTION('',(0.,0.661437827765,0.750000000001));
#4946 = ORIENTED_EDGE('',*,*,#4947,.T.);
#4947 = EDGE_CURVE('',#4939,#4948,#4950,.T.);
#4948 = VERTEX_POINT('',#4949);
#4949 = CARTESIAN_POINT('',(-76.91626618785,62.999999999997,35.));
#4950 = ( BOUNDED_CURVE() B_SPLINE_CURVE(8,(#4951,#4952,#4953,#4954,
    #4955,#4956,#4957,#4958,#4959),.UNSPECIFIED.,.F.,.F.) 
B_SPLINE_CURVE_WITH_KNOTS((9,9),(20.171050144891,21.616518597566),
.PIECEWISE_BEZIER_KNOTS.) CURVE() GEOMETRIC_REPRESENTATION_ITEM() 
RATIONAL_B_SPLINE_CURVE((1.,1.,1.,1.,1.,1.,1.,1.,1.)) 
REPRESENTATION_ITEM('') );
#4951 = CARTESIAN_POINT('',(-77.,64.322875655531,34.499999999998));
#4952 = CARTESIAN_POINT('',(-77.,64.187362990007,34.619510937491));
#4953 = CARTESIAN_POINT('',(-76.98736599057,64.039451026072,
    34.72505192434));
#4954 = CARTESIAN_POINT('',(-76.968374267,63.881222564118,
    34.814979544966));
#4955 = CARTESIAN_POINT('',(-76.95039259673,63.713441420418,
    34.888580127424));
#4956 = CARTESIAN_POINT('',(-76.93322145161,63.539830870123,
    34.943851670389));
#4957 = CARTESIAN_POINT('',(-76.92059524216,63.361924671391,
    34.981292089409));
#4958 = CARTESIAN_POINT('',(-76.91644558305,63.180922979425,35.));
#4959 = CARTESIAN_POINT('',(-76.91626618785,62.999999999997,35.));
#4960 = ORIENTED_EDGE('',*,*,#4961,.F.);
#4961 = EDGE_CURVE('',#2114,#4948,#4962,.T.);
#4962 = ( BOUNDED_CURVE() B_SPLINE_CURVE(2,(#4963,#4964,#4965),
.UNSPECIFIED.,.F.,.F.) B_SPLINE_CURVE_WITH_KNOTS((3,3),(0.,
1.445468452675),.PIECEWISE_BEZIER_KNOTS.) CURVE() 
GEOMETRIC_REPRESENTATION_ITEM() RATIONAL_B_SPLINE_CURVE((1.,
0.763679028212,1.)) REPRESENTATION_ITEM('') );
#4963 = CARTESIAN_POINT('',(-74.94415333731,63.060647387701,
    36.666073908621));
#4964 = CARTESIAN_POINT('',(-75.22551368653,63.,35.));
#4965 = CARTESIAN_POINT('',(-76.91626618785,62.999999999997,35.));
#4966 = ORIENTED_EDGE('',*,*,#2129,.F.);
#4967 = ( BOUNDED_SURFACE() B_SPLINE_SURFACE(2,8,(
    (#4968,#4969,#4970,#4971,#4972,#4973,#4974,#4975,#4976)
    ,(#4977,#4978,#4979,#4980,#4981,#4982,#4983,#4984,#4985)
    ,(#4986,#4987,#4988,#4989,#4990,#4991,#4992,#4993,#4994
)),.UNSPECIFIED.,.F.,.F.,.F.) B_SPLINE_SURFACE_WITH_KNOTS((3,3),(9,9),(
    0.,1.445468452675),(20.171050144891,21.616518597566),
.PIECEWISE_BEZIER_KNOTS.) GEOMETRIC_REPRESENTATION_ITEM() 
RATIONAL_B_SPLINE_SURFACE((
    (1.,1.,1.,1.,1.,1.,1.,1.,1.)
    ,(0.707106781187,0.719473658404,0.731363779181,0.742156557266
      ,0.750322396746,0.757323127469,0.762120642657,0.763598555458
      ,0.763679028212)
,(1.,1.,1.,1.,1.,1.,1.,1.,1.))) REPRESENTATION_ITEM('') SURFACE() );
#4968 = CARTESIAN_POINT('',(-75.,65.645751311059,36.000000000002));
#4969 = CARTESIAN_POINT('',(-75.,65.328453362548,36.186553658507));
#4970 = CARTESIAN_POINT('',(-74.9901103238,64.997998362141,
    36.33606405045));
#4971 = CARTESIAN_POINT('',(-74.97681667281,64.662824913997,
    36.453869325855));
#4972 = CARTESIAN_POINT('',(-74.96508710186,64.327930253319,
    36.538638867214));
#4973 = CARTESIAN_POINT('',(-74.95443379254,63.994453599143,
    36.605681584957));
#4974 = CARTESIAN_POINT('',(-74.94690222307,63.663211017632,
    36.649685119548));
#4975 = CARTESIAN_POINT('',(-74.94424976065,63.270770876403,
    36.665502938275));
#4976 = CARTESIAN_POINT('',(-74.94415333731,63.060647387701,
    36.666073908621));
#4977 = CARTESIAN_POINT('',(-75.,64.322875655526,34.500000000003));
#4978 = CARTESIAN_POINT('',(-75.06875513549,64.189692287948,
    34.617456689796));
#4979 = CARTESIAN_POINT('',(-75.12179415027,64.043647688436,
    34.722174336062));
#4980 = CARTESIAN_POINT('',(-75.16189168999,63.88598869137,
    34.812671156056));
#4981 = CARTESIAN_POINT('',(-75.18810608331,63.717287345456,
    34.887216598517));
#4982 = CARTESIAN_POINT('',(-75.20855010034,63.542940786188,
    34.943315231428));
#4983 = CARTESIAN_POINT('',(-75.22156040421,63.362619551525,
    34.981267702671));
#4984 = CARTESIAN_POINT('',(-75.22526559485,63.180942046216,35.));
#4985 = CARTESIAN_POINT('',(-75.22551368653,63.,35.));
#4986 = CARTESIAN_POINT('',(-77.,64.322875655531,34.499999999998));
#4987 = CARTESIAN_POINT('',(-77.,64.187362990007,34.619510937491));
#4988 = CARTESIAN_POINT('',(-76.98736599057,64.039451026072,
    34.72505192434));
#4989 = CARTESIAN_POINT('',(-76.968374267,63.881222564118,
    34.814979544966));
#4990 = CARTESIAN_POINT('',(-76.95039259673,63.713441420418,
    34.888580127424));
#4991 = CARTESIAN_POINT('',(-76.93322145161,63.539830870123,
    34.943851670389));
#4992 = CARTESIAN_POINT('',(-76.92059524216,63.361924671391,
    34.981292089409));
#4993 = CARTESIAN_POINT('',(-76.91644558305,63.180922979425,35.));
#4994 = CARTESIAN_POINT('',(-76.91626618785,62.999999999997,35.));
#4995 = ADVANCED_FACE('',(#4996),#5015,.F.);
#4996 = FACE_BOUND('',#4997,.F.);
#4997 = EDGE_LOOP('',(#4998,#4999,#5013,#5014));
#4998 = ORIENTED_EDGE('',*,*,#4961,.T.);
#4999 = ORIENTED_EDGE('',*,*,#5000,.T.);
#5000 = EDGE_CURVE('',#4948,#2152,#5001,.T.);
#5001 = ( BOUNDED_CURVE() B_SPLINE_CURVE(10,(#5002,#5003,#5004,#5005,
    #5006,#5007,#5008,#5009,#5010,#5011,#5012),.UNSPECIFIED.,.F.,.F.) 
B_SPLINE_CURVE_WITH_KNOTS((11,11),(21.616518597566,27.616518683486),
.PIECEWISE_BEZIER_KNOTS.) CURVE() GEOMETRIC_REPRESENTATION_ITEM() 
RATIONAL_B_SPLINE_CURVE((1.,1.,1.,1.,1.,1.,1.,1.,1.,1.,1.)) 
REPRESENTATION_ITEM('') );
#5002 = CARTESIAN_POINT('',(-76.91626618785,62.999999999997,35.));
#5003 = CARTESIAN_POINT('',(-76.91567046613,62.399204934507,35.));
#5004 = CARTESIAN_POINT('',(-76.91680392668,61.802279234587,35.));
#5005 = CARTESIAN_POINT('',(-76.91506307629,61.196969187272,35.));
#5006 = CARTESIAN_POINT('',(-76.91733601523,60.602237420071,35.));
#5007 = CARTESIAN_POINT('',(-76.91472586183,60.000000000004,35.));
#5008 = CARTESIAN_POINT('',(-76.91733601523,59.397762579943,35.));
#5009 = CARTESIAN_POINT('',(-76.91506307629,58.803030812739,35.));
#5010 = CARTESIAN_POINT('',(-76.91680392668,58.197720765428,35.));
#5011 = CARTESIAN_POINT('',(-76.91567046612,57.600795065504,35.));
#5012 = CARTESIAN_POINT('',(-76.91626618786,56.999999999997,35.));
#5013 = ORIENTED_EDGE('',*,*,#4898,.F.);
#5014 = ORIENTED_EDGE('',*,*,#2113,.F.);
#5015 = ( BOUNDED_SURFACE() B_SPLINE_SURFACE(2,10,(
    (#5016,#5017,#5018,#5019,#5020,#5021,#5022,#5023,#5024,#5025,#5026)
    ,(#5027,#5028,#5029,#5030,#5031,#5032,#5033,#5034,#5035,#5036,#5037)
    ,(#5038,#5039,#5040,#5041,#5042,#5043,#5044,#5045,#5046,#5047,#5048
)),.UNSPECIFIED.,.F.,.F.,.F.) B_SPLINE_SURFACE_WITH_KNOTS((3,3),(11,11),
  (0.,6.00000008592),(21.616518597566,27.616518683486),
.PIECEWISE_BEZIER_KNOTS.) GEOMETRIC_REPRESENTATION_ITEM() 
RATIONAL_B_SPLINE_SURFACE((
    (1.,1.,1.,1.,1.,1.,1.,1.,1.,1.,1.)
    ,(0.763679028212,0.763946255923,0.76343746944,0.764219604534
      ,0.763197492826,0.764371871146,0.763197492826,0.764219604534
      ,0.763437469439,0.763946255923,0.763679028212)
,(1.,1.,1.,1.,1.,1.,1.,1.,1.,1.,1.
  ))) REPRESENTATION_ITEM('') SURFACE() );
#5016 = CARTESIAN_POINT('',(-74.94415333731,63.060647387701,
    36.666073908621));
#5017 = CARTESIAN_POINT('',(-74.94383314212,62.362885524863,
    36.667969942873));
#5018 = CARTESIAN_POINT('',(-74.94444285687,61.781856812905,
    36.664356382062));
#5019 = CARTESIAN_POINT('',(-74.94350540166,61.19322438215,
    36.669918819312));
#5020 = CARTESIAN_POINT('',(-74.94473070738,60.601996747382,
    36.662639971694));
#5021 = CARTESIAN_POINT('',(-74.94332271619,59.99999999988,
    36.671009791665));
#5022 = CARTESIAN_POINT('',(-74.94473070738,59.398003252837,
    36.662639971696));
#5023 = CARTESIAN_POINT('',(-74.94350540167,58.806775617739,
    36.669918819309));
#5024 = CARTESIAN_POINT('',(-74.94444285687,58.218143187146,
    36.664356382065));
#5025 = CARTESIAN_POINT('',(-74.94383314212,57.637114475129,
    36.667969942871));
#5026 = CARTESIAN_POINT('',(-74.94415333731,56.939352612313,
    36.666073908621));
#5027 = CARTESIAN_POINT('',(-75.22551368653,63.,35.));
#5028 = CARTESIAN_POINT('',(-75.22633715526,62.399415092077,35.));
#5029 = CARTESIAN_POINT('',(-75.22476821833,61.80161384223,35.));
#5030 = CARTESIAN_POINT('',(-75.22718045647,61.198022800668,
    34.999999999999));
#5031 = CARTESIAN_POINT('',(-75.22402547684,60.60139957155,
    35.000000000001));
#5032 = CARTESIAN_POINT('',(-75.22765084191,60.000000000004,
    34.999999999999));
#5033 = CARTESIAN_POINT('',(-75.22402547684,59.398600428463,35.));
#5034 = CARTESIAN_POINT('',(-75.22718045647,58.801977199341,35.));
#5035 = CARTESIAN_POINT('',(-75.22476821833,58.19838615778,35.));
#5036 = CARTESIAN_POINT('',(-75.22633715526,57.600584907925,35.));
#5037 = CARTESIAN_POINT('',(-75.22551368653,57.000000000008,35.));
#5038 = CARTESIAN_POINT('',(-76.91626618785,62.999999999997,35.));
#5039 = CARTESIAN_POINT('',(-76.91567046613,62.399204934507,35.));
#5040 = CARTESIAN_POINT('',(-76.91680392668,61.802279234587,35.));
#5041 = CARTESIAN_POINT('',(-76.91506307629,61.196969187272,35.));
#5042 = CARTESIAN_POINT('',(-76.91733601523,60.602237420071,35.));
#5043 = CARTESIAN_POINT('',(-76.91472586183,60.000000000004,35.));
#5044 = CARTESIAN_POINT('',(-76.91733601523,59.397762579943,35.));
#5045 = CARTESIAN_POINT('',(-76.91506307629,58.803030812739,35.));
#5046 = CARTESIAN_POINT('',(-76.91680392668,58.197720765428,35.));
#5047 = CARTESIAN_POINT('',(-76.91567046612,57.600795065504,35.));
#5048 = CARTESIAN_POINT('',(-76.91626618786,56.999999999997,35.));
#5049 = ADVANCED_FACE('',(#5050),#5068,.F.);
#5050 = FACE_BOUND('',#5051,.F.);
#5051 = EDGE_LOOP('',(#5052,#5060,#5061,#5062));
#5052 = ORIENTED_EDGE('',*,*,#5053,.T.);
#5053 = EDGE_CURVE('',#5054,#2083,#5056,.T.);
#5054 = VERTEX_POINT('',#5055);
#5055 = CARTESIAN_POINT('',(83.,66.000000000003,40.000000000002));
#5056 = LINE('',#5057,#5058);
#5057 = CARTESIAN_POINT('',(85.,66.000000000003,40.000000000002));
#5058 = VECTOR('',#5059,1.);
#5059 = DIRECTION('',(-1.,-0.,-0.));
#5060 = ORIENTED_EDGE('',*,*,#2091,.T.);
#5061 = ORIENTED_EDGE('',*,*,#2196,.F.);
#5062 = ORIENTED_EDGE('',*,*,#5063,.F.);
#5063 = EDGE_CURVE('',#5054,#2197,#5064,.T.);
#5064 = LINE('',#5065,#5066);
#5065 = CARTESIAN_POINT('',(83.,66.000000000003,40.000000000002));
#5066 = VECTOR('',#5067,1.);
#5067 = DIRECTION('',(0.,-1.,0.));
#5068 = PLANE('',#5069);
#5069 = AXIS2_PLACEMENT_3D('',#5070,#5071,#5072);
#5070 = CARTESIAN_POINT('',(85.,70.000000000003,40.000000000002));
#5071 = DIRECTION('',(0.,0.,1.));
#5072 = DIRECTION('',(0.,-1.,0.));
#5073 = ADVANCED_FACE('',(#5074),#5092,.F.);
#5074 = FACE_BOUND('',#5075,.F.);
#5075 = EDGE_LOOP('',(#5076,#5077,#5078,#5086));
#5076 = ORIENTED_EDGE('',*,*,#2149,.T.);
#5077 = ORIENTED_EDGE('',*,*,#5000,.F.);
#5078 = ORIENTED_EDGE('',*,*,#5079,.F.);
#5079 = EDGE_CURVE('',#5080,#4948,#5082,.T.);
#5080 = VERTEX_POINT('',#5081);
#5081 = CARTESIAN_POINT('',(-83.,62.999999999997,35.));
#5082 = LINE('',#5083,#5084);
#5083 = CARTESIAN_POINT('',(-85.,62.999999999997,35.));
#5084 = VECTOR('',#5085,1.);
#5085 = DIRECTION('',(1.,0.,0.));
#5086 = ORIENTED_EDGE('',*,*,#5087,.F.);
#5087 = EDGE_CURVE('',#2150,#5080,#5088,.T.);
#5088 = LINE('',#5089,#5090);
#5089 = CARTESIAN_POINT('',(-83.,56.999999999997,35.));
#5090 = VECTOR('',#5091,1.);
#5091 = DIRECTION('',(0.,1.,0.));
#5092 = PLANE('',#5093);
#5093 = AXIS2_PLACEMENT_3D('',#5094,#5095,#5096);
#5094 = CARTESIAN_POINT('',(-85.,54.999999999997,35.));
#5095 = DIRECTION('',(0.,0.,1.));
#5096 = DIRECTION('',(0.,1.,0.));
#5097 = ADVANCED_FACE('',(#5098),#5116,.T.);
#5098 = FACE_BOUND('',#5099,.F.);
#5099 = EDGE_LOOP('',(#5100,#5107,#5108,#5115));
#5100 = ORIENTED_EDGE('',*,*,#5101,.F.);
#5101 = EDGE_CURVE('',#2160,#4709,#5102,.T.);
#5102 = CIRCLE('',#5103,2.);
#5103 = AXIS2_PLACEMENT_3D('',#5104,#5105,#5106);
#5104 = CARTESIAN_POINT('',(-83.,52.999999999997,33.));
#5105 = DIRECTION('',(0.,-0.,1.));
#5106 = DIRECTION('',(0.,1.,0.));
#5107 = ORIENTED_EDGE('',*,*,#2159,.T.);
#5108 = ORIENTED_EDGE('',*,*,#5109,.T.);
#5109 = EDGE_CURVE('',#2150,#4717,#5110,.T.);
#5110 = CIRCLE('',#5111,2.);
#5111 = AXIS2_PLACEMENT_3D('',#5112,#5113,#5114);
#5112 = CARTESIAN_POINT('',(-83.,56.999999999997,37.));
#5113 = DIRECTION('',(0.,1.,-3.49E-15));
#5114 = DIRECTION('',(0.,3.49E-15,1.));
#5115 = ORIENTED_EDGE('',*,*,#4716,.F.);
#5116 = TOROIDAL_SURFACE('',#5117,4.,2.);
#5117 = AXIS2_PLACEMENT_3D('',#5118,#5119,#5120);
#5118 = CARTESIAN_POINT('',(-83.,56.999999999997,33.));
#5119 = DIRECTION('',(1.,0.,0.));
#5120 = DIRECTION('',(0.,-1.,0.));
#5121 = ADVANCED_FACE('',(#5122),#5140,.T.);
#5122 = FACE_BOUND('',#5123,.T.);
#5123 = EDGE_LOOP('',(#5124,#5131,#5132,#5139));
#5124 = ORIENTED_EDGE('',*,*,#5125,.F.);
#5125 = EDGE_CURVE('',#4030,#2197,#5126,.T.);
#5126 = CIRCLE('',#5127,2.);
#5127 = AXIS2_PLACEMENT_3D('',#5128,#5129,#5130);
#5128 = CARTESIAN_POINT('',(83.,54.,42.000000000002));
#5129 = DIRECTION('',(-0.,1.,0.));
#5130 = DIRECTION('',(1.,0.,0.));
#5131 = ORIENTED_EDGE('',*,*,#4037,.T.);
#5132 = ORIENTED_EDGE('',*,*,#5133,.T.);
#5133 = EDGE_CURVE('',#2623,#2207,#5134,.T.);
#5134 = CIRCLE('',#5135,2.);
#5135 = AXIS2_PLACEMENT_3D('',#5136,#5137,#5138);
#5136 = CARTESIAN_POINT('',(83.,52.,41.656854249495));
#5137 = DIRECTION('',(-0.,0.942809041582,0.333333333333));
#5138 = DIRECTION('',(0.,-0.333333333333,0.942809041582));
#5139 = ORIENTED_EDGE('',*,*,#2356,.F.);
#5140 = TOROIDAL_SURFACE('',#5141,6.,2.);
#5141 = AXIS2_PLACEMENT_3D('',#5142,#5143,#5144);
#5142 = CARTESIAN_POINT('',(83.,54.,36.000000000002));
#5143 = DIRECTION('',(1.,0.,0.));
#5144 = DIRECTION('',(0.,-1.78E-15,1.));
#5145 = ADVANCED_FACE('',(#5146),#5151,.F.);
#5146 = FACE_BOUND('',#5147,.F.);
#5147 = EDGE_LOOP('',(#5148,#5149,#5150));
#5148 = ORIENTED_EDGE('',*,*,#5133,.T.);
#5149 = ORIENTED_EDGE('',*,*,#2206,.T.);
#5150 = ORIENTED_EDGE('',*,*,#2630,.F.);
#5151 = ( BOUNDED_SURFACE() B_SPLINE_SURFACE(2,14,(
    (#5152,#5153,#5154,#5155,#5156,#5157,#5158,#5159,#5160,#5161,#5162
      ,#5163,#5164,#5165,#5166,#5167,#5168,#5169,#5170,#5171,#5172,#5173
      ,#5174,#5175,#5176,#5177,#5178,#5179,#5180,#5181,#5182,#5183,#5184
      ,#5185,#5186,#5187,#5188,#5189,#5190,#5191,#5192,#5193,#5194,#5195
      ,#5196,#5197,#5198,#5199,#5200,#5201,#5202,#5203,#5204,#5205,#5206
      ,#5207,#5208,#5209,#5210,#5211,#5212,#5213,#5214,#5215,#5216,#5217
      ,#5218,#5219,#5220,#5221,#5222,#5223,#5224,#5225,#5226,#5227,#5228
      ,#5229,#5230,#5231,#5232,#5233,#5234,#5235,#5236,#5237,#5238,#5239
      ,#5240,#5241,#5242,#5243,#5244,#5245,#5246,#5247,#5248,#5249,#5250
      ,#5251,#5252,#5253,#5254,#5255,#5256,#5257,#5258,#5259,#5260,#5261
      ,#5262,#5263,#5264,#5265,#5266,#5267,#5268,#5269,#5270,#5271,#5272
      ,#5273,#5274,#5275,#5276,#5277,#5278,#5279,#5280,#5281,#5282,#5283
      ,#5284,#5285,#5286,#5287,#5288,#5289,#5290,#5291,#5292,#5293,#5294
      ,#5295,#5296)
    ,(#5297,#5298,#5299,#5300,#5301,#5302,#5303,#5304,#5305,#5306,#5307
      ,#5308,#5309,#5310,#5311,#5312,#5313,#5314,#5315,#5316,#5317,#5318
      ,#5319,#5320,#5321,#5322,#5323,#5324,#5325,#5326,#5327,#5328,#5329
      ,#5330,#5331,#5332,#5333,#5334,#5335,#5336,#5337,#5338,#5339,#5340
      ,#5341,#5342,#5343,#5344,#5345,#5346,#5347,#5348,#5349,#5350,#5351
      ,#5352,#5353,#5354,#5355,#5356,#5357,#5358,#5359,#5360,#5361,#5362
      ,#5363,#5364,#5365,#5366,#5367,#5368,#5369,#5370,#5371,#5372,#5373
      ,#5374,#5375,#5376,#5377,#5378,#5379,#5380,#5381,#5382,#5383,#5384
      ,#5385,#5386,#5387,#5388,#5389,#5390,#5391,#5392,#5393,#5394,#5395
      ,#5396,#5397,#5398,#5399,#5400,#5401,#5402,#5403,#5404,#5405,#5406
      ,#5407,#5408,#5409,#5410,#5411,#5412,#5413,#5414,#5415,#5416,#5417
      ,#5418,#5419,#5420,#5421,#5422,#5423,#5424,#5425,#5426,#5427,#5428
      ,#5429,#5430,#5431,#5432,#5433,#5434,#5435,#5436,#5437,#5438,#5439
      ,#5440,#5441)
    ,(#5442,#5443,#5444,#5445,#5446,#5447,#5448,#5449,#5450,#5451,#5452
      ,#5453,#5454,#5455,#5456,#5457,#5458,#5459,#5460,#5461,#5462,#5463
      ,#5464,#5465,#5466,#5467,#5468,#5469,#5470,#5471,#5472,#5473,#5474
      ,#5475,#5476,#5477,#5478,#5479,#5480,#5481,#5482,#5483,#5484,#5485
      ,#5486,#5487,#5488,#5489,#5490,#5491,#5492,#5493,#5494,#5495,#5496
      ,#5497,#5498,#5499,#5500,#5501,#5502,#5503,#5504,#5505,#5506,#5507
      ,#5508,#5509,#5510,#5511,#5512,#5513,#5514,#5515,#5516,#5517,#5518
      ,#5519,#5520,#5521,#5522,#5523,#5524,#5525,#5526,#5527,#5528,#5529
      ,#5530,#5531,#5532,#5533,#5534,#5535,#5536,#5537,#5538,#5539,#5540
      ,#5541,#5542,#5543,#5544,#5545,#5546,#5547,#5548,#5549,#5550,#5551
      ,#5552,#5553,#5554,#5555,#5556,#5557,#5558,#5559,#5560,#5561,#5562
      ,#5563,#5564,#5565,#5566,#5567,#5568,#5569,#5570,#5571,#5572,#5573
      ,#5574,#5575,#5576,#5577,#5578,#5579,#5580,#5581,#5582,#5583,#5584
      ,#5585,#5586
)),.UNSPECIFIED.,.F.,.F.,.F.) B_SPLINE_SURFACE_WITH_KNOTS((3,3),(15,13,
    13,13,13,13,13,13,13,13,13,15),(0.,5.446505790251),(116.73157168026,
    117.3927876698,118.28451441505,119.01287848398,120.74373084617,
    121.46090415834,121.81949081443,121.99878414247,122.12643974145,
    122.15512711502,122.16639735533,122.17807747051),.UNSPECIFIED.) 
GEOMETRIC_REPRESENTATION_ITEM() RATIONAL_B_SPLINE_SURFACE((
    (1.,1.,0.999999999999,1.000000000002,0.999999999996,1.000000000006
      ,0.999999999992,1.000000000009,0.999999999992,1.000000000006
      ,0.999999999996,1.000000000002,0.999999999999,1.,0.999999999999
      ,1.000000000005,0.999999999985,1.000000000031,0.99999999995
      ,1.000000000066,0.999999999931,1.00000000006,0.999999999957
      ,1.000000000025,0.999999999989,1.000000000004,0.999999999999
      ,1.000000000001,0.999999999998,1.000000000005,0.999999999989
      ,1.000000000017,0.999999999978,1.000000000023,0.99999999998
      ,1.000000000014,0.999999999992,1.000000000003,0.999999999999,1.,1.
      ,1.000000000001,0.999999999999,1.000000000003,0.999999999996
      ,1.000000000005,0.999999999994,1.000000000005,0.999999999996
      ,1.000000000002,0.999999999999,1.,1.,1.,1.,1.,0.999999999999
      ,1.000000000001,0.999999999998,1.000000000002,0.999999999998
      ,1.000000000002,0.999999999999,1.000000000001,1.,1.,1.
      ,1.000000000001,0.999999999997,1.000000000007,0.999999999989
      ,1.000000000015,0.999999999984,1.000000000014,0.99999999999
      ,1.000000000005,0.999999999998,1.000000000001,1.,1.,1.000000000001
      ,0.999999999996,1.000000000009,0.999999999986,1.000000000019
      ,0.99999999998,1.000000000018,0.999999999987,1.000000000008
      ,0.999999999997,1.000000000001,1.,1.,1.,0.999999999998
      ,1.000000000004,0.999999999992,1.000000000012,0.999999999985
      ,1.000000000014,0.99999999999,1.000000000006,0.999999999997
      ,1.000000000001,1.,1.,1.000000000002,0.999999999994,1.000000000013
      ,0.999999999978,1.000000000029,0.999999999969,1.000000000028
      ,0.999999999979,1.000000000012,0.999999999994,1.000000000002
      ,0.999999999999,1.,0.999999999997,1.000000000009,0.999999999982
      ,1.00000000003,0.99999999996,1.000000000044,0.999999999962
      ,1.000000000028,0.999999999984,1.000000000007,0.999999999998,1.,1.
      ,0.999999999999,1.000000000003,0.999999999993,1.000000000009
      ,0.99999999999,1.000000000008,0.999999999995,1.000000000002,1.,1.
      ,1.,1.,1.)
    ,(0.707106781187,0.711044535463,0.715192304923,0.719539311616
      ,0.724080917398,0.728812378399,0.733724237618,0.738801968698
      ,0.744030041173,0.74939813698,0.754904804604,0.760551397091
      ,0.766316696776,0.772100189035,0.785062944287,0.792249978426
      ,0.799390910968,0.806501457163,0.813531559354,0.820428567999
      ,0.827158879336,0.833707209627,0.840067759683,0.84623661625
      ,0.85220980829,0.857986528523,0.863572105218,0.873379731634
      ,0.877663264418,0.881823976612,0.885864880779,0.889789020881
      ,0.893599471925,0.897299340531,0.900891764158,0.904379912004
      ,0.907766984113,0.911056212127,0.914250858752,0.917354218076
      ,0.92753527312,0.934200916151,0.940405124647,0.946181706749
      ,0.951560102172,0.956565785974,0.96122067198,0.965543516702
      ,0.969550322654,0.973254742306,0.976668481455,0.97980170305
      ,0.982663430717,0.986338641881,0.987370377416,0.988357520242
      ,0.989300431545,0.990199472506,0.991055004314,0.991867388148
      ,0.992636985198,0.993364156644,0.994049263674,0.994692667469
      ,0.995294729216,0.995855810099,0.996636501902,0.99688652103
      ,0.997126349075,0.997356006437,0.99757551349,0.997784890657
      ,0.997984158288,0.998173336824,0.998352446611,0.998521508075
      ,0.99868054159,0.998829567556,0.998968606362,0.999162214421
      ,0.999224256023,0.999283804432,0.999340860908,0.999395426622
      ,0.99944750291,0.999497090865,0.999544191877,0.999588807028
      ,0.999630937672,0.999670584961,0.999707750171,0.999742434516
      ,0.999797568769,0.999819241076,0.999839656338,0.999858814746
      ,0.999876716468,0.999893361727,0.999908750643,0.999922883488
      ,0.999935760353,0.999947381505,0.999957747071,0.999966857268
      ,0.999974712268,0.99998279544,0.999984215234,0.999985571629
      ,0.999986864663,0.999988094254,0.999989260546,0.999990363338
      ,0.999991402865,0.9999923789,0.99999329163,0.999994140927
      ,0.999994926866,0.999995649413,0.999996567545,0.999996816722
      ,0.999997056135,0.999997285722,0.999997505613,0.999997715586
      ,0.999997915953,0.999998106348,0.999998287131,0.999998458005
      ,0.999998619173,0.999998770522,0.999998912101,0.999999180481
      ,0.99999930656,0.999999422139,0.99999952719,0.999999621777
      ,0.999999705793,0.999999779379,0.999999842384,0.999999894943
      ,0.999999936955,0.999999968482,0.999999989493,1.,1.)
    ,(1.,1.,0.999999999999,1.000000000002,0.999999999996,1.000000000006
      ,0.999999999992,1.000000000009,0.999999999992,1.000000000006
      ,0.999999999996,1.000000000002,0.999999999999,1.,0.999999999999
      ,1.000000000005,0.999999999985,1.000000000031,0.99999999995
      ,1.000000000066,0.999999999931,1.00000000006,0.999999999957
      ,1.000000000025,0.999999999989,1.000000000004,0.999999999999
      ,1.000000000001,0.999999999998,1.000000000005,0.999999999989
      ,1.000000000017,0.999999999978,1.000000000023,0.99999999998
      ,1.000000000014,0.999999999992,1.000000000003,0.999999999999,1.,1.
      ,1.000000000001,0.999999999999,1.000000000003,0.999999999996
      ,1.000000000005,0.999999999994,1.000000000005,0.999999999996
      ,1.000000000002,0.999999999999,1.,1.,1.,1.,1.,0.999999999999
      ,1.000000000001,0.999999999998,1.000000000002,0.999999999998
      ,1.000000000002,0.999999999999,1.000000000001,1.,1.,1.
      ,1.000000000001,0.999999999997,1.000000000007,0.999999999989
      ,1.000000000015,0.999999999984,1.000000000014,0.99999999999
      ,1.000000000005,0.999999999998,1.000000000001,1.,1.,1.000000000001
      ,0.999999999996,1.000000000009,0.999999999986,1.000000000019
      ,0.99999999998,1.000000000018,0.999999999987,1.000000000008
      ,0.999999999997,1.000000000001,1.,1.,1.,0.999999999998
      ,1.000000000004,0.999999999992,1.000000000012,0.999999999985
      ,1.000000000014,0.99999999999,1.000000000006,0.999999999997
      ,1.000000000001,1.,1.,1.000000000002,0.999999999994,1.000000000013
      ,0.999999999978,1.000000000029,0.999999999969,1.000000000028
      ,0.999999999979,1.000000000012,0.999999999994,1.000000000002
      ,0.999999999999,1.,0.999999999997,1.000000000009,0.999999999982
      ,1.00000000003,0.99999999996,1.000000000044,0.999999999962
      ,1.000000000028,0.999999999984,1.000000000007,0.999999999998,1.,1.
      ,0.999999999999,1.000000000003,0.999999999993,1.000000000009
      ,0.99999999999,1.000000000008,0.999999999995,1.000000000002,1.,1.
,1.,1.,1.))) REPRESENTATION_ITEM('') SURFACE() );
#5152 = CARTESIAN_POINT('',(85.,52.,41.656854249495));
#5153 = CARTESIAN_POINT('',(85.,51.933174093963,41.609601198177));
#5154 = CARTESIAN_POINT('',(85.002401002218,51.867756324216,
    41.56028039984));
#5155 = CARTESIAN_POINT('',(85.00705240868,51.803790403785,
    41.508900309591));
#5156 = CARTESIAN_POINT('',(85.013781101204,51.741357695732,
    41.455575123256));
#5157 = CARTESIAN_POINT('',(85.022428880724,51.6805192264,
    41.400365573883));
#5158 = CARTESIAN_POINT('',(85.032850773262,51.621315244015,
    41.343304139041));
#5159 = CARTESIAN_POINT('',(85.044901747624,51.563781847829,
    41.284459571413));
#5160 = CARTESIAN_POINT('',(85.058429158956,51.507959736645,
    41.223955952771));
#5161 = CARTESIAN_POINT('',(85.073278001458,51.4538856491,
    41.161921760079));
#5162 = CARTESIAN_POINT('',(85.089305822632,51.401572591719,
    41.098404719951));
#5163 = CARTESIAN_POINT('',(85.106393920577,51.351000474341,
    41.033348516193));
#5164 = CARTESIAN_POINT('',(85.124431214936,51.302154296109,
    40.966787703029));
#5165 = CARTESIAN_POINT('',(85.143236951236,51.255162548823,
    40.899477464628));
#5166 = CARTESIAN_POINT('',(85.188192326075,51.150511674953,
    40.746248292352));
#5167 = CARTESIAN_POINT('',(85.214755210944,51.094523943106,
    40.660206665889));
#5168 = CARTESIAN_POINT('',(85.241699396739,51.042437713971,
    40.575396155532));
#5169 = CARTESIAN_POINT('',(85.268864571146,50.993796223901,
    40.4914615502));
#5170 = CARTESIAN_POINT('',(85.296159966953,50.948165596266,
    40.408341676863));
#5171 = CARTESIAN_POINT('',(85.323506873326,50.905221910328,
    40.326147313843));
#5172 = CARTESIAN_POINT('',(85.350827505535,50.864736308477,
    40.245036188213));
#5173 = CARTESIAN_POINT('',(85.378054256091,50.82652406421,
    40.165121517604));
#5174 = CARTESIAN_POINT('',(85.405141094901,50.790401952986,
    40.086432717746));
#5175 = CARTESIAN_POINT('',(85.432066628975,50.756176689907,
    40.008929051875));
#5176 = CARTESIAN_POINT('',(85.458826077618,50.723665616851,
    39.932549158614));
#5177 = CARTESIAN_POINT('',(85.485417161484,50.692729244222,
    39.857261551088));
#5178 = CARTESIAN_POINT('',(85.51183264929,50.663273671061,
    39.783063338864));
#5179 = CARTESIAN_POINT('',(85.559518973813,50.612195482441,
    39.650061166224));
#5180 = CARTESIAN_POINT('',(85.580843517557,50.590125945109,
    39.590937955721));
#5181 = CARTESIAN_POINT('',(85.602056405951,50.568896187149,
    39.532458044565));
#5182 = CARTESIAN_POINT('',(85.623160534284,50.548455147286,
    39.474593236378));
#5183 = CARTESIAN_POINT('',(85.644158967298,50.528755233066,
    39.417316044174));
#5184 = CARTESIAN_POINT('',(85.66505493917,50.509752320907,
    39.360599690422));
#5185 = CARTESIAN_POINT('',(85.685851853543,50.491405756014,
    39.304418106964));
#5186 = CARTESIAN_POINT('',(85.70655328348,50.473678352493,
    39.248745935102));
#5187 = CARTESIAN_POINT('',(85.727162971519,50.456536393223,
    39.193558525527));
#5188 = CARTESIAN_POINT('',(85.747684829617,50.439949629981,
    39.138831938358));
#5189 = CARTESIAN_POINT('',(85.768122939202,50.423891283333,
    39.084542943136));
#5190 = CARTESIAN_POINT('',(85.788481551131,50.408338042719,
    39.03066901881));
#5191 = CARTESIAN_POINT('',(85.808765085716,50.393270066395,
    38.977188353754));
#5192 = CARTESIAN_POINT('',(85.877011529246,50.343978357665,
    38.79787512144));
#5193 = CARTESIAN_POINT('',(85.924638138405,50.311899117273,
    38.673784074437));
#5194 = CARTESIAN_POINT('',(85.971908957164,50.28217953779,
    38.551542327076));
#5195 = CARTESIAN_POINT('',(86.018868262343,50.254605196313,
    38.430920153291));
#5196 = CARTESIAN_POINT('',(86.065554320336,50.22899678946,
    38.311718946112));
#5197 = CARTESIAN_POINT('',(86.112000096801,50.205205953434,
    38.193767685126));
#5198 = CARTESIAN_POINT('',(86.158233966422,50.183111083852,
    38.076919403991));
#5199 = CARTESIAN_POINT('',(86.204280422563,50.162613155918,
    37.961047657883));
#5200 = CARTESIAN_POINT('',(86.250160787052,50.143631544158,
    37.846042991011));
#5201 = CARTESIAN_POINT('',(86.295893919835,50.126099842637,
    37.731809404074));
#5202 = CARTESIAN_POINT('',(86.341496928739,50.109961684717,
    37.618260821761));
#5203 = CARTESIAN_POINT('',(86.386985879158,50.095166563189,
    37.505317560223));
#5204 = CARTESIAN_POINT('',(86.432376503787,50.081665650152,
    37.39290279456));
#5205 = CARTESIAN_POINT('',(86.49645831099,50.064328538992,
    37.234547185913));
#5206 = CARTESIAN_POINT('',(86.515217469653,50.059462751537,
    37.188232810623));
#5207 = CARTESIAN_POINT('',(86.533963031675,50.05480842533,
    37.141992320884));
#5208 = CARTESIAN_POINT('',(86.552695640401,50.050363731059,
    37.095822137156));
#5209 = CARTESIAN_POINT('',(86.571415939208,50.046126839363,
    37.04971867988));
#5210 = CARTESIAN_POINT('',(86.590124571409,50.042095920973,
    37.003678369526));
#5211 = CARTESIAN_POINT('',(86.608822180422,50.038269146481,
    36.957697626532));
#5212 = CARTESIAN_POINT('',(86.627509409525,50.034644686653,
    36.911772871363));
#5213 = CARTESIAN_POINT('',(86.64618690215,50.03122071207,
    36.865900524468));
#5214 = CARTESIAN_POINT('',(86.664855301587,50.02799539348,
    36.820077006298));
#5215 = CARTESIAN_POINT('',(86.683515251237,50.024966901505,
    36.774298737312));
#5216 = CARTESIAN_POINT('',(86.702167394427,50.022133406845,
    36.728562137959));
#5217 = CARTESIAN_POINT('',(86.720812374526,50.019493080161,
    36.682863628696));
#5218 = CARTESIAN_POINT('',(86.748770065062,50.015819598114,
    36.614367630614));
#5219 = CARTESIAN_POINT('',(86.758087654463,50.014643226485,
    36.591544416769));
#5220 = CARTESIAN_POINT('',(86.767403674792,50.013514873953,
    36.568729607634));
#5221 = CARTESIAN_POINT('',(86.776718197767,50.012434437222,
    36.545922822385));
#5222 = CARTESIAN_POINT('',(86.786031295074,50.011401813016,
    36.523123680237));
#5223 = CARTESIAN_POINT('',(86.795343038463,50.010416898018,
    36.500331800336));
#5224 = CARTESIAN_POINT('',(86.804653499581,50.009479588976,
    36.477546801929));
#5225 = CARTESIAN_POINT('',(86.813962750212,50.008589782551,
    36.454768304141));
#5226 = CARTESIAN_POINT('',(86.823270861988,50.007747375504,
    36.431995926219));
#5227 = CARTESIAN_POINT('',(86.832577906682,50.0069522645,
    36.409229287308));
#5228 = CARTESIAN_POINT('',(86.841883955957,50.006204346279,
    36.386468006626));
#5229 = CARTESIAN_POINT('',(86.851189081547,50.005503517533,
    36.363711703346));
#5230 = CARTESIAN_POINT('',(86.86049335515,50.004849674979,
    36.340959996664));
#5231 = CARTESIAN_POINT('',(86.874448595142,50.003939235498,
    36.306838760317));
#5232 = CARTESIAN_POINT('',(86.87910014662,50.003647490187,
    36.295466072785));
#5233 = CARTESIAN_POINT('',(86.883751511733,50.003367473147,
    36.284094397204));
#5234 = CARTESIAN_POINT('',(86.888402699298,50.003099178107,
    36.272723687638));
#5235 = CARTESIAN_POINT('',(86.893053718148,50.002842598863,
    36.261353898072));
#5236 = CARTESIAN_POINT('',(86.897704577077,50.002597729082,
    36.249984982651));
#5237 = CARTESIAN_POINT('',(86.902355284951,50.002364562627,
    36.238616895257));
#5238 = CARTESIAN_POINT('',(86.907005850527,50.002143093117,
    36.227249590132));
#5239 = CARTESIAN_POINT('',(86.9116562827,50.001933314424,
    36.215883021104));
#5240 = CARTESIAN_POINT('',(86.916306590219,50.001735220201,
    36.204517142402));
#5241 = CARTESIAN_POINT('',(86.920956781961,50.001548804259,
    36.193151907928));
#5242 = CARTESIAN_POINT('',(86.925606866712,50.001374060314,
    36.181787271806));
#5243 = CARTESIAN_POINT('',(86.930256853309,50.001210982129,
    36.170423188038));
#5244 = CARTESIAN_POINT('',(86.938217444981,50.000951754405,
    36.150968822859));
#5245 = CARTESIAN_POINT('',(86.941528094452,50.000849857077,
    36.1428782911));
#5246 = CARTESIAN_POINT('',(86.944838701752,50.000753870522,
    36.134787999958));
#5247 = CARTESIAN_POINT('',(86.948149269617,50.000663793806,
    36.126697934003));
#5248 = CARTESIAN_POINT('',(86.95145980087,50.000579625978,
    36.118608077768));
#5249 = CARTESIAN_POINT('',(86.954770298174,50.000501366118,
    36.110518415859));
#5250 = CARTESIAN_POINT('',(86.958080764432,50.000429013257,
    36.102428932777));
#5251 = CARTESIAN_POINT('',(86.961391202244,50.00036256649,
    36.094339613141));
#5252 = CARTESIAN_POINT('',(86.964701614534,50.000302024843,
    36.086250441463));
#5253 = CARTESIAN_POINT('',(86.968012003933,50.000247387403,
    36.078161402331));
#5254 = CARTESIAN_POINT('',(86.971322373296,50.000198653214,
    36.070072480295));
#5255 = CARTESIAN_POINT('',(86.974632725333,50.000155821343,
    36.061983659914));
#5256 = CARTESIAN_POINT('',(86.977943062834,50.000118890848,
    36.053894925752));
#5257 = CARTESIAN_POINT('',(86.981997300697,50.000080887568,
    36.043988539443));
#5258 = CARTESIAN_POINT('',(86.982741212349,50.000074212376,
    36.042170819803));
#5259 = CARTESIAN_POINT('',(86.983485123439,50.000067835213,
    36.040353103501));
#5260 = CARTESIAN_POINT('',(86.984229033929,50.00006175607,
    36.038535390619));
#5261 = CARTESIAN_POINT('',(86.984972943709,50.000055974954,
    36.036717681171));
#5262 = CARTESIAN_POINT('',(86.985716852798,50.000050491846,
    36.034899975315));
#5263 = CARTESIAN_POINT('',(86.986460761032,50.000045306763,
    36.033082272962));
#5264 = CARTESIAN_POINT('',(86.987204668459,50.00004041968,
    36.031264574374));
#5265 = CARTESIAN_POINT('',(86.987948574923,50.000035830613,
    36.029446879395));
#5266 = CARTESIAN_POINT('',(86.988692480432,50.000031539544,
    36.027629188288));
#5267 = CARTESIAN_POINT('',(86.989436384884,50.000027546479,
    36.025811500962));
#5268 = CARTESIAN_POINT('',(86.990180288238,50.00002385141,
    36.023993817576));
#5269 = CARTESIAN_POINT('',(86.990924190425,50.000020454335,
    36.022176138145));
#5270 = CARTESIAN_POINT('',(86.991960343398,50.000016137731,
    36.019644363269));
#5271 = CARTESIAN_POINT('',(86.992252596279,50.000014966203,
    36.018930261788));
#5272 = CARTESIAN_POINT('',(86.99254484991,50.000013840659,
    36.018216158606));
#5273 = CARTESIAN_POINT('',(86.992837104152,50.000012761117,
    36.017502054026));
#5274 = CARTESIAN_POINT('',(86.993129358912,50.000011727541,
    36.016787948343));
#5275 = CARTESIAN_POINT('',(86.993421614009,50.000010739995,
    36.016073841869));
#5276 = CARTESIAN_POINT('',(86.993713869397,50.000009798389,
    36.015359734888));
#5277 = CARTESIAN_POINT('',(86.994006124858,50.00000890283,
    36.014645627722));
#5278 = CARTESIAN_POINT('',(86.994298380362,50.000008053213,
    36.013931520651));
#5279 = CARTESIAN_POINT('',(86.994590635703,50.000007249625,
    36.013217413994));
#5280 = CARTESIAN_POINT('',(86.994882890813,50.000006492008,
    36.012503308038));
#5281 = CARTESIAN_POINT('',(86.995175145534,50.000005780394,
    36.011789203093));
#5282 = CARTESIAN_POINT('',(86.995467399758,50.00000511477,
    36.011075099455));
#5283 = CARTESIAN_POINT('',(86.996062535595,50.000003852976,
    36.009620925016));
#5284 = CARTESIAN_POINT('',(86.996281822838,50.000003260211,
    36.008821743358));
#5285 = CARTESIAN_POINT('',(86.997311977297,50.000002716838,
    36.008595932663));
#5286 = CARTESIAN_POINT('',(86.994435477404,50.000002222881,
    36.005607701386));
#5287 = CARTESIAN_POINT('',(87.003794439071,50.000001778282,
    36.011271248688));
#5288 = CARTESIAN_POINT('',(86.985622914738,50.000001383146,
    35.997467803637));
#5289 = CARTESIAN_POINT('',(87.014150581558,50.000001037319,
    36.016685672139));
#5290 = CARTESIAN_POINT('',(86.9814470653,50.000000740983,
    35.992606554505));
#5291 = CARTESIAN_POINT('',(87.011526344554,50.000000493956,
    36.012921573323));
#5292 = CARTESIAN_POINT('',(86.991181361521,50.000000296392,
    35.997581249004));
#5293 = CARTESIAN_POINT('',(87.002309747823,50.000000148187,
    36.004495958917));
#5294 = CARTESIAN_POINT('',(86.998474695503,50.000000049399,
    36.000829927676));
#5295 = CARTESIAN_POINT('',(86.999842015666,50.,36.00084252864));
#5296 = CARTESIAN_POINT('',(86.999999999996,50.,36.000000000009));
#5297 = CARTESIAN_POINT('',(85.,52.666666666661,39.771236166329));
#5298 = CARTESIAN_POINT('',(84.977848058286,52.617440129543,
    39.753831957223));
#5299 = CARTESIAN_POINT('',(84.957303985331,52.568438968064,
    39.735736287059));
#5300 = CARTESIAN_POINT('',(84.93827675521,52.519676442933,
    39.716927788687));
#5301 = CARTESIAN_POINT('',(84.920753831383,52.471143894088,
    39.697424868654));
#5302 = CARTESIAN_POINT('',(84.904701515504,52.422844733347,
    39.677236478472));
#5303 = CARTESIAN_POINT('',(84.890070530167,52.374789185661,
    39.656353151942));
#5304 = CARTESIAN_POINT('',(84.876828527061,52.326983740252,
    39.634759489751));
#5305 = CARTESIAN_POINT('',(84.864973953436,52.279433328848,
    39.612452683203));
#5306 = CARTESIAN_POINT('',(84.854516541781,52.232157626961,
    39.589454453901));
#5307 = CARTESIAN_POINT('',(84.845438544917,52.185205852133,
    39.565805830679));
#5308 = CARTESIAN_POINT('',(84.837677760846,52.138637218246,
    39.54153538256));
#5309 = CARTESIAN_POINT('',(84.831198512824,52.092417006718,
    39.516591841989));
#5310 = CARTESIAN_POINT('',(84.826240195467,52.046161165587,
    39.490731421064));
#5311 = CARTESIAN_POINT('',(84.820693666533,51.935620251595,
    39.427027542989));
#5312 = CARTESIAN_POINT('',(84.821271482954,51.871730865328,
    39.388785805583));
#5313 = CARTESIAN_POINT('',(84.82522294118,51.808353315137,
    39.349649374801));
#5314 = CARTESIAN_POINT('',(84.832071229727,51.74612062725,
    39.309865248421));
#5315 = CARTESIAN_POINT('',(84.841422763027,51.685276811362,
    39.269422048423));
#5316 = CARTESIAN_POINT('',(84.853005423778,51.625899357241,
    39.228292310077));
#5317 = CARTESIAN_POINT('',(84.866630516881,51.568017437459,
    39.186504206561));
#5318 = CARTESIAN_POINT('',(84.882136739949,51.511657050217,
    39.144127369021));
#5319 = CARTESIAN_POINT('',(84.899352543108,51.456843965816,
    39.101234207136));
#5320 = CARTESIAN_POINT('',(84.91809203486,51.403591084234,
    39.057874994923));
#5321 = CARTESIAN_POINT('',(84.938179924831,51.35188936004,
    39.014081870285));
#5322 = CARTESIAN_POINT('',(84.959483175338,51.301711451183,
    38.969893424052));
#5323 = CARTESIAN_POINT('',(84.981911199067,51.253025200281,
    38.92536734994));
#5324 = CARTESIAN_POINT('',(85.024248403902,51.167660244609,
    38.84430608881));
#5325 = CARTESIAN_POINT('',(85.04382744428,51.130447589138,
    38.807856579235));
#5326 = CARTESIAN_POINT('',(85.064017043131,51.094144823181,
    38.771194456673));
#5327 = CARTESIAN_POINT('',(85.084768636383,51.058734414935,
    38.734337827046));
#5328 = CARTESIAN_POINT('',(85.106037581392,51.024198856088,
    38.697303383641));
#5329 = CARTESIAN_POINT('',(85.127782987104,50.990520614172,
    38.660106473967));
#5330 = CARTESIAN_POINT('',(85.149967558715,50.957682086991,
    38.622761161195));
#5331 = CARTESIAN_POINT('',(85.172557455606,50.925665558656,
    38.585280280643));
#5332 = CARTESIAN_POINT('',(85.195522161301,50.89445315758,
    38.547675491805));
#5333 = CARTESIAN_POINT('',(85.21883436462,50.864026815662,
    38.509957326157));
#5334 = CARTESIAN_POINT('',(85.242469850778,50.834368229304,
    38.47213523133));
#5335 = CARTESIAN_POINT('',(85.266407401864,50.805458821466,
    38.43421761171));
#5336 = CARTESIAN_POINT('',(85.290628705613,50.777279705268,
    38.396211866012));
#5337 = CARTESIAN_POINT('',(85.372675415591,50.685254242481,
    38.268608565852));
#5338 = CARTESIAN_POINT('',(85.431783516372,50.624541331947,
    38.178503453242));
#5339 = CARTESIAN_POINT('',(85.492221611029,50.56747895436,
    38.087905318496));
#5340 = CARTESIAN_POINT('',(85.553802925733,50.513895437403,
    37.996896880399));
#5341 = CARTESIAN_POINT('',(85.616370393056,50.463637904576,
    37.905548405826));
#5342 = CARTESIAN_POINT('',(85.67979257786,50.416569526531,
    37.813918799749));
#5343 = CARTESIAN_POINT('',(85.743959894492,50.372567389002,
    37.722056757396));
#5344 = CARTESIAN_POINT('',(85.808781023071,50.331520874357,
    37.630002006571));
#5345 = CARTESIAN_POINT('',(85.874179453385,50.293330471524,
    37.53778666274));
#5346 = CARTESIAN_POINT('',(85.940090098466,50.257906946016,
    37.44543671477));
#5347 = CARTESIAN_POINT('',(86.00645593259,50.225170811328,
    37.35297365631));
#5348 = CARTESIAN_POINT('',(86.073224615214,50.195052054238,
    37.26041627538));
#5349 = CARTESIAN_POINT('',(86.140345069793,50.16749007226,
    37.167782613387));
#5350 = CARTESIAN_POINT('',(86.235594722221,50.132090479358,
    37.036829183717));
#5351 = CARTESIAN_POINT('',(86.263484835927,50.122170250135,
    36.99854520207));
#5352 = CARTESIAN_POINT('',(86.291431338166,50.112670032946,
    36.960241384159));
#5353 = CARTESIAN_POINT('',(86.31943122271,50.103586900324,
    36.92191900082));
#5354 = CARTESIAN_POINT('',(86.347481468606,50.094918061467,
    36.883579368833));
#5355 = CARTESIAN_POINT('',(86.375579038546,50.086660859099,
    36.84522385143));
#5356 = CARTESIAN_POINT('',(86.403720877695,50.078812765742,
    36.806853858617));
#5357 = CARTESIAN_POINT('',(86.4319039119,50.071371381186,
    36.768470847815));
#5358 = CARTESIAN_POINT('',(86.46012504671,50.064334428709,
    36.730076324158));
#5359 = CARTESIAN_POINT('',(86.488381165562,50.05769975289,
    36.691671841171));
#5360 = CARTESIAN_POINT('',(86.51666912876,50.051465316152,
    36.653259001153));
#5361 = CARTESIAN_POINT('',(86.544985771861,50.045629196502,
    36.614839455817));
#5362 = CARTESIAN_POINT('',(86.573327904477,50.040189584628,
    36.57641490678));
#5363 = CARTESIAN_POINT('',(86.615863401755,50.032624355815,
    36.518788256633));
#5364 = CARTESIAN_POINT('',(86.630041205774,50.030202345881,
    36.499587123686));
#5365 = CARTESIAN_POINT('',(86.644225402528,50.027878579546,
    36.48038384513));
#5366 = CARTESIAN_POINT('',(86.658415673169,50.025652891038,
    36.461178560021));
#5367 = CARTESIAN_POINT('',(86.672611698373,50.023525120925,
    36.44197140883));
#5368 = CARTESIAN_POINT('',(86.686813158269,50.021495116071,
    36.422762533172));
#5369 = CARTESIAN_POINT('',(86.701019732472,50.019562729604,
    36.403552076296));
#5370 = CARTESIAN_POINT('',(86.715231099959,50.017727820849,
    36.384340182424));
#5371 = CARTESIAN_POINT('',(86.729446939137,50.015990255331,
    36.365126997577));
#5372 = CARTESIAN_POINT('',(86.743666927717,50.014349904679,
    36.345912668752));
#5373 = CARTESIAN_POINT('',(86.757890742756,50.012806646647,
    36.326697344672));
#5374 = CARTESIAN_POINT('',(86.772118060571,50.011360365026,
    36.30748117525));
#5375 = CARTESIAN_POINT('',(86.78634855674,50.010010949642,
    36.288264311948));
#5376 = CARTESIAN_POINT('',(86.807697201704,50.008132091001,
    36.259440067326));
#5377 = CARTESIAN_POINT('',(86.814813325073,50.00753006008,
    36.24983293937));
#5378 = CARTESIAN_POINT('',(86.821930238055,50.006952193164,
    36.240225540306));
#5379 = CARTESIAN_POINT('',(86.829047902544,50.006398480227,
    36.230617886762));
#5380 = CARTESIAN_POINT('',(86.836166280397,50.00586891164,
    36.221009995347));
#5381 = CARTESIAN_POINT('',(86.843285333492,50.005363478085,
    36.211401882818));
#5382 = CARTESIAN_POINT('',(86.850405023637,50.004882170694,
    36.201793565809));
#5383 = CARTESIAN_POINT('',(86.857525312687,50.004424980853,
    36.192185061202));
#5384 = CARTESIAN_POINT('',(86.864646162414,50.003991900433,
    36.182576385698));
#5385 = CARTESIAN_POINT('',(86.871767534621,50.003582921557,
    36.172967556243));
#5386 = CARTESIAN_POINT('',(86.878889391058,50.003198036797,
    36.163358589669));
#5387 = CARTESIAN_POINT('',(86.88601169347,50.002837239032,
    36.153749502949));
#5388 = CARTESIAN_POINT('',(86.893134403573,50.002500521532,
    36.14414031305));
#5389 = CARTESIAN_POINT('',(86.905328786297,50.001965290117,
    36.127689676768));
#5390 = CARTESIAN_POINT('',(86.910400308415,50.0017549038,
    36.120848230303));
#5391 = CARTESIAN_POINT('',(86.915472035205,50.001556717203,
    36.11400670434));
#5392 = CARTESIAN_POINT('',(86.920543952428,50.001370728693,
    36.107165105691));
#5393 = CARTESIAN_POINT('',(86.925616045915,50.001196936645,
    36.100323440997));
#5394 = CARTESIAN_POINT('',(86.930688301356,50.001035339681,
    36.093481717242));
#5395 = CARTESIAN_POINT('',(86.935760704665,50.000885936279,
    36.086639940874));
#5396 = CARTESIAN_POINT('',(86.940833241448,50.000748725312,
    36.079798119063));
#5397 = CARTESIAN_POINT('',(86.945905897662,50.000623705415,
    36.07295625818));
#5398 = CARTESIAN_POINT('',(86.950978658917,50.000510875623,
    36.066114365361));
#5399 = CARTESIAN_POINT('',(86.956051511104,50.000410234819,
    36.059272447138));
#5400 = CARTESIAN_POINT('',(86.961124439918,50.000321782139,
    36.052430510456));
#5401 = CARTESIAN_POINT('',(86.966197431161,50.000245516723,
    36.045588562038));
#5402 = CARTESIAN_POINT('',(86.972410498921,50.000167037849,
    36.037209064836));
#5403 = CARTESIAN_POINT('',(86.973550530513,50.000153253281,
    36.035671519534));
#5404 = CARTESIAN_POINT('',(86.974690565083,50.000140084132,
    36.034133973049));
#5405 = CARTESIAN_POINT('',(86.97583060236,50.000127530404,
    36.032596425632));
#5406 = CARTESIAN_POINT('',(86.976970642069,50.000115592074,
    36.031058877513));
#5407 = CARTESIAN_POINT('',(86.978110683942,50.000104269168,
    36.029521328963));
#5408 = CARTESIAN_POINT('',(86.979250727699,50.000093561635,
    36.027983780189));
#5409 = CARTESIAN_POINT('',(86.980390773079,50.00008346953,
    36.026446231478));
#5410 = CARTESIAN_POINT('',(86.981530819795,50.000073992784,
    36.024908683037));
#5411 = CARTESIAN_POINT('',(86.982670867588,50.000065131451,
    36.023371135139));
#5412 = CARTESIAN_POINT('',(86.983810916176,50.000056885483,
    36.02183358801));
#5413 = CARTESIAN_POINT('',(86.984950965291,50.000049254904,
    36.020296041905));
#5414 = CARTESIAN_POINT('',(86.98609101466,50.000042239697,
    36.018758497064));
#5415 = CARTESIAN_POINT('',(86.987678948104,50.000033325602,
    36.016616908654));
#5416 = CARTESIAN_POINT('',(86.988126833769,50.000030906309,
    36.016012861632));
#5417 = CARTESIAN_POINT('',(86.988574720803,50.000028581991,
    36.015408812946));
#5418 = CARTESIAN_POINT('',(86.989022609015,50.000026352635,
    36.014804762824));
#5419 = CARTESIAN_POINT('',(86.989470498185,50.000024218272,
    36.014200711603));
#5420 = CARTESIAN_POINT('',(86.98991838815,50.000022178852,
    36.013596659418));
#5421 = CARTESIAN_POINT('',(86.990366278659,50.000020234447,
    36.012992606716));
#5422 = CARTESIAN_POINT('',(86.990814169572,50.000018384972,
    36.01238855354));
#5423 = CARTESIAN_POINT('',(86.991262060631,50.000016630516,
    36.011784500377));
#5424 = CARTESIAN_POINT('',(86.991709951685,50.000014971003,
    36.011180447298));
#5425 = CARTESIAN_POINT('',(86.992157842502,50.000013406491,
    36.010576394703));
#5426 = CARTESIAN_POINT('',(86.9926057329,50.000011936946,
    36.009972342776));
#5427 = CARTESIAN_POINT('',(86.993053622672,50.000010562384,
    36.009368291816));
#5428 = CARTESIAN_POINT('',(86.993965689221,50.000007956686,
    36.008138224488));
#5429 = CARTESIAN_POINT('',(86.994328358618,50.000006732579,
    36.007440430728));
#5430 = CARTESIAN_POINT('',(86.995675653141,50.000005610485,
    36.007438872997));
#5431 = CARTESIAN_POINT('',(86.992279150691,50.000004590396,
    36.00408294522));
#5432 = CARTESIAN_POINT('',(87.003740000754,50.000003672325,
    36.011232752762));
#5433 = CARTESIAN_POINT('',(86.981770963214,50.000002856251,
    35.994744061044));
#5434 = CARTESIAN_POINT('',(87.016508102244,50.000002142199,
    36.018352690242));
#5435 = CARTESIAN_POINT('',(86.976893074478,50.000001530135,
    35.989386396631));
#5436 = CARTESIAN_POINT('',(87.013514311164,50.000001020097,
    36.014327278612));
#5437 = CARTESIAN_POINT('',(86.988906080348,50.000000612048,
    35.9959723829));
#5438 = CARTESIAN_POINT('',(87.0025155153,50.000000306028,
    36.004641458791));
#5439 = CARTESIAN_POINT('',(86.997955058834,50.000000102008,
    36.000462489098));
#5440 = CARTESIAN_POINT('',(86.99971176904,50.,36.000750430368));
#5441 = CARTESIAN_POINT('',(86.999999999996,50.,36.000000000009));
#5442 = CARTESIAN_POINT('',(83.,52.666666666703,39.771236166344));
#5443 = CARTESIAN_POINT('',(83.,52.617165995431,39.753735036179));
#5444 = CARTESIAN_POINT('',(83.002705901691,52.567910915465,
    39.735509872906));
#5445 = CARTESIAN_POINT('',(83.007884248877,52.518921873445,
    39.716657701527));
#5446 = CARTESIAN_POINT('',(83.015542131292,52.470189270781,
    39.697075911195));
#5447 = CARTESIAN_POINT('',(83.025623932649,52.421739774239,
    39.676761569448));
#5448 = CARTESIAN_POINT('',(83.037980284608,52.373589522837,
    39.655778734766));
#5449 = CARTESIAN_POINT('',(83.052448951679,52.325734535093,
    39.634161897756));
#5450 = CARTESIAN_POINT('',(83.068935503432,52.278230060027,
    39.611903107138));
#5451 = CARTESIAN_POINT('',(83.087429759196,52.2313120531,39.58904976223
    ));
#5452 = CARTESIAN_POINT('',(83.107942122494,52.185415398189,
    39.565819479618));
#5453 = CARTESIAN_POINT('',(83.130392050945,52.140844934055,
    39.542517867128));
#5454 = CARTESIAN_POINT('',(83.154529039249,52.096756783839,
    39.518924464238));
#5455 = CARTESIAN_POINT('',(83.180014621956,52.049008923643,
    39.492691533541));
#5456 = CARTESIAN_POINT('',(83.243021922113,51.901826868051,
    39.406939508763));
#5457 = CARTESIAN_POINT('',(83.281983464712,51.805398641435,
    39.347759806973));
#5458 = CARTESIAN_POINT('',(83.325302575405,51.711175756189,
    39.28537999597));
#5459 = CARTESIAN_POINT('',(83.372336903308,51.623159643619,
    39.222704718444));
#5460 = CARTESIAN_POINT('',(83.421988112593,51.54135145583,
    39.160679359938));
#5461 = CARTESIAN_POINT('',(83.473421270341,51.464825334328,
    39.099431591448));
#5462 = CARTESIAN_POINT('',(83.526177847282,51.392883512231,
    39.038882695791));
#5463 = CARTESIAN_POINT('',(83.580018740492,51.325183385154,
    38.979002439174));
#5464 = CARTESIAN_POINT('',(83.634733632015,51.261490896893,
    38.919851382944));
#5465 = CARTESIAN_POINT('',(83.690052900745,51.201478797484,
    38.861524663692));
#5466 = CARTESIAN_POINT('',(83.745698210814,51.144752540878,
    38.80408140241));
#5467 = CARTESIAN_POINT('',(83.80150780236,51.091050802151,
    38.747514037636));
#5468 = CARTESIAN_POINT('',(83.857472416631,51.040331803259,
    38.691782009395));
#5469 = CARTESIAN_POINT('',(83.959113894472,50.95292373144,
    38.592080184578));
#5470 = CARTESIAN_POINT('',(84.004797673442,50.915387087855,
    38.547825703748));
#5471 = CARTESIAN_POINT('',(84.050428870119,50.879500492204,
    38.504127117761));
#5472 = CARTESIAN_POINT('',(84.095971960369,50.845159957808,
    38.460969904749));
#5473 = CARTESIAN_POINT('',(84.14139605318,50.812267937134,
    38.418338815725));
#5474 = CARTESIAN_POINT('',(84.186674890645,50.780733321812,
    38.37621787464));
#5475 = CARTESIAN_POINT('',(84.231786847975,50.750471442613,
    38.334590378291));
#5476 = CARTESIAN_POINT('',(84.276714933506,50.72140406947,
    38.293438896446));
#5477 = CARTESIAN_POINT('',(84.321446788662,50.693459411463,
    38.252745271704));
#5478 = CARTESIAN_POINT('',(84.36597468802,50.666572116827,
    38.212490619626));
#5479 = CARTESIAN_POINT('',(84.41029553923,50.640683272947,
    38.172655328629));
#5480 = CARTESIAN_POINT('',(84.45441088309,50.615740406364,
    38.133219060062));
#5481 = CARTESIAN_POINT('',(84.498326893493,50.591697482769,
    38.094160748159));
#5482 = CARTESIAN_POINT('',(84.645966448543,50.513424852824,
    37.963488516262));
#5483 = CARTESIAN_POINT('',(84.748737572053,50.463139727715,
    37.873561968556));
#5484 = CARTESIAN_POINT('',(84.850428112593,50.417095366022,
    37.785433246899));
#5485 = CARTESIAN_POINT('',(84.951104728037,50.374817566065,
    37.69888609898));
#5486 = CARTESIAN_POINT('',(85.050838771102,50.335912458416,
    37.613731017759));
#5487 = CARTESIAN_POINT('',(85.149704690912,50.300056874007,
    37.529802528843));
#5488 = CARTESIAN_POINT('',(85.247778434589,50.266988712539,
    37.446956478124));
#5489 = CARTESIAN_POINT('',(85.345135848793,50.236497310459,
    37.365067319049));
#5490 = CARTESIAN_POINT('',(85.441851081344,50.20841380945,
    37.284025400336));
#5491 = CARTESIAN_POINT('',(85.537994982732,50.182601524405,
    37.203734253225));
#5492 = CARTESIAN_POINT('',(85.633633507755,50.158946311844,
    37.124107879145));
#5493 = CARTESIAN_POINT('',(85.728826117034,50.137346938009,
    37.045068037063));
#5494 = CARTESIAN_POINT('',(85.823624178628,50.117705447154,
    36.966541531037));
#5495 = CARTESIAN_POINT('',(85.957202441759,50.092547161283,
    36.856103620428));
#5496 = CARTESIAN_POINT('',(85.996276542766,50.085494994001,
    36.823825148735));
#5497 = CARTESIAN_POINT('',(86.035294363399,50.078757468529,
    36.791618545751));
#5498 = CARTESIAN_POINT('',(86.074258594445,50.072331025518,
    36.759480274631));
#5499 = CARTESIAN_POINT('',(86.113171926713,50.066212105585,
    36.727406798548));
#5500 = CARTESIAN_POINT('',(86.152037050972,50.060397149413,
    36.695394580645));
#5501 = CARTESIAN_POINT('',(86.190856658048,50.05488259758,
    36.663440084112));
#5502 = CARTESIAN_POINT('',(86.229633438699,50.049664890804,
    36.631539772075));
#5503 = CARTESIAN_POINT('',(86.268370083752,50.044740469646,
    36.599690107733));
#5504 = CARTESIAN_POINT('',(86.307069283974,50.040105774815,
    36.567887554214));
#5505 = CARTESIAN_POINT('',(86.345733730176,50.035757246902,
    36.536128574706));
#5506 = CARTESIAN_POINT('',(86.384366113143,50.031691326578,
    36.504409632354));
#5507 = CARTESIAN_POINT('',(86.422969123673,50.027904454468,
    36.472727190328));
#5508 = CARTESIAN_POINT('',(86.480833616998,50.022637379595,
    36.425252972516));
#5509 = CARTESIAN_POINT('',(86.50011501843,50.020951155084,
    36.409436675042));
#5510 = CARTESIAN_POINT('',(86.519389949675,50.019334202214,
    36.393628453213));
#5511 = CARTESIAN_POINT('',(86.538658703542,50.017786325533,
    36.377827940872));
#5512 = CARTESIAN_POINT('',(86.557921572872,50.016307329534,
    36.36203477187));
#5513 = CARTESIAN_POINT('',(86.577178850447,50.014897018816,
    36.346248580049));
#5514 = CARTESIAN_POINT('',(86.596430829143,50.013555197815,
    36.330468999261));
#5515 = CARTESIAN_POINT('',(86.615677801708,50.012281671179,
    36.314695663347));
#5516 = CARTESIAN_POINT('',(86.634920061037,50.011076243319,
    36.298928206157));
#5517 = CARTESIAN_POINT('',(86.654157899884,50.009938718871,
    36.283166261538));
#5518 = CARTESIAN_POINT('',(86.673391611115,50.008868902292,
    36.267409463334));
#5519 = CARTESIAN_POINT('',(86.692621487522,50.007866598158,
    36.251657445394));
#5520 = CARTESIAN_POINT('',(86.711847821938,50.006931610979,
    36.235909841564));
#5521 = CARTESIAN_POINT('',(86.740682449797,50.005629812453,
    36.212294507753));
#5522 = CARTESIAN_POINT('',(86.750293177656,50.005212686535,
    36.20442374684));
#5523 = CARTESIAN_POINT('',(86.759903126262,50.004812355777,
    36.196553959131));
#5524 = CARTESIAN_POINT('',(86.769512331111,50.004428808391,
    36.18868510084));
#5525 = CARTESIAN_POINT('',(86.779120827734,50.004062032649,
    36.18081712809));
#5526 = CARTESIAN_POINT('',(86.788728651586,50.00371201671,
    36.172949997189));
#5527 = CARTESIAN_POINT('',(86.798335838253,50.003378748902,
    36.165083664143));
#5528 = CARTESIAN_POINT('',(86.807942423135,50.003062217345,
    36.157218085368));
#5529 = CARTESIAN_POINT('',(86.817548441852,50.002762410375,
    36.149353216811));
#5530 = CARTESIAN_POINT('',(86.827153929807,50.002479316136,
    36.141489014871));
#5531 = CARTESIAN_POINT('',(86.836758922581,50.002212922917,
    36.133625435581));
#5532 = CARTESIAN_POINT('',(86.846363455635,50.001963218917,
    36.125762435222));
#5533 = CARTESIAN_POINT('',(86.855967564495,50.001730192379,
    36.117899969937));
#5534 = CARTESIAN_POINT('',(86.872409066431,50.001359784113,
    36.104440325272));
#5535 = CARTESIAN_POINT('',(86.879246651753,50.001214187197,
    36.098842903329));
#5536 = CARTESIAN_POINT('',(86.886084052503,50.001077039005,
    36.09324571516));
#5537 = CARTESIAN_POINT('',(86.892921280505,50.000948337758,
    36.087648745843));
#5538 = CARTESIAN_POINT('',(86.899758347704,50.000828081686,
    36.082051980413));
#5539 = CARTESIAN_POINT('',(86.90659526582,50.000716269,36.07645540399)
  );
#5540 = CARTESIAN_POINT('',(86.913432046919,50.000612897943,
    36.07085900156));
#5541 = CARTESIAN_POINT('',(86.920268702622,50.000517966714,
    36.065262758283));
#5542 = CARTESIAN_POINT('',(86.927105245032,50.000431473563,
    36.05966665913));
#5543 = CARTESIAN_POINT('',(86.933941685812,50.000353416691,
    36.054070689244));
#5544 = CARTESIAN_POINT('',(86.940778036963,50.000283794338,
    36.048474833636));
#5545 = CARTESIAN_POINT('',(86.947614310268,50.000222604716,
    36.042879077403));
#5546 = CARTESIAN_POINT('',(86.954450517627,50.000169846056,
    36.037283405595));
#5547 = CARTESIAN_POINT('',(86.962822923776,50.000115554648,
    36.030430332908));
#5548 = CARTESIAN_POINT('',(86.964359173879,50.000106018498,
    36.029172866125));
#5549 = CARTESIAN_POINT('',(86.965895421199,50.000096908125,
    36.02791540286));
#5550 = CARTESIAN_POINT('',(86.967431665746,50.000088223515,
    36.026657943051));
#5551 = CARTESIAN_POINT('',(86.968967907515,50.000079964676,
    36.025400486606));
#5552 = CARTESIAN_POINT('',(86.970504146514,50.000072131579,
    36.024143033501));
#5553 = CARTESIAN_POINT('',(86.972040382754,50.000064724245,
    36.022885583588));
#5554 = CARTESIAN_POINT('',(86.973576616216,50.000057742642,
    36.021628136903));
#5555 = CARTESIAN_POINT('',(86.975112846939,50.000051186781,
    36.020370693254));
#5556 = CARTESIAN_POINT('',(86.976649074885,50.000045056646,
    36.019113252687));
#5557 = CARTESIAN_POINT('',(86.978185300094,50.000039352233,
    36.017855815039));
#5558 = CARTESIAN_POINT('',(86.979721522546,50.000034073538,
    36.016598380301));
#5559 = CARTESIAN_POINT('',(86.981257742256,50.00002922055,
    36.015340948369));
#5560 = CARTESIAN_POINT('',(86.98339748378,50.000023053945,
    36.013589520355));
#5561 = CARTESIAN_POINT('',(86.984001009936,50.000021380323,
    36.013095520309));
#5562 = CARTESIAN_POINT('',(86.984604537451,50.000019772402,
    36.012601519262));
#5563 = CARTESIAN_POINT('',(86.985208066073,50.000018230183,
    36.012107517364));
#5564 = CARTESIAN_POINT('',(86.985811595574,50.000016753663,
    36.011613514901));
#5565 = CARTESIAN_POINT('',(86.986415125678,50.000015342848,
    36.011119511921));
#5566 = CARTESIAN_POINT('',(86.987018656187,50.000013997731,
    36.010625508819));
#5567 = CARTESIAN_POINT('',(86.9876221868,50.000012718321,
    36.010131505563));
#5568 = CARTESIAN_POINT('',(86.988225717329,50.00001150461,
    36.009637502566));
#5569 = CARTESIAN_POINT('',(86.988829247482,50.000010356607,
    36.009143499848));
#5570 = CARTESIAN_POINT('',(86.989432777048,50.000009274305,
    36.008649497723));
#5571 = CARTESIAN_POINT('',(86.990036305763,50.000008257709,
    36.00815549632));
#5572 = CARTESIAN_POINT('',(86.990639833391,50.000007306817,
    36.007661495864));
#5573 = CARTESIAN_POINT('',(86.991868834957,50.000005504253,
    36.006655531502));
#5574 = CARTESIAN_POINT('',(86.992374888583,50.000004657443,
    36.006059123845));
#5575 = CARTESIAN_POINT('',(86.99403932373,50.000003881203,
    36.006281816773));
#5576 = CARTESIAN_POINT('',(86.990122823798,50.000003175531,
    36.002558193976));
#5577 = CARTESIAN_POINT('',(87.003685554422,50.000002540426,
    36.01119425444));
#5578 = CARTESIAN_POINT('',(86.977919018875,50.00000197589,
    35.992020325681));
#5579 = CARTESIAN_POINT('',(87.018865613539,50.00000148192,
    36.020019702741));
#5580 = CARTESIAN_POINT('',(86.972339089631,50.000001058516,
    35.986166243623));
#5581 = CARTESIAN_POINT('',(87.015502274362,50.000000705675,
    36.015732981567));
#5582 = CARTESIAN_POINT('',(86.986630800297,50.000000423404,
    35.994363517632));
#5583 = CARTESIAN_POINT('',(87.002721282569,50.000000211701,
    36.004786958426));
#5584 = CARTESIAN_POINT('',(86.997435422204,50.000000070567,
    36.000095050516));
#5585 = CARTESIAN_POINT('',(86.999581522415,50.,36.000658332095));
#5586 = CARTESIAN_POINT('',(86.999999999995,50.,36.000000000009));
#5587 = ADVANCED_FACE('',(#5588),#5600,.T.);
#5588 = FACE_BOUND('',#5589,.T.);
#5589 = EDGE_LOOP('',(#5590,#5597,#5598,#5599));
#5590 = ORIENTED_EDGE('',*,*,#5591,.T.);
#5591 = EDGE_CURVE('',#2372,#4700,#5592,.T.);
#5592 = CIRCLE('',#5593,2.);
#5593 = AXIS2_PLACEMENT_3D('',#5594,#5595,#5596);
#5594 = CARTESIAN_POINT('',(-83.,52.999999999997,23.666666666667));
#5595 = DIRECTION('',(0.,-3.61E-15,1.));
#5596 = DIRECTION('',(-0.,-1.,-3.61E-15));
#5597 = ORIENTED_EDGE('',*,*,#4708,.T.);
#5598 = ORIENTED_EDGE('',*,*,#5101,.F.);
#5599 = ORIENTED_EDGE('',*,*,#2381,.F.);
#5600 = CYLINDRICAL_SURFACE('',#5601,2.);
#5601 = AXIS2_PLACEMENT_3D('',#5602,#5603,#5604);
#5602 = CARTESIAN_POINT('',(-83.,52.999999999997,23.666666666667));
#5603 = DIRECTION('',(0.,0.,1.));
#5604 = DIRECTION('',(0.,1.,0.));
#5605 = ADVANCED_FACE('',(#5606),#5625,.T.);
#5606 = FACE_BOUND('',#5607,.F.);
#5607 = EDGE_LOOP('',(#5608,#5616,#5617,#5618));
#5608 = ORIENTED_EDGE('',*,*,#5609,.F.);
#5609 = EDGE_CURVE('',#2572,#5610,#5612,.T.);
#5610 = VERTEX_POINT('',#5611);
#5611 = CARTESIAN_POINT('',(81.,78.,-50.));
#5612 = LINE('',#5613,#5614);
#5613 = CARTESIAN_POINT('',(81.,50.,-50.));
#5614 = VECTOR('',#5615,1.);
#5615 = DIRECTION('',(0.,1.,-2.2E-16));
#5616 = ORIENTED_EDGE('',*,*,#2580,.F.);
#5617 = ORIENTED_EDGE('',*,*,#3994,.T.);
#5618 = ORIENTED_EDGE('',*,*,#5619,.T.);
#5619 = EDGE_CURVE('',#3987,#5610,#5620,.T.);
#5620 = CIRCLE('',#5621,4.);
#5621 = AXIS2_PLACEMENT_3D('',#5622,#5623,#5624);
#5622 = CARTESIAN_POINT('',(81.,78.,-46.));
#5623 = DIRECTION('',(0.,1.,-2.8E-16));
#5624 = DIRECTION('',(1.,3.92E-32,1.4E-16));
#5625 = CYLINDRICAL_SURFACE('',#5626,4.);
#5626 = AXIS2_PLACEMENT_3D('',#5627,#5628,#5629);
#5627 = CARTESIAN_POINT('',(81.,50.,-46.));
#5628 = DIRECTION('',(0.,1.,-2.2E-16));
#5629 = DIRECTION('',(0.,-2.2E-16,-1.));
#5630 = ADVANCED_FACE('',(#5631),#5649,.T.);
#5631 = FACE_BOUND('',#5632,.T.);
#5632 = EDGE_LOOP('',(#5633,#5634,#5635,#5643));
#5633 = ORIENTED_EDGE('',*,*,#5609,.F.);
#5634 = ORIENTED_EDGE('',*,*,#2596,.T.);
#5635 = ORIENTED_EDGE('',*,*,#5636,.T.);
#5636 = EDGE_CURVE('',#2597,#5637,#5639,.T.);
#5637 = VERTEX_POINT('',#5638);
#5638 = CARTESIAN_POINT('',(-81.,78.,-50.));
#5639 = LINE('',#5640,#5641);
#5640 = CARTESIAN_POINT('',(-81.,50.,-50.));
#5641 = VECTOR('',#5642,1.);
#5642 = DIRECTION('',(0.,1.,-2.2E-16));
#5643 = ORIENTED_EDGE('',*,*,#5644,.F.);
#5644 = EDGE_CURVE('',#5610,#5637,#5645,.T.);
#5645 = LINE('',#5646,#5647);
#5646 = CARTESIAN_POINT('',(81.,78.,-50.));
#5647 = VECTOR('',#5648,1.);
#5648 = DIRECTION('',(-1.,0.,0.));
#5649 = PLANE('',#5650);
#5650 = AXIS2_PLACEMENT_3D('',#5651,#5652,#5653);
#5651 = CARTESIAN_POINT('',(0.,65.,-50.));
#5652 = DIRECTION('',(-0.,-2.4E-16,-1.));
#5653 = DIRECTION('',(0.,-1.,2.4E-16));
#5654 = ADVANCED_FACE('',(#5655),#5667,.T.);
#5655 = FACE_BOUND('',#5656,.F.);
#5656 = EDGE_LOOP('',(#5657,#5658,#5659,#5660));
#5657 = ORIENTED_EDGE('',*,*,#4759,.F.);
#5658 = ORIENTED_EDGE('',*,*,#2805,.F.);
#5659 = ORIENTED_EDGE('',*,*,#5636,.T.);
#5660 = ORIENTED_EDGE('',*,*,#5661,.T.);
#5661 = EDGE_CURVE('',#5637,#4760,#5662,.T.);
#5662 = CIRCLE('',#5663,4.);
#5663 = AXIS2_PLACEMENT_3D('',#5664,#5665,#5666);
#5664 = CARTESIAN_POINT('',(-81.,78.,-46.));
#5665 = DIRECTION('',(0.,1.,-2.8E-16));
#5666 = DIRECTION('',(0.,-2.8E-16,-1.));
#5667 = CYLINDRICAL_SURFACE('',#5668,4.);
#5668 = AXIS2_PLACEMENT_3D('',#5669,#5670,#5671);
#5669 = CARTESIAN_POINT('',(-81.,50.,-46.));
#5670 = DIRECTION('',(0.,1.,-2.2E-16));
#5671 = DIRECTION('',(-1.,0.,0.));
#5672 = ADVANCED_FACE('',(#5673),#5692,.T.);
#5673 = FACE_BOUND('',#5674,.F.);
#5674 = EDGE_LOOP('',(#5675,#5676,#5677,#5685));
#5675 = ORIENTED_EDGE('',*,*,#3978,.F.);
#5676 = ORIENTED_EDGE('',*,*,#2856,.F.);
#5677 = ORIENTED_EDGE('',*,*,#5678,.T.);
#5678 = EDGE_CURVE('',#2846,#5679,#5681,.T.);
#5679 = VERTEX_POINT('',#5680);
#5680 = CARTESIAN_POINT('',(81.,78.,50.));
#5681 = LINE('',#5682,#5683);
#5682 = CARTESIAN_POINT('',(81.,50.,50.));
#5683 = VECTOR('',#5684,1.);
#5684 = DIRECTION('',(0.,1.,-2.2E-16));
#5685 = ORIENTED_EDGE('',*,*,#5686,.T.);
#5686 = EDGE_CURVE('',#5679,#3979,#5687,.T.);
#5687 = CIRCLE('',#5688,4.);
#5688 = AXIS2_PLACEMENT_3D('',#5689,#5690,#5691);
#5689 = CARTESIAN_POINT('',(81.,78.,46.));
#5690 = DIRECTION('',(0.,1.,-2.8E-16));
#5691 = DIRECTION('',(0.,2.8E-16,1.));
#5692 = CYLINDRICAL_SURFACE('',#5693,4.);
#5693 = AXIS2_PLACEMENT_3D('',#5694,#5695,#5696);
#5694 = CARTESIAN_POINT('',(81.,50.,46.));
#5695 = DIRECTION('',(0.,1.,-2.2E-16));
#5696 = DIRECTION('',(1.,0.,0.));
#5697 = ADVANCED_FACE('',(#5698),#5717,.T.);
#5698 = FACE_BOUND('',#5699,.T.);
#5699 = EDGE_LOOP('',(#5700,#5701,#5702,#5710));
#5700 = ORIENTED_EDGE('',*,*,#4775,.F.);
#5701 = ORIENTED_EDGE('',*,*,#2882,.T.);
#5702 = ORIENTED_EDGE('',*,*,#5703,.T.);
#5703 = EDGE_CURVE('',#2874,#5704,#5706,.T.);
#5704 = VERTEX_POINT('',#5705);
#5705 = CARTESIAN_POINT('',(-81.,78.,50.));
#5706 = LINE('',#5707,#5708);
#5707 = CARTESIAN_POINT('',(-81.,50.,50.));
#5708 = VECTOR('',#5709,1.);
#5709 = DIRECTION('',(0.,1.,-2.2E-16));
#5710 = ORIENTED_EDGE('',*,*,#5711,.F.);
#5711 = EDGE_CURVE('',#4768,#5704,#5712,.T.);
#5712 = CIRCLE('',#5713,4.);
#5713 = AXIS2_PLACEMENT_3D('',#5714,#5715,#5716);
#5714 = CARTESIAN_POINT('',(-81.,78.,46.));
#5715 = DIRECTION('',(0.,1.,-2.8E-16));
#5716 = DIRECTION('',(-1.,3.92E-32,1.4E-16));
#5717 = CYLINDRICAL_SURFACE('',#5718,4.);
#5718 = AXIS2_PLACEMENT_3D('',#5719,#5720,#5721);
#5719 = CARTESIAN_POINT('',(-81.,50.,46.));
#5720 = DIRECTION('',(0.,1.,-2.2E-16));
#5721 = DIRECTION('',(-1.,0.,0.));
#5722 = ADVANCED_FACE('',(#5723),#5734,.T.);
#5723 = FACE_BOUND('',#5724,.T.);
#5724 = EDGE_LOOP('',(#5725,#5726,#5727,#5728));
#5725 = ORIENTED_EDGE('',*,*,#5703,.F.);
#5726 = ORIENTED_EDGE('',*,*,#2898,.T.);
#5727 = ORIENTED_EDGE('',*,*,#5678,.T.);
#5728 = ORIENTED_EDGE('',*,*,#5729,.F.);
#5729 = EDGE_CURVE('',#5704,#5679,#5730,.T.);
#5730 = LINE('',#5731,#5732);
#5731 = CARTESIAN_POINT('',(-81.,78.,50.));
#5732 = VECTOR('',#5733,1.);
#5733 = DIRECTION('',(1.,0.,0.));
#5734 = PLANE('',#5735);
#5735 = AXIS2_PLACEMENT_3D('',#5736,#5737,#5738);
#5736 = CARTESIAN_POINT('',(0.,65.,50.));
#5737 = DIRECTION('',(0.,2.4E-16,1.));
#5738 = DIRECTION('',(0.,1.,-2.4E-16));
#5739 = ADVANCED_FACE('',(#5740),#5760,.T.);
#5740 = FACE_BOUND('',#5741,.T.);
#5741 = EDGE_LOOP('',(#5742,#5743,#5752,#5759));
#5742 = ORIENTED_EDGE('',*,*,#3014,.F.);
#5743 = ORIENTED_EDGE('',*,*,#5744,.T.);
#5744 = EDGE_CURVE('',#3015,#5745,#5747,.T.);
#5745 = VERTEX_POINT('',#5746);
#5746 = CARTESIAN_POINT('',(-109.,47.,-75.));
#5747 = CIRCLE('',#5748,2.);
#5748 = AXIS2_PLACEMENT_3D('',#5749,#5750,#5751);
#5749 = CARTESIAN_POINT('',(-107.,47.,-75.));
#5750 = DIRECTION('',(0.,-0.,1.));
#5751 = DIRECTION('',(0.,1.,0.));
#5752 = ORIENTED_EDGE('',*,*,#5753,.T.);
#5753 = EDGE_CURVE('',#5745,#2916,#5754,.T.);
#5754 = CIRCLE('',#5755,1.);
#5755 = AXIS2_PLACEMENT_3D('',#5756,#5757,#5758);
#5756 = CARTESIAN_POINT('',(-109.,47.,-74.));
#5757 = DIRECTION('',(6.E-17,1.,-0.));
#5758 = DIRECTION('',(-1.,6.E-17,0.));
#5759 = ORIENTED_EDGE('',*,*,#2915,.F.);
#5760 = TOROIDAL_SURFACE('',#5761,2.,1.);
#5761 = AXIS2_PLACEMENT_3D('',#5762,#5763,#5764);
#5762 = CARTESIAN_POINT('',(-107.,47.,-74.));
#5763 = DIRECTION('',(0.,0.,1.));
#5764 = DIRECTION('',(0.,1.,0.));
#5765 = ADVANCED_FACE('',(#5766),#5786,.T.);
#5766 = FACE_BOUND('',#5767,.T.);
#5767 = EDGE_LOOP('',(#5768,#5777,#5784,#5785));
#5768 = ORIENTED_EDGE('',*,*,#5769,.F.);
#5769 = EDGE_CURVE('',#5770,#2925,#5772,.T.);
#5770 = VERTEX_POINT('',#5771);
#5771 = CARTESIAN_POINT('',(-109.,47.,75.));
#5772 = CIRCLE('',#5773,1.);
#5773 = AXIS2_PLACEMENT_3D('',#5774,#5775,#5776);
#5774 = CARTESIAN_POINT('',(-109.,47.,74.));
#5775 = DIRECTION('',(0.,-1.,0.));
#5776 = DIRECTION('',(0.,0.,1.));
#5777 = ORIENTED_EDGE('',*,*,#5778,.T.);
#5778 = EDGE_CURVE('',#5770,#2957,#5779,.T.);
#5779 = CIRCLE('',#5780,2.);
#5780 = AXIS2_PLACEMENT_3D('',#5781,#5782,#5783);
#5781 = CARTESIAN_POINT('',(-107.,47.,75.));
#5782 = DIRECTION('',(0.,0.,-1.));
#5783 = DIRECTION('',(-1.,0.,0.));
#5784 = ORIENTED_EDGE('',*,*,#2964,.T.);
#5785 = ORIENTED_EDGE('',*,*,#2932,.F.);
#5786 = TOROIDAL_SURFACE('',#5787,2.,1.);
#5787 = AXIS2_PLACEMENT_3D('',#5788,#5789,#5790);
#5788 = CARTESIAN_POINT('',(-107.,47.,74.));
#5789 = DIRECTION('',(-0.,-0.,-1.));
#5790 = DIRECTION('',(-1.,0.,0.));
#5791 = ADVANCED_FACE('',(#5792,#5835,#5846),#5857,.T.);
#5792 = FACE_BOUND('',#5793,.T.);
#5793 = EDGE_LOOP('',(#5794,#5795,#5803,#5812,#5820,#5829));
#5794 = ORIENTED_EDGE('',*,*,#2924,.F.);
#5795 = ORIENTED_EDGE('',*,*,#5796,.T.);
#5796 = EDGE_CURVE('',#2916,#5797,#5799,.T.);
#5797 = VERTEX_POINT('',#5798);
#5798 = CARTESIAN_POINT('',(-110.,3.,-74.));
#5799 = LINE('',#5800,#5801);
#5800 = CARTESIAN_POINT('',(-110.,47.,-74.));
#5801 = VECTOR('',#5802,1.);
#5802 = DIRECTION('',(-0.,-1.,-0.));
#5803 = ORIENTED_EDGE('',*,*,#5804,.T.);
#5804 = EDGE_CURVE('',#5797,#5805,#5807,.T.);
#5805 = VERTEX_POINT('',#5806);
#5806 = CARTESIAN_POINT('',(-110.,1.,-72.));
#5807 = CIRCLE('',#5808,2.);
#5808 = AXIS2_PLACEMENT_3D('',#5809,#5810,#5811);
#5809 = CARTESIAN_POINT('',(-110.,3.,-72.));
#5810 = DIRECTION('',(-1.,0.,0.));
#5811 = DIRECTION('',(0.,0.,-1.));
#5812 = ORIENTED_EDGE('',*,*,#5813,.T.);
#5813 = EDGE_CURVE('',#5805,#5814,#5816,.T.);
#5814 = VERTEX_POINT('',#5815);
#5815 = CARTESIAN_POINT('',(-110.,1.,72.));
#5816 = LINE('',#5817,#5818);
#5817 = CARTESIAN_POINT('',(-110.,1.,-72.));
#5818 = VECTOR('',#5819,1.);
#5819 = DIRECTION('',(0.,0.,1.));
#5820 = ORIENTED_EDGE('',*,*,#5821,.T.);
#5821 = EDGE_CURVE('',#5814,#5822,#5824,.T.);
#5822 = VERTEX_POINT('',#5823);
#5823 = CARTESIAN_POINT('',(-110.,3.,74.));
#5824 = CIRCLE('',#5825,2.);
#5825 = AXIS2_PLACEMENT_3D('',#5826,#5827,#5828);
#5826 = CARTESIAN_POINT('',(-110.,3.,72.));
#5827 = DIRECTION('',(-1.,0.,0.));
#5828 = DIRECTION('',(0.,-1.,0.));
#5829 = ORIENTED_EDGE('',*,*,#5830,.T.);
#5830 = EDGE_CURVE('',#5822,#2925,#5831,.T.);
#5831 = LINE('',#5832,#5833);
#5832 = CARTESIAN_POINT('',(-110.,3.,74.));
#5833 = VECTOR('',#5834,1.);
#5834 = DIRECTION('',(0.,1.,0.));
#5835 = FACE_BOUND('',#5836,.T.);
#5836 = EDGE_LOOP('',(#5837));
#5837 = ORIENTED_EDGE('',*,*,#5838,.F.);
#5838 = EDGE_CURVE('',#5839,#5839,#5841,.T.);
#5839 = VERTEX_POINT('',#5840);
#5840 = CARTESIAN_POINT('',(-110.,17.,50.));
#5841 = CIRCLE('',#5842,3.);
#5842 = AXIS2_PLACEMENT_3D('',#5843,#5844,#5845);
#5843 = CARTESIAN_POINT('',(-110.,20.,50.));
#5844 = DIRECTION('',(-1.,0.,0.));
#5845 = DIRECTION('',(0.,-1.,0.));
#5846 = FACE_BOUND('',#5847,.T.);
#5847 = EDGE_LOOP('',(#5848));
#5848 = ORIENTED_EDGE('',*,*,#5849,.F.);
#5849 = EDGE_CURVE('',#5850,#5850,#5852,.T.);
#5850 = VERTEX_POINT('',#5851);
#5851 = CARTESIAN_POINT('',(-110.,17.,-50.));
#5852 = CIRCLE('',#5853,3.);
#5853 = AXIS2_PLACEMENT_3D('',#5854,#5855,#5856);
#5854 = CARTESIAN_POINT('',(-110.,20.,-50.));
#5855 = DIRECTION('',(-1.,0.,0.));
#5856 = DIRECTION('',(0.,-1.,0.));
#5857 = PLANE('',#5858);
#5858 = AXIS2_PLACEMENT_3D('',#5859,#5860,#5861);
#5859 = CARTESIAN_POINT('',(-110.,0.,-75.));
#5860 = DIRECTION('',(-1.,0.,0.));
#5861 = DIRECTION('',(0.,1.,0.));
#5862 = ADVANCED_FACE('',(#5863),#5883,.T.);
#5863 = FACE_BOUND('',#5864,.F.);
#5864 = EDGE_LOOP('',(#5865,#5874,#5881,#5882));
#5865 = ORIENTED_EDGE('',*,*,#5866,.F.);
#5866 = EDGE_CURVE('',#5867,#2991,#5869,.T.);
#5867 = VERTEX_POINT('',#5868);
#5868 = CARTESIAN_POINT('',(109.,47.,75.));
#5869 = CIRCLE('',#5870,1.);
#5870 = AXIS2_PLACEMENT_3D('',#5871,#5872,#5873);
#5871 = CARTESIAN_POINT('',(109.,47.,74.));
#5872 = DIRECTION('',(2.2E-16,1.,0.));
#5873 = DIRECTION('',(-2.2E-16,4.84E-32,1.));
#5874 = ORIENTED_EDGE('',*,*,#5875,.T.);
#5875 = EDGE_CURVE('',#5867,#2948,#5876,.T.);
#5876 = CIRCLE('',#5877,2.);
#5877 = AXIS2_PLACEMENT_3D('',#5878,#5879,#5880);
#5878 = CARTESIAN_POINT('',(107.,47.,75.));
#5879 = DIRECTION('',(-2.2E-16,0.,1.));
#5880 = DIRECTION('',(1.,-2.2E-16,2.2E-16));
#5881 = ORIENTED_EDGE('',*,*,#2947,.T.);
#5882 = ORIENTED_EDGE('',*,*,#2998,.F.);
#5883 = TOROIDAL_SURFACE('',#5884,2.,1.);
#5884 = AXIS2_PLACEMENT_3D('',#5885,#5886,#5887);
#5885 = CARTESIAN_POINT('',(107.,47.,74.));
#5886 = DIRECTION('',(2.2E-16,0.,-1.));
#5887 = DIRECTION('',(1.,-2.2E-16,2.2E-16));
#5888 = ADVANCED_FACE('',(#5889),#5966,.T.);
#5889 = FACE_BOUND('',#5890,.T.);
#5890 = EDGE_LOOP('',(#5891,#5892,#5900,#5908,#5916,#5925,#5933,#5942,
    #5950,#5958,#5964,#5965));
#5891 = ORIENTED_EDGE('',*,*,#5778,.F.);
#5892 = ORIENTED_EDGE('',*,*,#5893,.F.);
#5893 = EDGE_CURVE('',#5894,#5770,#5896,.T.);
#5894 = VERTEX_POINT('',#5895);
#5895 = CARTESIAN_POINT('',(-109.,3.,75.));
#5896 = LINE('',#5897,#5898);
#5897 = CARTESIAN_POINT('',(-109.,3.,75.));
#5898 = VECTOR('',#5899,1.);
#5899 = DIRECTION('',(0.,1.,0.));
#5900 = ORIENTED_EDGE('',*,*,#5901,.F.);
#5901 = EDGE_CURVE('',#5902,#5894,#5904,.T.);
#5902 = VERTEX_POINT('',#5903);
#5903 = CARTESIAN_POINT('',(-101.,3.,75.));
#5904 = LINE('',#5905,#5906);
#5905 = CARTESIAN_POINT('',(-100.,3.,75.));
#5906 = VECTOR('',#5907,1.);
#5907 = DIRECTION('',(-1.,0.,0.));
#5908 = ORIENTED_EDGE('',*,*,#5909,.T.);
#5909 = EDGE_CURVE('',#5902,#5910,#5912,.T.);
#5910 = VERTEX_POINT('',#5911);
#5911 = CARTESIAN_POINT('',(-101.,37.,75.));
#5912 = LINE('',#5913,#5914);
#5913 = CARTESIAN_POINT('',(-101.,3.,75.));
#5914 = VECTOR('',#5915,1.);
#5915 = DIRECTION('',(0.,1.,0.));
#5916 = ORIENTED_EDGE('',*,*,#5917,.T.);
#5917 = EDGE_CURVE('',#5910,#5918,#5920,.T.);
#5918 = VERTEX_POINT('',#5919);
#5919 = CARTESIAN_POINT('',(-97.,41.,75.));
#5920 = CIRCLE('',#5921,4.);
#5921 = AXIS2_PLACEMENT_3D('',#5922,#5923,#5924);
#5922 = CARTESIAN_POINT('',(-97.,37.,75.));
#5923 = DIRECTION('',(0.,0.,-1.));
#5924 = DIRECTION('',(-1.,0.,0.));
#5925 = ORIENTED_EDGE('',*,*,#5926,.T.);
#5926 = EDGE_CURVE('',#5918,#5927,#5929,.T.);
#5927 = VERTEX_POINT('',#5928);
#5928 = CARTESIAN_POINT('',(97.,41.,75.));
#5929 = LINE('',#5930,#5931);
#5930 = CARTESIAN_POINT('',(-97.,41.,75.));
#5931 = VECTOR('',#5932,1.);
#5932 = DIRECTION('',(1.,0.,0.));
#5933 = ORIENTED_EDGE('',*,*,#5934,.F.);
#5934 = EDGE_CURVE('',#5935,#5927,#5937,.T.);
#5935 = VERTEX_POINT('',#5936);
#5936 = CARTESIAN_POINT('',(101.,37.,75.));
#5937 = CIRCLE('',#5938,4.);
#5938 = AXIS2_PLACEMENT_3D('',#5939,#5940,#5941);
#5939 = CARTESIAN_POINT('',(97.,37.,75.));
#5940 = DIRECTION('',(-2.2E-16,0.,1.));
#5941 = DIRECTION('',(1.,-2.2E-16,2.2E-16));
#5942 = ORIENTED_EDGE('',*,*,#5943,.F.);
#5943 = EDGE_CURVE('',#5944,#5935,#5946,.T.);
#5944 = VERTEX_POINT('',#5945);
#5945 = CARTESIAN_POINT('',(101.,3.,75.));
#5946 = LINE('',#5947,#5948);
#5947 = CARTESIAN_POINT('',(101.,3.,75.));
#5948 = VECTOR('',#5949,1.);
#5949 = DIRECTION('',(2.2E-16,1.,0.));
#5950 = ORIENTED_EDGE('',*,*,#5951,.T.);
#5951 = EDGE_CURVE('',#5944,#5952,#5954,.T.);
#5952 = VERTEX_POINT('',#5953);
#5953 = CARTESIAN_POINT('',(109.,3.,75.));
#5954 = LINE('',#5955,#5956);
#5955 = CARTESIAN_POINT('',(100.,3.,75.));
#5956 = VECTOR('',#5957,1.);
#5957 = DIRECTION('',(1.,-2.2E-16,2.2E-16));
#5958 = ORIENTED_EDGE('',*,*,#5959,.T.);
#5959 = EDGE_CURVE('',#5952,#5867,#5960,.T.);
#5960 = LINE('',#5961,#5962);
#5961 = CARTESIAN_POINT('',(109.,3.,75.));
#5962 = VECTOR('',#5963,1.);
#5963 = DIRECTION('',(2.2E-16,1.,0.));
#5964 = ORIENTED_EDGE('',*,*,#5875,.T.);
#5965 = ORIENTED_EDGE('',*,*,#2956,.T.);
#5966 = PLANE('',#5967);
#5967 = AXIS2_PLACEMENT_3D('',#5968,#5969,#5970);
#5968 = CARTESIAN_POINT('',(-1.52E-15,38.150540207233,75.));
#5969 = DIRECTION('',(0.,0.,1.));
#5970 = DIRECTION('',(1.,0.,0.));
#5971 = ADVANCED_FACE('',(#5972),#5992,.T.);
#5972 = FACE_BOUND('',#5973,.F.);
#5973 = EDGE_LOOP('',(#5974,#5975,#5984,#5991));
#5974 = ORIENTED_EDGE('',*,*,#3031,.F.);
#5975 = ORIENTED_EDGE('',*,*,#5976,.T.);
#5976 = EDGE_CURVE('',#3024,#5977,#5979,.T.);
#5977 = VERTEX_POINT('',#5978);
#5978 = CARTESIAN_POINT('',(109.,47.,-75.));
#5979 = CIRCLE('',#5980,2.);
#5980 = AXIS2_PLACEMENT_3D('',#5981,#5982,#5983);
#5981 = CARTESIAN_POINT('',(107.,47.,-75.));
#5982 = DIRECTION('',(2.2E-16,0.,-1.));
#5983 = DIRECTION('',(2.2E-16,1.,4.84E-32));
#5984 = ORIENTED_EDGE('',*,*,#5985,.T.);
#5985 = EDGE_CURVE('',#5977,#2982,#5986,.T.);
#5986 = CIRCLE('',#5987,1.);
#5987 = AXIS2_PLACEMENT_3D('',#5988,#5989,#5990);
#5988 = CARTESIAN_POINT('',(109.,47.,-74.));
#5989 = DIRECTION('',(-1.6E-16,-1.,0.));
#5990 = DIRECTION('',(1.,-1.6E-16,2.2E-16));
#5991 = ORIENTED_EDGE('',*,*,#2981,.F.);
#5992 = TOROIDAL_SURFACE('',#5993,2.,1.);
#5993 = AXIS2_PLACEMENT_3D('',#5994,#5995,#5996);
#5994 = CARTESIAN_POINT('',(107.,47.,-74.));
#5995 = DIRECTION('',(-2.2E-16,0.,1.));
#5996 = DIRECTION('',(2.2E-16,1.,4.84E-32));
#5997 = ADVANCED_FACE('',(#5998,#6041,#6052),#6063,.T.);
#5998 = FACE_BOUND('',#5999,.F.);
#5999 = EDGE_LOOP('',(#6000,#6001,#6009,#6018,#6026,#6035));
#6000 = ORIENTED_EDGE('',*,*,#2990,.F.);
#6001 = ORIENTED_EDGE('',*,*,#6002,.T.);
#6002 = EDGE_CURVE('',#2982,#6003,#6005,.T.);
#6003 = VERTEX_POINT('',#6004);
#6004 = CARTESIAN_POINT('',(110.,3.,-74.));
#6005 = LINE('',#6006,#6007);
#6006 = CARTESIAN_POINT('',(110.,47.,-74.));
#6007 = VECTOR('',#6008,1.);
#6008 = DIRECTION('',(-2.2E-16,-1.,-0.));
#6009 = ORIENTED_EDGE('',*,*,#6010,.T.);
#6010 = EDGE_CURVE('',#6003,#6011,#6013,.T.);
#6011 = VERTEX_POINT('',#6012);
#6012 = CARTESIAN_POINT('',(110.,1.,-72.));
#6013 = CIRCLE('',#6014,2.);
#6014 = AXIS2_PLACEMENT_3D('',#6015,#6016,#6017);
#6015 = CARTESIAN_POINT('',(110.,3.,-72.));
#6016 = DIRECTION('',(-1.,2.2E-16,-2.2E-16));
#6017 = DIRECTION('',(2.2E-16,0.,-1.));
#6018 = ORIENTED_EDGE('',*,*,#6019,.T.);
#6019 = EDGE_CURVE('',#6011,#6020,#6022,.T.);
#6020 = VERTEX_POINT('',#6021);
#6021 = CARTESIAN_POINT('',(110.,1.,72.));
#6022 = LINE('',#6023,#6024);
#6023 = CARTESIAN_POINT('',(110.,1.,-72.));
#6024 = VECTOR('',#6025,1.);
#6025 = DIRECTION('',(-2.2E-16,0.,1.));
#6026 = ORIENTED_EDGE('',*,*,#6027,.T.);
#6027 = EDGE_CURVE('',#6020,#6028,#6030,.T.);
#6028 = VERTEX_POINT('',#6029);
#6029 = CARTESIAN_POINT('',(110.,3.,74.));
#6030 = CIRCLE('',#6031,2.);
#6031 = AXIS2_PLACEMENT_3D('',#6032,#6033,#6034);
#6032 = CARTESIAN_POINT('',(110.,3.,72.));
#6033 = DIRECTION('',(-1.,2.2E-16,-2.2E-16));
#6034 = DIRECTION('',(-2.2E-16,-1.,0.));
#6035 = ORIENTED_EDGE('',*,*,#6036,.T.);
#6036 = EDGE_CURVE('',#6028,#2991,#6037,.T.);
#6037 = LINE('',#6038,#6039);
#6038 = CARTESIAN_POINT('',(110.,3.,74.));
#6039 = VECTOR('',#6040,1.);
#6040 = DIRECTION('',(2.2E-16,1.,0.));
#6041 = FACE_BOUND('',#6042,.F.);
#6042 = EDGE_LOOP('',(#6043));
#6043 = ORIENTED_EDGE('',*,*,#6044,.F.);
#6044 = EDGE_CURVE('',#6045,#6045,#6047,.T.);
#6045 = VERTEX_POINT('',#6046);
#6046 = CARTESIAN_POINT('',(110.,17.,50.));
#6047 = CIRCLE('',#6048,3.);
#6048 = AXIS2_PLACEMENT_3D('',#6049,#6050,#6051);
#6049 = CARTESIAN_POINT('',(110.,20.,50.));
#6050 = DIRECTION('',(-1.,2.2E-16,-2.2E-16));
#6051 = DIRECTION('',(-2.2E-16,-1.,0.));
#6052 = FACE_BOUND('',#6053,.F.);
#6053 = EDGE_LOOP('',(#6054));
#6054 = ORIENTED_EDGE('',*,*,#6055,.F.);
#6055 = EDGE_CURVE('',#6056,#6056,#6058,.T.);
#6056 = VERTEX_POINT('',#6057);
#6057 = CARTESIAN_POINT('',(110.,17.,-50.));
#6058 = CIRCLE('',#6059,3.);
#6059 = AXIS2_PLACEMENT_3D('',#6060,#6061,#6062);
#6060 = CARTESIAN_POINT('',(110.,20.,-50.));
#6061 = DIRECTION('',(-1.,2.2E-16,-2.2E-16));
#6062 = DIRECTION('',(-2.2E-16,-1.,0.));
#6063 = PLANE('',#6064);
#6064 = AXIS2_PLACEMENT_3D('',#6065,#6066,#6067);
#6065 = CARTESIAN_POINT('',(110.,-2.442E-14,-75.));
#6066 = DIRECTION('',(1.,-2.2E-16,2.2E-16));
#6067 = DIRECTION('',(-2.2E-16,-1.,-0.));
#6068 = ADVANCED_FACE('',(#6069),#6146,.T.);
#6069 = FACE_BOUND('',#6070,.T.);
#6070 = EDGE_LOOP('',(#6071,#6072,#6073,#6081,#6089,#6097,#6106,#6114,
    #6123,#6131,#6139,#6145));
#6071 = ORIENTED_EDGE('',*,*,#3023,.F.);
#6072 = ORIENTED_EDGE('',*,*,#5976,.T.);
#6073 = ORIENTED_EDGE('',*,*,#6074,.T.);
#6074 = EDGE_CURVE('',#5977,#6075,#6077,.T.);
#6075 = VERTEX_POINT('',#6076);
#6076 = CARTESIAN_POINT('',(109.,3.,-75.));
#6077 = LINE('',#6078,#6079);
#6078 = CARTESIAN_POINT('',(109.,47.,-75.));
#6079 = VECTOR('',#6080,1.);
#6080 = DIRECTION('',(-2.2E-16,-1.,-0.));
#6081 = ORIENTED_EDGE('',*,*,#6082,.F.);
#6082 = EDGE_CURVE('',#6083,#6075,#6085,.T.);
#6083 = VERTEX_POINT('',#6084);
#6084 = CARTESIAN_POINT('',(101.,3.,-75.));
#6085 = LINE('',#6086,#6087);
#6086 = CARTESIAN_POINT('',(100.,3.,-75.));
#6087 = VECTOR('',#6088,1.);
#6088 = DIRECTION('',(1.,-2.2E-16,2.2E-16));
#6089 = ORIENTED_EDGE('',*,*,#6090,.F.);
#6090 = EDGE_CURVE('',#6091,#6083,#6093,.T.);
#6091 = VERTEX_POINT('',#6092);
#6092 = CARTESIAN_POINT('',(101.,37.,-75.));
#6093 = LINE('',#6094,#6095);
#6094 = CARTESIAN_POINT('',(101.,37.,-75.));
#6095 = VECTOR('',#6096,1.);
#6096 = DIRECTION('',(-2.2E-16,-1.,-0.));
#6097 = ORIENTED_EDGE('',*,*,#6098,.F.);
#6098 = EDGE_CURVE('',#6099,#6091,#6101,.T.);
#6099 = VERTEX_POINT('',#6100);
#6100 = CARTESIAN_POINT('',(97.,41.,-75.));
#6101 = CIRCLE('',#6102,4.);
#6102 = AXIS2_PLACEMENT_3D('',#6103,#6104,#6105);
#6103 = CARTESIAN_POINT('',(97.,37.,-75.));
#6104 = DIRECTION('',(2.2E-16,0.,-1.));
#6105 = DIRECTION('',(2.2E-16,1.,4.84E-32));
#6106 = ORIENTED_EDGE('',*,*,#6107,.F.);
#6107 = EDGE_CURVE('',#6108,#6099,#6110,.T.);
#6108 = VERTEX_POINT('',#6109);
#6109 = CARTESIAN_POINT('',(-97.,41.,-75.));
#6110 = LINE('',#6111,#6112);
#6111 = CARTESIAN_POINT('',(2.576E-14,41.,-75.));
#6112 = VECTOR('',#6113,1.);
#6113 = DIRECTION('',(1.,-2.2E-16,2.2E-16));
#6114 = ORIENTED_EDGE('',*,*,#6115,.T.);
#6115 = EDGE_CURVE('',#6108,#6116,#6118,.T.);
#6116 = VERTEX_POINT('',#6117);
#6117 = CARTESIAN_POINT('',(-101.,37.,-75.));
#6118 = CIRCLE('',#6119,4.);
#6119 = AXIS2_PLACEMENT_3D('',#6120,#6121,#6122);
#6120 = CARTESIAN_POINT('',(-97.,37.,-75.));
#6121 = DIRECTION('',(0.,-0.,1.));
#6122 = DIRECTION('',(0.,1.,0.));
#6123 = ORIENTED_EDGE('',*,*,#6124,.T.);
#6124 = EDGE_CURVE('',#6116,#6125,#6127,.T.);
#6125 = VERTEX_POINT('',#6126);
#6126 = CARTESIAN_POINT('',(-101.,3.,-75.));
#6127 = LINE('',#6128,#6129);
#6128 = CARTESIAN_POINT('',(-101.,37.,-75.));
#6129 = VECTOR('',#6130,1.);
#6130 = DIRECTION('',(-0.,-1.,-0.));
#6131 = ORIENTED_EDGE('',*,*,#6132,.T.);
#6132 = EDGE_CURVE('',#6125,#6133,#6135,.T.);
#6133 = VERTEX_POINT('',#6134);
#6134 = CARTESIAN_POINT('',(-109.,3.,-75.));
#6135 = LINE('',#6136,#6137);
#6136 = CARTESIAN_POINT('',(-100.,3.,-75.));
#6137 = VECTOR('',#6138,1.);
#6138 = DIRECTION('',(-1.,0.,0.));
#6139 = ORIENTED_EDGE('',*,*,#6140,.F.);
#6140 = EDGE_CURVE('',#5745,#6133,#6141,.T.);
#6141 = LINE('',#6142,#6143);
#6142 = CARTESIAN_POINT('',(-109.,47.,-75.));
#6143 = VECTOR('',#6144,1.);
#6144 = DIRECTION('',(-0.,-1.,-0.));
#6145 = ORIENTED_EDGE('',*,*,#5744,.F.);
#6146 = PLANE('',#6147);
#6147 = AXIS2_PLACEMENT_3D('',#6148,#6149,#6150);
#6148 = CARTESIAN_POINT('',(1.558E-14,38.150540207233,-75.));
#6149 = DIRECTION('',(-0.,-0.,-1.));
#6150 = DIRECTION('',(-1.,0.,0.));
#6151 = ADVANCED_FACE('',(#6152),#6170,.F.);
#6152 = FACE_BOUND('',#6153,.F.);
#6153 = EDGE_LOOP('',(#6154,#6162,#6163,#6164));
#6154 = ORIENTED_EDGE('',*,*,#6155,.T.);
#6155 = EDGE_CURVE('',#6156,#3126,#6158,.T.);
#6156 = VERTEX_POINT('',#6157);
#6157 = CARTESIAN_POINT('',(-83.,62.999999999997,21.666666666667));
#6158 = LINE('',#6159,#6160);
#6159 = CARTESIAN_POINT('',(-85.,62.999999999997,21.666666666667));
#6160 = VECTOR('',#6161,1.);
#6161 = DIRECTION('',(1.,0.,0.));
#6162 = ORIENTED_EDGE('',*,*,#3125,.F.);
#6163 = ORIENTED_EDGE('',*,*,#3046,.F.);
#6164 = ORIENTED_EDGE('',*,*,#6165,.F.);
#6165 = EDGE_CURVE('',#6156,#3047,#6166,.T.);
#6166 = LINE('',#6167,#6168);
#6167 = CARTESIAN_POINT('',(-83.,62.999999999997,21.666666666667));
#6168 = VECTOR('',#6169,1.);
#6169 = DIRECTION('',(0.,-1.,0.));
#6170 = PLANE('',#6171);
#6171 = AXIS2_PLACEMENT_3D('',#6172,#6173,#6174);
#6172 = CARTESIAN_POINT('',(-85.,64.999999999997,21.666666666667));
#6173 = DIRECTION('',(0.,0.,-1.));
#6174 = DIRECTION('',(0.,-1.,0.));
#6175 = ADVANCED_FACE('',(#6176),#6188,.T.);
#6176 = FACE_BOUND('',#6177,.F.);
#6177 = EDGE_LOOP('',(#6178,#6185,#6186,#6187));
#6178 = ORIENTED_EDGE('',*,*,#6179,.F.);
#6179 = EDGE_CURVE('',#3047,#4692,#6180,.T.);
#6180 = CIRCLE('',#6181,2.);
#6181 = AXIS2_PLACEMENT_3D('',#6182,#6183,#6184);
#6182 = CARTESIAN_POINT('',(-83.,56.999999999997,19.666666666667));
#6183 = DIRECTION('',(0.,-1.,0.));
#6184 = DIRECTION('',(0.,0.,1.));
#6185 = ORIENTED_EDGE('',*,*,#3056,.T.);
#6186 = ORIENTED_EDGE('',*,*,#5591,.T.);
#6187 = ORIENTED_EDGE('',*,*,#4699,.F.);
#6188 = TOROIDAL_SURFACE('',#6189,4.,2.);
#6189 = AXIS2_PLACEMENT_3D('',#6190,#6191,#6192);
#6190 = CARTESIAN_POINT('',(-83.,56.999999999997,23.666666666667));
#6191 = DIRECTION('',(1.,0.,0.));
#6192 = DIRECTION('',(0.,3.55E-15,-1.));
#6193 = ADVANCED_FACE('',(#6194),#6212,.F.);
#6194 = FACE_BOUND('',#6195,.F.);
#6195 = EDGE_LOOP('',(#6196,#6197,#6198,#6206));
#6196 = ORIENTED_EDGE('',*,*,#3225,.T.);
#6197 = ORIENTED_EDGE('',*,*,#3158,.F.);
#6198 = ORIENTED_EDGE('',*,*,#6199,.F.);
#6199 = EDGE_CURVE('',#6200,#3150,#6202,.T.);
#6200 = VERTEX_POINT('',#6201);
#6201 = CARTESIAN_POINT('',(-83.,62.999999999997,6.666666666667));
#6202 = LINE('',#6203,#6204);
#6203 = CARTESIAN_POINT('',(-85.,62.999999999997,6.666666666667));
#6204 = VECTOR('',#6205,1.);
#6205 = DIRECTION('',(1.,0.,0.));
#6206 = ORIENTED_EDGE('',*,*,#6207,.F.);
#6207 = EDGE_CURVE('',#3226,#6200,#6208,.T.);
#6208 = LINE('',#6209,#6210);
#6209 = CARTESIAN_POINT('',(-83.,56.999999999997,6.666666666667));
#6210 = VECTOR('',#6211,1.);
#6211 = DIRECTION('',(0.,1.,0.));
#6212 = PLANE('',#6213);
#6213 = AXIS2_PLACEMENT_3D('',#6214,#6215,#6216);
#6214 = CARTESIAN_POINT('',(-85.,54.999999999997,6.666666666667));
#6215 = DIRECTION('',(0.,0.,1.));
#6216 = DIRECTION('',(0.,1.,0.));
#6217 = ADVANCED_FACE('',(#6218),#6238,.F.);
#6218 = FACE_BOUND('',#6219,.F.);
#6219 = EDGE_LOOP('',(#6220,#6221,#6230,#6236,#6237));
#6220 = ORIENTED_EDGE('',*,*,#6155,.F.);
#6221 = ORIENTED_EDGE('',*,*,#6222,.F.);
#6222 = EDGE_CURVE('',#6223,#6156,#6225,.T.);
#6223 = VERTEX_POINT('',#6224);
#6224 = CARTESIAN_POINT('',(-83.,64.999999999997,23.666666666667));
#6225 = CIRCLE('',#6226,2.);
#6226 = AXIS2_PLACEMENT_3D('',#6227,#6228,#6229);
#6227 = CARTESIAN_POINT('',(-83.,62.999999999997,23.666666666667));
#6228 = DIRECTION('',(-1.,0.,0.));
#6229 = DIRECTION('',(0.,1.,1.78E-15));
#6230 = ORIENTED_EDGE('',*,*,#6231,.T.);
#6231 = EDGE_CURVE('',#6223,#4508,#6232,.T.);
#6232 = LINE('',#6233,#6234);
#6233 = CARTESIAN_POINT('',(-85.,64.999999999997,23.666666666667));
#6234 = VECTOR('',#6235,1.);
#6235 = DIRECTION('',(1.,0.,0.));
#6236 = ORIENTED_EDGE('',*,*,#4619,.F.);
#6237 = ORIENTED_EDGE('',*,*,#3185,.F.);
#6238 = CYLINDRICAL_SURFACE('',#6239,2.);
#6239 = AXIS2_PLACEMENT_3D('',#6240,#6241,#6242);
#6240 = CARTESIAN_POINT('',(-85.,62.999999999997,23.666666666667));
#6241 = DIRECTION('',(1.,0.,0.));
#6242 = DIRECTION('',(0.,0.,-1.));
#6243 = ADVANCED_FACE('',(#6244),#6264,.F.);
#6244 = FACE_BOUND('',#6245,.F.);
#6245 = EDGE_LOOP('',(#6246,#6254,#6261,#6262,#6263));
#6246 = ORIENTED_EDGE('',*,*,#6247,.F.);
#6247 = EDGE_CURVE('',#6248,#4444,#6250,.T.);
#6248 = VERTEX_POINT('',#6249);
#6249 = CARTESIAN_POINT('',(-83.,64.999999999997,4.666666666667));
#6250 = LINE('',#6251,#6252);
#6251 = CARTESIAN_POINT('',(-85.,64.999999999997,4.666666666667));
#6252 = VECTOR('',#6253,1.);
#6253 = DIRECTION('',(1.,0.,0.));
#6254 = ORIENTED_EDGE('',*,*,#6255,.F.);
#6255 = EDGE_CURVE('',#6200,#6248,#6256,.T.);
#6256 = CIRCLE('',#6257,2.);
#6257 = AXIS2_PLACEMENT_3D('',#6258,#6259,#6260);
#6258 = CARTESIAN_POINT('',(-83.,62.999999999997,4.666666666667));
#6259 = DIRECTION('',(-1.,0.,0.));
#6260 = DIRECTION('',(0.,0.,1.));
#6261 = ORIENTED_EDGE('',*,*,#6199,.T.);
#6262 = ORIENTED_EDGE('',*,*,#3210,.F.);
#6263 = ORIENTED_EDGE('',*,*,#4573,.F.);
#6264 = CYLINDRICAL_SURFACE('',#6265,2.);
#6265 = AXIS2_PLACEMENT_3D('',#6266,#6267,#6268);
#6266 = CARTESIAN_POINT('',(-85.,62.999999999997,4.666666666667));
#6267 = DIRECTION('',(1.,0.,0.));
#6268 = DIRECTION('',(0.,1.,0.));
#6269 = ADVANCED_FACE('',(#6270),#6288,.T.);
#6270 = FACE_BOUND('',#6271,.F.);
#6271 = EDGE_LOOP('',(#6272,#6279,#6280,#6287));
#6272 = ORIENTED_EDGE('',*,*,#6273,.F.);
#6273 = EDGE_CURVE('',#3234,#4804,#6274,.T.);
#6274 = CIRCLE('',#6275,2.);
#6275 = AXIS2_PLACEMENT_3D('',#6276,#6277,#6278);
#6276 = CARTESIAN_POINT('',(-83.,52.999999999997,4.666666666667));
#6277 = DIRECTION('',(0.,-0.,1.));
#6278 = DIRECTION('',(0.,1.,0.));
#6279 = ORIENTED_EDGE('',*,*,#3233,.T.);
#6280 = ORIENTED_EDGE('',*,*,#6281,.T.);
#6281 = EDGE_CURVE('',#3226,#4812,#6282,.T.);
#6282 = CIRCLE('',#6283,2.);
#6283 = AXIS2_PLACEMENT_3D('',#6284,#6285,#6286);
#6284 = CARTESIAN_POINT('',(-83.,56.999999999997,8.666666666667));
#6285 = DIRECTION('',(-0.,1.,6.E-17));
#6286 = DIRECTION('',(0.,-6.E-17,1.));
#6287 = ORIENTED_EDGE('',*,*,#4811,.F.);
#6288 = TOROIDAL_SURFACE('',#6289,4.,2.);
#6289 = AXIS2_PLACEMENT_3D('',#6290,#6291,#6292);
#6290 = CARTESIAN_POINT('',(-83.,56.999999999997,4.666666666667));
#6291 = DIRECTION('',(1.,0.,0.));
#6292 = DIRECTION('',(0.,-1.,0.));
#6293 = ADVANCED_FACE('',(#6294),#6306,.T.);
#6294 = FACE_BOUND('',#6295,.T.);
#6295 = EDGE_LOOP('',(#6296,#6303,#6304,#6305));
#6296 = ORIENTED_EDGE('',*,*,#6297,.T.);
#6297 = EDGE_CURVE('',#3259,#4795,#6298,.T.);
#6298 = CIRCLE('',#6299,2.);
#6299 = AXIS2_PLACEMENT_3D('',#6300,#6301,#6302);
#6300 = CARTESIAN_POINT('',(-83.,52.999999999997,-4.666666666667));
#6301 = DIRECTION('',(0.,-3.61E-15,1.));
#6302 = DIRECTION('',(-0.,-1.,-3.61E-15));
#6303 = ORIENTED_EDGE('',*,*,#4803,.T.);
#6304 = ORIENTED_EDGE('',*,*,#6273,.F.);
#6305 = ORIENTED_EDGE('',*,*,#3268,.F.);
#6306 = CYLINDRICAL_SURFACE('',#6307,2.);
#6307 = AXIS2_PLACEMENT_3D('',#6308,#6309,#6310);
#6308 = CARTESIAN_POINT('',(-83.,52.999999999997,-4.666666666667));
#6309 = DIRECTION('',(0.,0.,1.));
#6310 = DIRECTION('',(0.,1.,0.));
#6311 = ADVANCED_FACE('',(#6312),#6324,.T.);
#6312 = FACE_BOUND('',#6313,.F.);
#6313 = EDGE_LOOP('',(#6314,#6321,#6322,#6323));
#6314 = ORIENTED_EDGE('',*,*,#6315,.F.);
#6315 = EDGE_CURVE('',#3284,#4787,#6316,.T.);
#6316 = CIRCLE('',#6317,2.);
#6317 = AXIS2_PLACEMENT_3D('',#6318,#6319,#6320);
#6318 = CARTESIAN_POINT('',(-83.,56.999999999997,-8.666666666667));
#6319 = DIRECTION('',(0.,-1.,0.));
#6320 = DIRECTION('',(0.,0.,1.));
#6321 = ORIENTED_EDGE('',*,*,#3283,.T.);
#6322 = ORIENTED_EDGE('',*,*,#6297,.T.);
#6323 = ORIENTED_EDGE('',*,*,#4794,.F.);
#6324 = TOROIDAL_SURFACE('',#6325,4.,2.);
#6325 = AXIS2_PLACEMENT_3D('',#6326,#6327,#6328);
#6326 = CARTESIAN_POINT('',(-83.,56.999999999997,-4.666666666667));
#6327 = DIRECTION('',(1.,0.,0.));
#6328 = DIRECTION('',(0.,3.55E-15,-1.));
#6329 = ADVANCED_FACE('',(#6330),#6348,.F.);
#6330 = FACE_BOUND('',#6331,.F.);
#6331 = EDGE_LOOP('',(#6332,#6340,#6341,#6342));
#6332 = ORIENTED_EDGE('',*,*,#6333,.T.);
#6333 = EDGE_CURVE('',#6334,#3388,#6336,.T.);
#6334 = VERTEX_POINT('',#6335);
#6335 = CARTESIAN_POINT('',(-83.,62.999999999997,-6.666666666667));
#6336 = LINE('',#6337,#6338);
#6337 = CARTESIAN_POINT('',(-85.,62.999999999997,-6.666666666667));
#6338 = VECTOR('',#6339,1.);
#6339 = DIRECTION('',(1.,0.,0.));
#6340 = ORIENTED_EDGE('',*,*,#3387,.F.);
#6341 = ORIENTED_EDGE('',*,*,#3292,.F.);
#6342 = ORIENTED_EDGE('',*,*,#6343,.F.);
#6343 = EDGE_CURVE('',#6334,#3284,#6344,.T.);
#6344 = LINE('',#6345,#6346);
#6345 = CARTESIAN_POINT('',(-83.,62.999999999997,-6.666666666667));
#6346 = VECTOR('',#6347,1.);
#6347 = DIRECTION('',(0.,-1.,0.));
#6348 = PLANE('',#6349);
#6349 = AXIS2_PLACEMENT_3D('',#6350,#6351,#6352);
#6350 = CARTESIAN_POINT('',(-85.,64.999999999997,-6.666666666667));
#6351 = DIRECTION('',(0.,0.,-1.));
#6352 = DIRECTION('',(0.,-1.,0.));
#6353 = ADVANCED_FACE('',(#6354),#6372,.F.);
#6354 = FACE_BOUND('',#6355,.F.);
#6355 = EDGE_LOOP('',(#6356,#6357,#6358,#6366));
#6356 = ORIENTED_EDGE('',*,*,#3360,.T.);
#6357 = ORIENTED_EDGE('',*,*,#3420,.F.);
#6358 = ORIENTED_EDGE('',*,*,#6359,.F.);
#6359 = EDGE_CURVE('',#6360,#3412,#6362,.T.);
#6360 = VERTEX_POINT('',#6361);
#6361 = CARTESIAN_POINT('',(-83.,62.999999999997,-21.66666666666));
#6362 = LINE('',#6363,#6364);
#6363 = CARTESIAN_POINT('',(-85.,62.999999999997,-21.66666666666));
#6364 = VECTOR('',#6365,1.);
#6365 = DIRECTION('',(1.,0.,0.));
#6366 = ORIENTED_EDGE('',*,*,#6367,.F.);
#6367 = EDGE_CURVE('',#3361,#6360,#6368,.T.);
#6368 = LINE('',#6369,#6370);
#6369 = CARTESIAN_POINT('',(-83.,56.999999999997,-21.66666666666));
#6370 = VECTOR('',#6371,1.);
#6371 = DIRECTION('',(0.,1.,0.));
#6372 = PLANE('',#6373);
#6373 = AXIS2_PLACEMENT_3D('',#6374,#6375,#6376);
#6374 = CARTESIAN_POINT('',(-85.,54.999999999997,-21.66666666666));
#6375 = DIRECTION('',(0.,0.,1.));
#6376 = DIRECTION('',(0.,1.,0.));
#6377 = ADVANCED_FACE('',(#6378),#6390,.T.);
#6378 = FACE_BOUND('',#6379,.F.);
#6379 = EDGE_LOOP('',(#6380,#6381,#6382,#6389));
#6380 = ORIENTED_EDGE('',*,*,#4673,.F.);
#6381 = ORIENTED_EDGE('',*,*,#3368,.T.);
#6382 = ORIENTED_EDGE('',*,*,#6383,.T.);
#6383 = EDGE_CURVE('',#3361,#4858,#6384,.T.);
#6384 = CIRCLE('',#6385,2.);
#6385 = AXIS2_PLACEMENT_3D('',#6386,#6387,#6388);
#6386 = CARTESIAN_POINT('',(-83.,56.999999999997,-19.66666666666));
#6387 = DIRECTION('',(-0.,1.,6.E-17));
#6388 = DIRECTION('',(0.,-6.E-17,1.));
#6389 = ORIENTED_EDGE('',*,*,#4857,.F.);
#6390 = TOROIDAL_SURFACE('',#6391,4.,2.);
#6391 = AXIS2_PLACEMENT_3D('',#6392,#6393,#6394);
#6392 = CARTESIAN_POINT('',(-83.,56.999999999997,-23.66666666666));
#6393 = DIRECTION('',(1.,0.,0.));
#6394 = DIRECTION('',(0.,-1.,0.));
#6395 = ADVANCED_FACE('',(#6396),#6416,.F.);
#6396 = FACE_BOUND('',#6397,.T.);
#6397 = EDGE_LOOP('',(#6398,#6406,#6413,#6414,#6415));
#6398 = ORIENTED_EDGE('',*,*,#6399,.F.);
#6399 = EDGE_CURVE('',#6400,#4331,#6402,.T.);
#6400 = VERTEX_POINT('',#6401);
#6401 = CARTESIAN_POINT('',(-83.,64.999999999997,-4.666666666667));
#6402 = LINE('',#6403,#6404);
#6403 = CARTESIAN_POINT('',(-85.,64.999999999997,-4.666666666667));
#6404 = VECTOR('',#6405,1.);
#6405 = DIRECTION('',(1.,0.,0.));
#6406 = ORIENTED_EDGE('',*,*,#6407,.T.);
#6407 = EDGE_CURVE('',#6400,#6334,#6408,.T.);
#6408 = CIRCLE('',#6409,2.);
#6409 = AXIS2_PLACEMENT_3D('',#6410,#6411,#6412);
#6410 = CARTESIAN_POINT('',(-83.,62.999999999997,-4.666666666667));
#6411 = DIRECTION('',(-1.,0.,0.));
#6412 = DIRECTION('',(0.,1.,0.));
#6413 = ORIENTED_EDGE('',*,*,#6333,.T.);
#6414 = ORIENTED_EDGE('',*,*,#3447,.T.);
#6415 = ORIENTED_EDGE('',*,*,#4330,.T.);
#6416 = CYLINDRICAL_SURFACE('',#6417,2.);
#6417 = AXIS2_PLACEMENT_3D('',#6418,#6419,#6420);
#6418 = CARTESIAN_POINT('',(-85.,62.999999999997,-4.666666666667));
#6419 = DIRECTION('',(1.,0.,0.));
#6420 = DIRECTION('',(0.,1.,0.));
#6421 = ADVANCED_FACE('',(#6422),#6435,.F.);
#6422 = FACE_BOUND('',#6423,.F.);
#6423 = EDGE_LOOP('',(#6424,#6425,#6432,#6433,#6434));
#6424 = ORIENTED_EDGE('',*,*,#4094,.F.);
#6425 = ORIENTED_EDGE('',*,*,#6426,.F.);
#6426 = EDGE_CURVE('',#6360,#4095,#6427,.T.);
#6427 = CIRCLE('',#6428,2.);
#6428 = AXIS2_PLACEMENT_3D('',#6429,#6430,#6431);
#6429 = CARTESIAN_POINT('',(-83.,62.999999999997,-23.66666666666));
#6430 = DIRECTION('',(-1.,0.,0.));
#6431 = DIRECTION('',(0.,0.,1.));
#6432 = ORIENTED_EDGE('',*,*,#6359,.T.);
#6433 = ORIENTED_EDGE('',*,*,#3472,.F.);
#6434 = ORIENTED_EDGE('',*,*,#4250,.F.);
#6435 = CYLINDRICAL_SURFACE('',#6436,2.);
#6436 = AXIS2_PLACEMENT_3D('',#6437,#6438,#6439);
#6437 = CARTESIAN_POINT('',(-85.,62.999999999997,-23.66666666666));
#6438 = DIRECTION('',(1.,0.,0.));
#6439 = DIRECTION('',(0.,1.,0.));
#6440 = ADVANCED_FACE('',(#6441),#6453,.T.);
#6441 = FACE_BOUND('',#6442,.F.);
#6442 = EDGE_LOOP('',(#6443,#6450,#6451,#6452));
#6443 = ORIENTED_EDGE('',*,*,#6444,.T.);
#6444 = EDGE_CURVE('',#4021,#5054,#6445,.T.);
#6445 = CIRCLE('',#6446,2.);
#6446 = AXIS2_PLACEMENT_3D('',#6447,#6448,#6449);
#6447 = CARTESIAN_POINT('',(83.,66.000000000003,42.000000000002));
#6448 = DIRECTION('',(0.,1.,-6.E-17));
#6449 = DIRECTION('',(0.,6.E-17,1.));
#6450 = ORIENTED_EDGE('',*,*,#5063,.T.);
#6451 = ORIENTED_EDGE('',*,*,#5125,.F.);
#6452 = ORIENTED_EDGE('',*,*,#4029,.F.);
#6453 = CYLINDRICAL_SURFACE('',#6454,2.);
#6454 = AXIS2_PLACEMENT_3D('',#6455,#6456,#6457);
#6455 = CARTESIAN_POINT('',(83.,66.000000000003,42.000000000002));
#6456 = DIRECTION('',(0.,-1.,0.));
#6457 = DIRECTION('',(1.,0.,0.));
#6458 = ADVANCED_FACE('',(#6459),#6486,.T.);
#6459 = FACE_BOUND('',#6460,.F.);
#6460 = EDGE_LOOP('',(#6461,#6470,#6478,#6485));
#6461 = ORIENTED_EDGE('',*,*,#6462,.T.);
#6462 = EDGE_CURVE('',#3979,#6463,#6465,.T.);
#6463 = VERTEX_POINT('',#6464);
#6464 = CARTESIAN_POINT('',(83.,80.,46.));
#6465 = CIRCLE('',#6466,2.);
#6466 = AXIS2_PLACEMENT_3D('',#6467,#6468,#6469);
#6467 = CARTESIAN_POINT('',(83.,78.,46.));
#6468 = DIRECTION('',(-0.,2.2E-16,1.));
#6469 = DIRECTION('',(1.,0.,0.));
#6470 = ORIENTED_EDGE('',*,*,#6471,.T.);
#6471 = EDGE_CURVE('',#6463,#6472,#6474,.T.);
#6472 = VERTEX_POINT('',#6473);
#6473 = CARTESIAN_POINT('',(83.,80.,-46.));
#6474 = LINE('',#6475,#6476);
#6475 = CARTESIAN_POINT('',(83.,80.,46.));
#6476 = VECTOR('',#6477,1.);
#6477 = DIRECTION('',(0.,-2.2E-16,-1.));
#6478 = ORIENTED_EDGE('',*,*,#6479,.F.);
#6479 = EDGE_CURVE('',#3987,#6472,#6480,.T.);
#6480 = CIRCLE('',#6481,2.);
#6481 = AXIS2_PLACEMENT_3D('',#6482,#6483,#6484);
#6482 = CARTESIAN_POINT('',(83.,78.,-46.));
#6483 = DIRECTION('',(-0.,2.2E-16,1.));
#6484 = DIRECTION('',(1.,0.,0.));
#6485 = ORIENTED_EDGE('',*,*,#3986,.F.);
#6486 = CYLINDRICAL_SURFACE('',#6487,2.);
#6487 = AXIS2_PLACEMENT_3D('',#6488,#6489,#6490);
#6488 = CARTESIAN_POINT('',(83.,78.,46.));
#6489 = DIRECTION('',(0.,-2.2E-16,-1.));
#6490 = DIRECTION('',(1.,0.,0.));
#6491 = ADVANCED_FACE('',(#6492),#6510,.T.);
#6492 = FACE_BOUND('',#6493,.T.);
#6493 = EDGE_LOOP('',(#6494,#6501,#6502,#6503));
#6494 = ORIENTED_EDGE('',*,*,#6495,.F.);
#6495 = EDGE_CURVE('',#4013,#4073,#6496,.T.);
#6496 = CIRCLE('',#6497,2.);
#6497 = AXIS2_PLACEMENT_3D('',#6498,#6499,#6500);
#6498 = CARTESIAN_POINT('',(83.,72.000000000003,36.000000000002));
#6499 = DIRECTION('',(0.,0.,-1.));
#6500 = DIRECTION('',(1.,0.,0.));
#6501 = ORIENTED_EDGE('',*,*,#4020,.T.);
#6502 = ORIENTED_EDGE('',*,*,#6444,.T.);
#6503 = ORIENTED_EDGE('',*,*,#6504,.F.);
#6504 = EDGE_CURVE('',#4073,#5054,#6505,.T.);
#6505 = CIRCLE('',#6506,4.);
#6506 = AXIS2_PLACEMENT_3D('',#6507,#6508,#6509);
#6507 = CARTESIAN_POINT('',(83.,66.000000000003,36.000000000002));
#6508 = DIRECTION('',(1.,0.,0.));
#6509 = DIRECTION('',(0.,1.,0.));
#6510 = TOROIDAL_SURFACE('',#6511,6.,2.);
#6511 = AXIS2_PLACEMENT_3D('',#6512,#6513,#6514);
#6512 = CARTESIAN_POINT('',(83.,66.000000000003,36.000000000002));
#6513 = DIRECTION('',(1.,0.,0.));
#6514 = DIRECTION('',(0.,1.,0.));
#6515 = ADVANCED_FACE('',(#6516),#6522,.T.);
#6516 = FACE_BOUND('',#6517,.F.);
#6517 = EDGE_LOOP('',(#6518,#6519,#6520,#6521));
#6518 = ORIENTED_EDGE('',*,*,#4054,.T.);
#6519 = ORIENTED_EDGE('',*,*,#4080,.T.);
#6520 = ORIENTED_EDGE('',*,*,#6495,.F.);
#6521 = ORIENTED_EDGE('',*,*,#4012,.F.);
#6522 = CYLINDRICAL_SURFACE('',#6523,2.);
#6523 = AXIS2_PLACEMENT_3D('',#6524,#6525,#6526);
#6524 = CARTESIAN_POINT('',(83.,72.000000000003,-36.));
#6525 = DIRECTION('',(0.,0.,1.));
#6526 = DIRECTION('',(1.,0.,0.));
#6527 = ADVANCED_FACE('',(#6528),#6534,.F.);
#6528 = FACE_BOUND('',#6529,.F.);
#6529 = EDGE_LOOP('',(#6530,#6531,#6532,#6533));
#6530 = ORIENTED_EDGE('',*,*,#5053,.F.);
#6531 = ORIENTED_EDGE('',*,*,#6504,.F.);
#6532 = ORIENTED_EDGE('',*,*,#4072,.T.);
#6533 = ORIENTED_EDGE('',*,*,#4296,.T.);
#6534 = CYLINDRICAL_SURFACE('',#6535,4.);
#6535 = AXIS2_PLACEMENT_3D('',#6536,#6537,#6538);
#6536 = CARTESIAN_POINT('',(85.,66.000000000003,36.000000000002));
#6537 = DIRECTION('',(-1.,-0.,-0.));
#6538 = DIRECTION('',(0.,0.,1.));
#6539 = ADVANCED_FACE('',(#6540),#6552,.T.);
#6540 = FACE_BOUND('',#6541,.T.);
#6541 = EDGE_LOOP('',(#6542,#6549,#6550,#6551));
#6542 = ORIENTED_EDGE('',*,*,#6543,.T.);
#6543 = EDGE_CURVE('',#4095,#4875,#6544,.T.);
#6544 = CIRCLE('',#6545,2.);
#6545 = AXIS2_PLACEMENT_3D('',#6546,#6547,#6548);
#6546 = CARTESIAN_POINT('',(-83.,66.999999999997,-23.66666666666));
#6547 = DIRECTION('',(0.,6.E-17,-1.));
#6548 = DIRECTION('',(0.,1.,6.E-17));
#6549 = ORIENTED_EDGE('',*,*,#4883,.T.);
#6550 = ORIENTED_EDGE('',*,*,#4134,.F.);
#6551 = ORIENTED_EDGE('',*,*,#4120,.F.);
#6552 = CYLINDRICAL_SURFACE('',#6553,2.);
#6553 = AXIS2_PLACEMENT_3D('',#6554,#6555,#6556);
#6554 = CARTESIAN_POINT('',(-83.,66.999999999997,-23.66666666666));
#6555 = DIRECTION('',(0.,0.,-1.));
#6556 = DIRECTION('',(0.,-1.,0.));
#6557 = ADVANCED_FACE('',(#6558),#6570,.T.);
#6558 = FACE_BOUND('',#6559,.T.);
#6559 = EDGE_LOOP('',(#6560,#6561,#6562,#6563));
#6560 = ORIENTED_EDGE('',*,*,#4404,.F.);
#6561 = ORIENTED_EDGE('',*,*,#4314,.T.);
#6562 = ORIENTED_EDGE('',*,*,#4938,.T.);
#6563 = ORIENTED_EDGE('',*,*,#6564,.F.);
#6564 = EDGE_CURVE('',#4391,#4939,#6565,.T.);
#6565 = CIRCLE('',#6566,2.);
#6566 = AXIS2_PLACEMENT_3D('',#6567,#6568,#6569);
#6567 = CARTESIAN_POINT('',(-77.,62.999999999997,33.));
#6568 = DIRECTION('',(1.,0.,0.));
#6569 = DIRECTION('',(-0.,1.,0.));
#6570 = TOROIDAL_SURFACE('',#6571,4.,2.);
#6571 = AXIS2_PLACEMENT_3D('',#6572,#6573,#6574);
#6572 = CARTESIAN_POINT('',(-77.,62.999999999997,33.));
#6573 = DIRECTION('',(1.,0.,0.));
#6574 = DIRECTION('',(-0.,1.,0.));
#6575 = ADVANCED_FACE('',(#6576),#6597,.F.);
#6576 = FACE_BOUND('',#6577,.F.);
#6577 = EDGE_LOOP('',(#6578,#6586,#6593,#6594,#6595,#6596));
#6578 = ORIENTED_EDGE('',*,*,#6579,.F.);
#6579 = EDGE_CURVE('',#6580,#4383,#6582,.T.);
#6580 = VERTEX_POINT('',#6581);
#6581 = CARTESIAN_POINT('',(-83.,64.999999999997,33.));
#6582 = LINE('',#6583,#6584);
#6583 = CARTESIAN_POINT('',(-85.,64.999999999997,33.));
#6584 = VECTOR('',#6585,1.);
#6585 = DIRECTION('',(1.,0.,0.));
#6586 = ORIENTED_EDGE('',*,*,#6587,.F.);
#6587 = EDGE_CURVE('',#5080,#6580,#6588,.T.);
#6588 = CIRCLE('',#6589,2.);
#6589 = AXIS2_PLACEMENT_3D('',#6590,#6591,#6592);
#6590 = CARTESIAN_POINT('',(-83.,62.999999999997,33.));
#6591 = DIRECTION('',(-1.,0.,0.));
#6592 = DIRECTION('',(0.,0.,1.));
#6593 = ORIENTED_EDGE('',*,*,#5079,.T.);
#6594 = ORIENTED_EDGE('',*,*,#4947,.F.);
#6595 = ORIENTED_EDGE('',*,*,#6564,.F.);
#6596 = ORIENTED_EDGE('',*,*,#4390,.F.);
#6597 = CYLINDRICAL_SURFACE('',#6598,2.);
#6598 = AXIS2_PLACEMENT_3D('',#6599,#6600,#6601);
#6599 = CARTESIAN_POINT('',(-85.,62.999999999997,33.));
#6600 = DIRECTION('',(1.,0.,0.));
#6601 = DIRECTION('',(0.,1.,0.));
#6602 = ADVANCED_FACE('',(#6603),#6614,.F.);
#6603 = FACE_BOUND('',#6604,.F.);
#6604 = EDGE_LOOP('',(#6605,#6606,#6607,#6608));
#6605 = ORIENTED_EDGE('',*,*,#6247,.T.);
#6606 = ORIENTED_EDGE('',*,*,#4443,.F.);
#6607 = ORIENTED_EDGE('',*,*,#6399,.F.);
#6608 = ORIENTED_EDGE('',*,*,#6609,.F.);
#6609 = EDGE_CURVE('',#6248,#6400,#6610,.T.);
#6610 = LINE('',#6611,#6612);
#6611 = CARTESIAN_POINT('',(-83.,64.999999999997,4.666666666667));
#6612 = VECTOR('',#6613,1.);
#6613 = DIRECTION('',(0.,0.,-1.));
#6614 = PLANE('',#6615);
#6615 = AXIS2_PLACEMENT_3D('',#6616,#6617,#6618);
#6616 = CARTESIAN_POINT('',(-85.,64.999999999997,6.666666666667));
#6617 = DIRECTION('',(0.,1.,0.));
#6618 = DIRECTION('',(0.,0.,-1.));
#6619 = ADVANCED_FACE('',(#6620),#6631,.F.);
#6620 = FACE_BOUND('',#6621,.F.);
#6621 = EDGE_LOOP('',(#6622,#6623,#6624,#6625));
#6622 = ORIENTED_EDGE('',*,*,#6579,.T.);
#6623 = ORIENTED_EDGE('',*,*,#4515,.F.);
#6624 = ORIENTED_EDGE('',*,*,#6231,.F.);
#6625 = ORIENTED_EDGE('',*,*,#6626,.F.);
#6626 = EDGE_CURVE('',#6580,#6223,#6627,.T.);
#6627 = LINE('',#6628,#6629);
#6628 = CARTESIAN_POINT('',(-83.,64.999999999997,33.));
#6629 = VECTOR('',#6630,1.);
#6630 = DIRECTION('',(0.,0.,-1.));
#6631 = PLANE('',#6632);
#6632 = AXIS2_PLACEMENT_3D('',#6633,#6634,#6635);
#6633 = CARTESIAN_POINT('',(-85.,64.999999999997,35.));
#6634 = DIRECTION('',(0.,1.,0.));
#6635 = DIRECTION('',(0.,0.,-1.));
#6636 = ADVANCED_FACE('',(#6637),#6649,.T.);
#6637 = FACE_BOUND('',#6638,.T.);
#6638 = EDGE_LOOP('',(#6639,#6646,#6647,#6648));
#6639 = ORIENTED_EDGE('',*,*,#6640,.T.);
#6640 = EDGE_CURVE('',#6156,#4690,#6641,.T.);
#6641 = CIRCLE('',#6642,2.);
#6642 = AXIS2_PLACEMENT_3D('',#6643,#6644,#6645);
#6643 = CARTESIAN_POINT('',(-83.,62.999999999997,19.666666666667));
#6644 = DIRECTION('',(0.,-1.,0.));
#6645 = DIRECTION('',(0.,0.,1.));
#6646 = ORIENTED_EDGE('',*,*,#4689,.T.);
#6647 = ORIENTED_EDGE('',*,*,#6179,.F.);
#6648 = ORIENTED_EDGE('',*,*,#6165,.F.);
#6649 = CYLINDRICAL_SURFACE('',#6650,2.);
#6650 = AXIS2_PLACEMENT_3D('',#6651,#6652,#6653);
#6651 = CARTESIAN_POINT('',(-83.,62.999999999997,19.666666666667));
#6652 = DIRECTION('',(0.,-1.,0.));
#6653 = DIRECTION('',(0.,0.,1.));
#6654 = ADVANCED_FACE('',(#6655),#6667,.T.);
#6655 = FACE_BOUND('',#6656,.F.);
#6656 = EDGE_LOOP('',(#6657,#6664,#6665,#6666));
#6657 = ORIENTED_EDGE('',*,*,#6658,.F.);
#6658 = EDGE_CURVE('',#6223,#4743,#6659,.T.);
#6659 = CIRCLE('',#6660,2.);
#6660 = AXIS2_PLACEMENT_3D('',#6661,#6662,#6663);
#6661 = CARTESIAN_POINT('',(-83.,66.999999999997,23.666666666667));
#6662 = DIRECTION('',(0.,0.,-1.));
#6663 = DIRECTION('',(0.,-1.,0.));
#6664 = ORIENTED_EDGE('',*,*,#6222,.T.);
#6665 = ORIENTED_EDGE('',*,*,#6640,.T.);
#6666 = ORIENTED_EDGE('',*,*,#4750,.F.);
#6667 = TOROIDAL_SURFACE('',#6668,4.,2.);
#6668 = AXIS2_PLACEMENT_3D('',#6669,#6670,#6671);
#6669 = CARTESIAN_POINT('',(-83.,62.999999999997,23.666666666667));
#6670 = DIRECTION('',(1.,0.,0.));
#6671 = DIRECTION('',(-0.,1.,1.78E-15));
#6672 = ADVANCED_FACE('',(#6673),#6685,.T.);
#6673 = FACE_BOUND('',#6674,.T.);
#6674 = EDGE_LOOP('',(#6675,#6682,#6683,#6684));
#6675 = ORIENTED_EDGE('',*,*,#6676,.T.);
#6676 = EDGE_CURVE('',#6580,#4734,#6677,.T.);
#6677 = CIRCLE('',#6678,2.);
#6678 = AXIS2_PLACEMENT_3D('',#6679,#6680,#6681);
#6679 = CARTESIAN_POINT('',(-83.,66.999999999997,33.));
#6680 = DIRECTION('',(0.,6.E-17,-1.));
#6681 = DIRECTION('',(0.,1.,6.E-17));
#6682 = ORIENTED_EDGE('',*,*,#4742,.T.);
#6683 = ORIENTED_EDGE('',*,*,#6658,.F.);
#6684 = ORIENTED_EDGE('',*,*,#6626,.F.);
#6685 = CYLINDRICAL_SURFACE('',#6686,2.);
#6686 = AXIS2_PLACEMENT_3D('',#6687,#6688,#6689);
#6687 = CARTESIAN_POINT('',(-83.,66.999999999997,33.));
#6688 = DIRECTION('',(0.,0.,-1.));
#6689 = DIRECTION('',(0.,-1.,0.));
#6690 = ADVANCED_FACE('',(#6691),#6703,.T.);
#6691 = FACE_BOUND('',#6692,.F.);
#6692 = EDGE_LOOP('',(#6693,#6700,#6701,#6702));
#6693 = ORIENTED_EDGE('',*,*,#6694,.F.);
#6694 = EDGE_CURVE('',#5080,#4726,#6695,.T.);
#6695 = CIRCLE('',#6696,2.);
#6696 = AXIS2_PLACEMENT_3D('',#6697,#6698,#6699);
#6697 = CARTESIAN_POINT('',(-83.,62.999999999997,37.));
#6698 = DIRECTION('',(0.,1.,0.));
#6699 = DIRECTION('',(0.,0.,-1.));
#6700 = ORIENTED_EDGE('',*,*,#6587,.T.);
#6701 = ORIENTED_EDGE('',*,*,#6676,.T.);
#6702 = ORIENTED_EDGE('',*,*,#4733,.F.);
#6703 = TOROIDAL_SURFACE('',#6704,4.,2.);
#6704 = AXIS2_PLACEMENT_3D('',#6705,#6706,#6707);
#6705 = CARTESIAN_POINT('',(-83.,62.999999999997,33.));
#6706 = DIRECTION('',(1.,0.,0.));
#6707 = DIRECTION('',(0.,0.,1.));
#6708 = ADVANCED_FACE('',(#6709),#6715,.T.);
#6709 = FACE_BOUND('',#6710,.T.);
#6710 = EDGE_LOOP('',(#6711,#6712,#6713,#6714));
#6711 = ORIENTED_EDGE('',*,*,#5109,.T.);
#6712 = ORIENTED_EDGE('',*,*,#4725,.T.);
#6713 = ORIENTED_EDGE('',*,*,#6694,.F.);
#6714 = ORIENTED_EDGE('',*,*,#5087,.F.);
#6715 = CYLINDRICAL_SURFACE('',#6716,2.);
#6716 = AXIS2_PLACEMENT_3D('',#6717,#6718,#6719);
#6717 = CARTESIAN_POINT('',(-83.,56.999999999997,37.));
#6718 = DIRECTION('',(0.,1.,0.));
#6719 = DIRECTION('',(0.,0.,-1.));
#6720 = ADVANCED_FACE('',(#6721),#6748,.T.);
#6721 = FACE_BOUND('',#6722,.F.);
#6722 = EDGE_LOOP('',(#6723,#6732,#6740,#6747));
#6723 = ORIENTED_EDGE('',*,*,#6724,.T.);
#6724 = EDGE_CURVE('',#4760,#6725,#6727,.T.);
#6725 = VERTEX_POINT('',#6726);
#6726 = CARTESIAN_POINT('',(-83.,80.,-46.));
#6727 = CIRCLE('',#6728,2.);
#6728 = AXIS2_PLACEMENT_3D('',#6729,#6730,#6731);
#6729 = CARTESIAN_POINT('',(-83.,78.,-46.));
#6730 = DIRECTION('',(6.E-17,-2.8E-16,-1.));
#6731 = DIRECTION('',(-1.,0.,-6.E-17));
#6732 = ORIENTED_EDGE('',*,*,#6733,.T.);
#6733 = EDGE_CURVE('',#6725,#6734,#6736,.T.);
#6734 = VERTEX_POINT('',#6735);
#6735 = CARTESIAN_POINT('',(-83.,80.,46.));
#6736 = LINE('',#6737,#6738);
#6737 = CARTESIAN_POINT('',(-83.,80.,-46.));
#6738 = VECTOR('',#6739,1.);
#6739 = DIRECTION('',(0.,2.2E-16,1.));
#6740 = ORIENTED_EDGE('',*,*,#6741,.F.);
#6741 = EDGE_CURVE('',#4768,#6734,#6742,.T.);
#6742 = CIRCLE('',#6743,2.);
#6743 = AXIS2_PLACEMENT_3D('',#6744,#6745,#6746);
#6744 = CARTESIAN_POINT('',(-83.,78.,46.));
#6745 = DIRECTION('',(-0.,-2.2E-16,-1.));
#6746 = DIRECTION('',(-1.,0.,0.));
#6747 = ORIENTED_EDGE('',*,*,#4767,.F.);
#6748 = CYLINDRICAL_SURFACE('',#6749,2.);
#6749 = AXIS2_PLACEMENT_3D('',#6750,#6751,#6752);
#6750 = CARTESIAN_POINT('',(-83.,78.,-46.));
#6751 = DIRECTION('',(0.,2.2E-16,1.));
#6752 = DIRECTION('',(-1.,0.,0.));
#6753 = ADVANCED_FACE('',(#6754),#6766,.T.);
#6754 = FACE_BOUND('',#6755,.T.);
#6755 = EDGE_LOOP('',(#6756,#6763,#6764,#6765));
#6756 = ORIENTED_EDGE('',*,*,#6757,.T.);
#6757 = EDGE_CURVE('',#6334,#4785,#6758,.T.);
#6758 = CIRCLE('',#6759,2.);
#6759 = AXIS2_PLACEMENT_3D('',#6760,#6761,#6762);
#6760 = CARTESIAN_POINT('',(-83.,62.999999999997,-8.666666666667));
#6761 = DIRECTION('',(0.,-1.,0.));
#6762 = DIRECTION('',(0.,0.,1.));
#6763 = ORIENTED_EDGE('',*,*,#4784,.T.);
#6764 = ORIENTED_EDGE('',*,*,#6315,.F.);
#6765 = ORIENTED_EDGE('',*,*,#6343,.F.);
#6766 = CYLINDRICAL_SURFACE('',#6767,2.);
#6767 = AXIS2_PLACEMENT_3D('',#6768,#6769,#6770);
#6768 = CARTESIAN_POINT('',(-83.,62.999999999997,-8.666666666667));
#6769 = DIRECTION('',(0.,-1.,0.));
#6770 = DIRECTION('',(0.,0.,1.));
#6771 = ADVANCED_FACE('',(#6772),#6784,.T.);
#6772 = FACE_BOUND('',#6773,.F.);
#6773 = EDGE_LOOP('',(#6774,#6781,#6782,#6783));
#6774 = ORIENTED_EDGE('',*,*,#6775,.F.);
#6775 = EDGE_CURVE('',#6400,#4838,#6776,.T.);
#6776 = CIRCLE('',#6777,2.);
#6777 = AXIS2_PLACEMENT_3D('',#6778,#6779,#6780);
#6778 = CARTESIAN_POINT('',(-83.,66.999999999997,-4.666666666667));
#6779 = DIRECTION('',(0.,0.,-1.));
#6780 = DIRECTION('',(0.,-1.,0.));
#6781 = ORIENTED_EDGE('',*,*,#6407,.T.);
#6782 = ORIENTED_EDGE('',*,*,#6757,.T.);
#6783 = ORIENTED_EDGE('',*,*,#4845,.F.);
#6784 = TOROIDAL_SURFACE('',#6785,4.,2.);
#6785 = AXIS2_PLACEMENT_3D('',#6786,#6787,#6788);
#6786 = CARTESIAN_POINT('',(-83.,62.999999999997,-4.666666666667));
#6787 = DIRECTION('',(1.,0.,0.));
#6788 = DIRECTION('',(-0.,1.,0.));
#6789 = ADVANCED_FACE('',(#6790),#6802,.T.);
#6790 = FACE_BOUND('',#6791,.T.);
#6791 = EDGE_LOOP('',(#6792,#6799,#6800,#6801));
#6792 = ORIENTED_EDGE('',*,*,#6793,.T.);
#6793 = EDGE_CURVE('',#6248,#4829,#6794,.T.);
#6794 = CIRCLE('',#6795,2.);
#6795 = AXIS2_PLACEMENT_3D('',#6796,#6797,#6798);
#6796 = CARTESIAN_POINT('',(-83.,66.999999999997,4.666666666667));
#6797 = DIRECTION('',(0.,6.E-17,-1.));
#6798 = DIRECTION('',(0.,1.,6.E-17));
#6799 = ORIENTED_EDGE('',*,*,#4837,.T.);
#6800 = ORIENTED_EDGE('',*,*,#6775,.F.);
#6801 = ORIENTED_EDGE('',*,*,#6609,.F.);
#6802 = CYLINDRICAL_SURFACE('',#6803,2.);
#6803 = AXIS2_PLACEMENT_3D('',#6804,#6805,#6806);
#6804 = CARTESIAN_POINT('',(-83.,66.999999999997,4.666666666667));
#6805 = DIRECTION('',(0.,0.,-1.));
#6806 = DIRECTION('',(0.,-1.,0.));
#6807 = ADVANCED_FACE('',(#6808),#6820,.T.);
#6808 = FACE_BOUND('',#6809,.F.);
#6809 = EDGE_LOOP('',(#6810,#6817,#6818,#6819));
#6810 = ORIENTED_EDGE('',*,*,#6811,.F.);
#6811 = EDGE_CURVE('',#6200,#4821,#6812,.T.);
#6812 = CIRCLE('',#6813,2.);
#6813 = AXIS2_PLACEMENT_3D('',#6814,#6815,#6816);
#6814 = CARTESIAN_POINT('',(-83.,62.999999999997,8.666666666667));
#6815 = DIRECTION('',(0.,1.,0.));
#6816 = DIRECTION('',(0.,0.,-1.));
#6817 = ORIENTED_EDGE('',*,*,#6255,.T.);
#6818 = ORIENTED_EDGE('',*,*,#6793,.T.);
#6819 = ORIENTED_EDGE('',*,*,#4828,.F.);
#6820 = TOROIDAL_SURFACE('',#6821,4.,2.);
#6821 = AXIS2_PLACEMENT_3D('',#6822,#6823,#6824);
#6822 = CARTESIAN_POINT('',(-83.,62.999999999997,4.666666666667));
#6823 = DIRECTION('',(1.,0.,0.));
#6824 = DIRECTION('',(0.,0.,1.));
#6825 = ADVANCED_FACE('',(#6826),#6832,.T.);
#6826 = FACE_BOUND('',#6827,.T.);
#6827 = EDGE_LOOP('',(#6828,#6829,#6830,#6831));
#6828 = ORIENTED_EDGE('',*,*,#6281,.T.);
#6829 = ORIENTED_EDGE('',*,*,#4820,.T.);
#6830 = ORIENTED_EDGE('',*,*,#6811,.F.);
#6831 = ORIENTED_EDGE('',*,*,#6207,.F.);
#6832 = CYLINDRICAL_SURFACE('',#6833,2.);
#6833 = AXIS2_PLACEMENT_3D('',#6834,#6835,#6836);
#6834 = CARTESIAN_POINT('',(-83.,56.999999999997,8.666666666667));
#6835 = DIRECTION('',(0.,1.,0.));
#6836 = DIRECTION('',(0.,0.,-1.));
#6837 = ADVANCED_FACE('',(#6838),#6850,.T.);
#6838 = FACE_BOUND('',#6839,.F.);
#6839 = EDGE_LOOP('',(#6840,#6847,#6848,#6849));
#6840 = ORIENTED_EDGE('',*,*,#6841,.F.);
#6841 = EDGE_CURVE('',#6360,#4867,#6842,.T.);
#6842 = CIRCLE('',#6843,2.);
#6843 = AXIS2_PLACEMENT_3D('',#6844,#6845,#6846);
#6844 = CARTESIAN_POINT('',(-83.,62.999999999997,-19.66666666666));
#6845 = DIRECTION('',(0.,1.,0.));
#6846 = DIRECTION('',(0.,0.,-1.));
#6847 = ORIENTED_EDGE('',*,*,#6426,.T.);
#6848 = ORIENTED_EDGE('',*,*,#6543,.T.);
#6849 = ORIENTED_EDGE('',*,*,#4874,.F.);
#6850 = TOROIDAL_SURFACE('',#6851,4.,2.);
#6851 = AXIS2_PLACEMENT_3D('',#6852,#6853,#6854);
#6852 = CARTESIAN_POINT('',(-83.,62.999999999997,-23.66666666666));
#6853 = DIRECTION('',(1.,0.,0.));
#6854 = DIRECTION('',(0.,0.,1.));
#6855 = ADVANCED_FACE('',(#6856),#6862,.T.);
#6856 = FACE_BOUND('',#6857,.T.);
#6857 = EDGE_LOOP('',(#6858,#6859,#6860,#6861));
#6858 = ORIENTED_EDGE('',*,*,#6383,.T.);
#6859 = ORIENTED_EDGE('',*,*,#4866,.T.);
#6860 = ORIENTED_EDGE('',*,*,#6841,.F.);
#6861 = ORIENTED_EDGE('',*,*,#6367,.F.);
#6862 = CYLINDRICAL_SURFACE('',#6863,2.);
#6863 = AXIS2_PLACEMENT_3D('',#6864,#6865,#6866);
#6864 = CARTESIAN_POINT('',(-83.,56.999999999997,-19.66666666666));
#6865 = DIRECTION('',(0.,1.,0.));
#6866 = DIRECTION('',(0.,0.,-1.));
#6867 = ADVANCED_FACE('',(#6868),#6888,.T.);
#6868 = FACE_BOUND('',#6869,.T.);
#6869 = EDGE_LOOP('',(#6870,#6871,#6872,#6881));
#6870 = ORIENTED_EDGE('',*,*,#6479,.F.);
#6871 = ORIENTED_EDGE('',*,*,#5619,.T.);
#6872 = ORIENTED_EDGE('',*,*,#6873,.T.);
#6873 = EDGE_CURVE('',#5610,#6874,#6876,.T.);
#6874 = VERTEX_POINT('',#6875);
#6875 = CARTESIAN_POINT('',(81.,80.,-48.));
#6876 = CIRCLE('',#6877,2.);
#6877 = AXIS2_PLACEMENT_3D('',#6878,#6879,#6880);
#6878 = CARTESIAN_POINT('',(81.,78.,-48.));
#6879 = DIRECTION('',(1.,0.,1.98E-15));
#6880 = DIRECTION('',(1.98E-15,-2.8E-16,-1.));
#6881 = ORIENTED_EDGE('',*,*,#6882,.F.);
#6882 = EDGE_CURVE('',#6472,#6874,#6883,.T.);
#6883 = CIRCLE('',#6884,2.);
#6884 = AXIS2_PLACEMENT_3D('',#6885,#6886,#6887);
#6885 = CARTESIAN_POINT('',(81.,80.,-46.));
#6886 = DIRECTION('',(0.,1.,-2.8E-16));
#6887 = DIRECTION('',(1.,3.92E-32,1.4E-16));
#6888 = TOROIDAL_SURFACE('',#6889,2.,2.);
#6889 = AXIS2_PLACEMENT_3D('',#6890,#6891,#6892);
#6890 = CARTESIAN_POINT('',(81.,78.,-46.));
#6891 = DIRECTION('',(0.,1.,-2.8E-16));
#6892 = DIRECTION('',(1.,3.92E-32,1.4E-16));
#6893 = ADVANCED_FACE('',(#6894),#6913,.T.);
#6894 = FACE_BOUND('',#6895,.F.);
#6895 = EDGE_LOOP('',(#6896,#6897,#6905,#6912));
#6896 = ORIENTED_EDGE('',*,*,#6873,.T.);
#6897 = ORIENTED_EDGE('',*,*,#6898,.T.);
#6898 = EDGE_CURVE('',#6874,#6899,#6901,.T.);
#6899 = VERTEX_POINT('',#6900);
#6900 = CARTESIAN_POINT('',(-81.,80.,-48.));
#6901 = LINE('',#6902,#6903);
#6902 = CARTESIAN_POINT('',(81.,80.,-48.));
#6903 = VECTOR('',#6904,1.);
#6904 = DIRECTION('',(-1.,0.,0.));
#6905 = ORIENTED_EDGE('',*,*,#6906,.F.);
#6906 = EDGE_CURVE('',#5637,#6899,#6907,.T.);
#6907 = CIRCLE('',#6908,2.);
#6908 = AXIS2_PLACEMENT_3D('',#6909,#6910,#6911);
#6909 = CARTESIAN_POINT('',(-81.,78.,-48.));
#6910 = DIRECTION('',(1.,0.,0.));
#6911 = DIRECTION('',(0.,-2.4E-16,-1.));
#6912 = ORIENTED_EDGE('',*,*,#5644,.F.);
#6913 = CYLINDRICAL_SURFACE('',#6914,2.);
#6914 = AXIS2_PLACEMENT_3D('',#6915,#6916,#6917);
#6915 = CARTESIAN_POINT('',(81.,78.,-48.));
#6916 = DIRECTION('',(-1.,0.,0.));
#6917 = DIRECTION('',(-0.,-2.4E-16,-1.));
#6918 = ADVANCED_FACE('',(#6919),#6931,.T.);
#6919 = FACE_BOUND('',#6920,.T.);
#6920 = EDGE_LOOP('',(#6921,#6922,#6923,#6924));
#6921 = ORIENTED_EDGE('',*,*,#6906,.F.);
#6922 = ORIENTED_EDGE('',*,*,#5661,.T.);
#6923 = ORIENTED_EDGE('',*,*,#6724,.T.);
#6924 = ORIENTED_EDGE('',*,*,#6925,.F.);
#6925 = EDGE_CURVE('',#6899,#6725,#6926,.T.);
#6926 = CIRCLE('',#6927,2.);
#6927 = AXIS2_PLACEMENT_3D('',#6928,#6929,#6930);
#6928 = CARTESIAN_POINT('',(-81.,80.,-46.));
#6929 = DIRECTION('',(0.,1.,-2.8E-16));
#6930 = DIRECTION('',(0.,-2.8E-16,-1.));
#6931 = TOROIDAL_SURFACE('',#6932,2.,2.);
#6932 = AXIS2_PLACEMENT_3D('',#6933,#6934,#6935);
#6933 = CARTESIAN_POINT('',(-81.,78.,-46.));
#6934 = DIRECTION('',(0.,1.,-2.8E-16));
#6935 = DIRECTION('',(0.,-2.8E-16,-1.));
#6936 = ADVANCED_FACE('',(#6937),#6957,.T.);
#6937 = FACE_BOUND('',#6938,.T.);
#6938 = EDGE_LOOP('',(#6939,#6948,#6949,#6950));
#6939 = ORIENTED_EDGE('',*,*,#6940,.F.);
#6940 = EDGE_CURVE('',#5679,#6941,#6943,.T.);
#6941 = VERTEX_POINT('',#6942);
#6942 = CARTESIAN_POINT('',(81.,80.,48.));
#6943 = CIRCLE('',#6944,2.);
#6944 = AXIS2_PLACEMENT_3D('',#6945,#6946,#6947);
#6945 = CARTESIAN_POINT('',(81.,78.,48.));
#6946 = DIRECTION('',(-1.,0.,0.));
#6947 = DIRECTION('',(0.,2.4E-16,1.));
#6948 = ORIENTED_EDGE('',*,*,#5686,.T.);
#6949 = ORIENTED_EDGE('',*,*,#6462,.T.);
#6950 = ORIENTED_EDGE('',*,*,#6951,.F.);
#6951 = EDGE_CURVE('',#6941,#6463,#6952,.T.);
#6952 = CIRCLE('',#6953,2.);
#6953 = AXIS2_PLACEMENT_3D('',#6954,#6955,#6956);
#6954 = CARTESIAN_POINT('',(81.,80.,46.));
#6955 = DIRECTION('',(0.,1.,-2.8E-16));
#6956 = DIRECTION('',(0.,2.8E-16,1.));
#6957 = TOROIDAL_SURFACE('',#6958,2.,2.);
#6958 = AXIS2_PLACEMENT_3D('',#6959,#6960,#6961);
#6959 = CARTESIAN_POINT('',(81.,78.,46.));
#6960 = DIRECTION('',(0.,1.,-2.8E-16));
#6961 = DIRECTION('',(0.,2.8E-16,1.));
#6962 = ADVANCED_FACE('',(#6963),#6983,.T.);
#6963 = FACE_BOUND('',#6964,.T.);
#6964 = EDGE_LOOP('',(#6965,#6966,#6967,#6976));
#6965 = ORIENTED_EDGE('',*,*,#6741,.F.);
#6966 = ORIENTED_EDGE('',*,*,#5711,.T.);
#6967 = ORIENTED_EDGE('',*,*,#6968,.T.);
#6968 = EDGE_CURVE('',#5704,#6969,#6971,.T.);
#6969 = VERTEX_POINT('',#6970);
#6970 = CARTESIAN_POINT('',(-81.,80.,48.));
#6971 = CIRCLE('',#6972,2.);
#6972 = AXIS2_PLACEMENT_3D('',#6973,#6974,#6975);
#6973 = CARTESIAN_POINT('',(-81.,78.,48.));
#6974 = DIRECTION('',(-1.,0.,8.E-17));
#6975 = DIRECTION('',(8.E-17,2.8E-16,1.));
#6976 = ORIENTED_EDGE('',*,*,#6977,.F.);
#6977 = EDGE_CURVE('',#6734,#6969,#6978,.T.);
#6978 = CIRCLE('',#6979,2.);
#6979 = AXIS2_PLACEMENT_3D('',#6980,#6981,#6982);
#6980 = CARTESIAN_POINT('',(-81.,80.,46.));
#6981 = DIRECTION('',(0.,1.,-2.8E-16));
#6982 = DIRECTION('',(-1.,3.92E-32,1.4E-16));
#6983 = TOROIDAL_SURFACE('',#6984,2.,2.);
#6984 = AXIS2_PLACEMENT_3D('',#6985,#6986,#6987);
#6985 = CARTESIAN_POINT('',(-81.,78.,46.));
#6986 = DIRECTION('',(0.,1.,-2.8E-16));
#6987 = DIRECTION('',(-1.,3.92E-32,1.4E-16));
#6988 = ADVANCED_FACE('',(#6989),#7000,.T.);
#6989 = FACE_BOUND('',#6990,.F.);
#6990 = EDGE_LOOP('',(#6991,#6992,#6998,#6999));
#6991 = ORIENTED_EDGE('',*,*,#6968,.T.);
#6992 = ORIENTED_EDGE('',*,*,#6993,.T.);
#6993 = EDGE_CURVE('',#6969,#6941,#6994,.T.);
#6994 = LINE('',#6995,#6996);
#6995 = CARTESIAN_POINT('',(-81.,80.,48.));
#6996 = VECTOR('',#6997,1.);
#6997 = DIRECTION('',(1.,0.,0.));
#6998 = ORIENTED_EDGE('',*,*,#6940,.F.);
#6999 = ORIENTED_EDGE('',*,*,#5729,.F.);
#7000 = CYLINDRICAL_SURFACE('',#7001,2.);
#7001 = AXIS2_PLACEMENT_3D('',#7002,#7003,#7004);
#7002 = CARTESIAN_POINT('',(-81.,78.,48.));
#7003 = DIRECTION('',(1.,0.,0.));
#7004 = DIRECTION('',(0.,2.4E-16,1.));
#7005 = ADVANCED_FACE('',(#7006),#7018,.T.);
#7006 = FACE_BOUND('',#7007,.F.);
#7007 = EDGE_LOOP('',(#7008,#7009,#7010,#7017));
#7008 = ORIENTED_EDGE('',*,*,#5753,.T.);
#7009 = ORIENTED_EDGE('',*,*,#5796,.T.);
#7010 = ORIENTED_EDGE('',*,*,#7011,.F.);
#7011 = EDGE_CURVE('',#6133,#5797,#7012,.T.);
#7012 = CIRCLE('',#7013,1.);
#7013 = AXIS2_PLACEMENT_3D('',#7014,#7015,#7016);
#7014 = CARTESIAN_POINT('',(-109.,3.,-74.));
#7015 = DIRECTION('',(0.,1.,0.));
#7016 = DIRECTION('',(0.,0.,-1.));
#7017 = ORIENTED_EDGE('',*,*,#6140,.F.);
#7018 = CYLINDRICAL_SURFACE('',#7019,1.);
#7019 = AXIS2_PLACEMENT_3D('',#7020,#7021,#7022);
#7020 = CARTESIAN_POINT('',(-109.,47.,-74.));
#7021 = DIRECTION('',(-0.,-1.,-0.));
#7022 = DIRECTION('',(0.,0.,-1.));
#7023 = ADVANCED_FACE('',(#7024),#7036,.T.);
#7024 = FACE_BOUND('',#7025,.F.);
#7025 = EDGE_LOOP('',(#7026,#7033,#7034,#7035));
#7026 = ORIENTED_EDGE('',*,*,#7027,.T.);
#7027 = EDGE_CURVE('',#5894,#5822,#7028,.T.);
#7028 = CIRCLE('',#7029,1.);
#7029 = AXIS2_PLACEMENT_3D('',#7030,#7031,#7032);
#7030 = CARTESIAN_POINT('',(-109.,3.,74.));
#7031 = DIRECTION('',(-0.,-1.,-6.E-17));
#7032 = DIRECTION('',(0.,-6.E-17,1.));
#7033 = ORIENTED_EDGE('',*,*,#5830,.T.);
#7034 = ORIENTED_EDGE('',*,*,#5769,.F.);
#7035 = ORIENTED_EDGE('',*,*,#5893,.F.);
#7036 = CYLINDRICAL_SURFACE('',#7037,1.);
#7037 = AXIS2_PLACEMENT_3D('',#7038,#7039,#7040);
#7038 = CARTESIAN_POINT('',(-109.,3.,74.));
#7039 = DIRECTION('',(0.,1.,0.));
#7040 = DIRECTION('',(0.,0.,1.));
#7041 = ADVANCED_FACE('',(#7042),#7062,.T.);
#7042 = FACE_BOUND('',#7043,.T.);
#7043 = EDGE_LOOP('',(#7044,#7045,#7054,#7061));
#7044 = ORIENTED_EDGE('',*,*,#7011,.F.);
#7045 = ORIENTED_EDGE('',*,*,#7046,.T.);
#7046 = EDGE_CURVE('',#6133,#7047,#7049,.T.);
#7047 = VERTEX_POINT('',#7048);
#7048 = CARTESIAN_POINT('',(-109.,-0.,-72.));
#7049 = CIRCLE('',#7050,3.);
#7050 = AXIS2_PLACEMENT_3D('',#7051,#7052,#7053);
#7051 = CARTESIAN_POINT('',(-109.,3.,-72.));
#7052 = DIRECTION('',(-1.,0.,0.));
#7053 = DIRECTION('',(0.,0.,-1.));
#7054 = ORIENTED_EDGE('',*,*,#7055,.T.);
#7055 = EDGE_CURVE('',#7047,#5805,#7056,.T.);
#7056 = CIRCLE('',#7057,1.);
#7057 = AXIS2_PLACEMENT_3D('',#7058,#7059,#7060);
#7058 = CARTESIAN_POINT('',(-109.,1.,-72.));
#7059 = DIRECTION('',(0.,6.E-17,-1.));
#7060 = DIRECTION('',(0.,-1.,-6.E-17));
#7061 = ORIENTED_EDGE('',*,*,#5804,.F.);
#7062 = TOROIDAL_SURFACE('',#7063,2.,1.);
#7063 = AXIS2_PLACEMENT_3D('',#7064,#7065,#7066);
#7064 = CARTESIAN_POINT('',(-109.,3.,-72.));
#7065 = DIRECTION('',(-1.,0.,0.));
#7066 = DIRECTION('',(0.,0.,-1.));
#7067 = ADVANCED_FACE('',(#7068),#7088,.T.);
#7068 = FACE_BOUND('',#7069,.T.);
#7069 = EDGE_LOOP('',(#7070,#7079,#7086,#7087));
#7070 = ORIENTED_EDGE('',*,*,#7071,.F.);
#7071 = EDGE_CURVE('',#7072,#5814,#7074,.T.);
#7072 = VERTEX_POINT('',#7073);
#7073 = CARTESIAN_POINT('',(-109.,0.,72.));
#7074 = CIRCLE('',#7075,1.);
#7075 = AXIS2_PLACEMENT_3D('',#7076,#7077,#7078);
#7076 = CARTESIAN_POINT('',(-109.,1.,72.));
#7077 = DIRECTION('',(-0.,-0.,-1.));
#7078 = DIRECTION('',(0.,-1.,0.));
#7079 = ORIENTED_EDGE('',*,*,#7080,.T.);
#7080 = EDGE_CURVE('',#7072,#5894,#7081,.T.);
#7081 = CIRCLE('',#7082,3.);
#7082 = AXIS2_PLACEMENT_3D('',#7083,#7084,#7085);
#7083 = CARTESIAN_POINT('',(-109.,3.,72.));
#7084 = DIRECTION('',(-1.,0.,0.));
#7085 = DIRECTION('',(0.,-1.,0.));
#7086 = ORIENTED_EDGE('',*,*,#7027,.T.);
#7087 = ORIENTED_EDGE('',*,*,#5821,.F.);
#7088 = TOROIDAL_SURFACE('',#7089,2.,1.);
#7089 = AXIS2_PLACEMENT_3D('',#7090,#7091,#7092);
#7090 = CARTESIAN_POINT('',(-109.,3.,72.));
#7091 = DIRECTION('',(-1.,0.,0.));
#7092 = DIRECTION('',(0.,-1.,0.));
#7093 = ADVANCED_FACE('',(#7094),#7105,.T.);
#7094 = FACE_BOUND('',#7095,.F.);
#7095 = EDGE_LOOP('',(#7096,#7097,#7098,#7099));
#7096 = ORIENTED_EDGE('',*,*,#7055,.T.);
#7097 = ORIENTED_EDGE('',*,*,#5813,.T.);
#7098 = ORIENTED_EDGE('',*,*,#7071,.F.);
#7099 = ORIENTED_EDGE('',*,*,#7100,.F.);
#7100 = EDGE_CURVE('',#7047,#7072,#7101,.T.);
#7101 = LINE('',#7102,#7103);
#7102 = CARTESIAN_POINT('',(-109.,-2.2E-16,-72.));
#7103 = VECTOR('',#7104,1.);
#7104 = DIRECTION('',(0.,0.,1.));
#7105 = CYLINDRICAL_SURFACE('',#7106,1.);
#7106 = AXIS2_PLACEMENT_3D('',#7107,#7108,#7109);
#7107 = CARTESIAN_POINT('',(-109.,1.,-72.));
#7108 = DIRECTION('',(0.,0.,1.));
#7109 = DIRECTION('',(0.,-1.,0.));
#7110 = ADVANCED_FACE('',(#7111),#7130,.F.);
#7111 = FACE_BOUND('',#7112,.F.);
#7112 = EDGE_LOOP('',(#7113,#7114,#7122,#7129));
#7113 = ORIENTED_EDGE('',*,*,#5838,.F.);
#7114 = ORIENTED_EDGE('',*,*,#7115,.T.);
#7115 = EDGE_CURVE('',#5839,#7116,#7118,.T.);
#7116 = VERTEX_POINT('',#7117);
#7117 = CARTESIAN_POINT('',(-100.,17.,50.));
#7118 = LINE('',#7119,#7120);
#7119 = CARTESIAN_POINT('',(-110.,17.,50.));
#7120 = VECTOR('',#7121,1.);
#7121 = DIRECTION('',(1.,0.,0.));
#7122 = ORIENTED_EDGE('',*,*,#7123,.T.);
#7123 = EDGE_CURVE('',#7116,#7116,#7124,.T.);
#7124 = CIRCLE('',#7125,3.);
#7125 = AXIS2_PLACEMENT_3D('',#7126,#7127,#7128);
#7126 = CARTESIAN_POINT('',(-100.,20.,50.));
#7127 = DIRECTION('',(-1.,0.,0.));
#7128 = DIRECTION('',(0.,-1.,0.));
#7129 = ORIENTED_EDGE('',*,*,#7115,.F.);
#7130 = CYLINDRICAL_SURFACE('',#7131,3.);
#7131 = AXIS2_PLACEMENT_3D('',#7132,#7133,#7134);
#7132 = CARTESIAN_POINT('',(-110.,20.,50.));
#7133 = DIRECTION('',(-1.,0.,0.));
#7134 = DIRECTION('',(0.,-1.,0.));
#7135 = ADVANCED_FACE('',(#7136),#7155,.F.);
#7136 = FACE_BOUND('',#7137,.F.);
#7137 = EDGE_LOOP('',(#7138,#7139,#7147,#7154));
#7138 = ORIENTED_EDGE('',*,*,#5849,.F.);
#7139 = ORIENTED_EDGE('',*,*,#7140,.T.);
#7140 = EDGE_CURVE('',#5850,#7141,#7143,.T.);
#7141 = VERTEX_POINT('',#7142);
#7142 = CARTESIAN_POINT('',(-100.,17.,-50.));
#7143 = LINE('',#7144,#7145);
#7144 = CARTESIAN_POINT('',(-110.,17.,-50.));
#7145 = VECTOR('',#7146,1.);
#7146 = DIRECTION('',(1.,0.,0.));
#7147 = ORIENTED_EDGE('',*,*,#7148,.T.);
#7148 = EDGE_CURVE('',#7141,#7141,#7149,.T.);
#7149 = CIRCLE('',#7150,3.);
#7150 = AXIS2_PLACEMENT_3D('',#7151,#7152,#7153);
#7151 = CARTESIAN_POINT('',(-100.,20.,-50.));
#7152 = DIRECTION('',(-1.,0.,0.));
#7153 = DIRECTION('',(0.,-1.,0.));
#7154 = ORIENTED_EDGE('',*,*,#7140,.F.);
#7155 = CYLINDRICAL_SURFACE('',#7156,3.);
#7156 = AXIS2_PLACEMENT_3D('',#7157,#7158,#7159);
#7157 = CARTESIAN_POINT('',(-110.,20.,-50.));
#7158 = DIRECTION('',(-1.,0.,0.));
#7159 = DIRECTION('',(0.,-1.,0.));
#7160 = ADVANCED_FACE('',(#7161),#7173,.T.);
#7161 = FACE_BOUND('',#7162,.T.);
#7162 = EDGE_LOOP('',(#7163,#7170,#7171,#7172));
#7163 = ORIENTED_EDGE('',*,*,#7164,.T.);
#7164 = EDGE_CURVE('',#5952,#6028,#7165,.T.);
#7165 = CIRCLE('',#7166,1.);
#7166 = AXIS2_PLACEMENT_3D('',#7167,#7168,#7169);
#7167 = CARTESIAN_POINT('',(109.,3.,74.));
#7168 = DIRECTION('',(2.2E-16,1.,6.E-17));
#7169 = DIRECTION('',(-2.2E-16,-6.E-17,1.));
#7170 = ORIENTED_EDGE('',*,*,#6036,.T.);
#7171 = ORIENTED_EDGE('',*,*,#5866,.F.);
#7172 = ORIENTED_EDGE('',*,*,#5959,.F.);
#7173 = CYLINDRICAL_SURFACE('',#7174,1.);
#7174 = AXIS2_PLACEMENT_3D('',#7175,#7176,#7177);
#7175 = CARTESIAN_POINT('',(109.,3.,74.));
#7176 = DIRECTION('',(2.2E-16,1.,0.));
#7177 = DIRECTION('',(-2.2E-16,4.84E-32,1.));
#7178 = ADVANCED_FACE('',(#7179),#7198,.T.);
#7179 = FACE_BOUND('',#7180,.F.);
#7180 = EDGE_LOOP('',(#7181,#7182,#7191,#7197));
#7181 = ORIENTED_EDGE('',*,*,#5901,.F.);
#7182 = ORIENTED_EDGE('',*,*,#7183,.F.);
#7183 = EDGE_CURVE('',#7184,#5902,#7186,.T.);
#7184 = VERTEX_POINT('',#7185);
#7185 = CARTESIAN_POINT('',(-101.,0.,72.));
#7186 = CIRCLE('',#7187,3.);
#7187 = AXIS2_PLACEMENT_3D('',#7188,#7189,#7190);
#7188 = CARTESIAN_POINT('',(-101.,3.,72.));
#7189 = DIRECTION('',(-1.,0.,0.));
#7190 = DIRECTION('',(0.,-1.,0.));
#7191 = ORIENTED_EDGE('',*,*,#7192,.T.);
#7192 = EDGE_CURVE('',#7184,#7072,#7193,.T.);
#7193 = LINE('',#7194,#7195);
#7194 = CARTESIAN_POINT('',(-100.,-4.4E-16,72.));
#7195 = VECTOR('',#7196,1.);
#7196 = DIRECTION('',(-1.,0.,0.));
#7197 = ORIENTED_EDGE('',*,*,#7080,.T.);
#7198 = CYLINDRICAL_SURFACE('',#7199,3.);
#7199 = AXIS2_PLACEMENT_3D('',#7200,#7201,#7202);
#7200 = CARTESIAN_POINT('',(-100.,3.,72.));
#7201 = DIRECTION('',(-1.,0.,0.));
#7202 = DIRECTION('',(0.,0.,1.));
#7203 = ADVANCED_FACE('',(#7204),#7231,.T.);
#7204 = FACE_BOUND('',#7205,.F.);
#7205 = EDGE_LOOP('',(#7206,#7215,#7216,#7225));
#7206 = ORIENTED_EDGE('',*,*,#7207,.T.);
#7207 = EDGE_CURVE('',#7208,#5902,#7210,.T.);
#7208 = VERTEX_POINT('',#7209);
#7209 = CARTESIAN_POINT('',(-100.,3.,74.));
#7210 = CIRCLE('',#7211,1.);
#7211 = AXIS2_PLACEMENT_3D('',#7212,#7213,#7214);
#7212 = CARTESIAN_POINT('',(-101.,3.,74.));
#7213 = DIRECTION('',(-0.,-1.,-6.E-17));
#7214 = DIRECTION('',(0.,-6.E-17,1.));
#7215 = ORIENTED_EDGE('',*,*,#5909,.T.);
#7216 = ORIENTED_EDGE('',*,*,#7217,.F.);
#7217 = EDGE_CURVE('',#7218,#5910,#7220,.T.);
#7218 = VERTEX_POINT('',#7219);
#7219 = CARTESIAN_POINT('',(-100.,37.,74.));
#7220 = CIRCLE('',#7221,1.);
#7221 = AXIS2_PLACEMENT_3D('',#7222,#7223,#7224);
#7222 = CARTESIAN_POINT('',(-101.,37.,74.));
#7223 = DIRECTION('',(0.,-1.,0.));
#7224 = DIRECTION('',(1.,0.,0.));
#7225 = ORIENTED_EDGE('',*,*,#7226,.F.);
#7226 = EDGE_CURVE('',#7208,#7218,#7227,.T.);
#7227 = LINE('',#7228,#7229);
#7228 = CARTESIAN_POINT('',(-100.,3.,74.));
#7229 = VECTOR('',#7230,1.);
#7230 = DIRECTION('',(0.,1.,0.));
#7231 = CYLINDRICAL_SURFACE('',#7232,1.);
#7232 = AXIS2_PLACEMENT_3D('',#7233,#7234,#7235);
#7233 = CARTESIAN_POINT('',(-101.,3.,74.));
#7234 = DIRECTION('',(0.,1.,0.));
#7235 = DIRECTION('',(1.,0.,0.));
#7236 = ADVANCED_FACE('',(#7237),#7257,.T.);
#7237 = FACE_BOUND('',#7238,.T.);
#7238 = EDGE_LOOP('',(#7239,#7240,#7249,#7256));
#7239 = ORIENTED_EDGE('',*,*,#7217,.F.);
#7240 = ORIENTED_EDGE('',*,*,#7241,.T.);
#7241 = EDGE_CURVE('',#7218,#7242,#7244,.T.);
#7242 = VERTEX_POINT('',#7243);
#7243 = CARTESIAN_POINT('',(-97.,40.,74.));
#7244 = CIRCLE('',#7245,3.);
#7245 = AXIS2_PLACEMENT_3D('',#7246,#7247,#7248);
#7246 = CARTESIAN_POINT('',(-97.,37.,74.));
#7247 = DIRECTION('',(0.,0.,-1.));
#7248 = DIRECTION('',(-1.,0.,0.));
#7249 = ORIENTED_EDGE('',*,*,#7250,.T.);
#7250 = EDGE_CURVE('',#7242,#5918,#7251,.T.);
#7251 = CIRCLE('',#7252,1.);
#7252 = AXIS2_PLACEMENT_3D('',#7253,#7254,#7255);
#7253 = CARTESIAN_POINT('',(-97.,41.,74.));
#7254 = DIRECTION('',(-1.,-6.E-17,-0.));
#7255 = DIRECTION('',(-6.E-17,1.,0.));
#7256 = ORIENTED_EDGE('',*,*,#5917,.F.);
#7257 = TOROIDAL_SURFACE('',#7258,4.,1.);
#7258 = AXIS2_PLACEMENT_3D('',#7259,#7260,#7261);
#7259 = CARTESIAN_POINT('',(-97.,37.,74.));
#7260 = DIRECTION('',(-0.,-0.,-1.));
#7261 = DIRECTION('',(-1.,0.,0.));
#7262 = ADVANCED_FACE('',(#7263),#7282,.T.);
#7263 = FACE_BOUND('',#7264,.F.);
#7264 = EDGE_LOOP('',(#7265,#7274,#7280,#7281));
#7265 = ORIENTED_EDGE('',*,*,#7266,.F.);
#7266 = EDGE_CURVE('',#7267,#5927,#7269,.T.);
#7267 = VERTEX_POINT('',#7268);
#7268 = CARTESIAN_POINT('',(97.,40.,74.));
#7269 = CIRCLE('',#7270,1.);
#7270 = AXIS2_PLACEMENT_3D('',#7271,#7272,#7273);
#7271 = CARTESIAN_POINT('',(97.,41.,74.));
#7272 = DIRECTION('',(-1.,2.8E-16,-2.2E-16));
#7273 = DIRECTION('',(2.8E-16,1.,0.));
#7274 = ORIENTED_EDGE('',*,*,#7275,.T.);
#7275 = EDGE_CURVE('',#7267,#7242,#7276,.T.);
#7276 = LINE('',#7277,#7278);
#7277 = CARTESIAN_POINT('',(97.,40.,74.));
#7278 = VECTOR('',#7279,1.);
#7279 = DIRECTION('',(-1.,2.2E-16,-2.2E-16));
#7280 = ORIENTED_EDGE('',*,*,#7250,.T.);
#7281 = ORIENTED_EDGE('',*,*,#5926,.T.);
#7282 = CYLINDRICAL_SURFACE('',#7283,1.);
#7283 = AXIS2_PLACEMENT_3D('',#7284,#7285,#7286);
#7284 = CARTESIAN_POINT('',(-97.,41.,74.));
#7285 = DIRECTION('',(1.,0.,0.));
#7286 = DIRECTION('',(0.,-1.,0.));
#7287 = ADVANCED_FACE('',(#7288),#7308,.T.);
#7288 = FACE_BOUND('',#7289,.F.);
#7289 = EDGE_LOOP('',(#7290,#7299,#7306,#7307));
#7290 = ORIENTED_EDGE('',*,*,#7291,.F.);
#7291 = EDGE_CURVE('',#7292,#5935,#7294,.T.);
#7292 = VERTEX_POINT('',#7293);
#7293 = CARTESIAN_POINT('',(100.,37.,74.));
#7294 = CIRCLE('',#7295,1.);
#7295 = AXIS2_PLACEMENT_3D('',#7296,#7297,#7298);
#7296 = CARTESIAN_POINT('',(101.,37.,74.));
#7297 = DIRECTION('',(2.2E-16,1.,0.));
#7298 = DIRECTION('',(-1.,2.2E-16,-2.2E-16));
#7299 = ORIENTED_EDGE('',*,*,#7300,.T.);
#7300 = EDGE_CURVE('',#7292,#7267,#7301,.T.);
#7301 = CIRCLE('',#7302,3.);
#7302 = AXIS2_PLACEMENT_3D('',#7303,#7304,#7305);
#7303 = CARTESIAN_POINT('',(97.,37.,74.));
#7304 = DIRECTION('',(-2.2E-16,0.,1.));
#7305 = DIRECTION('',(1.,-2.2E-16,2.2E-16));
#7306 = ORIENTED_EDGE('',*,*,#7266,.T.);
#7307 = ORIENTED_EDGE('',*,*,#5934,.F.);
#7308 = TOROIDAL_SURFACE('',#7309,4.,1.);
#7309 = AXIS2_PLACEMENT_3D('',#7310,#7311,#7312);
#7310 = CARTESIAN_POINT('',(97.,37.,74.));
#7311 = DIRECTION('',(2.2E-16,0.,-1.));
#7312 = DIRECTION('',(1.,-2.2E-16,2.2E-16));
#7313 = ADVANCED_FACE('',(#7314),#7333,.T.);
#7314 = FACE_BOUND('',#7315,.T.);
#7315 = EDGE_LOOP('',(#7316,#7325,#7326,#7327));
#7316 = ORIENTED_EDGE('',*,*,#7317,.T.);
#7317 = EDGE_CURVE('',#7318,#5944,#7320,.T.);
#7318 = VERTEX_POINT('',#7319);
#7319 = CARTESIAN_POINT('',(100.,3.,74.));
#7320 = CIRCLE('',#7321,1.);
#7321 = AXIS2_PLACEMENT_3D('',#7322,#7323,#7324);
#7322 = CARTESIAN_POINT('',(101.,3.,74.));
#7323 = DIRECTION('',(2.2E-16,1.,6.E-17));
#7324 = DIRECTION('',(-2.2E-16,-6.E-17,1.));
#7325 = ORIENTED_EDGE('',*,*,#5943,.T.);
#7326 = ORIENTED_EDGE('',*,*,#7291,.F.);
#7327 = ORIENTED_EDGE('',*,*,#7328,.F.);
#7328 = EDGE_CURVE('',#7318,#7292,#7329,.T.);
#7329 = LINE('',#7330,#7331);
#7330 = CARTESIAN_POINT('',(100.,3.,74.));
#7331 = VECTOR('',#7332,1.);
#7332 = DIRECTION('',(2.2E-16,1.,0.));
#7333 = CYLINDRICAL_SURFACE('',#7334,1.);
#7334 = AXIS2_PLACEMENT_3D('',#7335,#7336,#7337);
#7335 = CARTESIAN_POINT('',(101.,3.,74.));
#7336 = DIRECTION('',(2.2E-16,1.,0.));
#7337 = DIRECTION('',(-1.,2.2E-16,-2.2E-16));
#7338 = ADVANCED_FACE('',(#7339),#7366,.T.);
#7339 = FACE_BOUND('',#7340,.T.);
#7340 = EDGE_LOOP('',(#7341,#7342,#7351,#7359));
#7341 = ORIENTED_EDGE('',*,*,#5951,.F.);
#7342 = ORIENTED_EDGE('',*,*,#7343,.F.);
#7343 = EDGE_CURVE('',#7344,#5944,#7346,.T.);
#7344 = VERTEX_POINT('',#7345);
#7345 = CARTESIAN_POINT('',(101.,-2.3E-14,72.));
#7346 = CIRCLE('',#7347,3.);
#7347 = AXIS2_PLACEMENT_3D('',#7348,#7349,#7350);
#7348 = CARTESIAN_POINT('',(101.,3.,72.));
#7349 = DIRECTION('',(-1.,2.2E-16,-2.2E-16));
#7350 = DIRECTION('',(-2.2E-16,-1.,0.));
#7351 = ORIENTED_EDGE('',*,*,#7352,.T.);
#7352 = EDGE_CURVE('',#7344,#7353,#7355,.T.);
#7353 = VERTEX_POINT('',#7354);
#7354 = CARTESIAN_POINT('',(109.,-2.4E-14,72.));
#7355 = LINE('',#7356,#7357);
#7356 = CARTESIAN_POINT('',(100.,-2.265E-14,72.));
#7357 = VECTOR('',#7358,1.);
#7358 = DIRECTION('',(1.,-2.2E-16,2.2E-16));
#7359 = ORIENTED_EDGE('',*,*,#7360,.T.);
#7360 = EDGE_CURVE('',#7353,#5952,#7361,.T.);
#7361 = CIRCLE('',#7362,3.);
#7362 = AXIS2_PLACEMENT_3D('',#7363,#7364,#7365);
#7363 = CARTESIAN_POINT('',(109.,3.,72.));
#7364 = DIRECTION('',(-1.,2.2E-16,-2.2E-16));
#7365 = DIRECTION('',(-2.2E-16,-1.,0.));
#7366 = CYLINDRICAL_SURFACE('',#7367,3.);
#7367 = AXIS2_PLACEMENT_3D('',#7368,#7369,#7370);
#7368 = CARTESIAN_POINT('',(100.,3.,72.));
#7369 = DIRECTION('',(1.,-2.2E-16,2.2E-16));
#7370 = DIRECTION('',(-2.2E-16,0.,1.));
#7371 = ADVANCED_FACE('',(#7372),#7384,.T.);
#7372 = FACE_BOUND('',#7373,.T.);
#7373 = EDGE_LOOP('',(#7374,#7375,#7376,#7383));
#7374 = ORIENTED_EDGE('',*,*,#5985,.T.);
#7375 = ORIENTED_EDGE('',*,*,#6002,.T.);
#7376 = ORIENTED_EDGE('',*,*,#7377,.F.);
#7377 = EDGE_CURVE('',#6075,#6003,#7378,.T.);
#7378 = CIRCLE('',#7379,1.);
#7379 = AXIS2_PLACEMENT_3D('',#7380,#7381,#7382);
#7380 = CARTESIAN_POINT('',(109.,3.,-74.));
#7381 = DIRECTION('',(-2.2E-16,-1.,0.));
#7382 = DIRECTION('',(2.2E-16,-4.84E-32,-1.));
#7383 = ORIENTED_EDGE('',*,*,#6074,.F.);
#7384 = CYLINDRICAL_SURFACE('',#7385,1.);
#7385 = AXIS2_PLACEMENT_3D('',#7386,#7387,#7388);
#7386 = CARTESIAN_POINT('',(109.,47.,-74.));
#7387 = DIRECTION('',(-2.2E-16,-1.,-0.));
#7388 = DIRECTION('',(2.2E-16,-4.84E-32,-1.));
#7389 = ADVANCED_FACE('',(#7390),#7410,.T.);
#7390 = FACE_BOUND('',#7391,.F.);
#7391 = EDGE_LOOP('',(#7392,#7393,#7402,#7409));
#7392 = ORIENTED_EDGE('',*,*,#7377,.F.);
#7393 = ORIENTED_EDGE('',*,*,#7394,.T.);
#7394 = EDGE_CURVE('',#6075,#7395,#7397,.T.);
#7395 = VERTEX_POINT('',#7396);
#7396 = CARTESIAN_POINT('',(109.,-2.5E-14,-72.));
#7397 = CIRCLE('',#7398,3.);
#7398 = AXIS2_PLACEMENT_3D('',#7399,#7400,#7401);
#7399 = CARTESIAN_POINT('',(109.,3.,-72.));
#7400 = DIRECTION('',(-1.,2.2E-16,-2.2E-16));
#7401 = DIRECTION('',(2.2E-16,0.,-1.));
#7402 = ORIENTED_EDGE('',*,*,#7403,.T.);
#7403 = EDGE_CURVE('',#7395,#6011,#7404,.T.);
#7404 = CIRCLE('',#7405,1.);
#7405 = AXIS2_PLACEMENT_3D('',#7406,#7407,#7408);
#7406 = CARTESIAN_POINT('',(109.,1.,-72.));
#7407 = DIRECTION('',(-2.2E-16,-6.E-17,1.));
#7408 = DIRECTION('',(-2.2E-16,-1.,-6.E-17));
#7409 = ORIENTED_EDGE('',*,*,#6010,.F.);
#7410 = TOROIDAL_SURFACE('',#7411,2.,1.);
#7411 = AXIS2_PLACEMENT_3D('',#7412,#7413,#7414);
#7412 = CARTESIAN_POINT('',(109.,3.,-72.));
#7413 = DIRECTION('',(1.,-2.2E-16,2.2E-16));
#7414 = DIRECTION('',(2.2E-16,0.,-1.));
#7415 = ADVANCED_FACE('',(#7416),#7428,.T.);
#7416 = FACE_BOUND('',#7417,.F.);
#7417 = EDGE_LOOP('',(#7418,#7425,#7426,#7427));
#7418 = ORIENTED_EDGE('',*,*,#7419,.F.);
#7419 = EDGE_CURVE('',#7353,#6020,#7420,.T.);
#7420 = CIRCLE('',#7421,1.);
#7421 = AXIS2_PLACEMENT_3D('',#7422,#7423,#7424);
#7422 = CARTESIAN_POINT('',(109.,1.,72.));
#7423 = DIRECTION('',(-2.2E-16,0.,1.));
#7424 = DIRECTION('',(-2.2E-16,-1.,-4.84E-32));
#7425 = ORIENTED_EDGE('',*,*,#7360,.T.);
#7426 = ORIENTED_EDGE('',*,*,#7164,.T.);
#7427 = ORIENTED_EDGE('',*,*,#6027,.F.);
#7428 = TOROIDAL_SURFACE('',#7429,2.,1.);
#7429 = AXIS2_PLACEMENT_3D('',#7430,#7431,#7432);
#7430 = CARTESIAN_POINT('',(109.,3.,72.));
#7431 = DIRECTION('',(1.,-2.2E-16,2.2E-16));
#7432 = DIRECTION('',(-2.2E-16,-1.,0.));
#7433 = ADVANCED_FACE('',(#7434),#7445,.T.);
#7434 = FACE_BOUND('',#7435,.T.);
#7435 = EDGE_LOOP('',(#7436,#7437,#7438,#7439));
#7436 = ORIENTED_EDGE('',*,*,#7403,.T.);
#7437 = ORIENTED_EDGE('',*,*,#6019,.T.);
#7438 = ORIENTED_EDGE('',*,*,#7419,.F.);
#7439 = ORIENTED_EDGE('',*,*,#7440,.F.);
#7440 = EDGE_CURVE('',#7395,#7353,#7441,.T.);
#7441 = LINE('',#7442,#7443);
#7442 = CARTESIAN_POINT('',(109.,-2.442E-14,-72.));
#7443 = VECTOR('',#7444,1.);
#7444 = DIRECTION('',(-2.2E-16,0.,1.));
#7445 = CYLINDRICAL_SURFACE('',#7446,1.);
#7446 = AXIS2_PLACEMENT_3D('',#7447,#7448,#7449);
#7447 = CARTESIAN_POINT('',(109.,1.,-72.));
#7448 = DIRECTION('',(-2.2E-16,0.,1.));
#7449 = DIRECTION('',(-2.2E-16,-1.,-4.84E-32));
#7450 = ADVANCED_FACE('',(#7451),#7470,.F.);
#7451 = FACE_BOUND('',#7452,.T.);
#7452 = EDGE_LOOP('',(#7453,#7454,#7462,#7469));
#7453 = ORIENTED_EDGE('',*,*,#6044,.F.);
#7454 = ORIENTED_EDGE('',*,*,#7455,.T.);
#7455 = EDGE_CURVE('',#6045,#7456,#7458,.T.);
#7456 = VERTEX_POINT('',#7457);
#7457 = CARTESIAN_POINT('',(100.,17.,50.));
#7458 = LINE('',#7459,#7460);
#7459 = CARTESIAN_POINT('',(110.,17.,50.));
#7460 = VECTOR('',#7461,1.);
#7461 = DIRECTION('',(-1.,2.2E-16,-2.2E-16));
#7462 = ORIENTED_EDGE('',*,*,#7463,.T.);
#7463 = EDGE_CURVE('',#7456,#7456,#7464,.T.);
#7464 = CIRCLE('',#7465,3.);
#7465 = AXIS2_PLACEMENT_3D('',#7466,#7467,#7468);
#7466 = CARTESIAN_POINT('',(100.,20.,50.));
#7467 = DIRECTION('',(-1.,2.2E-16,-2.2E-16));
#7468 = DIRECTION('',(-2.2E-16,-1.,0.));
#7469 = ORIENTED_EDGE('',*,*,#7455,.F.);
#7470 = CYLINDRICAL_SURFACE('',#7471,3.);
#7471 = AXIS2_PLACEMENT_3D('',#7472,#7473,#7474);
#7472 = CARTESIAN_POINT('',(110.,20.,50.));
#7473 = DIRECTION('',(1.,-2.2E-16,2.2E-16));
#7474 = DIRECTION('',(-2.2E-16,-1.,0.));
#7475 = ADVANCED_FACE('',(#7476),#7495,.F.);
#7476 = FACE_BOUND('',#7477,.T.);
#7477 = EDGE_LOOP('',(#7478,#7479,#7487,#7494));
#7478 = ORIENTED_EDGE('',*,*,#6055,.F.);
#7479 = ORIENTED_EDGE('',*,*,#7480,.T.);
#7480 = EDGE_CURVE('',#6056,#7481,#7483,.T.);
#7481 = VERTEX_POINT('',#7482);
#7482 = CARTESIAN_POINT('',(100.,17.,-50.));
#7483 = LINE('',#7484,#7485);
#7484 = CARTESIAN_POINT('',(110.,17.,-50.));
#7485 = VECTOR('',#7486,1.);
#7486 = DIRECTION('',(-1.,2.2E-16,-2.2E-16));
#7487 = ORIENTED_EDGE('',*,*,#7488,.T.);
#7488 = EDGE_CURVE('',#7481,#7481,#7489,.T.);
#7489 = CIRCLE('',#7490,3.);
#7490 = AXIS2_PLACEMENT_3D('',#7491,#7492,#7493);
#7491 = CARTESIAN_POINT('',(100.,20.,-50.));
#7492 = DIRECTION('',(-1.,2.2E-16,-2.2E-16));
#7493 = DIRECTION('',(-2.2E-16,-1.,0.));
#7494 = ORIENTED_EDGE('',*,*,#7480,.F.);
#7495 = CYLINDRICAL_SURFACE('',#7496,3.);
#7496 = AXIS2_PLACEMENT_3D('',#7497,#7498,#7499);
#7497 = CARTESIAN_POINT('',(110.,20.,-50.));
#7498 = DIRECTION('',(1.,-2.2E-16,2.2E-16));
#7499 = DIRECTION('',(-2.2E-16,-1.,0.));
#7500 = ADVANCED_FACE('',(#7501),#7520,.T.);
#7501 = FACE_BOUND('',#7502,.F.);
#7502 = EDGE_LOOP('',(#7503,#7504,#7513,#7519));
#7503 = ORIENTED_EDGE('',*,*,#6082,.F.);
#7504 = ORIENTED_EDGE('',*,*,#7505,.T.);
#7505 = EDGE_CURVE('',#6083,#7506,#7508,.T.);
#7506 = VERTEX_POINT('',#7507);
#7507 = CARTESIAN_POINT('',(101.,-2.3E-14,-72.));
#7508 = CIRCLE('',#7509,3.);
#7509 = AXIS2_PLACEMENT_3D('',#7510,#7511,#7512);
#7510 = CARTESIAN_POINT('',(101.,3.,-72.));
#7511 = DIRECTION('',(-1.,2.2E-16,-2.2E-16));
#7512 = DIRECTION('',(2.2E-16,0.,-1.));
#7513 = ORIENTED_EDGE('',*,*,#7514,.T.);
#7514 = EDGE_CURVE('',#7506,#7395,#7515,.T.);
#7515 = LINE('',#7516,#7517);
#7516 = CARTESIAN_POINT('',(100.,-2.265E-14,-72.));
#7517 = VECTOR('',#7518,1.);
#7518 = DIRECTION('',(1.,-2.2E-16,2.2E-16));
#7519 = ORIENTED_EDGE('',*,*,#7394,.F.);
#7520 = CYLINDRICAL_SURFACE('',#7521,3.);
#7521 = AXIS2_PLACEMENT_3D('',#7522,#7523,#7524);
#7522 = CARTESIAN_POINT('',(100.,3.,-72.));
#7523 = DIRECTION('',(1.,-2.2E-16,2.2E-16));
#7524 = DIRECTION('',(2.2E-16,0.,-1.));
#7525 = ADVANCED_FACE('',(#7526),#7553,.T.);
#7526 = FACE_BOUND('',#7527,.T.);
#7527 = EDGE_LOOP('',(#7528,#7537,#7538,#7547));
#7528 = ORIENTED_EDGE('',*,*,#7529,.T.);
#7529 = EDGE_CURVE('',#7530,#6091,#7532,.T.);
#7530 = VERTEX_POINT('',#7531);
#7531 = CARTESIAN_POINT('',(100.,37.,-74.));
#7532 = CIRCLE('',#7533,1.);
#7533 = AXIS2_PLACEMENT_3D('',#7534,#7535,#7536);
#7534 = CARTESIAN_POINT('',(101.,37.,-74.));
#7535 = DIRECTION('',(-1.6E-16,-1.,0.));
#7536 = DIRECTION('',(1.,-1.6E-16,2.2E-16));
#7537 = ORIENTED_EDGE('',*,*,#6090,.T.);
#7538 = ORIENTED_EDGE('',*,*,#7539,.F.);
#7539 = EDGE_CURVE('',#7540,#6083,#7542,.T.);
#7540 = VERTEX_POINT('',#7541);
#7541 = CARTESIAN_POINT('',(100.,3.,-74.));
#7542 = CIRCLE('',#7543,1.);
#7543 = AXIS2_PLACEMENT_3D('',#7544,#7545,#7546);
#7544 = CARTESIAN_POINT('',(101.,3.,-74.));
#7545 = DIRECTION('',(-2.2E-16,-1.,0.));
#7546 = DIRECTION('',(-1.,2.2E-16,-2.2E-16));
#7547 = ORIENTED_EDGE('',*,*,#7548,.F.);
#7548 = EDGE_CURVE('',#7530,#7540,#7549,.T.);
#7549 = LINE('',#7550,#7551);
#7550 = CARTESIAN_POINT('',(100.,37.,-74.));
#7551 = VECTOR('',#7552,1.);
#7552 = DIRECTION('',(-2.2E-16,-1.,-0.));
#7553 = CYLINDRICAL_SURFACE('',#7554,1.);
#7554 = AXIS2_PLACEMENT_3D('',#7555,#7556,#7557);
#7555 = CARTESIAN_POINT('',(101.,37.,-74.));
#7556 = DIRECTION('',(-2.2E-16,-1.,-0.));
#7557 = DIRECTION('',(-1.,2.2E-16,-2.2E-16));
#7558 = ADVANCED_FACE('',(#7559),#7579,.T.);
#7559 = FACE_BOUND('',#7560,.F.);
#7560 = EDGE_LOOP('',(#7561,#7570,#7577,#7578));
#7561 = ORIENTED_EDGE('',*,*,#7562,.F.);
#7562 = EDGE_CURVE('',#7563,#6099,#7565,.T.);
#7563 = VERTEX_POINT('',#7564);
#7564 = CARTESIAN_POINT('',(97.,40.,-74.));
#7565 = CIRCLE('',#7566,1.);
#7566 = AXIS2_PLACEMENT_3D('',#7567,#7568,#7569);
#7567 = CARTESIAN_POINT('',(97.,41.,-74.));
#7568 = DIRECTION('',(1.,-2.2E-16,2.2E-16));
#7569 = DIRECTION('',(-2.2E-16,-1.,0.));
#7570 = ORIENTED_EDGE('',*,*,#7571,.T.);
#7571 = EDGE_CURVE('',#7563,#7530,#7572,.T.);
#7572 = CIRCLE('',#7573,3.);
#7573 = AXIS2_PLACEMENT_3D('',#7574,#7575,#7576);
#7574 = CARTESIAN_POINT('',(97.,37.,-74.));
#7575 = DIRECTION('',(2.2E-16,0.,-1.));
#7576 = DIRECTION('',(2.2E-16,1.,4.84E-32));
#7577 = ORIENTED_EDGE('',*,*,#7529,.T.);
#7578 = ORIENTED_EDGE('',*,*,#6098,.F.);
#7579 = TOROIDAL_SURFACE('',#7580,4.,1.);
#7580 = AXIS2_PLACEMENT_3D('',#7581,#7582,#7583);
#7581 = CARTESIAN_POINT('',(97.,37.,-74.));
#7582 = DIRECTION('',(-2.2E-16,0.,1.));
#7583 = DIRECTION('',(2.2E-16,1.,4.84E-32));
#7584 = ADVANCED_FACE('',(#7585),#7604,.T.);
#7585 = FACE_BOUND('',#7586,.F.);
#7586 = EDGE_LOOP('',(#7587,#7588,#7597,#7603));
#7587 = ORIENTED_EDGE('',*,*,#6107,.F.);
#7588 = ORIENTED_EDGE('',*,*,#7589,.F.);
#7589 = EDGE_CURVE('',#7590,#6108,#7592,.T.);
#7590 = VERTEX_POINT('',#7591);
#7591 = CARTESIAN_POINT('',(-97.,40.,-74.));
#7592 = CIRCLE('',#7593,1.);
#7593 = AXIS2_PLACEMENT_3D('',#7594,#7595,#7596);
#7594 = CARTESIAN_POINT('',(-97.,41.,-74.));
#7595 = DIRECTION('',(1.,0.,0.));
#7596 = DIRECTION('',(0.,-1.,0.));
#7597 = ORIENTED_EDGE('',*,*,#7598,.F.);
#7598 = EDGE_CURVE('',#7563,#7590,#7599,.T.);
#7599 = LINE('',#7600,#7601);
#7600 = CARTESIAN_POINT('',(0.,40.,-74.));
#7601 = VECTOR('',#7602,1.);
#7602 = DIRECTION('',(-1.,0.,0.));
#7603 = ORIENTED_EDGE('',*,*,#7562,.T.);
#7604 = CYLINDRICAL_SURFACE('',#7605,1.);
#7605 = AXIS2_PLACEMENT_3D('',#7606,#7607,#7608);
#7606 = CARTESIAN_POINT('',(0.,41.,-74.));
#7607 = DIRECTION('',(-1.,0.,0.));
#7608 = DIRECTION('',(0.,-1.,0.));
#7609 = ADVANCED_FACE('',(#7610),#7630,.T.);
#7610 = FACE_BOUND('',#7611,.T.);
#7611 = EDGE_LOOP('',(#7612,#7613,#7622,#7629));
#7612 = ORIENTED_EDGE('',*,*,#7589,.F.);
#7613 = ORIENTED_EDGE('',*,*,#7614,.T.);
#7614 = EDGE_CURVE('',#7590,#7615,#7617,.T.);
#7615 = VERTEX_POINT('',#7616);
#7616 = CARTESIAN_POINT('',(-100.,37.,-74.));
#7617 = CIRCLE('',#7618,3.);
#7618 = AXIS2_PLACEMENT_3D('',#7619,#7620,#7621);
#7619 = CARTESIAN_POINT('',(-97.,37.,-74.));
#7620 = DIRECTION('',(0.,-0.,1.));
#7621 = DIRECTION('',(0.,1.,0.));
#7622 = ORIENTED_EDGE('',*,*,#7623,.T.);
#7623 = EDGE_CURVE('',#7615,#6116,#7624,.T.);
#7624 = CIRCLE('',#7625,1.);
#7625 = AXIS2_PLACEMENT_3D('',#7626,#7627,#7628);
#7626 = CARTESIAN_POINT('',(-101.,37.,-74.));
#7627 = DIRECTION('',(6.E-17,1.,-0.));
#7628 = DIRECTION('',(-1.,6.E-17,0.));
#7629 = ORIENTED_EDGE('',*,*,#6115,.F.);
#7630 = TOROIDAL_SURFACE('',#7631,4.,1.);
#7631 = AXIS2_PLACEMENT_3D('',#7632,#7633,#7634);
#7632 = CARTESIAN_POINT('',(-97.,37.,-74.));
#7633 = DIRECTION('',(0.,0.,1.));
#7634 = DIRECTION('',(0.,1.,0.));
#7635 = ADVANCED_FACE('',(#7636),#7655,.T.);
#7636 = FACE_BOUND('',#7637,.F.);
#7637 = EDGE_LOOP('',(#7638,#7639,#7640,#7649));
#7638 = ORIENTED_EDGE('',*,*,#7623,.T.);
#7639 = ORIENTED_EDGE('',*,*,#6124,.T.);
#7640 = ORIENTED_EDGE('',*,*,#7641,.F.);
#7641 = EDGE_CURVE('',#7642,#6125,#7644,.T.);
#7642 = VERTEX_POINT('',#7643);
#7643 = CARTESIAN_POINT('',(-100.,3.,-74.));
#7644 = CIRCLE('',#7645,1.);
#7645 = AXIS2_PLACEMENT_3D('',#7646,#7647,#7648);
#7646 = CARTESIAN_POINT('',(-101.,3.,-74.));
#7647 = DIRECTION('',(-0.,1.,0.));
#7648 = DIRECTION('',(1.,0.,0.));
#7649 = ORIENTED_EDGE('',*,*,#7650,.F.);
#7650 = EDGE_CURVE('',#7615,#7642,#7651,.T.);
#7651 = LINE('',#7652,#7653);
#7652 = CARTESIAN_POINT('',(-100.,37.,-74.));
#7653 = VECTOR('',#7654,1.);
#7654 = DIRECTION('',(-0.,-1.,-0.));
#7655 = CYLINDRICAL_SURFACE('',#7656,1.);
#7656 = AXIS2_PLACEMENT_3D('',#7657,#7658,#7659);
#7657 = CARTESIAN_POINT('',(-101.,37.,-74.));
#7658 = DIRECTION('',(-0.,-1.,-0.));
#7659 = DIRECTION('',(1.,0.,0.));
#7660 = ADVANCED_FACE('',(#7661),#7680,.T.);
#7661 = FACE_BOUND('',#7662,.T.);
#7662 = EDGE_LOOP('',(#7663,#7664,#7673,#7679));
#7663 = ORIENTED_EDGE('',*,*,#6132,.F.);
#7664 = ORIENTED_EDGE('',*,*,#7665,.T.);
#7665 = EDGE_CURVE('',#6125,#7666,#7668,.T.);
#7666 = VERTEX_POINT('',#7667);
#7667 = CARTESIAN_POINT('',(-101.,-0.,-72.));
#7668 = CIRCLE('',#7669,3.);
#7669 = AXIS2_PLACEMENT_3D('',#7670,#7671,#7672);
#7670 = CARTESIAN_POINT('',(-101.,3.,-72.));
#7671 = DIRECTION('',(-1.,0.,0.));
#7672 = DIRECTION('',(0.,0.,-1.));
#7673 = ORIENTED_EDGE('',*,*,#7674,.T.);
#7674 = EDGE_CURVE('',#7666,#7047,#7675,.T.);
#7675 = LINE('',#7676,#7677);
#7676 = CARTESIAN_POINT('',(-100.,-4.4E-16,-72.));
#7677 = VECTOR('',#7678,1.);
#7678 = DIRECTION('',(-1.,0.,0.));
#7679 = ORIENTED_EDGE('',*,*,#7046,.F.);
#7680 = CYLINDRICAL_SURFACE('',#7681,3.);
#7681 = AXIS2_PLACEMENT_3D('',#7682,#7683,#7684);
#7682 = CARTESIAN_POINT('',(-100.,3.,-72.));
#7683 = DIRECTION('',(-1.,0.,0.));
#7684 = DIRECTION('',(0.,0.,-1.));
#7685 = ADVANCED_FACE('',(#7686),#7696,.T.);
#7686 = FACE_BOUND('',#7687,.T.);
#7687 = EDGE_LOOP('',(#7688,#7689,#7690,#7691,#7692,#7693,#7694,#7695));
#7688 = ORIENTED_EDGE('',*,*,#6471,.T.);
#7689 = ORIENTED_EDGE('',*,*,#6882,.T.);
#7690 = ORIENTED_EDGE('',*,*,#6898,.T.);
#7691 = ORIENTED_EDGE('',*,*,#6925,.T.);
#7692 = ORIENTED_EDGE('',*,*,#6733,.T.);
#7693 = ORIENTED_EDGE('',*,*,#6977,.T.);
#7694 = ORIENTED_EDGE('',*,*,#6993,.T.);
#7695 = ORIENTED_EDGE('',*,*,#6951,.T.);
#7696 = PLANE('',#7697);
#7697 = AXIS2_PLACEMENT_3D('',#7698,#7699,#7700);
#7698 = CARTESIAN_POINT('',(0.,80.,-7.E-15));
#7699 = DIRECTION('',(0.,1.,-2.8E-16));
#7700 = DIRECTION('',(0.,2.8E-16,1.));
#7701 = ADVANCED_FACE('',(#7702),#7713,.T.);
#7702 = FACE_BOUND('',#7703,.T.);
#7703 = EDGE_LOOP('',(#7704,#7705,#7711,#7712));
#7704 = ORIENTED_EDGE('',*,*,#7674,.F.);
#7705 = ORIENTED_EDGE('',*,*,#7706,.T.);
#7706 = EDGE_CURVE('',#7666,#7184,#7707,.T.);
#7707 = LINE('',#7708,#7709);
#7708 = CARTESIAN_POINT('',(-101.,-2.2E-16,-72.));
#7709 = VECTOR('',#7710,1.);
#7710 = DIRECTION('',(0.,0.,1.));
#7711 = ORIENTED_EDGE('',*,*,#7192,.T.);
#7712 = ORIENTED_EDGE('',*,*,#7100,.F.);
#7713 = PLANE('',#7714);
#7714 = AXIS2_PLACEMENT_3D('',#7715,#7716,#7717);
#7715 = CARTESIAN_POINT('',(-100.,0.,-75.));
#7716 = DIRECTION('',(0.,-1.,0.));
#7717 = DIRECTION('',(-1.,0.,0.));
#7718 = ADVANCED_FACE('',(#7719,#7753,#7756),#7759,.F.);
#7719 = FACE_BOUND('',#7720,.F.);
#7720 = EDGE_LOOP('',(#7721,#7727,#7728,#7737,#7745,#7752));
#7721 = ORIENTED_EDGE('',*,*,#7722,.F.);
#7722 = EDGE_CURVE('',#7615,#7218,#7723,.T.);
#7723 = LINE('',#7724,#7725);
#7724 = CARTESIAN_POINT('',(-100.,37.,-75.));
#7725 = VECTOR('',#7726,1.);
#7726 = DIRECTION('',(0.,0.,1.));
#7727 = ORIENTED_EDGE('',*,*,#7650,.T.);
#7728 = ORIENTED_EDGE('',*,*,#7729,.T.);
#7729 = EDGE_CURVE('',#7642,#7730,#7732,.T.);
#7730 = VERTEX_POINT('',#7731);
#7731 = CARTESIAN_POINT('',(-100.,1.,-72.));
#7732 = CIRCLE('',#7733,2.);
#7733 = AXIS2_PLACEMENT_3D('',#7734,#7735,#7736);
#7734 = CARTESIAN_POINT('',(-100.,3.,-72.));
#7735 = DIRECTION('',(-1.,0.,0.));
#7736 = DIRECTION('',(0.,0.,-1.));
#7737 = ORIENTED_EDGE('',*,*,#7738,.T.);
#7738 = EDGE_CURVE('',#7730,#7739,#7741,.T.);
#7739 = VERTEX_POINT('',#7740);
#7740 = CARTESIAN_POINT('',(-100.,1.,72.));
#7741 = LINE('',#7742,#7743);
#7742 = CARTESIAN_POINT('',(-100.,1.,-72.));
#7743 = VECTOR('',#7744,1.);
#7744 = DIRECTION('',(0.,0.,1.));
#7745 = ORIENTED_EDGE('',*,*,#7746,.T.);
#7746 = EDGE_CURVE('',#7739,#7208,#7747,.T.);
#7747 = CIRCLE('',#7748,2.);
#7748 = AXIS2_PLACEMENT_3D('',#7749,#7750,#7751);
#7749 = CARTESIAN_POINT('',(-100.,3.,72.));
#7750 = DIRECTION('',(-1.,0.,0.));
#7751 = DIRECTION('',(0.,-1.,0.));
#7752 = ORIENTED_EDGE('',*,*,#7226,.T.);
#7753 = FACE_BOUND('',#7754,.F.);
#7754 = EDGE_LOOP('',(#7755));
#7755 = ORIENTED_EDGE('',*,*,#7123,.F.);
#7756 = FACE_BOUND('',#7757,.F.);
#7757 = EDGE_LOOP('',(#7758));
#7758 = ORIENTED_EDGE('',*,*,#7148,.F.);
#7759 = PLANE('',#7760);
#7760 = AXIS2_PLACEMENT_3D('',#7761,#7762,#7763);
#7761 = CARTESIAN_POINT('',(-100.,0.,-75.));
#7762 = DIRECTION('',(-1.,0.,0.));
#7763 = DIRECTION('',(0.,1.,0.));
#7764 = ADVANCED_FACE('',(#7765),#7777,.T.);
#7765 = FACE_BOUND('',#7766,.T.);
#7766 = EDGE_LOOP('',(#7767,#7774,#7775,#7776));
#7767 = ORIENTED_EDGE('',*,*,#7768,.F.);
#7768 = EDGE_CURVE('',#7739,#7184,#7769,.T.);
#7769 = CIRCLE('',#7770,1.);
#7770 = AXIS2_PLACEMENT_3D('',#7771,#7772,#7773);
#7771 = CARTESIAN_POINT('',(-101.,1.,72.));
#7772 = DIRECTION('',(0.,0.,-1.));
#7773 = DIRECTION('',(1.,0.,0.));
#7774 = ORIENTED_EDGE('',*,*,#7746,.T.);
#7775 = ORIENTED_EDGE('',*,*,#7207,.T.);
#7776 = ORIENTED_EDGE('',*,*,#7183,.F.);
#7777 = TOROIDAL_SURFACE('',#7778,2.,1.);
#7778 = AXIS2_PLACEMENT_3D('',#7779,#7780,#7781);
#7779 = CARTESIAN_POINT('',(-101.,3.,72.));
#7780 = DIRECTION('',(-1.,0.,0.));
#7781 = DIRECTION('',(0.,-1.,0.));
#7782 = ADVANCED_FACE('',(#7783),#7794,.F.);
#7783 = FACE_BOUND('',#7784,.F.);
#7784 = EDGE_LOOP('',(#7785,#7791,#7792,#7793));
#7785 = ORIENTED_EDGE('',*,*,#7786,.F.);
#7786 = EDGE_CURVE('',#7590,#7242,#7787,.T.);
#7787 = LINE('',#7788,#7789);
#7788 = CARTESIAN_POINT('',(-97.,40.,-75.));
#7789 = VECTOR('',#7790,1.);
#7790 = DIRECTION('',(0.,0.,1.));
#7791 = ORIENTED_EDGE('',*,*,#7614,.T.);
#7792 = ORIENTED_EDGE('',*,*,#7722,.T.);
#7793 = ORIENTED_EDGE('',*,*,#7241,.T.);
#7794 = CYLINDRICAL_SURFACE('',#7795,3.);
#7795 = AXIS2_PLACEMENT_3D('',#7796,#7797,#7798);
#7796 = CARTESIAN_POINT('',(-97.,37.,-75.));
#7797 = DIRECTION('',(0.,0.,1.));
#7798 = DIRECTION('',(0.,1.,0.));
#7799 = ADVANCED_FACE('',(#7800),#7811,.T.);
#7800 = FACE_BOUND('',#7801,.T.);
#7801 = EDGE_LOOP('',(#7802,#7803,#7804,#7810));
#7802 = ORIENTED_EDGE('',*,*,#7786,.F.);
#7803 = ORIENTED_EDGE('',*,*,#7598,.F.);
#7804 = ORIENTED_EDGE('',*,*,#7805,.T.);
#7805 = EDGE_CURVE('',#7563,#7267,#7806,.T.);
#7806 = LINE('',#7807,#7808);
#7807 = CARTESIAN_POINT('',(97.,40.,-75.));
#7808 = VECTOR('',#7809,1.);
#7809 = DIRECTION('',(-2.2E-16,0.,1.));
#7810 = ORIENTED_EDGE('',*,*,#7275,.T.);
#7811 = PLANE('',#7812);
#7812 = AXIS2_PLACEMENT_3D('',#7813,#7814,#7815);
#7813 = CARTESIAN_POINT('',(5.32E-15,40.,1.064E-14));
#7814 = DIRECTION('',(-0.,-1.,-0.));
#7815 = DIRECTION('',(0.,0.,-1.));
#7816 = ADVANCED_FACE('',(#7817),#7828,.F.);
#7817 = FACE_BOUND('',#7818,.T.);
#7818 = EDGE_LOOP('',(#7819,#7820,#7821,#7827));
#7819 = ORIENTED_EDGE('',*,*,#7805,.F.);
#7820 = ORIENTED_EDGE('',*,*,#7571,.T.);
#7821 = ORIENTED_EDGE('',*,*,#7822,.T.);
#7822 = EDGE_CURVE('',#7530,#7292,#7823,.T.);
#7823 = LINE('',#7824,#7825);
#7824 = CARTESIAN_POINT('',(100.,37.,-75.));
#7825 = VECTOR('',#7826,1.);
#7826 = DIRECTION('',(-2.2E-16,0.,1.));
#7827 = ORIENTED_EDGE('',*,*,#7300,.T.);
#7828 = CYLINDRICAL_SURFACE('',#7829,3.);
#7829 = AXIS2_PLACEMENT_3D('',#7830,#7831,#7832);
#7830 = CARTESIAN_POINT('',(97.,37.,-75.));
#7831 = DIRECTION('',(-2.2E-16,0.,1.));
#7832 = DIRECTION('',(2.2E-16,1.,4.84E-32));
#7833 = ADVANCED_FACE('',(#7834),#7854,.T.);
#7834 = FACE_BOUND('',#7835,.F.);
#7835 = EDGE_LOOP('',(#7836,#7845,#7852,#7853));
#7836 = ORIENTED_EDGE('',*,*,#7837,.F.);
#7837 = EDGE_CURVE('',#7838,#7344,#7840,.T.);
#7838 = VERTEX_POINT('',#7839);
#7839 = CARTESIAN_POINT('',(100.,1.,72.));
#7840 = CIRCLE('',#7841,1.);
#7841 = AXIS2_PLACEMENT_3D('',#7842,#7843,#7844);
#7842 = CARTESIAN_POINT('',(101.,1.,72.));
#7843 = DIRECTION('',(-2.2E-16,0.,1.));
#7844 = DIRECTION('',(-1.,2.2E-16,-2.2E-16));
#7845 = ORIENTED_EDGE('',*,*,#7846,.T.);
#7846 = EDGE_CURVE('',#7838,#7318,#7847,.T.);
#7847 = CIRCLE('',#7848,2.);
#7848 = AXIS2_PLACEMENT_3D('',#7849,#7850,#7851);
#7849 = CARTESIAN_POINT('',(100.,3.,72.));
#7850 = DIRECTION('',(-1.,2.2E-16,-2.2E-16));
#7851 = DIRECTION('',(-2.2E-16,-1.,0.));
#7852 = ORIENTED_EDGE('',*,*,#7317,.T.);
#7853 = ORIENTED_EDGE('',*,*,#7343,.F.);
#7854 = TOROIDAL_SURFACE('',#7855,2.,1.);
#7855 = AXIS2_PLACEMENT_3D('',#7856,#7857,#7858);
#7856 = CARTESIAN_POINT('',(101.,3.,72.));
#7857 = DIRECTION('',(1.,-2.2E-16,2.2E-16));
#7858 = DIRECTION('',(-2.2E-16,-1.,0.));
#7859 = ADVANCED_FACE('',(#7860,#7881,#7884),#7887,.F.);
#7860 = FACE_BOUND('',#7861,.T.);
#7861 = EDGE_LOOP('',(#7862,#7863,#7864,#7873,#7879,#7880));
#7862 = ORIENTED_EDGE('',*,*,#7822,.F.);
#7863 = ORIENTED_EDGE('',*,*,#7548,.T.);
#7864 = ORIENTED_EDGE('',*,*,#7865,.T.);
#7865 = EDGE_CURVE('',#7540,#7866,#7868,.T.);
#7866 = VERTEX_POINT('',#7867);
#7867 = CARTESIAN_POINT('',(100.,1.,-72.));
#7868 = CIRCLE('',#7869,2.);
#7869 = AXIS2_PLACEMENT_3D('',#7870,#7871,#7872);
#7870 = CARTESIAN_POINT('',(100.,3.,-72.));
#7871 = DIRECTION('',(-1.,2.2E-16,-2.2E-16));
#7872 = DIRECTION('',(2.2E-16,0.,-1.));
#7873 = ORIENTED_EDGE('',*,*,#7874,.T.);
#7874 = EDGE_CURVE('',#7866,#7838,#7875,.T.);
#7875 = LINE('',#7876,#7877);
#7876 = CARTESIAN_POINT('',(100.,1.,-72.));
#7877 = VECTOR('',#7878,1.);
#7878 = DIRECTION('',(-2.2E-16,0.,1.));
#7879 = ORIENTED_EDGE('',*,*,#7846,.T.);
#7880 = ORIENTED_EDGE('',*,*,#7328,.T.);
#7881 = FACE_BOUND('',#7882,.T.);
#7882 = EDGE_LOOP('',(#7883));
#7883 = ORIENTED_EDGE('',*,*,#7463,.F.);
#7884 = FACE_BOUND('',#7885,.T.);
#7885 = EDGE_LOOP('',(#7886));
#7886 = ORIENTED_EDGE('',*,*,#7488,.F.);
#7887 = PLANE('',#7888);
#7888 = AXIS2_PLACEMENT_3D('',#7889,#7890,#7891);
#7889 = CARTESIAN_POINT('',(100.,-2.22E-14,-75.));
#7890 = DIRECTION('',(1.,-2.2E-16,2.2E-16));
#7891 = DIRECTION('',(-2.2E-16,-1.,-0.));
#7892 = ADVANCED_FACE('',(#7893),#7904,.T.);
#7893 = FACE_BOUND('',#7894,.F.);
#7894 = EDGE_LOOP('',(#7895,#7896,#7902,#7903));
#7895 = ORIENTED_EDGE('',*,*,#7514,.F.);
#7896 = ORIENTED_EDGE('',*,*,#7897,.T.);
#7897 = EDGE_CURVE('',#7506,#7344,#7898,.T.);
#7898 = LINE('',#7899,#7900);
#7899 = CARTESIAN_POINT('',(101.,-2.265E-14,-72.));
#7900 = VECTOR('',#7901,1.);
#7901 = DIRECTION('',(-2.2E-16,0.,1.));
#7902 = ORIENTED_EDGE('',*,*,#7352,.T.);
#7903 = ORIENTED_EDGE('',*,*,#7440,.F.);
#7904 = PLANE('',#7905);
#7905 = AXIS2_PLACEMENT_3D('',#7906,#7907,#7908);
#7906 = CARTESIAN_POINT('',(100.,-2.22E-14,-75.));
#7907 = DIRECTION('',(-2.2E-16,-1.,-0.));
#7908 = DIRECTION('',(-1.,2.2E-16,-2.2E-16));
#7909 = ADVANCED_FACE('',(#7910),#7922,.T.);
#7910 = FACE_BOUND('',#7911,.F.);
#7911 = EDGE_LOOP('',(#7912,#7913,#7914,#7921));
#7912 = ORIENTED_EDGE('',*,*,#7539,.F.);
#7913 = ORIENTED_EDGE('',*,*,#7865,.T.);
#7914 = ORIENTED_EDGE('',*,*,#7915,.T.);
#7915 = EDGE_CURVE('',#7866,#7506,#7916,.T.);
#7916 = CIRCLE('',#7917,1.);
#7917 = AXIS2_PLACEMENT_3D('',#7918,#7919,#7920);
#7918 = CARTESIAN_POINT('',(101.,1.,-72.));
#7919 = DIRECTION('',(-2.2E-16,-6.E-17,1.));
#7920 = DIRECTION('',(-2.2E-16,-1.,-6.E-17));
#7921 = ORIENTED_EDGE('',*,*,#7505,.F.);
#7922 = TOROIDAL_SURFACE('',#7923,2.,1.);
#7923 = AXIS2_PLACEMENT_3D('',#7924,#7925,#7926);
#7924 = CARTESIAN_POINT('',(101.,3.,-72.));
#7925 = DIRECTION('',(1.,-2.2E-16,2.2E-16));
#7926 = DIRECTION('',(2.2E-16,0.,-1.));
#7927 = ADVANCED_FACE('',(#7928),#7940,.T.);
#7928 = FACE_BOUND('',#7929,.T.);
#7929 = EDGE_LOOP('',(#7930,#7931,#7932,#7939));
#7930 = ORIENTED_EDGE('',*,*,#7641,.F.);
#7931 = ORIENTED_EDGE('',*,*,#7729,.T.);
#7932 = ORIENTED_EDGE('',*,*,#7933,.T.);
#7933 = EDGE_CURVE('',#7730,#7666,#7934,.T.);
#7934 = CIRCLE('',#7935,1.);
#7935 = AXIS2_PLACEMENT_3D('',#7936,#7937,#7938);
#7936 = CARTESIAN_POINT('',(-101.,1.,-72.));
#7937 = DIRECTION('',(0.,6.E-17,-1.));
#7938 = DIRECTION('',(0.,-1.,-6.E-17));
#7939 = ORIENTED_EDGE('',*,*,#7665,.F.);
#7940 = TOROIDAL_SURFACE('',#7941,2.,1.);
#7941 = AXIS2_PLACEMENT_3D('',#7942,#7943,#7944);
#7942 = CARTESIAN_POINT('',(-101.,3.,-72.));
#7943 = DIRECTION('',(-1.,0.,0.));
#7944 = DIRECTION('',(0.,0.,-1.));
#7945 = ADVANCED_FACE('',(#7946),#7952,.T.);
#7946 = FACE_BOUND('',#7947,.F.);
#7947 = EDGE_LOOP('',(#7948,#7949,#7950,#7951));
#7948 = ORIENTED_EDGE('',*,*,#7933,.T.);
#7949 = ORIENTED_EDGE('',*,*,#7706,.T.);
#7950 = ORIENTED_EDGE('',*,*,#7768,.F.);
#7951 = ORIENTED_EDGE('',*,*,#7738,.F.);
#7952 = CYLINDRICAL_SURFACE('',#7953,1.);
#7953 = AXIS2_PLACEMENT_3D('',#7954,#7955,#7956);
#7954 = CARTESIAN_POINT('',(-101.,1.,-72.));
#7955 = DIRECTION('',(0.,0.,1.));
#7956 = DIRECTION('',(1.,0.,0.));
#7957 = ADVANCED_FACE('',(#7958),#7964,.T.);
#7958 = FACE_BOUND('',#7959,.T.);
#7959 = EDGE_LOOP('',(#7960,#7961,#7962,#7963));
#7960 = ORIENTED_EDGE('',*,*,#7915,.T.);
#7961 = ORIENTED_EDGE('',*,*,#7897,.T.);
#7962 = ORIENTED_EDGE('',*,*,#7837,.F.);
#7963 = ORIENTED_EDGE('',*,*,#7874,.F.);
#7964 = CYLINDRICAL_SURFACE('',#7965,1.);
#7965 = AXIS2_PLACEMENT_3D('',#7966,#7967,#7968);
#7966 = CARTESIAN_POINT('',(101.,1.,-72.));
#7967 = DIRECTION('',(-2.2E-16,0.,1.));
#7968 = DIRECTION('',(-1.,2.2E-16,-2.2E-16));
#7969 = ( GEOMETRIC_REPRESENTATION_CONTEXT(3) 
GLOBAL_UNCERTAINTY_ASSIGNED_CONTEXT((#7973)) 
GLOBAL_UNIT_ASSIGNED_CONTEXT((#7970,#7971,#7972)) REPRESENTATION_CONTEXT
('Context #1','3D Context with UNIT and UNCERTAINTY') );
#7970 = ( LENGTH_UNIT() NAMED_UNIT(*) SI_UNIT(.MILLI.,.METRE.) );
#7971 = ( NAMED_UNIT(*) PLANE_ANGLE_UNIT() SI_UNIT($,.RADIAN.) );
#7972 = ( NAMED_UNIT(*) SI_UNIT($,.STERADIAN.) SOLID_ANGLE_UNIT() );
#7973 = UNCERTAINTY_MEASURE_WITH_UNIT(LENGTH_MEASURE(2.E-05),#7970,
  'distance_accuracy_value','confusion accuracy');
#7974 = PRODUCT_RELATED_PRODUCT_CATEGORY('part',$,(#7));
#7975 = MECHANICAL_DESIGN_GEOMETRIC_PRESENTATION_REPRESENTATION('',(
    #7976),#7969);
#7976 = STYLED_ITEM('color',(#7977),#15);
#7977 = PRESENTATION_STYLE_ASSIGNMENT((#7978,#7984));
#7978 = SURFACE_STYLE_USAGE(.BOTH.,#7979);
#7979 = SURFACE_SIDE_STYLE('',(#7980));
#7980 = SURFACE_STYLE_FILL_AREA(#7981);
#7981 = FILL_AREA_STYLE('',(#7982));
#7982 = FILL_AREA_STYLE_COLOUR('',#7983);
#7983 = COLOUR_RGB('',0.447058818107,0.474509808674,0.501960817233);
#7984 = CURVE_STYLE('',#7985,POSITIVE_LENGTH_MEASURE(0.1),#7986);
#7985 = DRAUGHTING_PRE_DEFINED_CURVE_FONT('continuous');
#7986 = COLOUR_RGB('',9.803921802644E-02,9.803921802644E-02,
  9.803921802644E-02);
ENDSEC;
END-ISO-10303-21;
