ISO-10303-21;
HEADER;
FILE_DESCRIPTION(('FreeCAD Model'),'2;1');
FILE_NAME('Open CASCADE Shape Model','2026-02-27T21:44:28',(''),(''),
  'Open CASCADE STEP processor 7.8','FreeCAD','Unknown');
FILE_SCHEMA(('AUTOMOTIVE_DESIGN { 1 0 10303 214 1 1 1 1 }'));
ENDSEC;
DATA;
#1 = APPLICATION_PROTOCOL_DEFINITION('international standard',
  'automotive_design',2000,#2);
#2 = APPLICATION_CONTEXT(
  'core data for automotive mechanical design processes');
#3 = SHAPE_DEFINITION_REPRESENTATION(#4,#10);
#4 = PRODUCT_DEFINITION_SHAPE('','',#5);
#5 = PRODUCT_DEFINITION('design','',#6,#9);
#6 = PRODUCT_DEFINITION_FORMATION('','',#7);
#7 = PRODUCT('Corps','Corps','',(#8));
#8 = PRODUCT_CONTEXT('',#2,'mechanical');
#9 = PRODUCT_DEFINITION_CONTEXT('part definition',#2,'design');
#10 = ADVANCED_BREP_SHAPE_REPRESENTATION('',(#11,#15),#3403);
#11 = AXIS2_PLACEMENT_3D('',#12,#13,#14);
#12 = CARTESIAN_POINT('',(0.,0.,0.));
#13 = DIRECTION('',(0.,0.,1.));
#14 = DIRECTION('',(1.,0.,-0.));
#15 = MANIFOLD_SOLID_BREP('',#16);
#16 = CLOSED_SHELL('',(#17,#188,#223,#249,#289,#314,#352,#378,#404,#429,
    #454,#480,#506,#531,#556,#574,#607,#640,#673,#706,#731,#771,#860,
    #885,#971,#1060,#1084,#1127,#1152,#1176,#1209,#1233,#1258,#1283,
    #1362,#1395,#1413,#1439,#1465,#1536,#1649,#1667,#1693,#1776,#1847,
    #1890,#1916,#1934,#1959,#1992,#2010,#2027,#2044,#2061,#2078,#2095,
    #2120,#2166,#2191,#2209,#2234,#2259,#2285,#2303,#2328,#2353,#2371,
    #2389,#2407,#2433,#2459,#2476,#2501,#2526,#2550,#2576,#2602,#2627,
    #2652,#2685,#2710,#2728,#2753,#2778,#2796,#2828,#2853,#2878,#2911,
    #2944,#2968,#2980,#2998,#3016,#3033,#3058,#3083,#3100,#3117,#3135,
    #3161,#3173,#3190,#3231,#3272,#3290,#3308,#3325,#3334,#3343,#3361,
    #3379,#3391));
#17 = ADVANCED_FACE('',(#18,#138,#172),#183,.T.);
#18 = FACE_BOUND('',#19,.T.);
#19 = EDGE_LOOP('',(#20,#30,#38,#46,#55,#63,#72,#80,#89,#97,#106,#114,
    #123,#131));
#20 = ORIENTED_EDGE('',*,*,#21,.T.);
#21 = EDGE_CURVE('',#22,#24,#26,.T.);
#22 = VERTEX_POINT('',#23);
#23 = CARTESIAN_POINT('',(-38.65,40.,41.97));
#24 = VERTEX_POINT('',#25);
#25 = CARTESIAN_POINT('',(-38.65,40.,22.47));
#26 = LINE('',#27,#28);
#27 = CARTESIAN_POINT('',(-38.65,40.,41.97));
#28 = VECTOR('',#29,1.);
#29 = DIRECTION('',(-3.4E-16,-2.2E-16,-1.));
#30 = ORIENTED_EDGE('',*,*,#31,.T.);
#31 = EDGE_CURVE('',#24,#32,#34,.T.);
#32 = VERTEX_POINT('',#33);
#33 = CARTESIAN_POINT('',(1.650000000003,40.,22.47));
#34 = LINE('',#35,#36);
#35 = CARTESIAN_POINT('',(-39.15,40.,22.47));
#36 = VECTOR('',#37,1.);
#37 = DIRECTION('',(1.,0.,0.));
#38 = ORIENTED_EDGE('',*,*,#39,.T.);
#39 = EDGE_CURVE('',#32,#40,#42,.T.);
#40 = VERTEX_POINT('',#41);
#41 = CARTESIAN_POINT('',(1.650000000051,40.,41.970000000004));
#42 = LINE('',#43,#44);
#43 = CARTESIAN_POINT('',(1.650000000001,40.,21.970000000001));
#44 = VECTOR('',#45,1.);
#45 = DIRECTION('',(2.50726E-12,2.2E-16,1.));
#46 = ORIENTED_EDGE('',*,*,#47,.T.);
#47 = EDGE_CURVE('',#40,#48,#50,.T.);
#48 = VERTEX_POINT('',#49);
#49 = CARTESIAN_POINT('',(3.150000000051,40.,43.47));
#50 = CIRCLE('',#51,1.5);
#51 = AXIS2_PLACEMENT_3D('',#52,#53,#54);
#52 = CARTESIAN_POINT('',(3.150000000051,40.,41.97));
#53 = DIRECTION('',(0.,1.,-0.));
#54 = DIRECTION('',(-1.,0.,2.50111E-12));
#55 = ORIENTED_EDGE('',*,*,#56,.T.);
#56 = EDGE_CURVE('',#48,#57,#59,.T.);
#57 = VERTEX_POINT('',#58);
#58 = CARTESIAN_POINT('',(4.150000000052,40.,43.47));
#59 = LINE('',#60,#61);
#60 = CARTESIAN_POINT('',(3.150000000051,40.,43.47));
#61 = VECTOR('',#62,1.);
#62 = DIRECTION('',(1.,0.,0.));
#63 = ORIENTED_EDGE('',*,*,#64,.T.);
#64 = EDGE_CURVE('',#57,#65,#67,.T.);
#65 = VERTEX_POINT('',#66);
#66 = CARTESIAN_POINT('',(5.650000000052,40.,41.97));
#67 = CIRCLE('',#68,1.5);
#68 = AXIS2_PLACEMENT_3D('',#69,#70,#71);
#69 = CARTESIAN_POINT('',(4.150000000052,40.,41.97));
#70 = DIRECTION('',(0.,1.,0.));
#71 = DIRECTION('',(0.,-0.,1.));
#72 = ORIENTED_EDGE('',*,*,#73,.T.);
#73 = EDGE_CURVE('',#65,#74,#76,.T.);
#74 = VERTEX_POINT('',#75);
#75 = CARTESIAN_POINT('',(5.650000000052,40.,21.47));
#76 = LINE('',#77,#78);
#77 = CARTESIAN_POINT('',(5.650000000052,40.,41.97));
#78 = VECTOR('',#79,1.);
#79 = DIRECTION('',(0.,-2.2E-16,-1.));
#80 = ORIENTED_EDGE('',*,*,#81,.T.);
#81 = EDGE_CURVE('',#74,#82,#84,.T.);
#82 = VERTEX_POINT('',#83);
#83 = CARTESIAN_POINT('',(2.650000000052,40.,18.47));
#84 = CIRCLE('',#85,3.);
#85 = AXIS2_PLACEMENT_3D('',#86,#87,#88);
#86 = CARTESIAN_POINT('',(2.650000000052,40.,21.47));
#87 = DIRECTION('',(-0.,1.,0.));
#88 = DIRECTION('',(1.,0.,0.));
#89 = ORIENTED_EDGE('',*,*,#90,.T.);
#90 = EDGE_CURVE('',#82,#91,#93,.T.);
#91 = VERTEX_POINT('',#92);
#92 = CARTESIAN_POINT('',(-39.65,40.,18.47));
#93 = LINE('',#94,#95);
#94 = CARTESIAN_POINT('',(2.650000000052,40.,18.47));
#95 = VECTOR('',#96,1.);
#96 = DIRECTION('',(-1.,0.,0.));
#97 = ORIENTED_EDGE('',*,*,#98,.T.);
#98 = EDGE_CURVE('',#91,#99,#101,.T.);
#99 = VERTEX_POINT('',#100);
#100 = CARTESIAN_POINT('',(-42.65,40.,21.47));
#101 = CIRCLE('',#102,3.);
#102 = AXIS2_PLACEMENT_3D('',#103,#104,#105);
#103 = CARTESIAN_POINT('',(-39.65,40.,21.47));
#104 = DIRECTION('',(0.,1.,0.));
#105 = DIRECTION('',(-3.55E-15,0.,-1.));
#106 = ORIENTED_EDGE('',*,*,#107,.T.);
#107 = EDGE_CURVE('',#99,#108,#110,.T.);
#108 = VERTEX_POINT('',#109);
#109 = CARTESIAN_POINT('',(-42.65,40.,41.97));
#110 = LINE('',#111,#112);
#111 = CARTESIAN_POINT('',(-42.65,40.,21.47));
#112 = VECTOR('',#113,1.);
#113 = DIRECTION('',(0.,2.2E-16,1.));
#114 = ORIENTED_EDGE('',*,*,#115,.T.);
#115 = EDGE_CURVE('',#108,#116,#118,.T.);
#116 = VERTEX_POINT('',#117);
#117 = CARTESIAN_POINT('',(-41.15,40.,43.47));
#118 = CIRCLE('',#119,1.5);
#119 = AXIS2_PLACEMENT_3D('',#120,#121,#122);
#120 = CARTESIAN_POINT('',(-41.15,40.,41.97));
#121 = DIRECTION('',(0.,1.,-0.));
#122 = DIRECTION('',(-1.,0.,0.));
#123 = ORIENTED_EDGE('',*,*,#124,.T.);
#124 = EDGE_CURVE('',#116,#125,#127,.T.);
#125 = VERTEX_POINT('',#126);
#126 = CARTESIAN_POINT('',(-40.15,40.,43.47));
#127 = LINE('',#128,#129);
#128 = CARTESIAN_POINT('',(-41.15,40.,43.47));
#129 = VECTOR('',#130,1.);
#130 = DIRECTION('',(1.,-0.,-3.55E-15));
#131 = ORIENTED_EDGE('',*,*,#132,.T.);
#132 = EDGE_CURVE('',#125,#22,#133,.T.);
#133 = CIRCLE('',#134,1.5);
#134 = AXIS2_PLACEMENT_3D('',#135,#136,#137);
#135 = CARTESIAN_POINT('',(-40.15,40.,41.97));
#136 = DIRECTION('',(0.,1.,0.));
#137 = DIRECTION('',(0.,-0.,1.));
#138 = FACE_BOUND('',#139,.T.);
#139 = EDGE_LOOP('',(#140,#150,#158,#166));
#140 = ORIENTED_EDGE('',*,*,#141,.F.);
#141 = EDGE_CURVE('',#142,#144,#146,.T.);
#142 = VERTEX_POINT('',#143);
#143 = CARTESIAN_POINT('',(-97.,40.,-59.));
#144 = VERTEX_POINT('',#145);
#145 = CARTESIAN_POINT('',(-97.,40.,59.));
#146 = LINE('',#147,#148);
#147 = CARTESIAN_POINT('',(-97.,40.,-60.));
#148 = VECTOR('',#149,1.);
#149 = DIRECTION('',(0.,0.,1.));
#150 = ORIENTED_EDGE('',*,*,#151,.F.);
#151 = EDGE_CURVE('',#152,#142,#154,.T.);
#152 = VERTEX_POINT('',#153);
#153 = CARTESIAN_POINT('',(97.,40.,-59.));
#154 = LINE('',#155,#156);
#155 = CARTESIAN_POINT('',(0.,40.,-59.));
#156 = VECTOR('',#157,1.);
#157 = DIRECTION('',(-1.,0.,0.));
#158 = ORIENTED_EDGE('',*,*,#159,.T.);
#159 = EDGE_CURVE('',#152,#160,#162,.T.);
#160 = VERTEX_POINT('',#161);
#161 = CARTESIAN_POINT('',(97.,40.,59.));
#162 = LINE('',#163,#164);
#163 = CARTESIAN_POINT('',(97.,40.,-60.));
#164 = VECTOR('',#165,1.);
#165 = DIRECTION('',(-2.2E-16,0.,1.));
#166 = ORIENTED_EDGE('',*,*,#167,.T.);
#167 = EDGE_CURVE('',#160,#144,#168,.T.);
#168 = LINE('',#169,#170);
#169 = CARTESIAN_POINT('',(97.,40.,59.));
#170 = VECTOR('',#171,1.);
#171 = DIRECTION('',(-1.,2.2E-16,-2.2E-16));
#172 = FACE_BOUND('',#173,.T.);
#173 = EDGE_LOOP('',(#174));
#174 = ORIENTED_EDGE('',*,*,#175,.F.);
#175 = EDGE_CURVE('',#176,#176,#178,.T.);
#176 = VERTEX_POINT('',#177);
#177 = CARTESIAN_POINT('',(17.5,40.,0.));
#178 = CIRCLE('',#179,17.5);
#179 = AXIS2_PLACEMENT_3D('',#180,#181,#182);
#180 = CARTESIAN_POINT('',(0.,40.,0.));
#181 = DIRECTION('',(0.,-1.,0.));
#182 = DIRECTION('',(1.,0.,0.));
#183 = PLANE('',#184);
#184 = AXIS2_PLACEMENT_3D('',#185,#186,#187);
#185 = CARTESIAN_POINT('',(8.75E-15,40.,5.83E-15));
#186 = DIRECTION('',(-0.,-1.,-0.));
#187 = DIRECTION('',(0.,0.,-1.));
#188 = ADVANCED_FACE('',(#189),#218,.F.);
#189 = FACE_BOUND('',#190,.T.);
#190 = EDGE_LOOP('',(#191,#200,#208,#217));
#191 = ORIENTED_EDGE('',*,*,#192,.T.);
#192 = EDGE_CURVE('',#22,#193,#195,.T.);
#193 = VERTEX_POINT('',#194);
#194 = CARTESIAN_POINT('',(-39.65,39.,41.97));
#195 = CIRCLE('',#196,1.);
#196 = AXIS2_PLACEMENT_3D('',#197,#198,#199);
#197 = CARTESIAN_POINT('',(-38.65,39.,41.97));
#198 = DIRECTION('',(3.4E-16,2.2E-16,1.));
#199 = DIRECTION('',(0.,1.,-2.2E-16));
#200 = ORIENTED_EDGE('',*,*,#201,.T.);
#201 = EDGE_CURVE('',#193,#202,#204,.T.);
#202 = VERTEX_POINT('',#203);
#203 = CARTESIAN_POINT('',(-39.65,39.,21.97));
#204 = LINE('',#205,#206);
#205 = CARTESIAN_POINT('',(-39.65,39.,41.97));
#206 = VECTOR('',#207,1.);
#207 = DIRECTION('',(-3.4E-16,-2.2E-16,-1.));
#208 = ORIENTED_EDGE('',*,*,#209,.F.);
#209 = EDGE_CURVE('',#24,#202,#210,.T.);
#210 = B_SPLINE_CURVE_WITH_KNOTS('',5,(#211,#212,#213,#214,#215,#216),
  .UNSPECIFIED.,.F.,.F.,(6,6),(0.,1.),.PIECEWISE_BEZIER_KNOTS.);
#211 = CARTESIAN_POINT('',(-38.65,40.,22.47));
#212 = CARTESIAN_POINT('',(-38.96415926535,40.,22.37));
#213 = CARTESIAN_POINT('',(-39.27861164336,39.876984995954,22.27));
#214 = CARTESIAN_POINT('',(-39.52698499595,39.628611643363,22.17));
#215 = CARTESIAN_POINT('',(-39.65,39.314159265359,22.07));
#216 = CARTESIAN_POINT('',(-39.65,39.,21.97));
#217 = ORIENTED_EDGE('',*,*,#21,.F.);
#218 = CYLINDRICAL_SURFACE('',#219,1.);
#219 = AXIS2_PLACEMENT_3D('',#220,#221,#222);
#220 = CARTESIAN_POINT('',(-38.65,39.,41.97));
#221 = DIRECTION('',(-3.4E-16,-2.2E-16,-1.));
#222 = DIRECTION('',(0.,1.,-2.2E-16));
#223 = ADVANCED_FACE('',(#224),#244,.F.);
#224 = FACE_BOUND('',#225,.F.);
#225 = EDGE_LOOP('',(#226,#235,#236,#237));
#226 = ORIENTED_EDGE('',*,*,#227,.F.);
#227 = EDGE_CURVE('',#125,#228,#230,.T.);
#228 = VERTEX_POINT('',#229);
#229 = CARTESIAN_POINT('',(-40.15,39.,42.47));
#230 = CIRCLE('',#231,1.);
#231 = AXIS2_PLACEMENT_3D('',#232,#233,#234);
#232 = CARTESIAN_POINT('',(-40.15,39.,43.47));
#233 = DIRECTION('',(-1.,0.,3.55E-15));
#234 = DIRECTION('',(0.,1.,-0.));
#235 = ORIENTED_EDGE('',*,*,#132,.T.);
#236 = ORIENTED_EDGE('',*,*,#192,.T.);
#237 = ORIENTED_EDGE('',*,*,#238,.F.);
#238 = EDGE_CURVE('',#228,#193,#239,.T.);
#239 = CIRCLE('',#240,0.5);
#240 = AXIS2_PLACEMENT_3D('',#241,#242,#243);
#241 = CARTESIAN_POINT('',(-40.15,39.,41.97));
#242 = DIRECTION('',(0.,1.,0.));
#243 = DIRECTION('',(0.,-0.,1.));
#244 = TOROIDAL_SURFACE('',#245,1.5,1.);
#245 = AXIS2_PLACEMENT_3D('',#246,#247,#248);
#246 = CARTESIAN_POINT('',(-40.15,39.,41.97));
#247 = DIRECTION('',(0.,1.,0.));
#248 = DIRECTION('',(0.,-0.,1.));
#249 = ADVANCED_FACE('',(#250),#284,.F.);
#250 = FACE_BOUND('',#251,.T.);
#251 = EDGE_LOOP('',(#252,#266,#274,#283));
#252 = ORIENTED_EDGE('',*,*,#253,.T.);
#253 = EDGE_CURVE('',#24,#254,#256,.T.);
#254 = VERTEX_POINT('',#255);
#255 = CARTESIAN_POINT('',(-39.15,39.,21.47));
#256 = B_SPLINE_CURVE_WITH_KNOTS('',8,(#257,#258,#259,#260,#261,#262,
    #263,#264,#265),.UNSPECIFIED.,.F.,.F.,(9,9),(0.,1.),
  .PIECEWISE_BEZIER_KNOTS.);
#257 = CARTESIAN_POINT('',(-38.65,40.,22.47));
#258 = CARTESIAN_POINT('',(-38.7125,40.,22.273650459151));
#259 = CARTESIAN_POINT('',(-38.775,39.955939211039,22.077300856495));
#260 = CARTESIAN_POINT('',(-38.8375,39.867818065871,21.892486765665));
#261 = CARTESIAN_POINT('',(-38.89999999999,39.73925875578,
    21.730741244219));
#262 = CARTESIAN_POINT('',(-38.9625,39.577513234335,21.602181934129));
#263 = CARTESIAN_POINT('',(-39.025,39.392699143504,21.514060788961));
#264 = CARTESIAN_POINT('',(-39.0875,39.196349540849,21.47));
#265 = CARTESIAN_POINT('',(-39.15,39.,21.47));
#266 = ORIENTED_EDGE('',*,*,#267,.T.);
#267 = EDGE_CURVE('',#254,#268,#270,.T.);
#268 = VERTEX_POINT('',#269);
#269 = CARTESIAN_POINT('',(2.150000000001,39.,21.47));
#270 = LINE('',#271,#272);
#271 = CARTESIAN_POINT('',(-39.15,39.,21.47));
#272 = VECTOR('',#273,1.);
#273 = DIRECTION('',(1.,0.,0.));
#274 = ORIENTED_EDGE('',*,*,#275,.F.);
#275 = EDGE_CURVE('',#32,#268,#276,.T.);
#276 = B_SPLINE_CURVE_WITH_KNOTS('',5,(#277,#278,#279,#280,#281,#282),
  .UNSPECIFIED.,.F.,.F.,(6,6),(0.,1.),.PIECEWISE_BEZIER_KNOTS.);
#277 = CARTESIAN_POINT('',(1.650000000003,40.,22.47));
#278 = CARTESIAN_POINT('',(1.750000000002,40.,22.155840734641));
#279 = CARTESIAN_POINT('',(1.850000000002,39.876984995954,
    21.841388356637));
#280 = CARTESIAN_POINT('',(1.950000000002,39.628611643363,
    21.593015004046));
#281 = CARTESIAN_POINT('',(2.050000000002,39.314159265359,21.47));
#282 = CARTESIAN_POINT('',(2.150000000001,39.,21.47));
#283 = ORIENTED_EDGE('',*,*,#31,.F.);
#284 = CYLINDRICAL_SURFACE('',#285,1.);
#285 = AXIS2_PLACEMENT_3D('',#286,#287,#288);
#286 = CARTESIAN_POINT('',(-39.15,39.,22.47));
#287 = DIRECTION('',(1.,0.,0.));
#288 = DIRECTION('',(-0.,1.,0.));
#289 = ADVANCED_FACE('',(#290),#309,.F.);
#290 = FACE_BOUND('',#291,.T.);
#291 = EDGE_LOOP('',(#292,#301,#307,#308));
#292 = ORIENTED_EDGE('',*,*,#293,.T.);
#293 = EDGE_CURVE('',#116,#294,#296,.T.);
#294 = VERTEX_POINT('',#295);
#295 = CARTESIAN_POINT('',(-41.15,39.,42.47));
#296 = CIRCLE('',#297,1.);
#297 = AXIS2_PLACEMENT_3D('',#298,#299,#300);
#298 = CARTESIAN_POINT('',(-41.15,39.,43.47));
#299 = DIRECTION('',(-1.,0.,3.49E-15));
#300 = DIRECTION('',(3.49E-15,0.,1.));
#301 = ORIENTED_EDGE('',*,*,#302,.T.);
#302 = EDGE_CURVE('',#294,#228,#303,.T.);
#303 = LINE('',#304,#305);
#304 = CARTESIAN_POINT('',(-41.15,39.,42.47));
#305 = VECTOR('',#306,1.);
#306 = DIRECTION('',(1.,-0.,-3.55E-15));
#307 = ORIENTED_EDGE('',*,*,#227,.F.);
#308 = ORIENTED_EDGE('',*,*,#124,.F.);
#309 = CYLINDRICAL_SURFACE('',#310,1.);
#310 = AXIS2_PLACEMENT_3D('',#311,#312,#313);
#311 = CARTESIAN_POINT('',(-41.15,39.,43.47));
#312 = DIRECTION('',(1.,-0.,-3.55E-15));
#313 = DIRECTION('',(0.,1.,0.));
#314 = ADVANCED_FACE('',(#315),#347,.F.);
#315 = FACE_BOUND('',#316,.T.);
#316 = EDGE_LOOP('',(#317,#331,#339,#346));
#317 = ORIENTED_EDGE('',*,*,#318,.T.);
#318 = EDGE_CURVE('',#32,#319,#321,.T.);
#319 = VERTEX_POINT('',#320);
#320 = CARTESIAN_POINT('',(2.650000000001,39.,21.969999999999));
#321 = B_SPLINE_CURVE_WITH_KNOTS('',8,(#322,#323,#324,#325,#326,#327,
    #328,#329,#330),.UNSPECIFIED.,.F.,.F.,(9,9),(0.,1.),
  .PIECEWISE_BEZIER_KNOTS.);
#322 = CARTESIAN_POINT('',(1.650000000003,40.,22.47));
#323 = CARTESIAN_POINT('',(1.846349540852,40.,22.4075));
#324 = CARTESIAN_POINT('',(2.042699143506,39.955939211039,
    22.344999999999));
#325 = CARTESIAN_POINT('',(2.227513234337,39.867818065872,
    22.282499999999));
#326 = CARTESIAN_POINT('',(2.389258755782,39.73925875578,22.219999999999
    ));
#327 = CARTESIAN_POINT('',(2.517818065873,39.577513234335,
    22.157499999998));
#328 = CARTESIAN_POINT('',(2.60593921104,39.392699143504,22.094999999999
    ));
#329 = CARTESIAN_POINT('',(2.650000000001,39.196349540849,
    22.032499999999));
#330 = CARTESIAN_POINT('',(2.650000000001,39.,21.969999999999));
#331 = ORIENTED_EDGE('',*,*,#332,.T.);
#332 = EDGE_CURVE('',#319,#333,#335,.T.);
#333 = VERTEX_POINT('',#334);
#334 = CARTESIAN_POINT('',(2.650000000051,39.,41.970000000001));
#335 = LINE('',#336,#337);
#336 = CARTESIAN_POINT('',(2.650000000001,39.,21.969999999999));
#337 = VECTOR('',#338,1.);
#338 = DIRECTION('',(2.50726E-12,2.2E-16,1.));
#339 = ORIENTED_EDGE('',*,*,#340,.F.);
#340 = EDGE_CURVE('',#40,#333,#341,.T.);
#341 = CIRCLE('',#342,1.);
#342 = AXIS2_PLACEMENT_3D('',#343,#344,#345);
#343 = CARTESIAN_POINT('',(1.650000000051,39.,41.970000000004));
#344 = DIRECTION('',(-2.50726E-12,-2.2E-16,-1.));
#345 = DIRECTION('',(0.,1.,-2.2E-16));
#346 = ORIENTED_EDGE('',*,*,#39,.F.);
#347 = CYLINDRICAL_SURFACE('',#348,1.);
#348 = AXIS2_PLACEMENT_3D('',#349,#350,#351);
#349 = CARTESIAN_POINT('',(1.650000000001,39.,21.970000000001));
#350 = DIRECTION('',(2.50726E-12,2.2E-16,1.));
#351 = DIRECTION('',(0.,1.,-2.2E-16));
#352 = ADVANCED_FACE('',(#353),#373,.F.);
#353 = FACE_BOUND('',#354,.F.);
#354 = EDGE_LOOP('',(#355,#364,#365,#366));
#355 = ORIENTED_EDGE('',*,*,#356,.F.);
#356 = EDGE_CURVE('',#108,#357,#359,.T.);
#357 = VERTEX_POINT('',#358);
#358 = CARTESIAN_POINT('',(-41.65,39.,41.97));
#359 = CIRCLE('',#360,1.);
#360 = AXIS2_PLACEMENT_3D('',#361,#362,#363);
#361 = CARTESIAN_POINT('',(-42.65,39.,41.97));
#362 = DIRECTION('',(0.,-2.2E-16,-1.));
#363 = DIRECTION('',(0.,1.,-2.2E-16));
#364 = ORIENTED_EDGE('',*,*,#115,.T.);
#365 = ORIENTED_EDGE('',*,*,#293,.T.);
#366 = ORIENTED_EDGE('',*,*,#367,.F.);
#367 = EDGE_CURVE('',#357,#294,#368,.T.);
#368 = CIRCLE('',#369,0.5);
#369 = AXIS2_PLACEMENT_3D('',#370,#371,#372);
#370 = CARTESIAN_POINT('',(-41.15,39.,41.97));
#371 = DIRECTION('',(0.,1.,-0.));
#372 = DIRECTION('',(-1.,0.,0.));
#373 = TOROIDAL_SURFACE('',#374,1.5,1.);
#374 = AXIS2_PLACEMENT_3D('',#375,#376,#377);
#375 = CARTESIAN_POINT('',(-41.15,39.,41.97));
#376 = DIRECTION('',(0.,1.,0.));
#377 = DIRECTION('',(-1.,0.,0.));
#378 = ADVANCED_FACE('',(#379),#399,.F.);
#379 = FACE_BOUND('',#380,.F.);
#380 = EDGE_LOOP('',(#381,#382,#383,#392));
#381 = ORIENTED_EDGE('',*,*,#340,.F.);
#382 = ORIENTED_EDGE('',*,*,#47,.T.);
#383 = ORIENTED_EDGE('',*,*,#384,.T.);
#384 = EDGE_CURVE('',#48,#385,#387,.T.);
#385 = VERTEX_POINT('',#386);
#386 = CARTESIAN_POINT('',(3.150000000051,39.,42.47));
#387 = CIRCLE('',#388,1.);
#388 = AXIS2_PLACEMENT_3D('',#389,#390,#391);
#389 = CARTESIAN_POINT('',(3.150000000051,39.,43.47));
#390 = DIRECTION('',(-1.,0.,-6.06E-15));
#391 = DIRECTION('',(-6.06E-15,0.,1.));
#392 = ORIENTED_EDGE('',*,*,#393,.F.);
#393 = EDGE_CURVE('',#333,#385,#394,.T.);
#394 = CIRCLE('',#395,0.5);
#395 = AXIS2_PLACEMENT_3D('',#396,#397,#398);
#396 = CARTESIAN_POINT('',(3.150000000051,39.,41.97));
#397 = DIRECTION('',(0.,1.,-0.));
#398 = DIRECTION('',(-1.,0.,2.50111E-12));
#399 = TOROIDAL_SURFACE('',#400,1.5,1.);
#400 = AXIS2_PLACEMENT_3D('',#401,#402,#403);
#401 = CARTESIAN_POINT('',(3.150000000051,39.,41.97));
#402 = DIRECTION('',(0.,1.,0.));
#403 = DIRECTION('',(-1.,0.,2.50111E-12));
#404 = ADVANCED_FACE('',(#405),#424,.F.);
#405 = FACE_BOUND('',#406,.T.);
#406 = EDGE_LOOP('',(#407,#416,#422,#423));
#407 = ORIENTED_EDGE('',*,*,#408,.T.);
#408 = EDGE_CURVE('',#99,#409,#411,.T.);
#409 = VERTEX_POINT('',#410);
#410 = CARTESIAN_POINT('',(-41.65,39.,21.47));
#411 = CIRCLE('',#412,1.);
#412 = AXIS2_PLACEMENT_3D('',#413,#414,#415);
#413 = CARTESIAN_POINT('',(-42.65,39.,21.47));
#414 = DIRECTION('',(6.E-17,0.,-1.));
#415 = DIRECTION('',(-1.,0.,-6.E-17));
#416 = ORIENTED_EDGE('',*,*,#417,.T.);
#417 = EDGE_CURVE('',#409,#357,#418,.T.);
#418 = LINE('',#419,#420);
#419 = CARTESIAN_POINT('',(-41.65,39.,21.47));
#420 = VECTOR('',#421,1.);
#421 = DIRECTION('',(0.,2.2E-16,1.));
#422 = ORIENTED_EDGE('',*,*,#356,.F.);
#423 = ORIENTED_EDGE('',*,*,#107,.F.);
#424 = CYLINDRICAL_SURFACE('',#425,1.);
#425 = AXIS2_PLACEMENT_3D('',#426,#427,#428);
#426 = CARTESIAN_POINT('',(-42.65,39.,21.47));
#427 = DIRECTION('',(0.,2.2E-16,1.));
#428 = DIRECTION('',(0.,1.,-2.2E-16));
#429 = ADVANCED_FACE('',(#430),#449,.F.);
#430 = FACE_BOUND('',#431,.T.);
#431 = EDGE_LOOP('',(#432,#433,#441,#448));
#432 = ORIENTED_EDGE('',*,*,#384,.T.);
#433 = ORIENTED_EDGE('',*,*,#434,.T.);
#434 = EDGE_CURVE('',#385,#435,#437,.T.);
#435 = VERTEX_POINT('',#436);
#436 = CARTESIAN_POINT('',(4.150000000052,39.,42.47));
#437 = LINE('',#438,#439);
#438 = CARTESIAN_POINT('',(3.150000000051,39.,42.47));
#439 = VECTOR('',#440,1.);
#440 = DIRECTION('',(1.,0.,0.));
#441 = ORIENTED_EDGE('',*,*,#442,.F.);
#442 = EDGE_CURVE('',#57,#435,#443,.T.);
#443 = CIRCLE('',#444,1.);
#444 = AXIS2_PLACEMENT_3D('',#445,#446,#447);
#445 = CARTESIAN_POINT('',(4.150000000052,39.,43.47));
#446 = DIRECTION('',(-1.,0.,0.));
#447 = DIRECTION('',(0.,1.,0.));
#448 = ORIENTED_EDGE('',*,*,#56,.F.);
#449 = CYLINDRICAL_SURFACE('',#450,1.);
#450 = AXIS2_PLACEMENT_3D('',#451,#452,#453);
#451 = CARTESIAN_POINT('',(3.150000000051,39.,43.47));
#452 = DIRECTION('',(1.,0.,0.));
#453 = DIRECTION('',(-0.,1.,0.));
#454 = ADVANCED_FACE('',(#455),#475,.F.);
#455 = FACE_BOUND('',#456,.F.);
#456 = EDGE_LOOP('',(#457,#466,#467,#468));
#457 = ORIENTED_EDGE('',*,*,#458,.F.);
#458 = EDGE_CURVE('',#91,#459,#461,.T.);
#459 = VERTEX_POINT('',#460);
#460 = CARTESIAN_POINT('',(-39.65,39.,19.47));
#461 = CIRCLE('',#462,1.);
#462 = AXIS2_PLACEMENT_3D('',#463,#464,#465);
#463 = CARTESIAN_POINT('',(-39.65,39.,18.47));
#464 = DIRECTION('',(1.,0.,0.));
#465 = DIRECTION('',(-0.,1.,0.));
#466 = ORIENTED_EDGE('',*,*,#98,.T.);
#467 = ORIENTED_EDGE('',*,*,#408,.T.);
#468 = ORIENTED_EDGE('',*,*,#469,.F.);
#469 = EDGE_CURVE('',#459,#409,#470,.T.);
#470 = CIRCLE('',#471,2.);
#471 = AXIS2_PLACEMENT_3D('',#472,#473,#474);
#472 = CARTESIAN_POINT('',(-39.65,39.,21.47));
#473 = DIRECTION('',(0.,1.,0.));
#474 = DIRECTION('',(-3.55E-15,0.,-1.));
#475 = TOROIDAL_SURFACE('',#476,3.,1.);
#476 = AXIS2_PLACEMENT_3D('',#477,#478,#479);
#477 = CARTESIAN_POINT('',(-39.65,39.,21.47));
#478 = DIRECTION('',(0.,1.,0.));
#479 = DIRECTION('',(-3.55E-15,0.,-1.));
#480 = ADVANCED_FACE('',(#481),#501,.F.);
#481 = FACE_BOUND('',#482,.F.);
#482 = EDGE_LOOP('',(#483,#484,#485,#494));
#483 = ORIENTED_EDGE('',*,*,#442,.F.);
#484 = ORIENTED_EDGE('',*,*,#64,.T.);
#485 = ORIENTED_EDGE('',*,*,#486,.T.);
#486 = EDGE_CURVE('',#65,#487,#489,.T.);
#487 = VERTEX_POINT('',#488);
#488 = CARTESIAN_POINT('',(4.650000000052,39.,41.97));
#489 = CIRCLE('',#490,1.);
#490 = AXIS2_PLACEMENT_3D('',#491,#492,#493);
#491 = CARTESIAN_POINT('',(5.650000000052,39.,41.97));
#492 = DIRECTION('',(-6.E-17,0.,1.));
#493 = DIRECTION('',(1.,0.,6.E-17));
#494 = ORIENTED_EDGE('',*,*,#495,.F.);
#495 = EDGE_CURVE('',#435,#487,#496,.T.);
#496 = CIRCLE('',#497,0.5);
#497 = AXIS2_PLACEMENT_3D('',#498,#499,#500);
#498 = CARTESIAN_POINT('',(4.150000000052,39.,41.97));
#499 = DIRECTION('',(0.,1.,0.));
#500 = DIRECTION('',(0.,-0.,1.));
#501 = TOROIDAL_SURFACE('',#502,1.5,1.);
#502 = AXIS2_PLACEMENT_3D('',#503,#504,#505);
#503 = CARTESIAN_POINT('',(4.150000000052,39.,41.97));
#504 = DIRECTION('',(0.,1.,0.));
#505 = DIRECTION('',(0.,-0.,1.));
#506 = ADVANCED_FACE('',(#507),#526,.F.);
#507 = FACE_BOUND('',#508,.T.);
#508 = EDGE_LOOP('',(#509,#518,#524,#525));
#509 = ORIENTED_EDGE('',*,*,#510,.T.);
#510 = EDGE_CURVE('',#82,#511,#513,.T.);
#511 = VERTEX_POINT('',#512);
#512 = CARTESIAN_POINT('',(2.650000000052,39.,19.47));
#513 = CIRCLE('',#514,1.);
#514 = AXIS2_PLACEMENT_3D('',#515,#516,#517);
#515 = CARTESIAN_POINT('',(2.650000000052,39.,18.47));
#516 = DIRECTION('',(1.,-0.,6.E-17));
#517 = DIRECTION('',(6.E-17,0.,-1.));
#518 = ORIENTED_EDGE('',*,*,#519,.T.);
#519 = EDGE_CURVE('',#511,#459,#520,.T.);
#520 = LINE('',#521,#522);
#521 = CARTESIAN_POINT('',(2.650000000052,39.,19.47));
#522 = VECTOR('',#523,1.);
#523 = DIRECTION('',(-1.,0.,0.));
#524 = ORIENTED_EDGE('',*,*,#458,.F.);
#525 = ORIENTED_EDGE('',*,*,#90,.F.);
#526 = CYLINDRICAL_SURFACE('',#527,1.);
#527 = AXIS2_PLACEMENT_3D('',#528,#529,#530);
#528 = CARTESIAN_POINT('',(2.650000000052,39.,18.47));
#529 = DIRECTION('',(-1.,0.,0.));
#530 = DIRECTION('',(0.,1.,0.));
#531 = ADVANCED_FACE('',(#532),#551,.F.);
#532 = FACE_BOUND('',#533,.T.);
#533 = EDGE_LOOP('',(#534,#535,#543,#550));
#534 = ORIENTED_EDGE('',*,*,#486,.T.);
#535 = ORIENTED_EDGE('',*,*,#536,.T.);
#536 = EDGE_CURVE('',#487,#537,#539,.T.);
#537 = VERTEX_POINT('',#538);
#538 = CARTESIAN_POINT('',(4.650000000052,39.,21.47));
#539 = LINE('',#540,#541);
#540 = CARTESIAN_POINT('',(4.650000000052,39.,41.97));
#541 = VECTOR('',#542,1.);
#542 = DIRECTION('',(0.,-2.2E-16,-1.));
#543 = ORIENTED_EDGE('',*,*,#544,.F.);
#544 = EDGE_CURVE('',#74,#537,#545,.T.);
#545 = CIRCLE('',#546,1.);
#546 = AXIS2_PLACEMENT_3D('',#547,#548,#549);
#547 = CARTESIAN_POINT('',(5.650000000052,39.,21.47));
#548 = DIRECTION('',(0.,2.2E-16,1.));
#549 = DIRECTION('',(0.,1.,-2.2E-16));
#550 = ORIENTED_EDGE('',*,*,#73,.F.);
#551 = CYLINDRICAL_SURFACE('',#552,1.);
#552 = AXIS2_PLACEMENT_3D('',#553,#554,#555);
#553 = CARTESIAN_POINT('',(5.650000000052,39.,41.97));
#554 = DIRECTION('',(0.,-2.2E-16,-1.));
#555 = DIRECTION('',(0.,1.,-2.2E-16));
#556 = ADVANCED_FACE('',(#557),#569,.F.);
#557 = FACE_BOUND('',#558,.F.);
#558 = EDGE_LOOP('',(#559,#560,#561,#562));
#559 = ORIENTED_EDGE('',*,*,#544,.F.);
#560 = ORIENTED_EDGE('',*,*,#81,.T.);
#561 = ORIENTED_EDGE('',*,*,#510,.T.);
#562 = ORIENTED_EDGE('',*,*,#563,.F.);
#563 = EDGE_CURVE('',#537,#511,#564,.T.);
#564 = CIRCLE('',#565,2.);
#565 = AXIS2_PLACEMENT_3D('',#566,#567,#568);
#566 = CARTESIAN_POINT('',(2.650000000052,39.,21.47));
#567 = DIRECTION('',(-0.,1.,0.));
#568 = DIRECTION('',(1.,0.,0.));
#569 = TOROIDAL_SURFACE('',#570,3.,1.);
#570 = AXIS2_PLACEMENT_3D('',#571,#572,#573);
#571 = CARTESIAN_POINT('',(2.650000000052,39.,21.47));
#572 = DIRECTION('',(0.,1.,0.));
#573 = DIRECTION('',(1.,0.,0.));
#574 = ADVANCED_FACE('',(#575),#602,.F.);
#575 = FACE_BOUND('',#576,.F.);
#576 = EDGE_LOOP('',(#577,#578,#587,#595));
#577 = ORIENTED_EDGE('',*,*,#141,.F.);
#578 = ORIENTED_EDGE('',*,*,#579,.T.);
#579 = EDGE_CURVE('',#142,#580,#582,.T.);
#580 = VERTEX_POINT('',#581);
#581 = CARTESIAN_POINT('',(-100.,37.,-59.));
#582 = CIRCLE('',#583,3.);
#583 = AXIS2_PLACEMENT_3D('',#584,#585,#586);
#584 = CARTESIAN_POINT('',(-97.,37.,-59.));
#585 = DIRECTION('',(0.,-0.,1.));
#586 = DIRECTION('',(0.,1.,0.));
#587 = ORIENTED_EDGE('',*,*,#588,.T.);
#588 = EDGE_CURVE('',#580,#589,#591,.T.);
#589 = VERTEX_POINT('',#590);
#590 = CARTESIAN_POINT('',(-100.,37.,59.));
#591 = LINE('',#592,#593);
#592 = CARTESIAN_POINT('',(-100.,37.,-60.));
#593 = VECTOR('',#594,1.);
#594 = DIRECTION('',(0.,0.,1.));
#595 = ORIENTED_EDGE('',*,*,#596,.T.);
#596 = EDGE_CURVE('',#589,#144,#597,.T.);
#597 = CIRCLE('',#598,3.);
#598 = AXIS2_PLACEMENT_3D('',#599,#600,#601);
#599 = CARTESIAN_POINT('',(-97.,37.,59.));
#600 = DIRECTION('',(0.,0.,-1.));
#601 = DIRECTION('',(-1.,0.,0.));
#602 = CYLINDRICAL_SURFACE('',#603,3.);
#603 = AXIS2_PLACEMENT_3D('',#604,#605,#606);
#604 = CARTESIAN_POINT('',(-97.,37.,-60.));
#605 = DIRECTION('',(0.,0.,1.));
#606 = DIRECTION('',(0.,1.,0.));
#607 = ADVANCED_FACE('',(#608),#635,.T.);
#608 = FACE_BOUND('',#609,.F.);
#609 = EDGE_LOOP('',(#610,#620,#627,#628));
#610 = ORIENTED_EDGE('',*,*,#611,.F.);
#611 = EDGE_CURVE('',#612,#614,#616,.T.);
#612 = VERTEX_POINT('',#613);
#613 = CARTESIAN_POINT('',(-97.,41.,-60.));
#614 = VERTEX_POINT('',#615);
#615 = CARTESIAN_POINT('',(97.,41.,-60.));
#616 = LINE('',#617,#618);
#617 = CARTESIAN_POINT('',(2.243E-14,41.,-60.));
#618 = VECTOR('',#619,1.);
#619 = DIRECTION('',(1.,-2.2E-16,2.2E-16));
#620 = ORIENTED_EDGE('',*,*,#621,.F.);
#621 = EDGE_CURVE('',#142,#612,#622,.T.);
#622 = CIRCLE('',#623,1.);
#623 = AXIS2_PLACEMENT_3D('',#624,#625,#626);
#624 = CARTESIAN_POINT('',(-97.,41.,-59.));
#625 = DIRECTION('',(1.,0.,0.));
#626 = DIRECTION('',(0.,-1.,0.));
#627 = ORIENTED_EDGE('',*,*,#151,.F.);
#628 = ORIENTED_EDGE('',*,*,#629,.T.);
#629 = EDGE_CURVE('',#152,#614,#630,.T.);
#630 = CIRCLE('',#631,1.);
#631 = AXIS2_PLACEMENT_3D('',#632,#633,#634);
#632 = CARTESIAN_POINT('',(97.,41.,-59.));
#633 = DIRECTION('',(1.,-2.2E-16,2.2E-16));
#634 = DIRECTION('',(-2.2E-16,-1.,0.));
#635 = CYLINDRICAL_SURFACE('',#636,1.);
#636 = AXIS2_PLACEMENT_3D('',#637,#638,#639);
#637 = CARTESIAN_POINT('',(0.,41.,-59.));
#638 = DIRECTION('',(-1.,0.,0.));
#639 = DIRECTION('',(0.,-1.,0.));
#640 = ADVANCED_FACE('',(#641),#668,.T.);
#641 = FACE_BOUND('',#642,.F.);
#642 = EDGE_LOOP('',(#643,#652,#653,#662));
#643 = ORIENTED_EDGE('',*,*,#644,.F.);
#644 = EDGE_CURVE('',#160,#645,#647,.T.);
#645 = VERTEX_POINT('',#646);
#646 = CARTESIAN_POINT('',(97.,41.,60.));
#647 = CIRCLE('',#648,1.);
#648 = AXIS2_PLACEMENT_3D('',#649,#650,#651);
#649 = CARTESIAN_POINT('',(97.,41.,59.));
#650 = DIRECTION('',(-1.,2.8E-16,-2.2E-16));
#651 = DIRECTION('',(2.8E-16,1.,0.));
#652 = ORIENTED_EDGE('',*,*,#167,.T.);
#653 = ORIENTED_EDGE('',*,*,#654,.T.);
#654 = EDGE_CURVE('',#144,#655,#657,.T.);
#655 = VERTEX_POINT('',#656);
#656 = CARTESIAN_POINT('',(-97.,41.,60.));
#657 = CIRCLE('',#658,1.);
#658 = AXIS2_PLACEMENT_3D('',#659,#660,#661);
#659 = CARTESIAN_POINT('',(-97.,41.,59.));
#660 = DIRECTION('',(-1.,-6.E-17,-0.));
#661 = DIRECTION('',(-6.E-17,1.,0.));
#662 = ORIENTED_EDGE('',*,*,#663,.T.);
#663 = EDGE_CURVE('',#655,#645,#664,.T.);
#664 = LINE('',#665,#666);
#665 = CARTESIAN_POINT('',(-97.,41.,60.));
#666 = VECTOR('',#667,1.);
#667 = DIRECTION('',(1.,0.,0.));
#668 = CYLINDRICAL_SURFACE('',#669,1.);
#669 = AXIS2_PLACEMENT_3D('',#670,#671,#672);
#670 = CARTESIAN_POINT('',(-97.,41.,59.));
#671 = DIRECTION('',(1.,0.,0.));
#672 = DIRECTION('',(0.,-1.,0.));
#673 = ADVANCED_FACE('',(#674),#701,.F.);
#674 = FACE_BOUND('',#675,.T.);
#675 = EDGE_LOOP('',(#676,#677,#686,#694));
#676 = ORIENTED_EDGE('',*,*,#159,.F.);
#677 = ORIENTED_EDGE('',*,*,#678,.T.);
#678 = EDGE_CURVE('',#152,#679,#681,.T.);
#679 = VERTEX_POINT('',#680);
#680 = CARTESIAN_POINT('',(100.,37.,-59.));
#681 = CIRCLE('',#682,3.);
#682 = AXIS2_PLACEMENT_3D('',#683,#684,#685);
#683 = CARTESIAN_POINT('',(97.,37.,-59.));
#684 = DIRECTION('',(2.2E-16,0.,-1.));
#685 = DIRECTION('',(2.2E-16,1.,4.84E-32));
#686 = ORIENTED_EDGE('',*,*,#687,.T.);
#687 = EDGE_CURVE('',#679,#688,#690,.T.);
#688 = VERTEX_POINT('',#689);
#689 = CARTESIAN_POINT('',(100.,37.,59.));
#690 = LINE('',#691,#692);
#691 = CARTESIAN_POINT('',(100.,37.,-60.));
#692 = VECTOR('',#693,1.);
#693 = DIRECTION('',(-2.2E-16,0.,1.));
#694 = ORIENTED_EDGE('',*,*,#695,.T.);
#695 = EDGE_CURVE('',#688,#160,#696,.T.);
#696 = CIRCLE('',#697,3.);
#697 = AXIS2_PLACEMENT_3D('',#698,#699,#700);
#698 = CARTESIAN_POINT('',(97.,37.,59.));
#699 = DIRECTION('',(-2.2E-16,0.,1.));
#700 = DIRECTION('',(1.,-2.2E-16,2.2E-16));
#701 = CYLINDRICAL_SURFACE('',#702,3.);
#702 = AXIS2_PLACEMENT_3D('',#703,#704,#705);
#703 = CARTESIAN_POINT('',(97.,37.,-60.));
#704 = DIRECTION('',(-2.2E-16,0.,1.));
#705 = DIRECTION('',(2.2E-16,1.,4.84E-32));
#706 = ADVANCED_FACE('',(#707),#726,.F.);
#707 = FACE_BOUND('',#708,.F.);
#708 = EDGE_LOOP('',(#709,#710,#718,#725));
#709 = ORIENTED_EDGE('',*,*,#175,.F.);
#710 = ORIENTED_EDGE('',*,*,#711,.T.);
#711 = EDGE_CURVE('',#176,#712,#714,.T.);
#712 = VERTEX_POINT('',#713);
#713 = CARTESIAN_POINT('',(17.5,50.,-2.E-15));
#714 = LINE('',#715,#716);
#715 = CARTESIAN_POINT('',(17.5,40.,0.));
#716 = VECTOR('',#717,1.);
#717 = DIRECTION('',(0.,1.,-2.2E-16));
#718 = ORIENTED_EDGE('',*,*,#719,.T.);
#719 = EDGE_CURVE('',#712,#712,#720,.T.);
#720 = CIRCLE('',#721,17.5);
#721 = AXIS2_PLACEMENT_3D('',#722,#723,#724);
#722 = CARTESIAN_POINT('',(0.,50.,-2.22E-15));
#723 = DIRECTION('',(0.,-1.,2.2E-16));
#724 = DIRECTION('',(1.,0.,0.));
#725 = ORIENTED_EDGE('',*,*,#711,.F.);
#726 = CYLINDRICAL_SURFACE('',#727,17.5);
#727 = AXIS2_PLACEMENT_3D('',#728,#729,#730);
#728 = CARTESIAN_POINT('',(0.,40.,0.));
#729 = DIRECTION('',(0.,-1.,2.2E-16));
#730 = DIRECTION('',(1.,0.,0.));
#731 = ADVANCED_FACE('',(#732),#766,.T.);
#732 = FACE_BOUND('',#733,.T.);
#733 = EDGE_LOOP('',(#734,#742,#751,#759,#765));
#734 = ORIENTED_EDGE('',*,*,#735,.T.);
#735 = EDGE_CURVE('',#193,#736,#738,.T.);
#736 = VERTEX_POINT('',#737);
#737 = CARTESIAN_POINT('',(-39.65,-0.3,41.97));
#738 = LINE('',#739,#740);
#739 = CARTESIAN_POINT('',(-39.65,40.,41.97));
#740 = VECTOR('',#741,1.);
#741 = DIRECTION('',(0.,-1.,2.2E-16));
#742 = ORIENTED_EDGE('',*,*,#743,.T.);
#743 = EDGE_CURVE('',#736,#744,#746,.T.);
#744 = VERTEX_POINT('',#745);
#745 = CARTESIAN_POINT('',(-39.65,-1.8,40.47));
#746 = CIRCLE('',#747,1.5);
#747 = AXIS2_PLACEMENT_3D('',#748,#749,#750);
#748 = CARTESIAN_POINT('',(-39.65,-0.3,40.47));
#749 = DIRECTION('',(1.,0.,-3.4E-16));
#750 = DIRECTION('',(3.4E-16,0.,1.));
#751 = ORIENTED_EDGE('',*,*,#752,.T.);
#752 = EDGE_CURVE('',#744,#753,#755,.T.);
#753 = VERTEX_POINT('',#754);
#754 = CARTESIAN_POINT('',(-39.65,-1.8,21.97));
#755 = LINE('',#756,#757);
#756 = CARTESIAN_POINT('',(-39.65,-1.8,40.47));
#757 = VECTOR('',#758,1.);
#758 = DIRECTION('',(-3.4E-16,-2.2E-16,-1.));
#759 = ORIENTED_EDGE('',*,*,#760,.F.);
#760 = EDGE_CURVE('',#202,#753,#761,.T.);
#761 = LINE('',#762,#763);
#762 = CARTESIAN_POINT('',(-39.65,40.,21.97));
#763 = VECTOR('',#764,1.);
#764 = DIRECTION('',(0.,-1.,2.2E-16));
#765 = ORIENTED_EDGE('',*,*,#201,.F.);
#766 = PLANE('',#767);
#767 = AXIS2_PLACEMENT_3D('',#768,#769,#770);
#768 = CARTESIAN_POINT('',(-39.65,40.,42.47));
#769 = DIRECTION('',(1.,0.,-3.4E-16));
#770 = DIRECTION('',(-3.4E-16,-2.2E-16,-1.));
#771 = ADVANCED_FACE('',(#772),#787,.F.);
#772 = FACE_BOUND('',#773,.F.);
#773 = EDGE_LOOP('',(#774,#775,#776));
#774 = ORIENTED_EDGE('',*,*,#209,.F.);
#775 = ORIENTED_EDGE('',*,*,#253,.T.);
#776 = ORIENTED_EDGE('',*,*,#777,.F.);
#777 = EDGE_CURVE('',#202,#254,#778,.T.);
#778 = B_SPLINE_CURVE_WITH_KNOTS('',7,(#779,#780,#781,#782,#783,#784,
    #785,#786),.UNSPECIFIED.,.F.,.F.,(8,8),(0.,1.),
  .PIECEWISE_BEZIER_KNOTS.);
#779 = CARTESIAN_POINT('',(-39.65,39.,21.97));
#780 = CARTESIAN_POINT('',(-39.65,39.,21.857800266358));
#781 = CARTESIAN_POINT('',(-39.6206255555,38.999999999999,
    21.745601058587));
#782 = CARTESIAN_POINT('',(-39.56188136556,39.000000000001,
    21.642626538205));
#783 = CARTESIAN_POINT('',(-39.47737346179,38.999999999999,
    21.558118634438));
#784 = CARTESIAN_POINT('',(-39.37439894141,39.,21.4993744445));
#785 = CARTESIAN_POINT('',(-39.26219973364,39.,21.47));
#786 = CARTESIAN_POINT('',(-39.15,39.,21.47));
#787 = B_SPLINE_SURFACE_WITH_KNOTS('',7,8,(
    (#788,#789,#790,#791,#792,#793,#794,#795,#796)
    ,(#797,#798,#799,#800,#801,#802,#803,#804,#805)
    ,(#806,#807,#808,#809,#810,#811,#812,#813,#814)
    ,(#815,#816,#817,#818,#819,#820,#821,#822,#823)
    ,(#824,#825,#826,#827,#828,#829,#830,#831,#832)
    ,(#833,#834,#835,#836,#837,#838,#839,#840,#841)
    ,(#842,#843,#844,#845,#846,#847,#848,#849,#850)
    ,(#851,#852,#853,#854,#855,#856,#857,#858,#859
  )),.UNSPECIFIED.,.F.,.F.,.F.,(8,8),(9,9),(0.,1.),(0.,1.),
  .PIECEWISE_BEZIER_KNOTS.);
#788 = CARTESIAN_POINT('',(-38.65,40.,22.47));
#789 = CARTESIAN_POINT('',(-38.84634954084,40.,22.4075));
#790 = CARTESIAN_POINT('',(-39.0426991435,39.955939211038,22.345));
#791 = CARTESIAN_POINT('',(-39.22751323433,39.867818065873,
    22.282499999999));
#792 = CARTESIAN_POINT('',(-39.38925875578,39.739258755778,
    22.220000000001));
#793 = CARTESIAN_POINT('',(-39.51781806587,39.577513234336,22.1575));
#794 = CARTESIAN_POINT('',(-39.60593921103,39.392699143503,22.095));
#795 = CARTESIAN_POINT('',(-39.65,39.196349540849,22.0325));
#796 = CARTESIAN_POINT('',(-39.65,39.,21.97));
#797 = CARTESIAN_POINT('',(-38.65,40.,22.47));
#798 = CARTESIAN_POINT('',(-38.83615674929,40.,22.383282241745));
#799 = CARTESIAN_POINT('',(-39.02434552734,39.960546754191,
    22.296564474661));
#800 = CARTESIAN_POINT('',(-39.20705615141,39.881368456977,
    22.211494637836));
#801 = CARTESIAN_POINT('',(-39.37774388356,39.762127982725,
    22.129720310925));
#802 = CARTESIAN_POINT('',(-39.52174107349,39.596702131007,
    22.052686871349));
#803 = CARTESIAN_POINT('',(-39.61591830681,39.40069247441,
    21.981430312478));
#804 = CARTESIAN_POINT('',(-39.65701248335,39.196349540849,
    21.916468090206));
#805 = CARTESIAN_POINT('',(-39.65,39.,21.857800266358));
#806 = CARTESIAN_POINT('',(-38.65,40.,22.47));
#807 = CARTESIAN_POINT('',(-38.80258901224,40.,22.340364526886));
#808 = CARTESIAN_POINT('',(-38.98372313757,39.963618449627,
    22.228019208233));
#809 = CARTESIAN_POINT('',(-39.1580419702,39.890402051046,
    22.111117162696));
#810 = CARTESIAN_POINT('',(-39.32951231994,39.777374134024,
    22.001518257708));
#811 = CARTESIAN_POINT('',(-39.48095128942,39.609494728787,
    21.905080565148));
#812 = CARTESIAN_POINT('',(-39.58225609295,39.406021361681,
    21.830073360866));
#813 = CARTESIAN_POINT('',(-39.63724856231,39.196349540849,
    21.786132509285));
#814 = CARTESIAN_POINT('',(-39.6206255555,38.999999999999,
    21.745601058587));
#815 = CARTESIAN_POINT('',(-38.65,40.,22.47));
#816 = CARTESIAN_POINT('',(-38.79612830865,40.,22.329228834398));
#817 = CARTESIAN_POINT('',(-38.96232424019,39.965154297346,
    22.187940280121));
#818 = CARTESIAN_POINT('',(-39.12759172272,39.894918848081,
    22.043893274434));
#819 = CARTESIAN_POINT('',(-39.29029557066,39.784997209674,
    21.904850868394));
#820 = CARTESIAN_POINT('',(-39.43377426387,39.615891027678,
    21.78266353449));
#821 = CARTESIAN_POINT('',(-39.52973838275,39.408685805317,
    21.696524294145));
#822 = CARTESIAN_POINT('',(-39.57642226147,39.19634954085,21.65315306147
    ));
#823 = CARTESIAN_POINT('',(-39.56188136556,39.000000000001,
    21.642626538205));
#824 = CARTESIAN_POINT('',(-38.65,40.,22.47));
#825 = CARTESIAN_POINT('',(-38.7907711656,40.,22.323871691342));
#826 = CARTESIAN_POINT('',(-38.93205971987,39.965154297345,
    22.157675759808));
#827 = CARTESIAN_POINT('',(-39.07610672556,39.894918848081,
    21.99240827727));
#828 = CARTESIAN_POINT('',(-39.2151491316,39.784997209674,
    21.829704429336));
#829 = CARTESIAN_POINT('',(-39.33733646551,39.615891027677,
    21.686225736127));
#830 = CARTESIAN_POINT('',(-39.42347570585,39.408685805317,
    21.59026161725));
#831 = CARTESIAN_POINT('',(-39.46684693853,39.196349540849,
    21.543577738526));
#832 = CARTESIAN_POINT('',(-39.47737346179,38.999999999999,
    21.558118634438));
#833 = CARTESIAN_POINT('',(-38.65,40.,22.47));
#834 = CARTESIAN_POINT('',(-38.77963547311,40.,22.317410987756));
#835 = CARTESIAN_POINT('',(-38.89198079176,39.963618449628,
    22.13627686243));
#836 = CARTESIAN_POINT('',(-39.0088828373,39.890402051046,
    21.961958029797));
#837 = CARTESIAN_POINT('',(-39.11848174229,39.777374134025,
    21.790487680055));
#838 = CARTESIAN_POINT('',(-39.21491943485,39.609494728787,
    21.639048710577));
#839 = CARTESIAN_POINT('',(-39.28992663913,39.406021361682,
    21.537743907049));
#840 = CARTESIAN_POINT('',(-39.33386749071,39.19634954085,
    21.482751437687));
#841 = CARTESIAN_POINT('',(-39.37439894141,39.,21.4993744445));
#842 = CARTESIAN_POINT('',(-38.65,40.,22.47));
#843 = CARTESIAN_POINT('',(-38.73671775825,40.,22.283843250701));
#844 = CARTESIAN_POINT('',(-38.82343552534,39.960546754192,
    22.095654472652));
#845 = CARTESIAN_POINT('',(-38.90850536216,39.881368456976,
    21.91294384859));
#846 = CARTESIAN_POINT('',(-38.99027968907,39.762127982728,
    21.742256116432));
#847 = CARTESIAN_POINT('',(-39.06731312865,39.596702131006,
    21.598258926502));
#848 = CARTESIAN_POINT('',(-39.13856968752,39.400692474411,
    21.504081693183));
#849 = CARTESIAN_POINT('',(-39.20353190979,39.196349540849,
    21.462987516647));
#850 = CARTESIAN_POINT('',(-39.26219973364,39.,21.47));
#851 = CARTESIAN_POINT('',(-38.65,40.,22.47));
#852 = CARTESIAN_POINT('',(-38.7125,40.,22.273650459151));
#853 = CARTESIAN_POINT('',(-38.775,39.955939211039,22.077300856495));
#854 = CARTESIAN_POINT('',(-38.8375,39.867818065871,21.892486765665));
#855 = CARTESIAN_POINT('',(-38.89999999999,39.73925875578,
    21.730741244219));
#856 = CARTESIAN_POINT('',(-38.9625,39.577513234335,21.602181934129));
#857 = CARTESIAN_POINT('',(-39.025,39.392699143504,21.514060788961));
#858 = CARTESIAN_POINT('',(-39.0875,39.196349540849,21.47));
#859 = CARTESIAN_POINT('',(-39.15,39.,21.47));
#860 = ADVANCED_FACE('',(#861),#880,.T.);
#861 = FACE_BOUND('',#862,.T.);
#862 = EDGE_LOOP('',(#863,#864,#865,#873));
#863 = ORIENTED_EDGE('',*,*,#735,.F.);
#864 = ORIENTED_EDGE('',*,*,#238,.F.);
#865 = ORIENTED_EDGE('',*,*,#866,.T.);
#866 = EDGE_CURVE('',#228,#867,#869,.T.);
#867 = VERTEX_POINT('',#868);
#868 = CARTESIAN_POINT('',(-40.15,-0.3,42.47));
#869 = LINE('',#870,#871);
#870 = CARTESIAN_POINT('',(-40.15,40.,42.47));
#871 = VECTOR('',#872,1.);
#872 = DIRECTION('',(0.,-1.,2.2E-16));
#873 = ORIENTED_EDGE('',*,*,#874,.F.);
#874 = EDGE_CURVE('',#736,#867,#875,.T.);
#875 = CIRCLE('',#876,0.5);
#876 = AXIS2_PLACEMENT_3D('',#877,#878,#879);
#877 = CARTESIAN_POINT('',(-40.15,-0.3,41.97));
#878 = DIRECTION('',(0.,-1.,2.2E-16));
#879 = DIRECTION('',(1.,-7.48E-32,-3.4E-16));
#880 = CYLINDRICAL_SURFACE('',#881,0.5);
#881 = AXIS2_PLACEMENT_3D('',#882,#883,#884);
#882 = CARTESIAN_POINT('',(-40.15,40.,41.97));
#883 = DIRECTION('',(0.,-1.,2.2E-16));
#884 = DIRECTION('',(1.,-7.48E-32,-3.4E-16));
#885 = ADVANCED_FACE('',(#886,#911,#922,#933,#944,#955),#966,.T.);
#886 = FACE_BOUND('',#887,.T.);
#887 = EDGE_LOOP('',(#888,#896,#904,#910));
#888 = ORIENTED_EDGE('',*,*,#889,.T.);
#889 = EDGE_CURVE('',#254,#890,#892,.T.);
#890 = VERTEX_POINT('',#891);
#891 = CARTESIAN_POINT('',(-39.15,-1.8,21.47));
#892 = LINE('',#893,#894);
#893 = CARTESIAN_POINT('',(-39.15,40.,21.47));
#894 = VECTOR('',#895,1.);
#895 = DIRECTION('',(0.,-1.,2.2E-16));
#896 = ORIENTED_EDGE('',*,*,#897,.T.);
#897 = EDGE_CURVE('',#890,#898,#900,.T.);
#898 = VERTEX_POINT('',#899);
#899 = CARTESIAN_POINT('',(2.150000000001,-1.8,21.47));
#900 = LINE('',#901,#902);
#901 = CARTESIAN_POINT('',(-39.15,-1.8,21.47));
#902 = VECTOR('',#903,1.);
#903 = DIRECTION('',(1.,0.,0.));
#904 = ORIENTED_EDGE('',*,*,#905,.F.);
#905 = EDGE_CURVE('',#268,#898,#906,.T.);
#906 = LINE('',#907,#908);
#907 = CARTESIAN_POINT('',(2.150000000001,40.,21.47));
#908 = VECTOR('',#909,1.);
#909 = DIRECTION('',(0.,-1.,2.2E-16));
#910 = ORIENTED_EDGE('',*,*,#267,.F.);
#911 = FACE_BOUND('',#912,.T.);
#912 = EDGE_LOOP('',(#913));
#913 = ORIENTED_EDGE('',*,*,#914,.F.);
#914 = EDGE_CURVE('',#915,#915,#917,.T.);
#915 = VERTEX_POINT('',#916);
#916 = CARTESIAN_POINT('',(-32.01000000002,3.339999999881,21.47));
#917 = CIRCLE('',#918,2.);
#918 = AXIS2_PLACEMENT_3D('',#919,#920,#921);
#919 = CARTESIAN_POINT('',(-34.01000000002,3.339999999881,21.47));
#920 = DIRECTION('',(0.,0.,1.));
#921 = DIRECTION('',(1.,0.,0.));
#922 = FACE_BOUND('',#923,.T.);
#923 = EDGE_LOOP('',(#924));
#924 = ORIENTED_EDGE('',*,*,#925,.F.);
#925 = EDGE_CURVE('',#926,#926,#928,.T.);
#926 = VERTEX_POINT('',#927);
#927 = CARTESIAN_POINT('',(-0.990000000012,3.339999999966,21.47));
#928 = CIRCLE('',#929,2.);
#929 = AXIS2_PLACEMENT_3D('',#930,#931,#932);
#930 = CARTESIAN_POINT('',(-2.990000000012,3.339999999966,21.47));
#931 = DIRECTION('',(0.,0.,1.));
#932 = DIRECTION('',(1.,0.,0.));
#933 = FACE_BOUND('',#934,.T.);
#934 = EDGE_LOOP('',(#935));
#935 = ORIENTED_EDGE('',*,*,#936,.F.);
#936 = EDGE_CURVE('',#937,#937,#939,.T.);
#937 = VERTEX_POINT('',#938);
#938 = CARTESIAN_POINT('',(-32.01000000001,34.360000000011,21.47));
#939 = CIRCLE('',#940,2.);
#940 = AXIS2_PLACEMENT_3D('',#941,#942,#943);
#941 = CARTESIAN_POINT('',(-34.01000000001,34.360000000011,21.47));
#942 = DIRECTION('',(0.,0.,1.));
#943 = DIRECTION('',(1.,0.,0.));
#944 = FACE_BOUND('',#945,.T.);
#945 = EDGE_LOOP('',(#946));
#946 = ORIENTED_EDGE('',*,*,#947,.F.);
#947 = EDGE_CURVE('',#948,#948,#950,.T.);
#948 = VERTEX_POINT('',#949);
#949 = CARTESIAN_POINT('',(-15.5,18.85,21.47));
#950 = CIRCLE('',#951,3.);
#951 = AXIS2_PLACEMENT_3D('',#952,#953,#954);
#952 = CARTESIAN_POINT('',(-18.5,18.85,21.47));
#953 = DIRECTION('',(0.,0.,1.));
#954 = DIRECTION('',(1.,0.,0.));
#955 = FACE_BOUND('',#956,.T.);
#956 = EDGE_LOOP('',(#957));
#957 = ORIENTED_EDGE('',*,*,#958,.F.);
#958 = EDGE_CURVE('',#959,#959,#961,.T.);
#959 = VERTEX_POINT('',#960);
#960 = CARTESIAN_POINT('',(-0.990000000012,34.360000000034,21.47));
#961 = CIRCLE('',#962,2.);
#962 = AXIS2_PLACEMENT_3D('',#963,#964,#965);
#963 = CARTESIAN_POINT('',(-2.990000000012,34.360000000034,21.47));
#964 = DIRECTION('',(0.,0.,1.));
#965 = DIRECTION('',(1.,0.,0.));
#966 = PLANE('',#967);
#967 = AXIS2_PLACEMENT_3D('',#968,#969,#970);
#968 = CARTESIAN_POINT('',(-39.65,40.,21.47));
#969 = DIRECTION('',(0.,2.2E-16,1.));
#970 = DIRECTION('',(1.,0.,0.));
#971 = ADVANCED_FACE('',(#972),#987,.F.);
#972 = FACE_BOUND('',#973,.F.);
#973 = EDGE_LOOP('',(#974,#975,#976));
#974 = ORIENTED_EDGE('',*,*,#275,.F.);
#975 = ORIENTED_EDGE('',*,*,#318,.T.);
#976 = ORIENTED_EDGE('',*,*,#977,.F.);
#977 = EDGE_CURVE('',#268,#319,#978,.T.);
#978 = B_SPLINE_CURVE_WITH_KNOTS('',7,(#979,#980,#981,#982,#983,#984,
    #985,#986),.UNSPECIFIED.,.F.,.F.,(8,8),(0.,1.),
  .PIECEWISE_BEZIER_KNOTS.);
#979 = CARTESIAN_POINT('',(2.150000000001,39.,21.47));
#980 = CARTESIAN_POINT('',(2.262199733643,39.,21.47));
#981 = CARTESIAN_POINT('',(2.374398941414,39.,21.499374444499));
#982 = CARTESIAN_POINT('',(2.477373461797,39.000000000001,
    21.558118634436));
#983 = CARTESIAN_POINT('',(2.561881365563,38.999999999999,
    21.642626538207));
#984 = CARTESIAN_POINT('',(2.620625555502,39.,21.745601058584));
#985 = CARTESIAN_POINT('',(2.650000000001,39.,21.857800266358));
#986 = CARTESIAN_POINT('',(2.650000000001,39.,21.969999999999));
#987 = B_SPLINE_SURFACE_WITH_KNOTS('',7,8,(
    (#988,#989,#990,#991,#992,#993,#994,#995,#996)
    ,(#997,#998,#999,#1000,#1001,#1002,#1003,#1004,#1005)
    ,(#1006,#1007,#1008,#1009,#1010,#1011,#1012,#1013,#1014)
    ,(#1015,#1016,#1017,#1018,#1019,#1020,#1021,#1022,#1023)
    ,(#1024,#1025,#1026,#1027,#1028,#1029,#1030,#1031,#1032)
    ,(#1033,#1034,#1035,#1036,#1037,#1038,#1039,#1040,#1041)
    ,(#1042,#1043,#1044,#1045,#1046,#1047,#1048,#1049,#1050)
    ,(#1051,#1052,#1053,#1054,#1055,#1056,#1057,#1058,#1059
  )),.UNSPECIFIED.,.F.,.F.,.F.,(8,8),(9,9),(0.,1.),(0.,1.),
  .PIECEWISE_BEZIER_KNOTS.);
#988 = CARTESIAN_POINT('',(1.650000000003,40.,22.47));
#989 = CARTESIAN_POINT('',(1.712500000002,40.,22.273650459151));
#990 = CARTESIAN_POINT('',(1.775000000002,39.955939211038,
    22.077300856495));
#991 = CARTESIAN_POINT('',(1.837500000002,39.867818065872,
    21.892486765666));
#992 = CARTESIAN_POINT('',(1.900000000002,39.739258755779,
    21.730741244219));
#993 = CARTESIAN_POINT('',(1.962500000002,39.577513234335,
    21.602181934129));
#994 = CARTESIAN_POINT('',(2.025000000002,39.392699143504,
    21.514060788961));
#995 = CARTESIAN_POINT('',(2.087500000001,39.196349540849,21.47));
#996 = CARTESIAN_POINT('',(2.150000000001,39.,21.47));
#997 = CARTESIAN_POINT('',(1.650000000003,40.,22.47));
#998 = CARTESIAN_POINT('',(1.736717758257,40.,22.283843250701));
#999 = CARTESIAN_POINT('',(1.823435525342,39.960546754192,
    22.095654472652));
#1000 = CARTESIAN_POINT('',(1.908505362166,39.881368456977,
    21.91294384859));
#1001 = CARTESIAN_POINT('',(1.990279689077,39.762127982727,
    21.742256116432));
#1002 = CARTESIAN_POINT('',(2.067313128652,39.596702131007,
    21.598258926502));
#1003 = CARTESIAN_POINT('',(2.138569687524,39.40069247441,
    21.504081693183));
#1004 = CARTESIAN_POINT('',(2.203531909795,39.196349540849,
    21.462987516647));
#1005 = CARTESIAN_POINT('',(2.262199733643,39.,21.47));
#1006 = CARTESIAN_POINT('',(1.650000000003,40.,22.47));
#1007 = CARTESIAN_POINT('',(1.779635473116,40.,22.317410987756));
#1008 = CARTESIAN_POINT('',(1.891980791769,39.963618449627,
    22.13627686243));
#1009 = CARTESIAN_POINT('',(2.008882837305,39.890402051046,
    21.961958029797));
#1010 = CARTESIAN_POINT('',(2.118481742293,39.777374134025,
    21.790487680055));
#1011 = CARTESIAN_POINT('',(2.214919434853,39.609494728787,
    21.639048710576));
#1012 = CARTESIAN_POINT('',(2.289926639135,39.406021361681,
    21.537743907048));
#1013 = CARTESIAN_POINT('',(2.333867490716,39.196349540849,
    21.482751437687));
#1014 = CARTESIAN_POINT('',(2.374398941414,39.,21.499374444499));
#1015 = CARTESIAN_POINT('',(1.650000000003,40.,22.47));
#1016 = CARTESIAN_POINT('',(1.790771165604,40.,22.323871691342));
#1017 = CARTESIAN_POINT('',(1.932059719881,39.965154297346,
    22.157675759807));
#1018 = CARTESIAN_POINT('',(2.076106725569,39.894918848081,
    21.99240827727));
#1019 = CARTESIAN_POINT('',(2.215149131608,39.784997209674,
    21.829704429336));
#1020 = CARTESIAN_POINT('',(2.337336465512,39.615891027678,
    21.686225736127));
#1021 = CARTESIAN_POINT('',(2.423475705857,39.408685805318,
    21.59026161725));
#1022 = CARTESIAN_POINT('',(2.466846938532,39.19634954085,
    21.543577738525));
#1023 = CARTESIAN_POINT('',(2.477373461797,39.000000000001,
    21.558118634436));
#1024 = CARTESIAN_POINT('',(1.650000000003,40.,22.47));
#1025 = CARTESIAN_POINT('',(1.79612830866,40.,22.329228834398));
#1026 = CARTESIAN_POINT('',(1.962324240194,39.965154297345,
    22.187940280121));
#1027 = CARTESIAN_POINT('',(2.127591722731,39.894918848081,
    22.043893274434));
#1028 = CARTESIAN_POINT('',(2.290295570664,39.784997209674,
    21.904850868394));
#1029 = CARTESIAN_POINT('',(2.433774263873,39.615891027677,
    21.782663534491));
#1030 = CARTESIAN_POINT('',(2.529738382749,39.408685805317,
    21.696524294146));
#1031 = CARTESIAN_POINT('',(2.576422261474,39.196349540849,
    21.653153061472));
#1032 = CARTESIAN_POINT('',(2.561881365563,38.999999999999,
    21.642626538207));
#1033 = CARTESIAN_POINT('',(1.650000000003,40.,22.47));
#1034 = CARTESIAN_POINT('',(1.802589012247,40.,22.340364526886));
#1035 = CARTESIAN_POINT('',(1.983723137572,39.963618449628,
    22.228019208232));
#1036 = CARTESIAN_POINT('',(2.158041970206,39.890402051046,
    22.111117162695));
#1037 = CARTESIAN_POINT('',(2.329512319947,39.777374134025,
    22.001518257707));
#1038 = CARTESIAN_POINT('',(2.480951289426,39.609494728787,
    21.905080565147));
#1039 = CARTESIAN_POINT('',(2.582256092953,39.406021361682,
    21.830073360864));
#1040 = CARTESIAN_POINT('',(2.637248562315,39.19634954085,
    21.786132509282));
#1041 = CARTESIAN_POINT('',(2.620625555502,39.,21.745601058584));
#1042 = CARTESIAN_POINT('',(1.650000000003,40.,22.47));
#1043 = CARTESIAN_POINT('',(1.836156749302,40.,22.383282241745));
#1044 = CARTESIAN_POINT('',(2.02434552735,39.960546754192,22.29656447466
    ));
#1045 = CARTESIAN_POINT('',(2.207056151413,39.881368456976,
    22.211494637836));
#1046 = CARTESIAN_POINT('',(2.377743883568,39.762127982727,
    22.129720310925));
#1047 = CARTESIAN_POINT('',(2.5217410735,39.596702131006,22.052686871349
    ));
#1048 = CARTESIAN_POINT('',(2.615918306817,39.400692474411,
    21.981430312477));
#1049 = CARTESIAN_POINT('',(2.657012483354,39.196349540849,
    21.916468090206));
#1050 = CARTESIAN_POINT('',(2.650000000001,39.,21.857800266358));
#1051 = CARTESIAN_POINT('',(1.650000000003,40.,22.47));
#1052 = CARTESIAN_POINT('',(1.846349540852,40.,22.4075));
#1053 = CARTESIAN_POINT('',(2.042699143506,39.955939211039,
    22.344999999999));
#1054 = CARTESIAN_POINT('',(2.227513234337,39.867818065872,
    22.282499999999));
#1055 = CARTESIAN_POINT('',(2.389258755782,39.73925875578,
    22.219999999999));
#1056 = CARTESIAN_POINT('',(2.517818065873,39.577513234335,
    22.157499999998));
#1057 = CARTESIAN_POINT('',(2.60593921104,39.392699143504,
    22.094999999999));
#1058 = CARTESIAN_POINT('',(2.650000000001,39.196349540849,
    22.032499999999));
#1059 = CARTESIAN_POINT('',(2.650000000001,39.,21.969999999999));
#1060 = ADVANCED_FACE('',(#1061),#1079,.T.);
#1061 = FACE_BOUND('',#1062,.T.);
#1062 = EDGE_LOOP('',(#1063,#1071,#1077,#1078));
#1063 = ORIENTED_EDGE('',*,*,#1064,.T.);
#1064 = EDGE_CURVE('',#294,#1065,#1067,.T.);
#1065 = VERTEX_POINT('',#1066);
#1066 = CARTESIAN_POINT('',(-41.15,-0.3,42.47));
#1067 = LINE('',#1068,#1069);
#1068 = CARTESIAN_POINT('',(-41.15,40.,42.47));
#1069 = VECTOR('',#1070,1.);
#1070 = DIRECTION('',(0.,-1.,2.2E-16));
#1071 = ORIENTED_EDGE('',*,*,#1072,.T.);
#1072 = EDGE_CURVE('',#1065,#867,#1073,.T.);
#1073 = LINE('',#1074,#1075);
#1074 = CARTESIAN_POINT('',(-41.65,-0.3,42.47));
#1075 = VECTOR('',#1076,1.);
#1076 = DIRECTION('',(1.,0.,-3.55E-15));
#1077 = ORIENTED_EDGE('',*,*,#866,.F.);
#1078 = ORIENTED_EDGE('',*,*,#302,.F.);
#1079 = PLANE('',#1080);
#1080 = AXIS2_PLACEMENT_3D('',#1081,#1082,#1083);
#1081 = CARTESIAN_POINT('',(-41.65,40.,42.47));
#1082 = DIRECTION('',(3.55E-15,2.2E-16,1.));
#1083 = DIRECTION('',(1.,0.,-3.55E-15));
#1084 = ADVANCED_FACE('',(#1085),#1122,.T.);
#1085 = FACE_BOUND('',#1086,.T.);
#1086 = EDGE_LOOP('',(#1087,#1095,#1096,#1104,#1112));
#1087 = ORIENTED_EDGE('',*,*,#1088,.T.);
#1088 = EDGE_CURVE('',#1089,#333,#1091,.T.);
#1089 = VERTEX_POINT('',#1090);
#1090 = CARTESIAN_POINT('',(2.650000000051,-0.3,41.970000000001));
#1091 = LINE('',#1092,#1093);
#1092 = CARTESIAN_POINT('',(2.650000000051,-0.3,41.970000000001));
#1093 = VECTOR('',#1094,1.);
#1094 = DIRECTION('',(0.,1.,-2.2E-16));
#1095 = ORIENTED_EDGE('',*,*,#332,.F.);
#1096 = ORIENTED_EDGE('',*,*,#1097,.T.);
#1097 = EDGE_CURVE('',#319,#1098,#1100,.T.);
#1098 = VERTEX_POINT('',#1099);
#1099 = CARTESIAN_POINT('',(2.650000000001,-1.8,21.969999999999));
#1100 = LINE('',#1101,#1102);
#1101 = CARTESIAN_POINT('',(2.650000000001,40.,21.969999999999));
#1102 = VECTOR('',#1103,1.);
#1103 = DIRECTION('',(0.,-1.,2.2E-16));
#1104 = ORIENTED_EDGE('',*,*,#1105,.T.);
#1105 = EDGE_CURVE('',#1098,#1106,#1108,.T.);
#1106 = VERTEX_POINT('',#1107);
#1107 = CARTESIAN_POINT('',(2.650000000048,-1.8,40.470000000001));
#1108 = LINE('',#1109,#1110);
#1109 = CARTESIAN_POINT('',(2.650000000001,-1.8,21.969999999999));
#1110 = VECTOR('',#1111,1.);
#1111 = DIRECTION('',(2.50726E-12,2.2E-16,1.));
#1112 = ORIENTED_EDGE('',*,*,#1113,.T.);
#1113 = EDGE_CURVE('',#1106,#1089,#1114,.T.);
#1114 = ( BOUNDED_CURVE() B_SPLINE_CURVE(6,(#1115,#1116,#1117,#1118,
#1119,#1120,#1121),.UNSPECIFIED.,.F.,.F.) B_SPLINE_CURVE_WITH_KNOTS((7,7
),(123.31238898038,126.45398163397),.PIECEWISE_BEZIER_KNOTS.) CURVE() 
GEOMETRIC_REPRESENTATION_ITEM() RATIONAL_B_SPLINE_CURVE((1.,1.,1.,1.,1.,
1.,1.)) REPRESENTATION_ITEM('') );
#1115 = CARTESIAN_POINT('',(2.650000000048,-1.8,40.47));
#1116 = CARTESIAN_POINT('',(2.650000000049,-1.8,40.862697283975));
#1117 = CARTESIAN_POINT('',(2.65000000005,-1.676659427061,
    41.255367712793));
#1118 = CARTESIAN_POINT('',(2.65000000005,-1.429782764272,
    41.599782764272));
#1119 = CARTESIAN_POINT('',(2.650000000051,-1.085367712793,
    41.846659427061));
#1120 = CARTESIAN_POINT('',(2.650000000051,-0.692697283975,
    41.970000000001));
#1121 = CARTESIAN_POINT('',(2.650000000051,-0.3,41.970000000001));
#1122 = PLANE('',#1123);
#1123 = AXIS2_PLACEMENT_3D('',#1124,#1125,#1126);
#1124 = CARTESIAN_POINT('',(2.65,40.,21.47));
#1125 = DIRECTION('',(-1.,0.,2.50726E-12));
#1126 = DIRECTION('',(2.50726E-12,2.2E-16,1.));
#1127 = ADVANCED_FACE('',(#1128),#1147,.T.);
#1128 = FACE_BOUND('',#1129,.T.);
#1129 = EDGE_LOOP('',(#1130,#1131,#1132,#1140));
#1130 = ORIENTED_EDGE('',*,*,#1064,.F.);
#1131 = ORIENTED_EDGE('',*,*,#367,.F.);
#1132 = ORIENTED_EDGE('',*,*,#1133,.T.);
#1133 = EDGE_CURVE('',#357,#1134,#1136,.T.);
#1134 = VERTEX_POINT('',#1135);
#1135 = CARTESIAN_POINT('',(-41.65,-0.3,41.97));
#1136 = LINE('',#1137,#1138);
#1137 = CARTESIAN_POINT('',(-41.65,40.,41.97));
#1138 = VECTOR('',#1139,1.);
#1139 = DIRECTION('',(0.,-1.,2.2E-16));
#1140 = ORIENTED_EDGE('',*,*,#1141,.F.);
#1141 = EDGE_CURVE('',#1065,#1134,#1142,.T.);
#1142 = CIRCLE('',#1143,0.5);
#1143 = AXIS2_PLACEMENT_3D('',#1144,#1145,#1146);
#1144 = CARTESIAN_POINT('',(-41.15,-0.3,41.97));
#1145 = DIRECTION('',(0.,-1.,2.2E-16));
#1146 = DIRECTION('',(3.55E-15,2.2E-16,1.));
#1147 = CYLINDRICAL_SURFACE('',#1148,0.5);
#1148 = AXIS2_PLACEMENT_3D('',#1149,#1150,#1151);
#1149 = CARTESIAN_POINT('',(-41.15,40.,41.97));
#1150 = DIRECTION('',(0.,-1.,2.2E-16));
#1151 = DIRECTION('',(3.55E-15,2.2E-16,1.));
#1152 = ADVANCED_FACE('',(#1153),#1171,.T.);
#1153 = FACE_BOUND('',#1154,.T.);
#1154 = EDGE_LOOP('',(#1155,#1156,#1164,#1170));
#1155 = ORIENTED_EDGE('',*,*,#1088,.F.);
#1156 = ORIENTED_EDGE('',*,*,#1157,.T.);
#1157 = EDGE_CURVE('',#1089,#1158,#1160,.T.);
#1158 = VERTEX_POINT('',#1159);
#1159 = CARTESIAN_POINT('',(3.150000000051,-0.3,42.47));
#1160 = ( BOUNDED_CURVE() B_SPLINE_CURVE(2,(#1161,#1162,#1163),
.UNSPECIFIED.,.F.,.F.) B_SPLINE_CURVE_WITH_KNOTS((3,3),(0.,3.14159265359
),.PIECEWISE_BEZIER_KNOTS.) CURVE() GEOMETRIC_REPRESENTATION_ITEM() 
RATIONAL_B_SPLINE_CURVE((1.,0.707106781187,1.)) REPRESENTATION_ITEM('') 
  );
#1161 = CARTESIAN_POINT('',(2.650000000051,-0.3,41.970000000001));
#1162 = CARTESIAN_POINT('',(2.650000000053,-0.3,42.47));
#1163 = CARTESIAN_POINT('',(3.150000000051,-0.3,42.47));
#1164 = ORIENTED_EDGE('',*,*,#1165,.T.);
#1165 = EDGE_CURVE('',#1158,#385,#1166,.T.);
#1166 = LINE('',#1167,#1168);
#1167 = CARTESIAN_POINT('',(3.150000000051,-0.3,42.47));
#1168 = VECTOR('',#1169,1.);
#1169 = DIRECTION('',(0.,1.,-2.2E-16));
#1170 = ORIENTED_EDGE('',*,*,#393,.F.);
#1171 = CYLINDRICAL_SURFACE('',#1172,0.5);
#1172 = AXIS2_PLACEMENT_3D('',#1173,#1174,#1175);
#1173 = CARTESIAN_POINT('',(3.150000000051,-0.3,41.97));
#1174 = DIRECTION('',(0.,1.,-2.2E-16));
#1175 = DIRECTION('',(-1.,5.515972E-28,2.50726E-12));
#1176 = ADVANCED_FACE('',(#1177),#1204,.T.);
#1177 = FACE_BOUND('',#1178,.T.);
#1178 = EDGE_LOOP('',(#1179,#1180,#1181,#1189,#1197));
#1179 = ORIENTED_EDGE('',*,*,#1133,.F.);
#1180 = ORIENTED_EDGE('',*,*,#417,.F.);
#1181 = ORIENTED_EDGE('',*,*,#1182,.T.);
#1182 = EDGE_CURVE('',#409,#1183,#1185,.T.);
#1183 = VERTEX_POINT('',#1184);
#1184 = CARTESIAN_POINT('',(-41.65,-1.8,21.47));
#1185 = LINE('',#1186,#1187);
#1186 = CARTESIAN_POINT('',(-41.65,40.,21.47));
#1187 = VECTOR('',#1188,1.);
#1188 = DIRECTION('',(0.,-1.,2.2E-16));
#1189 = ORIENTED_EDGE('',*,*,#1190,.F.);
#1190 = EDGE_CURVE('',#1191,#1183,#1193,.T.);
#1191 = VERTEX_POINT('',#1192);
#1192 = CARTESIAN_POINT('',(-41.65,-1.8,40.47));
#1193 = LINE('',#1194,#1195);
#1194 = CARTESIAN_POINT('',(-41.65,-1.8,40.47));
#1195 = VECTOR('',#1196,1.);
#1196 = DIRECTION('',(-0.,-2.2E-16,-1.));
#1197 = ORIENTED_EDGE('',*,*,#1198,.F.);
#1198 = EDGE_CURVE('',#1134,#1191,#1199,.T.);
#1199 = CIRCLE('',#1200,1.5);
#1200 = AXIS2_PLACEMENT_3D('',#1201,#1202,#1203);
#1201 = CARTESIAN_POINT('',(-41.65,-0.3,40.47));
#1202 = DIRECTION('',(1.,0.,0.));
#1203 = DIRECTION('',(0.,-3.55E-15,1.));
#1204 = PLANE('',#1205);
#1205 = AXIS2_PLACEMENT_3D('',#1206,#1207,#1208);
#1206 = CARTESIAN_POINT('',(-41.65,40.,19.47));
#1207 = DIRECTION('',(-1.,0.,0.));
#1208 = DIRECTION('',(0.,2.2E-16,1.));
#1209 = ADVANCED_FACE('',(#1210),#1228,.T.);
#1210 = FACE_BOUND('',#1211,.T.);
#1211 = EDGE_LOOP('',(#1212,#1213,#1221,#1227));
#1212 = ORIENTED_EDGE('',*,*,#1165,.F.);
#1213 = ORIENTED_EDGE('',*,*,#1214,.T.);
#1214 = EDGE_CURVE('',#1158,#1215,#1217,.T.);
#1215 = VERTEX_POINT('',#1216);
#1216 = CARTESIAN_POINT('',(4.150000000052,-0.3,42.47));
#1217 = LINE('',#1218,#1219);
#1218 = CARTESIAN_POINT('',(2.650000000053,-0.3,42.47));
#1219 = VECTOR('',#1220,1.);
#1220 = DIRECTION('',(1.,0.,0.));
#1221 = ORIENTED_EDGE('',*,*,#1222,.T.);
#1222 = EDGE_CURVE('',#1215,#435,#1223,.T.);
#1223 = LINE('',#1224,#1225);
#1224 = CARTESIAN_POINT('',(4.150000000052,-0.3,42.47));
#1225 = VECTOR('',#1226,1.);
#1226 = DIRECTION('',(0.,1.,-2.2E-16));
#1227 = ORIENTED_EDGE('',*,*,#434,.F.);
#1228 = PLANE('',#1229);
#1229 = AXIS2_PLACEMENT_3D('',#1230,#1231,#1232);
#1230 = CARTESIAN_POINT('',(2.650000000053,40.,42.47));
#1231 = DIRECTION('',(0.,2.2E-16,1.));
#1232 = DIRECTION('',(1.,0.,0.));
#1233 = ADVANCED_FACE('',(#1234),#1253,.T.);
#1234 = FACE_BOUND('',#1235,.T.);
#1235 = EDGE_LOOP('',(#1236,#1237,#1238,#1246));
#1236 = ORIENTED_EDGE('',*,*,#1182,.F.);
#1237 = ORIENTED_EDGE('',*,*,#469,.F.);
#1238 = ORIENTED_EDGE('',*,*,#1239,.T.);
#1239 = EDGE_CURVE('',#459,#1240,#1242,.T.);
#1240 = VERTEX_POINT('',#1241);
#1241 = CARTESIAN_POINT('',(-39.65,-1.8,19.47));
#1242 = LINE('',#1243,#1244);
#1243 = CARTESIAN_POINT('',(-39.65,40.,19.47));
#1244 = VECTOR('',#1245,1.);
#1245 = DIRECTION('',(0.,-1.,2.2E-16));
#1246 = ORIENTED_EDGE('',*,*,#1247,.F.);
#1247 = EDGE_CURVE('',#1183,#1240,#1248,.T.);
#1248 = CIRCLE('',#1249,2.);
#1249 = AXIS2_PLACEMENT_3D('',#1250,#1251,#1252);
#1250 = CARTESIAN_POINT('',(-39.65,-1.8,21.47));
#1251 = DIRECTION('',(-0.,-1.,0.));
#1252 = DIRECTION('',(-1.,0.,5.33E-15));
#1253 = CYLINDRICAL_SURFACE('',#1254,2.);
#1254 = AXIS2_PLACEMENT_3D('',#1255,#1256,#1257);
#1255 = CARTESIAN_POINT('',(-39.65,40.,21.47));
#1256 = DIRECTION('',(0.,-1.,2.2E-16));
#1257 = DIRECTION('',(-1.,0.,0.));
#1258 = ADVANCED_FACE('',(#1259),#1278,.T.);
#1259 = FACE_BOUND('',#1260,.T.);
#1260 = EDGE_LOOP('',(#1261,#1262,#1271,#1277));
#1261 = ORIENTED_EDGE('',*,*,#1222,.F.);
#1262 = ORIENTED_EDGE('',*,*,#1263,.T.);
#1263 = EDGE_CURVE('',#1215,#1264,#1266,.T.);
#1264 = VERTEX_POINT('',#1265);
#1265 = CARTESIAN_POINT('',(4.650000000052,-0.3,41.97));
#1266 = CIRCLE('',#1267,0.5);
#1267 = AXIS2_PLACEMENT_3D('',#1268,#1269,#1270);
#1268 = CARTESIAN_POINT('',(4.150000000052,-0.3,41.97));
#1269 = DIRECTION('',(-0.,1.,6.E-17));
#1270 = DIRECTION('',(0.,-6.E-17,1.));
#1271 = ORIENTED_EDGE('',*,*,#1272,.T.);
#1272 = EDGE_CURVE('',#1264,#487,#1273,.T.);
#1273 = LINE('',#1274,#1275);
#1274 = CARTESIAN_POINT('',(4.650000000052,-0.3,41.97));
#1275 = VECTOR('',#1276,1.);
#1276 = DIRECTION('',(0.,1.,-2.2E-16));
#1277 = ORIENTED_EDGE('',*,*,#495,.F.);
#1278 = CYLINDRICAL_SURFACE('',#1279,0.5);
#1279 = AXIS2_PLACEMENT_3D('',#1280,#1281,#1282);
#1280 = CARTESIAN_POINT('',(4.150000000052,-0.3,41.97));
#1281 = DIRECTION('',(0.,1.,-2.2E-16));
#1282 = DIRECTION('',(0.,2.2E-16,1.));
#1283 = ADVANCED_FACE('',(#1284,#1302,#1313,#1324,#1335,#1346),#1357,.T.
  );
#1284 = FACE_BOUND('',#1285,.T.);
#1285 = EDGE_LOOP('',(#1286,#1294,#1300,#1301));
#1286 = ORIENTED_EDGE('',*,*,#1287,.T.);
#1287 = EDGE_CURVE('',#511,#1288,#1290,.T.);
#1288 = VERTEX_POINT('',#1289);
#1289 = CARTESIAN_POINT('',(2.650000000052,-1.8,19.47));
#1290 = LINE('',#1291,#1292);
#1291 = CARTESIAN_POINT('',(2.650000000052,40.,19.47));
#1292 = VECTOR('',#1293,1.);
#1293 = DIRECTION('',(0.,-1.,2.2E-16));
#1294 = ORIENTED_EDGE('',*,*,#1295,.F.);
#1295 = EDGE_CURVE('',#1240,#1288,#1296,.T.);
#1296 = LINE('',#1297,#1298);
#1297 = CARTESIAN_POINT('',(-39.65,-1.8,19.47));
#1298 = VECTOR('',#1299,1.);
#1299 = DIRECTION('',(1.,0.,0.));
#1300 = ORIENTED_EDGE('',*,*,#1239,.F.);
#1301 = ORIENTED_EDGE('',*,*,#519,.F.);
#1302 = FACE_BOUND('',#1303,.T.);
#1303 = EDGE_LOOP('',(#1304));
#1304 = ORIENTED_EDGE('',*,*,#1305,.T.);
#1305 = EDGE_CURVE('',#1306,#1306,#1308,.T.);
#1306 = VERTEX_POINT('',#1307);
#1307 = CARTESIAN_POINT('',(-0.990000000012,3.339999999966,19.47));
#1308 = CIRCLE('',#1309,2.);
#1309 = AXIS2_PLACEMENT_3D('',#1310,#1311,#1312);
#1310 = CARTESIAN_POINT('',(-2.990000000012,3.339999999966,19.47));
#1311 = DIRECTION('',(0.,0.,1.));
#1312 = DIRECTION('',(1.,0.,0.));
#1313 = FACE_BOUND('',#1314,.T.);
#1314 = EDGE_LOOP('',(#1315));
#1315 = ORIENTED_EDGE('',*,*,#1316,.T.);
#1316 = EDGE_CURVE('',#1317,#1317,#1319,.T.);
#1317 = VERTEX_POINT('',#1318);
#1318 = CARTESIAN_POINT('',(-32.01000000002,3.339999999881,19.47));
#1319 = CIRCLE('',#1320,2.);
#1320 = AXIS2_PLACEMENT_3D('',#1321,#1322,#1323);
#1321 = CARTESIAN_POINT('',(-34.01000000002,3.339999999881,19.47));
#1322 = DIRECTION('',(0.,0.,1.));
#1323 = DIRECTION('',(1.,0.,0.));
#1324 = FACE_BOUND('',#1325,.T.);
#1325 = EDGE_LOOP('',(#1326));
#1326 = ORIENTED_EDGE('',*,*,#1327,.T.);
#1327 = EDGE_CURVE('',#1328,#1328,#1330,.T.);
#1328 = VERTEX_POINT('',#1329);
#1329 = CARTESIAN_POINT('',(-15.5,18.85,19.47));
#1330 = CIRCLE('',#1331,3.);
#1331 = AXIS2_PLACEMENT_3D('',#1332,#1333,#1334);
#1332 = CARTESIAN_POINT('',(-18.5,18.85,19.47));
#1333 = DIRECTION('',(0.,0.,1.));
#1334 = DIRECTION('',(1.,0.,0.));
#1335 = FACE_BOUND('',#1336,.T.);
#1336 = EDGE_LOOP('',(#1337));
#1337 = ORIENTED_EDGE('',*,*,#1338,.T.);
#1338 = EDGE_CURVE('',#1339,#1339,#1341,.T.);
#1339 = VERTEX_POINT('',#1340);
#1340 = CARTESIAN_POINT('',(-0.990000000012,34.360000000034,19.47));
#1341 = CIRCLE('',#1342,2.);
#1342 = AXIS2_PLACEMENT_3D('',#1343,#1344,#1345);
#1343 = CARTESIAN_POINT('',(-2.990000000012,34.360000000034,19.47));
#1344 = DIRECTION('',(0.,0.,1.));
#1345 = DIRECTION('',(1.,0.,0.));
#1346 = FACE_BOUND('',#1347,.T.);
#1347 = EDGE_LOOP('',(#1348));
#1348 = ORIENTED_EDGE('',*,*,#1349,.T.);
#1349 = EDGE_CURVE('',#1350,#1350,#1352,.T.);
#1350 = VERTEX_POINT('',#1351);
#1351 = CARTESIAN_POINT('',(-32.01000000001,34.360000000011,19.47));
#1352 = CIRCLE('',#1353,2.);
#1353 = AXIS2_PLACEMENT_3D('',#1354,#1355,#1356);
#1354 = CARTESIAN_POINT('',(-34.01000000001,34.360000000011,19.47));
#1355 = DIRECTION('',(0.,0.,1.));
#1356 = DIRECTION('',(1.,0.,0.));
#1357 = PLANE('',#1358);
#1358 = AXIS2_PLACEMENT_3D('',#1359,#1360,#1361);
#1359 = CARTESIAN_POINT('',(4.650000000052,40.,19.47));
#1360 = DIRECTION('',(-0.,-2.2E-16,-1.));
#1361 = DIRECTION('',(-1.,0.,0.));
#1362 = ADVANCED_FACE('',(#1363),#1390,.T.);
#1363 = FACE_BOUND('',#1364,.T.);
#1364 = EDGE_LOOP('',(#1365,#1366,#1375,#1383,#1389));
#1365 = ORIENTED_EDGE('',*,*,#1272,.F.);
#1366 = ORIENTED_EDGE('',*,*,#1367,.F.);
#1367 = EDGE_CURVE('',#1368,#1264,#1370,.T.);
#1368 = VERTEX_POINT('',#1369);
#1369 = CARTESIAN_POINT('',(4.650000000052,-1.8,40.47));
#1370 = CIRCLE('',#1371,1.5);
#1371 = AXIS2_PLACEMENT_3D('',#1372,#1373,#1374);
#1372 = CARTESIAN_POINT('',(4.650000000052,-0.3,40.47));
#1373 = DIRECTION('',(-1.,0.,0.));
#1374 = DIRECTION('',(0.,-1.,3.55E-15));
#1375 = ORIENTED_EDGE('',*,*,#1376,.F.);
#1376 = EDGE_CURVE('',#1377,#1368,#1379,.T.);
#1377 = VERTEX_POINT('',#1378);
#1378 = CARTESIAN_POINT('',(4.650000000052,-1.8,21.47));
#1379 = LINE('',#1380,#1381);
#1380 = CARTESIAN_POINT('',(4.650000000052,-1.8,21.47));
#1381 = VECTOR('',#1382,1.);
#1382 = DIRECTION('',(0.,2.2E-16,1.));
#1383 = ORIENTED_EDGE('',*,*,#1384,.F.);
#1384 = EDGE_CURVE('',#537,#1377,#1385,.T.);
#1385 = LINE('',#1386,#1387);
#1386 = CARTESIAN_POINT('',(4.650000000052,40.,21.47));
#1387 = VECTOR('',#1388,1.);
#1388 = DIRECTION('',(0.,-1.,2.2E-16));
#1389 = ORIENTED_EDGE('',*,*,#536,.F.);
#1390 = PLANE('',#1391);
#1391 = AXIS2_PLACEMENT_3D('',#1392,#1393,#1394);
#1392 = CARTESIAN_POINT('',(4.650000000052,40.,42.47));
#1393 = DIRECTION('',(1.,0.,0.));
#1394 = DIRECTION('',(0.,-2.2E-16,-1.));
#1395 = ADVANCED_FACE('',(#1396),#1408,.T.);
#1396 = FACE_BOUND('',#1397,.T.);
#1397 = EDGE_LOOP('',(#1398,#1399,#1400,#1401));
#1398 = ORIENTED_EDGE('',*,*,#1287,.F.);
#1399 = ORIENTED_EDGE('',*,*,#563,.F.);
#1400 = ORIENTED_EDGE('',*,*,#1384,.T.);
#1401 = ORIENTED_EDGE('',*,*,#1402,.F.);
#1402 = EDGE_CURVE('',#1288,#1377,#1403,.T.);
#1403 = CIRCLE('',#1404,2.);
#1404 = AXIS2_PLACEMENT_3D('',#1405,#1406,#1407);
#1405 = CARTESIAN_POINT('',(2.650000000052,-1.8,21.47));
#1406 = DIRECTION('',(0.,-1.,0.));
#1407 = DIRECTION('',(6.7E-16,0.,-1.));
#1408 = CYLINDRICAL_SURFACE('',#1409,2.);
#1409 = AXIS2_PLACEMENT_3D('',#1410,#1411,#1412);
#1410 = CARTESIAN_POINT('',(2.650000000052,40.,21.47));
#1411 = DIRECTION('',(0.,-1.,2.2E-16));
#1412 = DIRECTION('',(-0.,-2.2E-16,-1.));
#1413 = ADVANCED_FACE('',(#1414),#1434,.T.);
#1414 = FACE_BOUND('',#1415,.T.);
#1415 = EDGE_LOOP('',(#1416,#1417,#1418,#1427));
#1416 = ORIENTED_EDGE('',*,*,#621,.F.);
#1417 = ORIENTED_EDGE('',*,*,#579,.T.);
#1418 = ORIENTED_EDGE('',*,*,#1419,.T.);
#1419 = EDGE_CURVE('',#580,#1420,#1422,.T.);
#1420 = VERTEX_POINT('',#1421);
#1421 = CARTESIAN_POINT('',(-101.,37.,-60.));
#1422 = CIRCLE('',#1423,1.);
#1423 = AXIS2_PLACEMENT_3D('',#1424,#1425,#1426);
#1424 = CARTESIAN_POINT('',(-101.,37.,-59.));
#1425 = DIRECTION('',(6.E-17,1.,-0.));
#1426 = DIRECTION('',(-1.,6.E-17,0.));
#1427 = ORIENTED_EDGE('',*,*,#1428,.F.);
#1428 = EDGE_CURVE('',#612,#1420,#1429,.T.);
#1429 = CIRCLE('',#1430,4.);
#1430 = AXIS2_PLACEMENT_3D('',#1431,#1432,#1433);
#1431 = CARTESIAN_POINT('',(-97.,37.,-60.));
#1432 = DIRECTION('',(0.,-0.,1.));
#1433 = DIRECTION('',(0.,1.,0.));
#1434 = TOROIDAL_SURFACE('',#1435,4.,1.);
#1435 = AXIS2_PLACEMENT_3D('',#1436,#1437,#1438);
#1436 = CARTESIAN_POINT('',(-97.,37.,-59.));
#1437 = DIRECTION('',(0.,0.,1.));
#1438 = DIRECTION('',(0.,1.,0.));
#1439 = ADVANCED_FACE('',(#1440),#1460,.T.);
#1440 = FACE_BOUND('',#1441,.T.);
#1441 = EDGE_LOOP('',(#1442,#1451,#1452,#1453));
#1442 = ORIENTED_EDGE('',*,*,#1443,.F.);
#1443 = EDGE_CURVE('',#589,#1444,#1446,.T.);
#1444 = VERTEX_POINT('',#1445);
#1445 = CARTESIAN_POINT('',(-101.,37.,60.));
#1446 = CIRCLE('',#1447,1.);
#1447 = AXIS2_PLACEMENT_3D('',#1448,#1449,#1450);
#1448 = CARTESIAN_POINT('',(-101.,37.,59.));
#1449 = DIRECTION('',(0.,-1.,0.));
#1450 = DIRECTION('',(1.,0.,0.));
#1451 = ORIENTED_EDGE('',*,*,#596,.T.);
#1452 = ORIENTED_EDGE('',*,*,#654,.T.);
#1453 = ORIENTED_EDGE('',*,*,#1454,.F.);
#1454 = EDGE_CURVE('',#1444,#655,#1455,.T.);
#1455 = CIRCLE('',#1456,4.);
#1456 = AXIS2_PLACEMENT_3D('',#1457,#1458,#1459);
#1457 = CARTESIAN_POINT('',(-97.,37.,60.));
#1458 = DIRECTION('',(0.,0.,-1.));
#1459 = DIRECTION('',(-1.,0.,0.));
#1460 = TOROIDAL_SURFACE('',#1461,4.,1.);
#1461 = AXIS2_PLACEMENT_3D('',#1462,#1463,#1464);
#1462 = CARTESIAN_POINT('',(-97.,37.,59.));
#1463 = DIRECTION('',(-0.,-0.,-1.));
#1464 = DIRECTION('',(-1.,0.,0.));
#1465 = ADVANCED_FACE('',(#1466,#1509,#1520),#1531,.F.);
#1466 = FACE_BOUND('',#1467,.F.);
#1467 = EDGE_LOOP('',(#1468,#1469,#1477,#1486,#1494,#1503));
#1468 = ORIENTED_EDGE('',*,*,#588,.F.);
#1469 = ORIENTED_EDGE('',*,*,#1470,.T.);
#1470 = EDGE_CURVE('',#580,#1471,#1473,.T.);
#1471 = VERTEX_POINT('',#1472);
#1472 = CARTESIAN_POINT('',(-100.,3.,-59.));
#1473 = LINE('',#1474,#1475);
#1474 = CARTESIAN_POINT('',(-100.,37.,-59.));
#1475 = VECTOR('',#1476,1.);
#1476 = DIRECTION('',(-0.,-1.,-0.));
#1477 = ORIENTED_EDGE('',*,*,#1478,.T.);
#1478 = EDGE_CURVE('',#1471,#1479,#1481,.T.);
#1479 = VERTEX_POINT('',#1480);
#1480 = CARTESIAN_POINT('',(-100.,1.,-57.));
#1481 = CIRCLE('',#1482,2.);
#1482 = AXIS2_PLACEMENT_3D('',#1483,#1484,#1485);
#1483 = CARTESIAN_POINT('',(-100.,3.,-57.));
#1484 = DIRECTION('',(-1.,0.,0.));
#1485 = DIRECTION('',(0.,0.,-1.));
#1486 = ORIENTED_EDGE('',*,*,#1487,.T.);
#1487 = EDGE_CURVE('',#1479,#1488,#1490,.T.);
#1488 = VERTEX_POINT('',#1489);
#1489 = CARTESIAN_POINT('',(-100.,1.,57.));
#1490 = LINE('',#1491,#1492);
#1491 = CARTESIAN_POINT('',(-100.,1.,-57.));
#1492 = VECTOR('',#1493,1.);
#1493 = DIRECTION('',(0.,0.,1.));
#1494 = ORIENTED_EDGE('',*,*,#1495,.T.);
#1495 = EDGE_CURVE('',#1488,#1496,#1498,.T.);
#1496 = VERTEX_POINT('',#1497);
#1497 = CARTESIAN_POINT('',(-100.,3.,59.));
#1498 = CIRCLE('',#1499,2.);
#1499 = AXIS2_PLACEMENT_3D('',#1500,#1501,#1502);
#1500 = CARTESIAN_POINT('',(-100.,3.,57.));
#1501 = DIRECTION('',(-1.,0.,0.));
#1502 = DIRECTION('',(0.,-1.,0.));
#1503 = ORIENTED_EDGE('',*,*,#1504,.T.);
#1504 = EDGE_CURVE('',#1496,#589,#1505,.T.);
#1505 = LINE('',#1506,#1507);
#1506 = CARTESIAN_POINT('',(-100.,3.,59.));
#1507 = VECTOR('',#1508,1.);
#1508 = DIRECTION('',(0.,1.,0.));
#1509 = FACE_BOUND('',#1510,.F.);
#1510 = EDGE_LOOP('',(#1511));
#1511 = ORIENTED_EDGE('',*,*,#1512,.F.);
#1512 = EDGE_CURVE('',#1513,#1513,#1515,.T.);
#1513 = VERTEX_POINT('',#1514);
#1514 = CARTESIAN_POINT('',(-100.,17.,50.));
#1515 = CIRCLE('',#1516,3.);
#1516 = AXIS2_PLACEMENT_3D('',#1517,#1518,#1519);
#1517 = CARTESIAN_POINT('',(-100.,20.,50.));
#1518 = DIRECTION('',(-1.,0.,0.));
#1519 = DIRECTION('',(0.,-1.,0.));
#1520 = FACE_BOUND('',#1521,.F.);
#1521 = EDGE_LOOP('',(#1522));
#1522 = ORIENTED_EDGE('',*,*,#1523,.F.);
#1523 = EDGE_CURVE('',#1524,#1524,#1526,.T.);
#1524 = VERTEX_POINT('',#1525);
#1525 = CARTESIAN_POINT('',(-100.,17.,-50.));
#1526 = CIRCLE('',#1527,3.);
#1527 = AXIS2_PLACEMENT_3D('',#1528,#1529,#1530);
#1528 = CARTESIAN_POINT('',(-100.,20.,-50.));
#1529 = DIRECTION('',(-1.,0.,0.));
#1530 = DIRECTION('',(0.,-1.,0.));
#1531 = PLANE('',#1532);
#1532 = AXIS2_PLACEMENT_3D('',#1533,#1534,#1535);
#1533 = CARTESIAN_POINT('',(-100.,0.,-60.));
#1534 = DIRECTION('',(-1.,0.,0.));
#1535 = DIRECTION('',(0.,1.,0.));
#1536 = ADVANCED_FACE('',(#1537,#1622,#1633),#1644,.T.);
#1537 = FACE_BOUND('',#1538,.T.);
#1538 = EDGE_LOOP('',(#1539,#1549,#1558,#1566,#1574,#1582,#1589,#1590,
    #1591,#1599,#1607,#1615));
#1539 = ORIENTED_EDGE('',*,*,#1540,.F.);
#1540 = EDGE_CURVE('',#1541,#1543,#1545,.T.);
#1541 = VERTEX_POINT('',#1542);
#1542 = CARTESIAN_POINT('',(107.,49.,-60.));
#1543 = VERTEX_POINT('',#1544);
#1544 = CARTESIAN_POINT('',(-107.,49.,-60.));
#1545 = LINE('',#1546,#1547);
#1546 = CARTESIAN_POINT('',(0.,49.,-60.));
#1547 = VECTOR('',#1548,1.);
#1548 = DIRECTION('',(-1.,-0.,-0.));
#1549 = ORIENTED_EDGE('',*,*,#1550,.T.);
#1550 = EDGE_CURVE('',#1541,#1551,#1553,.T.);
#1551 = VERTEX_POINT('',#1552);
#1552 = CARTESIAN_POINT('',(109.,47.,-60.));
#1553 = CIRCLE('',#1554,2.);
#1554 = AXIS2_PLACEMENT_3D('',#1555,#1556,#1557);
#1555 = CARTESIAN_POINT('',(107.,47.,-60.));
#1556 = DIRECTION('',(2.2E-16,0.,-1.));
#1557 = DIRECTION('',(2.2E-16,1.,4.84E-32));
#1558 = ORIENTED_EDGE('',*,*,#1559,.T.);
#1559 = EDGE_CURVE('',#1551,#1560,#1562,.T.);
#1560 = VERTEX_POINT('',#1561);
#1561 = CARTESIAN_POINT('',(109.,3.,-60.));
#1562 = LINE('',#1563,#1564);
#1563 = CARTESIAN_POINT('',(109.,47.,-60.));
#1564 = VECTOR('',#1565,1.);
#1565 = DIRECTION('',(-2.2E-16,-1.,-0.));
#1566 = ORIENTED_EDGE('',*,*,#1567,.F.);
#1567 = EDGE_CURVE('',#1568,#1560,#1570,.T.);
#1568 = VERTEX_POINT('',#1569);
#1569 = CARTESIAN_POINT('',(101.,3.,-60.));
#1570 = LINE('',#1571,#1572);
#1571 = CARTESIAN_POINT('',(100.,3.,-60.));
#1572 = VECTOR('',#1573,1.);
#1573 = DIRECTION('',(1.,-2.2E-16,2.2E-16));
#1574 = ORIENTED_EDGE('',*,*,#1575,.F.);
#1575 = EDGE_CURVE('',#1576,#1568,#1578,.T.);
#1576 = VERTEX_POINT('',#1577);
#1577 = CARTESIAN_POINT('',(101.,37.,-60.));
#1578 = LINE('',#1579,#1580);
#1579 = CARTESIAN_POINT('',(101.,37.,-60.));
#1580 = VECTOR('',#1581,1.);
#1581 = DIRECTION('',(-2.2E-16,-1.,-0.));
#1582 = ORIENTED_EDGE('',*,*,#1583,.F.);
#1583 = EDGE_CURVE('',#614,#1576,#1584,.T.);
#1584 = CIRCLE('',#1585,4.);
#1585 = AXIS2_PLACEMENT_3D('',#1586,#1587,#1588);
#1586 = CARTESIAN_POINT('',(97.,37.,-60.));
#1587 = DIRECTION('',(2.2E-16,0.,-1.));
#1588 = DIRECTION('',(2.2E-16,1.,4.84E-32));
#1589 = ORIENTED_EDGE('',*,*,#611,.F.);
#1590 = ORIENTED_EDGE('',*,*,#1428,.T.);
#1591 = ORIENTED_EDGE('',*,*,#1592,.T.);
#1592 = EDGE_CURVE('',#1420,#1593,#1595,.T.);
#1593 = VERTEX_POINT('',#1594);
#1594 = CARTESIAN_POINT('',(-101.,3.,-60.));
#1595 = LINE('',#1596,#1597);
#1596 = CARTESIAN_POINT('',(-101.,37.,-60.));
#1597 = VECTOR('',#1598,1.);
#1598 = DIRECTION('',(-0.,-1.,-0.));
#1599 = ORIENTED_EDGE('',*,*,#1600,.T.);
#1600 = EDGE_CURVE('',#1593,#1601,#1603,.T.);
#1601 = VERTEX_POINT('',#1602);
#1602 = CARTESIAN_POINT('',(-109.,3.,-60.));
#1603 = LINE('',#1604,#1605);
#1604 = CARTESIAN_POINT('',(-100.,3.,-60.));
#1605 = VECTOR('',#1606,1.);
#1606 = DIRECTION('',(-1.,0.,0.));
#1607 = ORIENTED_EDGE('',*,*,#1608,.F.);
#1608 = EDGE_CURVE('',#1609,#1601,#1611,.T.);
#1609 = VERTEX_POINT('',#1610);
#1610 = CARTESIAN_POINT('',(-109.,47.,-60.));
#1611 = LINE('',#1612,#1613);
#1612 = CARTESIAN_POINT('',(-109.,47.,-60.));
#1613 = VECTOR('',#1614,1.);
#1614 = DIRECTION('',(-0.,-1.,-0.));
#1615 = ORIENTED_EDGE('',*,*,#1616,.F.);
#1616 = EDGE_CURVE('',#1543,#1609,#1617,.T.);
#1617 = CIRCLE('',#1618,2.);
#1618 = AXIS2_PLACEMENT_3D('',#1619,#1620,#1621);
#1619 = CARTESIAN_POINT('',(-107.,47.,-60.));
#1620 = DIRECTION('',(0.,-0.,1.));
#1621 = DIRECTION('',(0.,1.,0.));
#1622 = FACE_BOUND('',#1623,.T.);
#1623 = EDGE_LOOP('',(#1624));
#1624 = ORIENTED_EDGE('',*,*,#1625,.F.);
#1625 = EDGE_CURVE('',#1626,#1626,#1628,.T.);
#1626 = VERTEX_POINT('',#1627);
#1627 = CARTESIAN_POINT('',(8.4,45.,-60.));
#1628 = CIRCLE('',#1629,1.4);
#1629 = AXIS2_PLACEMENT_3D('',#1630,#1631,#1632);
#1630 = CARTESIAN_POINT('',(7.,45.,-60.));
#1631 = DIRECTION('',(0.,0.,-1.));
#1632 = DIRECTION('',(1.,0.,0.));
#1633 = FACE_BOUND('',#1634,.T.);
#1634 = EDGE_LOOP('',(#1635));
#1635 = ORIENTED_EDGE('',*,*,#1636,.F.);
#1636 = EDGE_CURVE('',#1637,#1637,#1639,.T.);
#1637 = VERTEX_POINT('',#1638);
#1638 = CARTESIAN_POINT('',(-5.6,45.,-60.));
#1639 = CIRCLE('',#1640,1.4);
#1640 = AXIS2_PLACEMENT_3D('',#1641,#1642,#1643);
#1641 = CARTESIAN_POINT('',(-7.,45.,-60.));
#1642 = DIRECTION('',(0.,0.,-1.));
#1643 = DIRECTION('',(1.,0.,0.));
#1644 = PLANE('',#1645);
#1645 = AXIS2_PLACEMENT_3D('',#1646,#1647,#1648);
#1646 = CARTESIAN_POINT('',(1.255E-14,38.150540207233,-60.));
#1647 = DIRECTION('',(-0.,-0.,-1.));
#1648 = DIRECTION('',(-1.,0.,0.));
#1649 = ADVANCED_FACE('',(#1650),#1662,.T.);
#1650 = FACE_BOUND('',#1651,.F.);
#1651 = EDGE_LOOP('',(#1652,#1653,#1654,#1661));
#1652 = ORIENTED_EDGE('',*,*,#629,.F.);
#1653 = ORIENTED_EDGE('',*,*,#678,.T.);
#1654 = ORIENTED_EDGE('',*,*,#1655,.T.);
#1655 = EDGE_CURVE('',#679,#1576,#1656,.T.);
#1656 = CIRCLE('',#1657,1.);
#1657 = AXIS2_PLACEMENT_3D('',#1658,#1659,#1660);
#1658 = CARTESIAN_POINT('',(101.,37.,-59.));
#1659 = DIRECTION('',(-1.6E-16,-1.,0.));
#1660 = DIRECTION('',(1.,-1.6E-16,2.2E-16));
#1661 = ORIENTED_EDGE('',*,*,#1583,.F.);
#1662 = TOROIDAL_SURFACE('',#1663,4.,1.);
#1663 = AXIS2_PLACEMENT_3D('',#1664,#1665,#1666);
#1664 = CARTESIAN_POINT('',(97.,37.,-59.));
#1665 = DIRECTION('',(-2.2E-16,0.,1.));
#1666 = DIRECTION('',(2.2E-16,1.,4.84E-32));
#1667 = ADVANCED_FACE('',(#1668),#1688,.T.);
#1668 = FACE_BOUND('',#1669,.F.);
#1669 = EDGE_LOOP('',(#1670,#1679,#1680,#1681));
#1670 = ORIENTED_EDGE('',*,*,#1671,.F.);
#1671 = EDGE_CURVE('',#688,#1672,#1674,.T.);
#1672 = VERTEX_POINT('',#1673);
#1673 = CARTESIAN_POINT('',(101.,37.,60.));
#1674 = CIRCLE('',#1675,1.);
#1675 = AXIS2_PLACEMENT_3D('',#1676,#1677,#1678);
#1676 = CARTESIAN_POINT('',(101.,37.,59.));
#1677 = DIRECTION('',(2.2E-16,1.,0.));
#1678 = DIRECTION('',(-1.,2.2E-16,-2.2E-16));
#1679 = ORIENTED_EDGE('',*,*,#695,.T.);
#1680 = ORIENTED_EDGE('',*,*,#644,.T.);
#1681 = ORIENTED_EDGE('',*,*,#1682,.F.);
#1682 = EDGE_CURVE('',#1672,#645,#1683,.T.);
#1683 = CIRCLE('',#1684,4.);
#1684 = AXIS2_PLACEMENT_3D('',#1685,#1686,#1687);
#1685 = CARTESIAN_POINT('',(97.,37.,60.));
#1686 = DIRECTION('',(-2.2E-16,0.,1.));
#1687 = DIRECTION('',(1.,-2.2E-16,2.2E-16));
#1688 = TOROIDAL_SURFACE('',#1689,4.,1.);
#1689 = AXIS2_PLACEMENT_3D('',#1690,#1691,#1692);
#1690 = CARTESIAN_POINT('',(97.,37.,59.));
#1691 = DIRECTION('',(2.2E-16,0.,-1.));
#1692 = DIRECTION('',(1.,-2.2E-16,2.2E-16));
#1693 = ADVANCED_FACE('',(#1694),#1771,.T.);
#1694 = FACE_BOUND('',#1695,.T.);
#1695 = EDGE_LOOP('',(#1696,#1707,#1715,#1723,#1729,#1730,#1731,#1732,
    #1740,#1748,#1756,#1765));
#1696 = ORIENTED_EDGE('',*,*,#1697,.F.);
#1697 = EDGE_CURVE('',#1698,#1700,#1702,.T.);
#1698 = VERTEX_POINT('',#1699);
#1699 = CARTESIAN_POINT('',(-109.,47.,60.));
#1700 = VERTEX_POINT('',#1701);
#1701 = CARTESIAN_POINT('',(-107.,49.,60.));
#1702 = CIRCLE('',#1703,2.);
#1703 = AXIS2_PLACEMENT_3D('',#1704,#1705,#1706);
#1704 = CARTESIAN_POINT('',(-107.,47.,60.));
#1705 = DIRECTION('',(0.,0.,-1.));
#1706 = DIRECTION('',(-1.,0.,0.));
#1707 = ORIENTED_EDGE('',*,*,#1708,.F.);
#1708 = EDGE_CURVE('',#1709,#1698,#1711,.T.);
#1709 = VERTEX_POINT('',#1710);
#1710 = CARTESIAN_POINT('',(-109.,3.,60.));
#1711 = LINE('',#1712,#1713);
#1712 = CARTESIAN_POINT('',(-109.,3.,60.));
#1713 = VECTOR('',#1714,1.);
#1714 = DIRECTION('',(0.,1.,0.));
#1715 = ORIENTED_EDGE('',*,*,#1716,.F.);
#1716 = EDGE_CURVE('',#1717,#1709,#1719,.T.);
#1717 = VERTEX_POINT('',#1718);
#1718 = CARTESIAN_POINT('',(-101.,3.,60.));
#1719 = LINE('',#1720,#1721);
#1720 = CARTESIAN_POINT('',(-100.,3.,60.));
#1721 = VECTOR('',#1722,1.);
#1722 = DIRECTION('',(-1.,0.,0.));
#1723 = ORIENTED_EDGE('',*,*,#1724,.T.);
#1724 = EDGE_CURVE('',#1717,#1444,#1725,.T.);
#1725 = LINE('',#1726,#1727);
#1726 = CARTESIAN_POINT('',(-101.,3.,60.));
#1727 = VECTOR('',#1728,1.);
#1728 = DIRECTION('',(0.,1.,0.));
#1729 = ORIENTED_EDGE('',*,*,#1454,.T.);
#1730 = ORIENTED_EDGE('',*,*,#663,.T.);
#1731 = ORIENTED_EDGE('',*,*,#1682,.F.);
#1732 = ORIENTED_EDGE('',*,*,#1733,.F.);
#1733 = EDGE_CURVE('',#1734,#1672,#1736,.T.);
#1734 = VERTEX_POINT('',#1735);
#1735 = CARTESIAN_POINT('',(101.,3.,60.));
#1736 = LINE('',#1737,#1738);
#1737 = CARTESIAN_POINT('',(101.,3.,60.));
#1738 = VECTOR('',#1739,1.);
#1739 = DIRECTION('',(2.2E-16,1.,0.));
#1740 = ORIENTED_EDGE('',*,*,#1741,.T.);
#1741 = EDGE_CURVE('',#1734,#1742,#1744,.T.);
#1742 = VERTEX_POINT('',#1743);
#1743 = CARTESIAN_POINT('',(109.,3.,60.));
#1744 = LINE('',#1745,#1746);
#1745 = CARTESIAN_POINT('',(100.,3.,60.));
#1746 = VECTOR('',#1747,1.);
#1747 = DIRECTION('',(1.,-2.2E-16,2.2E-16));
#1748 = ORIENTED_EDGE('',*,*,#1749,.T.);
#1749 = EDGE_CURVE('',#1742,#1750,#1752,.T.);
#1750 = VERTEX_POINT('',#1751);
#1751 = CARTESIAN_POINT('',(109.,47.,60.));
#1752 = LINE('',#1753,#1754);
#1753 = CARTESIAN_POINT('',(109.,3.,60.));
#1754 = VECTOR('',#1755,1.);
#1755 = DIRECTION('',(2.2E-16,1.,0.));
#1756 = ORIENTED_EDGE('',*,*,#1757,.T.);
#1757 = EDGE_CURVE('',#1750,#1758,#1760,.T.);
#1758 = VERTEX_POINT('',#1759);
#1759 = CARTESIAN_POINT('',(107.,49.,60.));
#1760 = CIRCLE('',#1761,2.);
#1761 = AXIS2_PLACEMENT_3D('',#1762,#1763,#1764);
#1762 = CARTESIAN_POINT('',(107.,47.,60.));
#1763 = DIRECTION('',(-2.2E-16,0.,1.));
#1764 = DIRECTION('',(1.,-2.2E-16,2.2E-16));
#1765 = ORIENTED_EDGE('',*,*,#1766,.T.);
#1766 = EDGE_CURVE('',#1758,#1700,#1767,.T.);
#1767 = LINE('',#1768,#1769);
#1768 = CARTESIAN_POINT('',(107.,49.,60.));
#1769 = VECTOR('',#1770,1.);
#1770 = DIRECTION('',(-1.,2.2E-16,-2.2E-16));
#1771 = PLANE('',#1772);
#1772 = AXIS2_PLACEMENT_3D('',#1773,#1774,#1775);
#1773 = CARTESIAN_POINT('',(-1.52E-15,38.150540207233,60.));
#1774 = DIRECTION('',(0.,0.,1.));
#1775 = DIRECTION('',(1.,0.,0.));
#1776 = ADVANCED_FACE('',(#1777,#1820,#1831),#1842,.F.);
#1777 = FACE_BOUND('',#1778,.T.);
#1778 = EDGE_LOOP('',(#1779,#1780,#1788,#1797,#1805,#1814));
#1779 = ORIENTED_EDGE('',*,*,#687,.F.);
#1780 = ORIENTED_EDGE('',*,*,#1781,.T.);
#1781 = EDGE_CURVE('',#679,#1782,#1784,.T.);
#1782 = VERTEX_POINT('',#1783);
#1783 = CARTESIAN_POINT('',(100.,3.,-59.));
#1784 = LINE('',#1785,#1786);
#1785 = CARTESIAN_POINT('',(100.,37.,-59.));
#1786 = VECTOR('',#1787,1.);
#1787 = DIRECTION('',(-2.2E-16,-1.,-0.));
#1788 = ORIENTED_EDGE('',*,*,#1789,.T.);
#1789 = EDGE_CURVE('',#1782,#1790,#1792,.T.);
#1790 = VERTEX_POINT('',#1791);
#1791 = CARTESIAN_POINT('',(100.,1.,-57.));
#1792 = CIRCLE('',#1793,2.);
#1793 = AXIS2_PLACEMENT_3D('',#1794,#1795,#1796);
#1794 = CARTESIAN_POINT('',(100.,3.,-57.));
#1795 = DIRECTION('',(-1.,2.2E-16,-2.2E-16));
#1796 = DIRECTION('',(2.2E-16,0.,-1.));
#1797 = ORIENTED_EDGE('',*,*,#1798,.T.);
#1798 = EDGE_CURVE('',#1790,#1799,#1801,.T.);
#1799 = VERTEX_POINT('',#1800);
#1800 = CARTESIAN_POINT('',(100.,1.,57.));
#1801 = LINE('',#1802,#1803);
#1802 = CARTESIAN_POINT('',(100.,1.,-57.));
#1803 = VECTOR('',#1804,1.);
#1804 = DIRECTION('',(-2.2E-16,0.,1.));
#1805 = ORIENTED_EDGE('',*,*,#1806,.T.);
#1806 = EDGE_CURVE('',#1799,#1807,#1809,.T.);
#1807 = VERTEX_POINT('',#1808);
#1808 = CARTESIAN_POINT('',(100.,3.,59.));
#1809 = CIRCLE('',#1810,2.);
#1810 = AXIS2_PLACEMENT_3D('',#1811,#1812,#1813);
#1811 = CARTESIAN_POINT('',(100.,3.,57.));
#1812 = DIRECTION('',(-1.,2.2E-16,-2.2E-16));
#1813 = DIRECTION('',(-2.2E-16,-1.,0.));
#1814 = ORIENTED_EDGE('',*,*,#1815,.T.);
#1815 = EDGE_CURVE('',#1807,#688,#1816,.T.);
#1816 = LINE('',#1817,#1818);
#1817 = CARTESIAN_POINT('',(100.,3.,59.));
#1818 = VECTOR('',#1819,1.);
#1819 = DIRECTION('',(2.2E-16,1.,0.));
#1820 = FACE_BOUND('',#1821,.T.);
#1821 = EDGE_LOOP('',(#1822));
#1822 = ORIENTED_EDGE('',*,*,#1823,.F.);
#1823 = EDGE_CURVE('',#1824,#1824,#1826,.T.);
#1824 = VERTEX_POINT('',#1825);
#1825 = CARTESIAN_POINT('',(100.,17.,50.));
#1826 = CIRCLE('',#1827,3.);
#1827 = AXIS2_PLACEMENT_3D('',#1828,#1829,#1830);
#1828 = CARTESIAN_POINT('',(100.,20.,50.));
#1829 = DIRECTION('',(-1.,2.2E-16,-2.2E-16));
#1830 = DIRECTION('',(-2.2E-16,-1.,0.));
#1831 = FACE_BOUND('',#1832,.T.);
#1832 = EDGE_LOOP('',(#1833));
#1833 = ORIENTED_EDGE('',*,*,#1834,.F.);
#1834 = EDGE_CURVE('',#1835,#1835,#1837,.T.);
#1835 = VERTEX_POINT('',#1836);
#1836 = CARTESIAN_POINT('',(100.,17.,-50.));
#1837 = CIRCLE('',#1838,3.);
#1838 = AXIS2_PLACEMENT_3D('',#1839,#1840,#1841);
#1839 = CARTESIAN_POINT('',(100.,20.,-50.));
#1840 = DIRECTION('',(-1.,2.2E-16,-2.2E-16));
#1841 = DIRECTION('',(-2.2E-16,-1.,0.));
#1842 = PLANE('',#1843);
#1843 = AXIS2_PLACEMENT_3D('',#1844,#1845,#1846);
#1844 = CARTESIAN_POINT('',(100.,-2.22E-14,-60.));
#1845 = DIRECTION('',(1.,-2.2E-16,2.2E-16));
#1846 = DIRECTION('',(-2.2E-16,-1.,-0.));
#1847 = ADVANCED_FACE('',(#1848,#1882),#1885,.T.);
#1848 = FACE_BOUND('',#1849,.T.);
#1849 = EDGE_LOOP('',(#1850,#1860,#1868,#1876));
#1850 = ORIENTED_EDGE('',*,*,#1851,.T.);
#1851 = EDGE_CURVE('',#1852,#1854,#1856,.T.);
#1852 = VERTEX_POINT('',#1853);
#1853 = CARTESIAN_POINT('',(-107.,50.,-59.));
#1854 = VERTEX_POINT('',#1855);
#1855 = CARTESIAN_POINT('',(-107.,50.,59.));
#1856 = LINE('',#1857,#1858);
#1857 = CARTESIAN_POINT('',(-107.,50.,-60.));
#1858 = VECTOR('',#1859,1.);
#1859 = DIRECTION('',(0.,0.,1.));
#1860 = ORIENTED_EDGE('',*,*,#1861,.T.);
#1861 = EDGE_CURVE('',#1854,#1862,#1864,.T.);
#1862 = VERTEX_POINT('',#1863);
#1863 = CARTESIAN_POINT('',(107.,50.,59.));
#1864 = LINE('',#1865,#1866);
#1865 = CARTESIAN_POINT('',(-107.,50.,59.));
#1866 = VECTOR('',#1867,1.);
#1867 = DIRECTION('',(1.,0.,0.));
#1868 = ORIENTED_EDGE('',*,*,#1869,.F.);
#1869 = EDGE_CURVE('',#1870,#1862,#1872,.T.);
#1870 = VERTEX_POINT('',#1871);
#1871 = CARTESIAN_POINT('',(107.,50.,-59.));
#1872 = LINE('',#1873,#1874);
#1873 = CARTESIAN_POINT('',(107.,50.,-60.));
#1874 = VECTOR('',#1875,1.);
#1875 = DIRECTION('',(-2.2E-16,0.,1.));
#1876 = ORIENTED_EDGE('',*,*,#1877,.F.);
#1877 = EDGE_CURVE('',#1852,#1870,#1878,.T.);
#1878 = LINE('',#1879,#1880);
#1879 = CARTESIAN_POINT('',(2.42E-14,50.,-59.));
#1880 = VECTOR('',#1881,1.);
#1881 = DIRECTION('',(1.,-2.2E-16,2.2E-16));
#1882 = FACE_BOUND('',#1883,.T.);
#1883 = EDGE_LOOP('',(#1884));
#1884 = ORIENTED_EDGE('',*,*,#719,.T.);
#1885 = PLANE('',#1886);
#1886 = AXIS2_PLACEMENT_3D('',#1887,#1888,#1889);
#1887 = CARTESIAN_POINT('',(6.85E-15,50.,1.096E-14));
#1888 = DIRECTION('',(0.,1.,0.));
#1889 = DIRECTION('',(0.,0.,1.));
#1890 = ADVANCED_FACE('',(#1891),#1911,.T.);
#1891 = FACE_BOUND('',#1892,.F.);
#1892 = EDGE_LOOP('',(#1893,#1894,#1895,#1904));
#1893 = ORIENTED_EDGE('',*,*,#874,.F.);
#1894 = ORIENTED_EDGE('',*,*,#743,.T.);
#1895 = ORIENTED_EDGE('',*,*,#1896,.T.);
#1896 = EDGE_CURVE('',#744,#1897,#1899,.T.);
#1897 = VERTEX_POINT('',#1898);
#1898 = CARTESIAN_POINT('',(-40.15,-2.3,40.47));
#1899 = CIRCLE('',#1900,0.5);
#1900 = AXIS2_PLACEMENT_3D('',#1901,#1902,#1903);
#1901 = CARTESIAN_POINT('',(-40.15,-1.8,40.47));
#1902 = DIRECTION('',(-3.4E-16,-6.E-17,-1.));
#1903 = DIRECTION('',(0.,-1.,6.E-17));
#1904 = ORIENTED_EDGE('',*,*,#1905,.F.);
#1905 = EDGE_CURVE('',#867,#1897,#1906,.T.);
#1906 = CIRCLE('',#1907,2.);
#1907 = AXIS2_PLACEMENT_3D('',#1908,#1909,#1910);
#1908 = CARTESIAN_POINT('',(-40.15,-0.3,40.47));
#1909 = DIRECTION('',(1.,0.,-3.4E-16));
#1910 = DIRECTION('',(3.4E-16,0.,1.));
#1911 = TOROIDAL_SURFACE('',#1912,1.5,0.5);
#1912 = AXIS2_PLACEMENT_3D('',#1913,#1914,#1915);
#1913 = CARTESIAN_POINT('',(-40.15,-0.3,40.47));
#1914 = DIRECTION('',(-1.,0.,3.4E-16));
#1915 = DIRECTION('',(3.4E-16,0.,1.));
#1916 = ADVANCED_FACE('',(#1917),#1929,.F.);
#1917 = FACE_BOUND('',#1918,.F.);
#1918 = EDGE_LOOP('',(#1919,#1920,#1921,#1922));
#1919 = ORIENTED_EDGE('',*,*,#760,.F.);
#1920 = ORIENTED_EDGE('',*,*,#777,.T.);
#1921 = ORIENTED_EDGE('',*,*,#889,.T.);
#1922 = ORIENTED_EDGE('',*,*,#1923,.F.);
#1923 = EDGE_CURVE('',#753,#890,#1924,.T.);
#1924 = CIRCLE('',#1925,0.5);
#1925 = AXIS2_PLACEMENT_3D('',#1926,#1927,#1928);
#1926 = CARTESIAN_POINT('',(-39.15,-1.8,21.97));
#1927 = DIRECTION('',(-0.,-1.,0.));
#1928 = DIRECTION('',(-1.,0.,1.421E-14));
#1929 = CYLINDRICAL_SURFACE('',#1930,0.5);
#1930 = AXIS2_PLACEMENT_3D('',#1931,#1932,#1933);
#1931 = CARTESIAN_POINT('',(-39.15,40.,21.97));
#1932 = DIRECTION('',(0.,-1.,2.2E-16));
#1933 = DIRECTION('',(-1.,7.48E-32,3.4E-16));
#1934 = ADVANCED_FACE('',(#1935),#1954,.T.);
#1935 = FACE_BOUND('',#1936,.T.);
#1936 = EDGE_LOOP('',(#1937,#1938,#1946,#1953));
#1937 = ORIENTED_EDGE('',*,*,#1896,.T.);
#1938 = ORIENTED_EDGE('',*,*,#1939,.T.);
#1939 = EDGE_CURVE('',#1897,#1940,#1942,.T.);
#1940 = VERTEX_POINT('',#1941);
#1941 = CARTESIAN_POINT('',(-40.15,-2.3,21.97));
#1942 = LINE('',#1943,#1944);
#1943 = CARTESIAN_POINT('',(-40.15,-2.3,40.47));
#1944 = VECTOR('',#1945,1.);
#1945 = DIRECTION('',(-3.4E-16,-2.2E-16,-1.));
#1946 = ORIENTED_EDGE('',*,*,#1947,.F.);
#1947 = EDGE_CURVE('',#753,#1940,#1948,.T.);
#1948 = CIRCLE('',#1949,0.5);
#1949 = AXIS2_PLACEMENT_3D('',#1950,#1951,#1952);
#1950 = CARTESIAN_POINT('',(-40.15,-1.8,21.97));
#1951 = DIRECTION('',(-3.4E-16,-2.2E-16,-1.));
#1952 = DIRECTION('',(1.,0.,-3.4E-16));
#1953 = ORIENTED_EDGE('',*,*,#752,.F.);
#1954 = CYLINDRICAL_SURFACE('',#1955,0.5);
#1955 = AXIS2_PLACEMENT_3D('',#1956,#1957,#1958);
#1956 = CARTESIAN_POINT('',(-40.15,-1.8,40.47));
#1957 = DIRECTION('',(-3.4E-16,-2.2E-16,-1.));
#1958 = DIRECTION('',(1.,0.,-3.4E-16));
#1959 = ADVANCED_FACE('',(#1960),#1987,.T.);
#1960 = FACE_BOUND('',#1961,.T.);
#1961 = EDGE_LOOP('',(#1962,#1971,#1979,#1986));
#1962 = ORIENTED_EDGE('',*,*,#1963,.T.);
#1963 = EDGE_CURVE('',#890,#1964,#1966,.T.);
#1964 = VERTEX_POINT('',#1965);
#1965 = CARTESIAN_POINT('',(-39.15,-2.3,20.97));
#1966 = CIRCLE('',#1967,0.5);
#1967 = AXIS2_PLACEMENT_3D('',#1968,#1969,#1970);
#1968 = CARTESIAN_POINT('',(-39.15,-1.8,20.97));
#1969 = DIRECTION('',(1.,0.,-2.093E-14));
#1970 = DIRECTION('',(-2.093E-14,0.,-1.));
#1971 = ORIENTED_EDGE('',*,*,#1972,.T.);
#1972 = EDGE_CURVE('',#1964,#1973,#1975,.T.);
#1973 = VERTEX_POINT('',#1974);
#1974 = CARTESIAN_POINT('',(2.150000000001,-2.3,20.97));
#1975 = LINE('',#1976,#1977);
#1976 = CARTESIAN_POINT('',(-39.15,-2.3,20.97));
#1977 = VECTOR('',#1978,1.);
#1978 = DIRECTION('',(1.,0.,0.));
#1979 = ORIENTED_EDGE('',*,*,#1980,.F.);
#1980 = EDGE_CURVE('',#898,#1973,#1981,.T.);
#1981 = CIRCLE('',#1982,0.5);
#1982 = AXIS2_PLACEMENT_3D('',#1983,#1984,#1985);
#1983 = CARTESIAN_POINT('',(2.150000000001,-1.8,20.97));
#1984 = DIRECTION('',(1.,0.,-0.));
#1985 = DIRECTION('',(0.,2.2E-16,1.));
#1986 = ORIENTED_EDGE('',*,*,#897,.F.);
#1987 = CYLINDRICAL_SURFACE('',#1988,0.5);
#1988 = AXIS2_PLACEMENT_3D('',#1989,#1990,#1991);
#1989 = CARTESIAN_POINT('',(-39.15,-1.8,20.97));
#1990 = DIRECTION('',(1.,0.,0.));
#1991 = DIRECTION('',(0.,2.2E-16,1.));
#1992 = ADVANCED_FACE('',(#1993),#2005,.F.);
#1993 = FACE_BOUND('',#1994,.F.);
#1994 = EDGE_LOOP('',(#1995,#1996,#1997,#1998));
#1995 = ORIENTED_EDGE('',*,*,#905,.F.);
#1996 = ORIENTED_EDGE('',*,*,#977,.T.);
#1997 = ORIENTED_EDGE('',*,*,#1097,.T.);
#1998 = ORIENTED_EDGE('',*,*,#1999,.F.);
#1999 = EDGE_CURVE('',#898,#1098,#2000,.T.);
#2000 = CIRCLE('',#2001,0.5);
#2001 = AXIS2_PLACEMENT_3D('',#2002,#2003,#2004);
#2002 = CARTESIAN_POINT('',(2.150000000001,-1.8,21.97));
#2003 = DIRECTION('',(0.,-1.,0.));
#2004 = DIRECTION('',(0.,0.,-1.));
#2005 = CYLINDRICAL_SURFACE('',#2006,0.5);
#2006 = AXIS2_PLACEMENT_3D('',#2007,#2008,#2009);
#2007 = CARTESIAN_POINT('',(2.150000000001,40.,21.97));
#2008 = DIRECTION('',(0.,-1.,2.2E-16));
#2009 = DIRECTION('',(0.,-2.2E-16,-1.));
#2010 = ADVANCED_FACE('',(#2011),#2022,.F.);
#2011 = FACE_BOUND('',#2012,.F.);
#2012 = EDGE_LOOP('',(#2013,#2014,#2020,#2021));
#2013 = ORIENTED_EDGE('',*,*,#914,.F.);
#2014 = ORIENTED_EDGE('',*,*,#2015,.T.);
#2015 = EDGE_CURVE('',#915,#1317,#2016,.T.);
#2016 = LINE('',#2017,#2018);
#2017 = CARTESIAN_POINT('',(-32.01000000002,3.339999999881,21.47));
#2018 = VECTOR('',#2019,1.);
#2019 = DIRECTION('',(-0.,-0.,-1.));
#2020 = ORIENTED_EDGE('',*,*,#1316,.T.);
#2021 = ORIENTED_EDGE('',*,*,#2015,.F.);
#2022 = CYLINDRICAL_SURFACE('',#2023,2.);
#2023 = AXIS2_PLACEMENT_3D('',#2024,#2025,#2026);
#2024 = CARTESIAN_POINT('',(-34.01000000002,3.339999999881,21.47));
#2025 = DIRECTION('',(0.,0.,1.));
#2026 = DIRECTION('',(1.,0.,0.));
#2027 = ADVANCED_FACE('',(#2028),#2039,.F.);
#2028 = FACE_BOUND('',#2029,.F.);
#2029 = EDGE_LOOP('',(#2030,#2031,#2037,#2038));
#2030 = ORIENTED_EDGE('',*,*,#925,.F.);
#2031 = ORIENTED_EDGE('',*,*,#2032,.T.);
#2032 = EDGE_CURVE('',#926,#1306,#2033,.T.);
#2033 = LINE('',#2034,#2035);
#2034 = CARTESIAN_POINT('',(-0.990000000012,3.339999999966,21.47));
#2035 = VECTOR('',#2036,1.);
#2036 = DIRECTION('',(-0.,-0.,-1.));
#2037 = ORIENTED_EDGE('',*,*,#1305,.T.);
#2038 = ORIENTED_EDGE('',*,*,#2032,.F.);
#2039 = CYLINDRICAL_SURFACE('',#2040,2.);
#2040 = AXIS2_PLACEMENT_3D('',#2041,#2042,#2043);
#2041 = CARTESIAN_POINT('',(-2.990000000012,3.339999999966,21.47));
#2042 = DIRECTION('',(0.,0.,1.));
#2043 = DIRECTION('',(1.,0.,0.));
#2044 = ADVANCED_FACE('',(#2045),#2056,.F.);
#2045 = FACE_BOUND('',#2046,.F.);
#2046 = EDGE_LOOP('',(#2047,#2048,#2054,#2055));
#2047 = ORIENTED_EDGE('',*,*,#936,.F.);
#2048 = ORIENTED_EDGE('',*,*,#2049,.T.);
#2049 = EDGE_CURVE('',#937,#1350,#2050,.T.);
#2050 = LINE('',#2051,#2052);
#2051 = CARTESIAN_POINT('',(-32.01000000001,34.360000000011,21.47));
#2052 = VECTOR('',#2053,1.);
#2053 = DIRECTION('',(-0.,-0.,-1.));
#2054 = ORIENTED_EDGE('',*,*,#1349,.T.);
#2055 = ORIENTED_EDGE('',*,*,#2049,.F.);
#2056 = CYLINDRICAL_SURFACE('',#2057,2.);
#2057 = AXIS2_PLACEMENT_3D('',#2058,#2059,#2060);
#2058 = CARTESIAN_POINT('',(-34.01000000001,34.360000000011,21.47));
#2059 = DIRECTION('',(0.,0.,1.));
#2060 = DIRECTION('',(1.,0.,0.));
#2061 = ADVANCED_FACE('',(#2062),#2073,.F.);
#2062 = FACE_BOUND('',#2063,.F.);
#2063 = EDGE_LOOP('',(#2064,#2065,#2071,#2072));
#2064 = ORIENTED_EDGE('',*,*,#947,.F.);
#2065 = ORIENTED_EDGE('',*,*,#2066,.T.);
#2066 = EDGE_CURVE('',#948,#1328,#2067,.T.);
#2067 = LINE('',#2068,#2069);
#2068 = CARTESIAN_POINT('',(-15.5,18.85,21.47));
#2069 = VECTOR('',#2070,1.);
#2070 = DIRECTION('',(-0.,-0.,-1.));
#2071 = ORIENTED_EDGE('',*,*,#1327,.T.);
#2072 = ORIENTED_EDGE('',*,*,#2066,.F.);
#2073 = CYLINDRICAL_SURFACE('',#2074,3.);
#2074 = AXIS2_PLACEMENT_3D('',#2075,#2076,#2077);
#2075 = CARTESIAN_POINT('',(-18.5,18.85,21.47));
#2076 = DIRECTION('',(0.,0.,1.));
#2077 = DIRECTION('',(1.,0.,0.));
#2078 = ADVANCED_FACE('',(#2079),#2090,.F.);
#2079 = FACE_BOUND('',#2080,.F.);
#2080 = EDGE_LOOP('',(#2081,#2082,#2088,#2089));
#2081 = ORIENTED_EDGE('',*,*,#958,.F.);
#2082 = ORIENTED_EDGE('',*,*,#2083,.T.);
#2083 = EDGE_CURVE('',#959,#1339,#2084,.T.);
#2084 = LINE('',#2085,#2086);
#2085 = CARTESIAN_POINT('',(-0.990000000012,34.360000000034,21.47));
#2086 = VECTOR('',#2087,1.);
#2087 = DIRECTION('',(-0.,-0.,-1.));
#2088 = ORIENTED_EDGE('',*,*,#1338,.T.);
#2089 = ORIENTED_EDGE('',*,*,#2083,.F.);
#2090 = CYLINDRICAL_SURFACE('',#2091,2.);
#2091 = AXIS2_PLACEMENT_3D('',#2092,#2093,#2094);
#2092 = CARTESIAN_POINT('',(-2.990000000012,34.360000000034,21.47));
#2093 = DIRECTION('',(0.,0.,1.));
#2094 = DIRECTION('',(1.,0.,0.));
#2095 = ADVANCED_FACE('',(#2096),#2115,.T.);
#2096 = FACE_BOUND('',#2097,.T.);
#2097 = EDGE_LOOP('',(#2098,#2099,#2108,#2114));
#2098 = ORIENTED_EDGE('',*,*,#1072,.F.);
#2099 = ORIENTED_EDGE('',*,*,#2100,.T.);
#2100 = EDGE_CURVE('',#1065,#2101,#2103,.T.);
#2101 = VERTEX_POINT('',#2102);
#2102 = CARTESIAN_POINT('',(-41.15,-2.3,40.47));
#2103 = CIRCLE('',#2104,2.);
#2104 = AXIS2_PLACEMENT_3D('',#2105,#2106,#2107);
#2105 = CARTESIAN_POINT('',(-41.15,-0.3,40.47));
#2106 = DIRECTION('',(1.,0.,0.));
#2107 = DIRECTION('',(0.,-3.55E-15,1.));
#2108 = ORIENTED_EDGE('',*,*,#2109,.T.);
#2109 = EDGE_CURVE('',#2101,#1897,#2110,.T.);
#2110 = LINE('',#2111,#2112);
#2111 = CARTESIAN_POINT('',(-41.65,-2.3,40.47));
#2112 = VECTOR('',#2113,1.);
#2113 = DIRECTION('',(1.,0.,-3.55E-15));
#2114 = ORIENTED_EDGE('',*,*,#1905,.F.);
#2115 = CYLINDRICAL_SURFACE('',#2116,2.);
#2116 = AXIS2_PLACEMENT_3D('',#2117,#2118,#2119);
#2117 = CARTESIAN_POINT('',(-41.65,-0.3,40.47));
#2118 = DIRECTION('',(1.,0.,-3.55E-15));
#2119 = DIRECTION('',(3.55E-15,2.2E-16,1.));
#2120 = ADVANCED_FACE('',(#2121),#2144,.T.);
#2121 = FACE_BOUND('',#2122,.T.);
#2122 = EDGE_LOOP('',(#2123,#2132,#2142,#2143));
#2123 = ORIENTED_EDGE('',*,*,#2124,.T.);
#2124 = EDGE_CURVE('',#1106,#2125,#2127,.T.);
#2125 = VERTEX_POINT('',#2126);
#2126 = CARTESIAN_POINT('',(3.150000000048,-2.3,40.47));
#2127 = CIRCLE('',#2128,0.5);
#2128 = AXIS2_PLACEMENT_3D('',#2129,#2130,#2131);
#2129 = CARTESIAN_POINT('',(3.150000000048,-1.8,40.47));
#2130 = DIRECTION('',(2.50726E-12,2.2E-16,1.));
#2131 = DIRECTION('',(-1.,0.,2.50726E-12));
#2132 = ORIENTED_EDGE('',*,*,#2133,.T.);
#2133 = EDGE_CURVE('',#2125,#1158,#2134,.T.);
#2134 = ( BOUNDED_CURVE() B_SPLINE_CURVE(6,(#2135,#2136,#2137,#2138,
#2139,#2140,#2141),.UNSPECIFIED.,.F.,.F.) B_SPLINE_CURVE_WITH_KNOTS((7,7
),(123.31238898038,126.45398163397),.PIECEWISE_BEZIER_KNOTS.) CURVE() 
GEOMETRIC_REPRESENTATION_ITEM() RATIONAL_B_SPLINE_CURVE((1.,1.,1.,1.,1.,
1.,1.)) REPRESENTATION_ITEM('') );
#2135 = CARTESIAN_POINT('',(3.150000000048,-2.3,40.47));
#2136 = CARTESIAN_POINT('',(3.150000000049,-2.3,40.993596378633));
#2137 = CARTESIAN_POINT('',(3.15000000005,-2.135545902747,41.51715695039
    ));
#2138 = CARTESIAN_POINT('',(3.15000000005,-1.806377019028,
    41.976377019028));
#2139 = CARTESIAN_POINT('',(3.150000000051,-1.34715695039,
    42.305545902747));
#2140 = CARTESIAN_POINT('',(3.150000000051,-0.823596378633,42.47));
#2141 = CARTESIAN_POINT('',(3.150000000051,-0.3,42.47));
#2142 = ORIENTED_EDGE('',*,*,#1157,.F.);
#2143 = ORIENTED_EDGE('',*,*,#1113,.F.);
#2144 = ( BOUNDED_SURFACE() B_SPLINE_SURFACE(2,6,(
    (#2145,#2146,#2147,#2148,#2149,#2150,#2151)
    ,(#2152,#2153,#2154,#2155,#2156,#2157,#2158)
    ,(#2159,#2160,#2161,#2162,#2163,#2164,#2165
)),.UNSPECIFIED.,.F.,.F.,.F.) B_SPLINE_SURFACE_WITH_KNOTS((3,3),(7,7),(
    0.,3.14159265359),(123.31238898038,126.45398163397),
.PIECEWISE_BEZIER_KNOTS.) GEOMETRIC_REPRESENTATION_ITEM() 
RATIONAL_B_SPLINE_SURFACE((
    (1.,1.,1.,1.,1.,1.,1.)
    ,(0.707106781187,0.707106781187,0.707106781187,0.707106781187
      ,0.707106781187,0.707106781187,0.707106781187)
,(1.,1.,1.,1.,1.,1.,1.))) REPRESENTATION_ITEM('') SURFACE() );
#2145 = CARTESIAN_POINT('',(2.650000000048,-1.8,40.47));
#2146 = CARTESIAN_POINT('',(2.650000000049,-1.8,40.862697283975));
#2147 = CARTESIAN_POINT('',(2.65000000005,-1.676659427061,
    41.255367712793));
#2148 = CARTESIAN_POINT('',(2.65000000005,-1.429782764272,
    41.599782764272));
#2149 = CARTESIAN_POINT('',(2.650000000051,-1.085367712793,
    41.846659427061));
#2150 = CARTESIAN_POINT('',(2.650000000051,-0.692697283975,
    41.970000000001));
#2151 = CARTESIAN_POINT('',(2.650000000051,-0.3,41.970000000001));
#2152 = CARTESIAN_POINT('',(2.650000000048,-2.3,40.47));
#2153 = CARTESIAN_POINT('',(2.650000000049,-2.3,40.993596378633));
#2154 = CARTESIAN_POINT('',(2.65000000005,-2.135545902747,41.51715695039
    ));
#2155 = CARTESIAN_POINT('',(2.650000000051,-1.806377019028,
    41.976377019028));
#2156 = CARTESIAN_POINT('',(2.650000000052,-1.34715695039,
    42.305545902747));
#2157 = CARTESIAN_POINT('',(2.650000000053,-0.823596378633,42.47));
#2158 = CARTESIAN_POINT('',(2.650000000053,-0.3,42.47));
#2159 = CARTESIAN_POINT('',(3.150000000048,-2.3,40.47));
#2160 = CARTESIAN_POINT('',(3.150000000049,-2.3,40.993596378633));
#2161 = CARTESIAN_POINT('',(3.15000000005,-2.135545902747,41.51715695039
    ));
#2162 = CARTESIAN_POINT('',(3.15000000005,-1.806377019028,
    41.976377019028));
#2163 = CARTESIAN_POINT('',(3.150000000051,-1.34715695039,
    42.305545902747));
#2164 = CARTESIAN_POINT('',(3.150000000051,-0.823596378633,42.47));
#2165 = CARTESIAN_POINT('',(3.150000000051,-0.3,42.47));
#2166 = ADVANCED_FACE('',(#2167),#2186,.T.);
#2167 = FACE_BOUND('',#2168,.T.);
#2168 = EDGE_LOOP('',(#2169,#2178,#2184,#2185));
#2169 = ORIENTED_EDGE('',*,*,#2170,.T.);
#2170 = EDGE_CURVE('',#1098,#2171,#2173,.T.);
#2171 = VERTEX_POINT('',#2172);
#2172 = CARTESIAN_POINT('',(3.150000000001,-2.3,21.969999999997));
#2173 = CIRCLE('',#2174,0.5);
#2174 = AXIS2_PLACEMENT_3D('',#2175,#2176,#2177);
#2175 = CARTESIAN_POINT('',(3.150000000001,-1.8,21.969999999997));
#2176 = DIRECTION('',(2.50983E-12,-0.,1.));
#2177 = DIRECTION('',(1.,0.,-2.50983E-12));
#2178 = ORIENTED_EDGE('',*,*,#2179,.T.);
#2179 = EDGE_CURVE('',#2171,#2125,#2180,.T.);
#2180 = LINE('',#2181,#2182);
#2181 = CARTESIAN_POINT('',(3.150000000001,-2.3,21.969999999997));
#2182 = VECTOR('',#2183,1.);
#2183 = DIRECTION('',(2.50726E-12,2.2E-16,1.));
#2184 = ORIENTED_EDGE('',*,*,#2124,.F.);
#2185 = ORIENTED_EDGE('',*,*,#1105,.F.);
#2186 = CYLINDRICAL_SURFACE('',#2187,0.5);
#2187 = AXIS2_PLACEMENT_3D('',#2188,#2189,#2190);
#2188 = CARTESIAN_POINT('',(3.150000000001,-1.8,21.969999999997));
#2189 = DIRECTION('',(2.50726E-12,2.2E-16,1.));
#2190 = DIRECTION('',(-1.,0.,2.50726E-12));
#2191 = ADVANCED_FACE('',(#2192),#2204,.T.);
#2192 = FACE_BOUND('',#2193,.F.);
#2193 = EDGE_LOOP('',(#2194,#2195,#2196,#2203));
#2194 = ORIENTED_EDGE('',*,*,#1141,.F.);
#2195 = ORIENTED_EDGE('',*,*,#2100,.T.);
#2196 = ORIENTED_EDGE('',*,*,#2197,.T.);
#2197 = EDGE_CURVE('',#2101,#1191,#2198,.T.);
#2198 = CIRCLE('',#2199,0.5);
#2199 = AXIS2_PLACEMENT_3D('',#2200,#2201,#2202);
#2200 = CARTESIAN_POINT('',(-41.15,-1.8,40.47));
#2201 = DIRECTION('',(0.,3.49E-15,-1.));
#2202 = DIRECTION('',(0.,-1.,-3.49E-15));
#2203 = ORIENTED_EDGE('',*,*,#1198,.F.);
#2204 = TOROIDAL_SURFACE('',#2205,1.5,0.5);
#2205 = AXIS2_PLACEMENT_3D('',#2206,#2207,#2208);
#2206 = CARTESIAN_POINT('',(-41.15,-0.3,40.47));
#2207 = DIRECTION('',(-1.,0.,0.));
#2208 = DIRECTION('',(0.,-3.55E-15,1.));
#2209 = ADVANCED_FACE('',(#2210),#2229,.T.);
#2210 = FACE_BOUND('',#2211,.T.);
#2211 = EDGE_LOOP('',(#2212,#2213,#2214,#2223));
#2212 = ORIENTED_EDGE('',*,*,#2197,.T.);
#2213 = ORIENTED_EDGE('',*,*,#1190,.T.);
#2214 = ORIENTED_EDGE('',*,*,#2215,.F.);
#2215 = EDGE_CURVE('',#2216,#1183,#2218,.T.);
#2216 = VERTEX_POINT('',#2217);
#2217 = CARTESIAN_POINT('',(-41.15,-2.3,21.47));
#2218 = CIRCLE('',#2219,0.5);
#2219 = AXIS2_PLACEMENT_3D('',#2220,#2221,#2222);
#2220 = CARTESIAN_POINT('',(-41.15,-1.8,21.47));
#2221 = DIRECTION('',(-0.,-2.2E-16,-1.));
#2222 = DIRECTION('',(0.,-1.,2.2E-16));
#2223 = ORIENTED_EDGE('',*,*,#2224,.F.);
#2224 = EDGE_CURVE('',#2101,#2216,#2225,.T.);
#2225 = LINE('',#2226,#2227);
#2226 = CARTESIAN_POINT('',(-41.15,-2.3,40.47));
#2227 = VECTOR('',#2228,1.);
#2228 = DIRECTION('',(-0.,-2.2E-16,-1.));
#2229 = CYLINDRICAL_SURFACE('',#2230,0.5);
#2230 = AXIS2_PLACEMENT_3D('',#2231,#2232,#2233);
#2231 = CARTESIAN_POINT('',(-41.15,-1.8,40.47));
#2232 = DIRECTION('',(-0.,-2.2E-16,-1.));
#2233 = DIRECTION('',(0.,-1.,2.2E-16));
#2234 = ADVANCED_FACE('',(#2235),#2254,.T.);
#2235 = FACE_BOUND('',#2236,.T.);
#2236 = EDGE_LOOP('',(#2237,#2238,#2239,#2247));
#2237 = ORIENTED_EDGE('',*,*,#1214,.F.);
#2238 = ORIENTED_EDGE('',*,*,#2133,.F.);
#2239 = ORIENTED_EDGE('',*,*,#2240,.T.);
#2240 = EDGE_CURVE('',#2125,#2241,#2243,.T.);
#2241 = VERTEX_POINT('',#2242);
#2242 = CARTESIAN_POINT('',(4.150000000052,-2.3,40.47));
#2243 = LINE('',#2244,#2245);
#2244 = CARTESIAN_POINT('',(2.650000000053,-2.3,40.47));
#2245 = VECTOR('',#2246,1.);
#2246 = DIRECTION('',(1.,0.,0.));
#2247 = ORIENTED_EDGE('',*,*,#2248,.T.);
#2248 = EDGE_CURVE('',#2241,#1215,#2249,.T.);
#2249 = CIRCLE('',#2250,2.);
#2250 = AXIS2_PLACEMENT_3D('',#2251,#2252,#2253);
#2251 = CARTESIAN_POINT('',(4.150000000052,-0.3,40.47));
#2252 = DIRECTION('',(-1.,0.,0.));
#2253 = DIRECTION('',(0.,-1.,3.55E-15));
#2254 = CYLINDRICAL_SURFACE('',#2255,2.);
#2255 = AXIS2_PLACEMENT_3D('',#2256,#2257,#2258);
#2256 = CARTESIAN_POINT('',(2.650000000053,-0.3,40.47));
#2257 = DIRECTION('',(1.,0.,0.));
#2258 = DIRECTION('',(0.,2.2E-16,1.));
#2259 = ADVANCED_FACE('',(#2260),#2280,.T.);
#2260 = FACE_BOUND('',#2261,.F.);
#2261 = EDGE_LOOP('',(#2262,#2263,#2272,#2279));
#2262 = ORIENTED_EDGE('',*,*,#2215,.F.);
#2263 = ORIENTED_EDGE('',*,*,#2264,.T.);
#2264 = EDGE_CURVE('',#2216,#2265,#2267,.T.);
#2265 = VERTEX_POINT('',#2266);
#2266 = CARTESIAN_POINT('',(-39.65,-2.3,19.97));
#2267 = CIRCLE('',#2268,1.5);
#2268 = AXIS2_PLACEMENT_3D('',#2269,#2270,#2271);
#2269 = CARTESIAN_POINT('',(-39.65,-2.3,21.47));
#2270 = DIRECTION('',(-0.,-1.,0.));
#2271 = DIRECTION('',(-1.,0.,5.33E-15));
#2272 = ORIENTED_EDGE('',*,*,#2273,.T.);
#2273 = EDGE_CURVE('',#2265,#1240,#2274,.T.);
#2274 = CIRCLE('',#2275,0.5);
#2275 = AXIS2_PLACEMENT_3D('',#2276,#2277,#2278);
#2276 = CARTESIAN_POINT('',(-39.65,-1.8,19.97));
#2277 = DIRECTION('',(1.,0.,-5.39E-15));
#2278 = DIRECTION('',(-5.39E-15,0.,-1.));
#2279 = ORIENTED_EDGE('',*,*,#1247,.F.);
#2280 = TOROIDAL_SURFACE('',#2281,1.5,0.5);
#2281 = AXIS2_PLACEMENT_3D('',#2282,#2283,#2284);
#2282 = CARTESIAN_POINT('',(-39.65,-1.8,21.47));
#2283 = DIRECTION('',(0.,1.,0.));
#2284 = DIRECTION('',(-1.,0.,5.33E-15));
#2285 = ADVANCED_FACE('',(#2286),#2298,.T.);
#2286 = FACE_BOUND('',#2287,.F.);
#2287 = EDGE_LOOP('',(#2288,#2295,#2296,#2297));
#2288 = ORIENTED_EDGE('',*,*,#2289,.F.);
#2289 = EDGE_CURVE('',#2241,#1368,#2290,.T.);
#2290 = CIRCLE('',#2291,0.5);
#2291 = AXIS2_PLACEMENT_3D('',#2292,#2293,#2294);
#2292 = CARTESIAN_POINT('',(4.150000000052,-1.8,40.47));
#2293 = DIRECTION('',(-0.,2.2E-16,1.));
#2294 = DIRECTION('',(0.,-1.,2.2E-16));
#2295 = ORIENTED_EDGE('',*,*,#2248,.T.);
#2296 = ORIENTED_EDGE('',*,*,#1263,.T.);
#2297 = ORIENTED_EDGE('',*,*,#1367,.F.);
#2298 = TOROIDAL_SURFACE('',#2299,1.5,0.5);
#2299 = AXIS2_PLACEMENT_3D('',#2300,#2301,#2302);
#2300 = CARTESIAN_POINT('',(4.150000000052,-0.3,40.47));
#2301 = DIRECTION('',(1.,0.,0.));
#2302 = DIRECTION('',(0.,-1.,3.55E-15));
#2303 = ADVANCED_FACE('',(#2304),#2323,.T.);
#2304 = FACE_BOUND('',#2305,.T.);
#2305 = EDGE_LOOP('',(#2306,#2307,#2308,#2317));
#2306 = ORIENTED_EDGE('',*,*,#2273,.T.);
#2307 = ORIENTED_EDGE('',*,*,#1295,.T.);
#2308 = ORIENTED_EDGE('',*,*,#2309,.F.);
#2309 = EDGE_CURVE('',#2310,#1288,#2312,.T.);
#2310 = VERTEX_POINT('',#2311);
#2311 = CARTESIAN_POINT('',(2.650000000052,-2.3,19.97));
#2312 = CIRCLE('',#2313,0.5);
#2313 = AXIS2_PLACEMENT_3D('',#2314,#2315,#2316);
#2314 = CARTESIAN_POINT('',(2.650000000052,-1.8,19.97));
#2315 = DIRECTION('',(1.,0.,0.));
#2316 = DIRECTION('',(0.,-1.,0.));
#2317 = ORIENTED_EDGE('',*,*,#2318,.F.);
#2318 = EDGE_CURVE('',#2265,#2310,#2319,.T.);
#2319 = LINE('',#2320,#2321);
#2320 = CARTESIAN_POINT('',(-39.65,-2.3,19.97));
#2321 = VECTOR('',#2322,1.);
#2322 = DIRECTION('',(1.,0.,0.));
#2323 = CYLINDRICAL_SURFACE('',#2324,0.5);
#2324 = AXIS2_PLACEMENT_3D('',#2325,#2326,#2327);
#2325 = CARTESIAN_POINT('',(-39.65,-1.8,19.97));
#2326 = DIRECTION('',(1.,0.,0.));
#2327 = DIRECTION('',(0.,-1.,0.));
#2328 = ADVANCED_FACE('',(#2329),#2348,.T.);
#2329 = FACE_BOUND('',#2330,.T.);
#2330 = EDGE_LOOP('',(#2331,#2340,#2341,#2342));
#2331 = ORIENTED_EDGE('',*,*,#2332,.T.);
#2332 = EDGE_CURVE('',#2333,#1377,#2335,.T.);
#2333 = VERTEX_POINT('',#2334);
#2334 = CARTESIAN_POINT('',(4.150000000052,-2.3,21.47));
#2335 = CIRCLE('',#2336,0.5);
#2336 = AXIS2_PLACEMENT_3D('',#2337,#2338,#2339);
#2337 = CARTESIAN_POINT('',(4.150000000052,-1.8,21.47));
#2338 = DIRECTION('',(-6.E-16,0.,1.));
#2339 = DIRECTION('',(1.,0.,6.E-16));
#2340 = ORIENTED_EDGE('',*,*,#1376,.T.);
#2341 = ORIENTED_EDGE('',*,*,#2289,.F.);
#2342 = ORIENTED_EDGE('',*,*,#2343,.F.);
#2343 = EDGE_CURVE('',#2333,#2241,#2344,.T.);
#2344 = LINE('',#2345,#2346);
#2345 = CARTESIAN_POINT('',(4.150000000052,-2.3,21.47));
#2346 = VECTOR('',#2347,1.);
#2347 = DIRECTION('',(0.,2.2E-16,1.));
#2348 = CYLINDRICAL_SURFACE('',#2349,0.5);
#2349 = AXIS2_PLACEMENT_3D('',#2350,#2351,#2352);
#2350 = CARTESIAN_POINT('',(4.150000000052,-1.8,21.47));
#2351 = DIRECTION('',(0.,2.2E-16,1.));
#2352 = DIRECTION('',(0.,-1.,2.2E-16));
#2353 = ADVANCED_FACE('',(#2354),#2366,.T.);
#2354 = FACE_BOUND('',#2355,.F.);
#2355 = EDGE_LOOP('',(#2356,#2357,#2364,#2365));
#2356 = ORIENTED_EDGE('',*,*,#2309,.F.);
#2357 = ORIENTED_EDGE('',*,*,#2358,.T.);
#2358 = EDGE_CURVE('',#2310,#2333,#2359,.T.);
#2359 = CIRCLE('',#2360,1.5);
#2360 = AXIS2_PLACEMENT_3D('',#2361,#2362,#2363);
#2361 = CARTESIAN_POINT('',(2.650000000052,-2.3,21.47));
#2362 = DIRECTION('',(0.,-1.,0.));
#2363 = DIRECTION('',(6.7E-16,0.,-1.));
#2364 = ORIENTED_EDGE('',*,*,#2332,.T.);
#2365 = ORIENTED_EDGE('',*,*,#1402,.F.);
#2366 = TOROIDAL_SURFACE('',#2367,1.5,0.5);
#2367 = AXIS2_PLACEMENT_3D('',#2368,#2369,#2370);
#2368 = CARTESIAN_POINT('',(2.650000000052,-1.8,21.47));
#2369 = DIRECTION('',(0.,1.,0.));
#2370 = DIRECTION('',(6.7E-16,0.,-1.));
#2371 = ADVANCED_FACE('',(#2372),#2384,.T.);
#2372 = FACE_BOUND('',#2373,.F.);
#2373 = EDGE_LOOP('',(#2374,#2375,#2376,#2383));
#2374 = ORIENTED_EDGE('',*,*,#1419,.T.);
#2375 = ORIENTED_EDGE('',*,*,#1592,.T.);
#2376 = ORIENTED_EDGE('',*,*,#2377,.F.);
#2377 = EDGE_CURVE('',#1471,#1593,#2378,.T.);
#2378 = CIRCLE('',#2379,1.);
#2379 = AXIS2_PLACEMENT_3D('',#2380,#2381,#2382);
#2380 = CARTESIAN_POINT('',(-101.,3.,-59.));
#2381 = DIRECTION('',(-0.,1.,0.));
#2382 = DIRECTION('',(1.,0.,0.));
#2383 = ORIENTED_EDGE('',*,*,#1470,.F.);
#2384 = CYLINDRICAL_SURFACE('',#2385,1.);
#2385 = AXIS2_PLACEMENT_3D('',#2386,#2387,#2388);
#2386 = CARTESIAN_POINT('',(-101.,37.,-59.));
#2387 = DIRECTION('',(-0.,-1.,-0.));
#2388 = DIRECTION('',(1.,0.,0.));
#2389 = ADVANCED_FACE('',(#2390),#2402,.T.);
#2390 = FACE_BOUND('',#2391,.F.);
#2391 = EDGE_LOOP('',(#2392,#2399,#2400,#2401));
#2392 = ORIENTED_EDGE('',*,*,#2393,.T.);
#2393 = EDGE_CURVE('',#1496,#1717,#2394,.T.);
#2394 = CIRCLE('',#2395,1.);
#2395 = AXIS2_PLACEMENT_3D('',#2396,#2397,#2398);
#2396 = CARTESIAN_POINT('',(-101.,3.,59.));
#2397 = DIRECTION('',(-0.,-1.,-6.E-17));
#2398 = DIRECTION('',(0.,-6.E-17,1.));
#2399 = ORIENTED_EDGE('',*,*,#1724,.T.);
#2400 = ORIENTED_EDGE('',*,*,#1443,.F.);
#2401 = ORIENTED_EDGE('',*,*,#1504,.F.);
#2402 = CYLINDRICAL_SURFACE('',#2403,1.);
#2403 = AXIS2_PLACEMENT_3D('',#2404,#2405,#2406);
#2404 = CARTESIAN_POINT('',(-101.,3.,59.));
#2405 = DIRECTION('',(0.,1.,0.));
#2406 = DIRECTION('',(1.,0.,0.));
#2407 = ADVANCED_FACE('',(#2408),#2428,.T.);
#2408 = FACE_BOUND('',#2409,.T.);
#2409 = EDGE_LOOP('',(#2410,#2411,#2412,#2421));
#2410 = ORIENTED_EDGE('',*,*,#2377,.F.);
#2411 = ORIENTED_EDGE('',*,*,#1478,.T.);
#2412 = ORIENTED_EDGE('',*,*,#2413,.T.);
#2413 = EDGE_CURVE('',#1479,#2414,#2416,.T.);
#2414 = VERTEX_POINT('',#2415);
#2415 = CARTESIAN_POINT('',(-101.,0.,-57.));
#2416 = CIRCLE('',#2417,1.);
#2417 = AXIS2_PLACEMENT_3D('',#2418,#2419,#2420);
#2418 = CARTESIAN_POINT('',(-101.,1.,-57.));
#2419 = DIRECTION('',(0.,6.E-17,-1.));
#2420 = DIRECTION('',(0.,-1.,-6.E-17));
#2421 = ORIENTED_EDGE('',*,*,#2422,.F.);
#2422 = EDGE_CURVE('',#1593,#2414,#2423,.T.);
#2423 = CIRCLE('',#2424,3.);
#2424 = AXIS2_PLACEMENT_3D('',#2425,#2426,#2427);
#2425 = CARTESIAN_POINT('',(-101.,3.,-57.));
#2426 = DIRECTION('',(-1.,0.,0.));
#2427 = DIRECTION('',(0.,0.,-1.));
#2428 = TOROIDAL_SURFACE('',#2429,2.,1.);
#2429 = AXIS2_PLACEMENT_3D('',#2430,#2431,#2432);
#2430 = CARTESIAN_POINT('',(-101.,3.,-57.));
#2431 = DIRECTION('',(-1.,0.,0.));
#2432 = DIRECTION('',(0.,0.,-1.));
#2433 = ADVANCED_FACE('',(#2434),#2454,.T.);
#2434 = FACE_BOUND('',#2435,.T.);
#2435 = EDGE_LOOP('',(#2436,#2445,#2446,#2447));
#2436 = ORIENTED_EDGE('',*,*,#2437,.F.);
#2437 = EDGE_CURVE('',#1488,#2438,#2440,.T.);
#2438 = VERTEX_POINT('',#2439);
#2439 = CARTESIAN_POINT('',(-101.,0.,57.));
#2440 = CIRCLE('',#2441,1.);
#2441 = AXIS2_PLACEMENT_3D('',#2442,#2443,#2444);
#2442 = CARTESIAN_POINT('',(-101.,1.,57.));
#2443 = DIRECTION('',(0.,0.,-1.));
#2444 = DIRECTION('',(1.,0.,0.));
#2445 = ORIENTED_EDGE('',*,*,#1495,.T.);
#2446 = ORIENTED_EDGE('',*,*,#2393,.T.);
#2447 = ORIENTED_EDGE('',*,*,#2448,.F.);
#2448 = EDGE_CURVE('',#2438,#1717,#2449,.T.);
#2449 = CIRCLE('',#2450,3.);
#2450 = AXIS2_PLACEMENT_3D('',#2451,#2452,#2453);
#2451 = CARTESIAN_POINT('',(-101.,3.,57.));
#2452 = DIRECTION('',(-1.,0.,0.));
#2453 = DIRECTION('',(0.,-1.,0.));
#2454 = TOROIDAL_SURFACE('',#2455,2.,1.);
#2455 = AXIS2_PLACEMENT_3D('',#2456,#2457,#2458);
#2456 = CARTESIAN_POINT('',(-101.,3.,57.));
#2457 = DIRECTION('',(-1.,0.,0.));
#2458 = DIRECTION('',(0.,-1.,0.));
#2459 = ADVANCED_FACE('',(#2460),#2471,.T.);
#2460 = FACE_BOUND('',#2461,.F.);
#2461 = EDGE_LOOP('',(#2462,#2463,#2469,#2470));
#2462 = ORIENTED_EDGE('',*,*,#2413,.T.);
#2463 = ORIENTED_EDGE('',*,*,#2464,.T.);
#2464 = EDGE_CURVE('',#2414,#2438,#2465,.T.);
#2465 = LINE('',#2466,#2467);
#2466 = CARTESIAN_POINT('',(-101.,-2.2E-16,-57.));
#2467 = VECTOR('',#2468,1.);
#2468 = DIRECTION('',(0.,0.,1.));
#2469 = ORIENTED_EDGE('',*,*,#2437,.F.);
#2470 = ORIENTED_EDGE('',*,*,#1487,.F.);
#2471 = CYLINDRICAL_SURFACE('',#2472,1.);
#2472 = AXIS2_PLACEMENT_3D('',#2473,#2474,#2475);
#2473 = CARTESIAN_POINT('',(-101.,1.,-57.));
#2474 = DIRECTION('',(0.,0.,1.));
#2475 = DIRECTION('',(1.,0.,0.));
#2476 = ADVANCED_FACE('',(#2477),#2496,.F.);
#2477 = FACE_BOUND('',#2478,.F.);
#2478 = EDGE_LOOP('',(#2479,#2488,#2494,#2495));
#2479 = ORIENTED_EDGE('',*,*,#2480,.F.);
#2480 = EDGE_CURVE('',#2481,#2481,#2483,.T.);
#2481 = VERTEX_POINT('',#2482);
#2482 = CARTESIAN_POINT('',(-110.,17.,50.));
#2483 = CIRCLE('',#2484,3.);
#2484 = AXIS2_PLACEMENT_3D('',#2485,#2486,#2487);
#2485 = CARTESIAN_POINT('',(-110.,20.,50.));
#2486 = DIRECTION('',(-1.,0.,0.));
#2487 = DIRECTION('',(0.,-1.,0.));
#2488 = ORIENTED_EDGE('',*,*,#2489,.T.);
#2489 = EDGE_CURVE('',#2481,#1513,#2490,.T.);
#2490 = LINE('',#2491,#2492);
#2491 = CARTESIAN_POINT('',(-110.,17.,50.));
#2492 = VECTOR('',#2493,1.);
#2493 = DIRECTION('',(1.,0.,0.));
#2494 = ORIENTED_EDGE('',*,*,#1512,.T.);
#2495 = ORIENTED_EDGE('',*,*,#2489,.F.);
#2496 = CYLINDRICAL_SURFACE('',#2497,3.);
#2497 = AXIS2_PLACEMENT_3D('',#2498,#2499,#2500);
#2498 = CARTESIAN_POINT('',(-110.,20.,50.));
#2499 = DIRECTION('',(-1.,0.,0.));
#2500 = DIRECTION('',(0.,-1.,0.));
#2501 = ADVANCED_FACE('',(#2502),#2521,.F.);
#2502 = FACE_BOUND('',#2503,.F.);
#2503 = EDGE_LOOP('',(#2504,#2513,#2519,#2520));
#2504 = ORIENTED_EDGE('',*,*,#2505,.F.);
#2505 = EDGE_CURVE('',#2506,#2506,#2508,.T.);
#2506 = VERTEX_POINT('',#2507);
#2507 = CARTESIAN_POINT('',(-110.,17.,-50.));
#2508 = CIRCLE('',#2509,3.);
#2509 = AXIS2_PLACEMENT_3D('',#2510,#2511,#2512);
#2510 = CARTESIAN_POINT('',(-110.,20.,-50.));
#2511 = DIRECTION('',(-1.,0.,0.));
#2512 = DIRECTION('',(0.,-1.,0.));
#2513 = ORIENTED_EDGE('',*,*,#2514,.T.);
#2514 = EDGE_CURVE('',#2506,#1524,#2515,.T.);
#2515 = LINE('',#2516,#2517);
#2516 = CARTESIAN_POINT('',(-110.,17.,-50.));
#2517 = VECTOR('',#2518,1.);
#2518 = DIRECTION('',(1.,0.,0.));
#2519 = ORIENTED_EDGE('',*,*,#1523,.T.);
#2520 = ORIENTED_EDGE('',*,*,#2514,.F.);
#2521 = CYLINDRICAL_SURFACE('',#2522,3.);
#2522 = AXIS2_PLACEMENT_3D('',#2523,#2524,#2525);
#2523 = CARTESIAN_POINT('',(-110.,20.,-50.));
#2524 = DIRECTION('',(-1.,0.,0.));
#2525 = DIRECTION('',(0.,-1.,0.));
#2526 = ADVANCED_FACE('',(#2527),#2545,.T.);
#2527 = FACE_BOUND('',#2528,.F.);
#2528 = EDGE_LOOP('',(#2529,#2530,#2537,#2538));
#2529 = ORIENTED_EDGE('',*,*,#1877,.F.);
#2530 = ORIENTED_EDGE('',*,*,#2531,.F.);
#2531 = EDGE_CURVE('',#1543,#1852,#2532,.T.);
#2532 = CIRCLE('',#2533,1.);
#2533 = AXIS2_PLACEMENT_3D('',#2534,#2535,#2536);
#2534 = CARTESIAN_POINT('',(-107.,49.,-59.));
#2535 = DIRECTION('',(1.,-0.,0.));
#2536 = DIRECTION('',(0.,0.,-1.));
#2537 = ORIENTED_EDGE('',*,*,#1540,.F.);
#2538 = ORIENTED_EDGE('',*,*,#2539,.T.);
#2539 = EDGE_CURVE('',#1541,#1870,#2540,.T.);
#2540 = CIRCLE('',#2541,1.);
#2541 = AXIS2_PLACEMENT_3D('',#2542,#2543,#2544);
#2542 = CARTESIAN_POINT('',(107.,49.,-59.));
#2543 = DIRECTION('',(1.,-2.2E-16,2.2E-16));
#2544 = DIRECTION('',(2.2E-16,0.,-1.));
#2545 = CYLINDRICAL_SURFACE('',#2546,1.);
#2546 = AXIS2_PLACEMENT_3D('',#2547,#2548,#2549);
#2547 = CARTESIAN_POINT('',(0.,49.,-59.));
#2548 = DIRECTION('',(-1.,-0.,-0.));
#2549 = DIRECTION('',(0.,0.,-1.));
#2550 = ADVANCED_FACE('',(#2551),#2571,.T.);
#2551 = FACE_BOUND('',#2552,.F.);
#2552 = EDGE_LOOP('',(#2553,#2554,#2555,#2564));
#2553 = ORIENTED_EDGE('',*,*,#2539,.F.);
#2554 = ORIENTED_EDGE('',*,*,#1550,.T.);
#2555 = ORIENTED_EDGE('',*,*,#2556,.T.);
#2556 = EDGE_CURVE('',#1551,#2557,#2559,.T.);
#2557 = VERTEX_POINT('',#2558);
#2558 = CARTESIAN_POINT('',(110.,47.,-59.));
#2559 = CIRCLE('',#2560,1.);
#2560 = AXIS2_PLACEMENT_3D('',#2561,#2562,#2563);
#2561 = CARTESIAN_POINT('',(109.,47.,-59.));
#2562 = DIRECTION('',(-1.6E-16,-1.,0.));
#2563 = DIRECTION('',(1.,-1.6E-16,2.2E-16));
#2564 = ORIENTED_EDGE('',*,*,#2565,.F.);
#2565 = EDGE_CURVE('',#1870,#2557,#2566,.T.);
#2566 = CIRCLE('',#2567,3.);
#2567 = AXIS2_PLACEMENT_3D('',#2568,#2569,#2570);
#2568 = CARTESIAN_POINT('',(107.,47.,-59.));
#2569 = DIRECTION('',(2.2E-16,0.,-1.));
#2570 = DIRECTION('',(2.2E-16,1.,4.84E-32));
#2571 = TOROIDAL_SURFACE('',#2572,2.,1.);
#2572 = AXIS2_PLACEMENT_3D('',#2573,#2574,#2575);
#2573 = CARTESIAN_POINT('',(107.,47.,-59.));
#2574 = DIRECTION('',(-2.2E-16,0.,1.));
#2575 = DIRECTION('',(2.2E-16,1.,4.84E-32));
#2576 = ADVANCED_FACE('',(#2577),#2597,.T.);
#2577 = FACE_BOUND('',#2578,.T.);
#2578 = EDGE_LOOP('',(#2579,#2580,#2581,#2590));
#2579 = ORIENTED_EDGE('',*,*,#2531,.F.);
#2580 = ORIENTED_EDGE('',*,*,#1616,.T.);
#2581 = ORIENTED_EDGE('',*,*,#2582,.T.);
#2582 = EDGE_CURVE('',#1609,#2583,#2585,.T.);
#2583 = VERTEX_POINT('',#2584);
#2584 = CARTESIAN_POINT('',(-110.,47.,-59.));
#2585 = CIRCLE('',#2586,1.);
#2586 = AXIS2_PLACEMENT_3D('',#2587,#2588,#2589);
#2587 = CARTESIAN_POINT('',(-109.,47.,-59.));
#2588 = DIRECTION('',(6.E-17,1.,-0.));
#2589 = DIRECTION('',(-1.,6.E-17,0.));
#2590 = ORIENTED_EDGE('',*,*,#2591,.F.);
#2591 = EDGE_CURVE('',#1852,#2583,#2592,.T.);
#2592 = CIRCLE('',#2593,3.);
#2593 = AXIS2_PLACEMENT_3D('',#2594,#2595,#2596);
#2594 = CARTESIAN_POINT('',(-107.,47.,-59.));
#2595 = DIRECTION('',(0.,-0.,1.));
#2596 = DIRECTION('',(0.,1.,0.));
#2597 = TOROIDAL_SURFACE('',#2598,2.,1.);
#2598 = AXIS2_PLACEMENT_3D('',#2599,#2600,#2601);
#2599 = CARTESIAN_POINT('',(-107.,47.,-59.));
#2600 = DIRECTION('',(0.,0.,1.));
#2601 = DIRECTION('',(0.,1.,0.));
#2602 = ADVANCED_FACE('',(#2603),#2622,.T.);
#2603 = FACE_BOUND('',#2604,.T.);
#2604 = EDGE_LOOP('',(#2605,#2606,#2614,#2621));
#2605 = ORIENTED_EDGE('',*,*,#2556,.T.);
#2606 = ORIENTED_EDGE('',*,*,#2607,.T.);
#2607 = EDGE_CURVE('',#2557,#2608,#2610,.T.);
#2608 = VERTEX_POINT('',#2609);
#2609 = CARTESIAN_POINT('',(110.,3.,-59.));
#2610 = LINE('',#2611,#2612);
#2611 = CARTESIAN_POINT('',(110.,47.,-59.));
#2612 = VECTOR('',#2613,1.);
#2613 = DIRECTION('',(-2.2E-16,-1.,-0.));
#2614 = ORIENTED_EDGE('',*,*,#2615,.F.);
#2615 = EDGE_CURVE('',#1560,#2608,#2616,.T.);
#2616 = CIRCLE('',#2617,1.);
#2617 = AXIS2_PLACEMENT_3D('',#2618,#2619,#2620);
#2618 = CARTESIAN_POINT('',(109.,3.,-59.));
#2619 = DIRECTION('',(-2.2E-16,-1.,0.));
#2620 = DIRECTION('',(2.2E-16,-4.84E-32,-1.));
#2621 = ORIENTED_EDGE('',*,*,#1559,.F.);
#2622 = CYLINDRICAL_SURFACE('',#2623,1.);
#2623 = AXIS2_PLACEMENT_3D('',#2624,#2625,#2626);
#2624 = CARTESIAN_POINT('',(109.,47.,-59.));
#2625 = DIRECTION('',(-2.2E-16,-1.,-0.));
#2626 = DIRECTION('',(2.2E-16,-4.84E-32,-1.));
#2627 = ADVANCED_FACE('',(#2628),#2647,.T.);
#2628 = FACE_BOUND('',#2629,.F.);
#2629 = EDGE_LOOP('',(#2630,#2631,#2639,#2646));
#2630 = ORIENTED_EDGE('',*,*,#2582,.T.);
#2631 = ORIENTED_EDGE('',*,*,#2632,.T.);
#2632 = EDGE_CURVE('',#2583,#2633,#2635,.T.);
#2633 = VERTEX_POINT('',#2634);
#2634 = CARTESIAN_POINT('',(-110.,3.,-59.));
#2635 = LINE('',#2636,#2637);
#2636 = CARTESIAN_POINT('',(-110.,47.,-59.));
#2637 = VECTOR('',#2638,1.);
#2638 = DIRECTION('',(-0.,-1.,-0.));
#2639 = ORIENTED_EDGE('',*,*,#2640,.F.);
#2640 = EDGE_CURVE('',#1601,#2633,#2641,.T.);
#2641 = CIRCLE('',#2642,1.);
#2642 = AXIS2_PLACEMENT_3D('',#2643,#2644,#2645);
#2643 = CARTESIAN_POINT('',(-109.,3.,-59.));
#2644 = DIRECTION('',(0.,1.,0.));
#2645 = DIRECTION('',(0.,0.,-1.));
#2646 = ORIENTED_EDGE('',*,*,#1608,.F.);
#2647 = CYLINDRICAL_SURFACE('',#2648,1.);
#2648 = AXIS2_PLACEMENT_3D('',#2649,#2650,#2651);
#2649 = CARTESIAN_POINT('',(-109.,47.,-59.));
#2650 = DIRECTION('',(-0.,-1.,-0.));
#2651 = DIRECTION('',(0.,0.,-1.));
#2652 = ADVANCED_FACE('',(#2653),#2680,.T.);
#2653 = FACE_BOUND('',#2654,.F.);
#2654 = EDGE_LOOP('',(#2655,#2656,#2665,#2673));
#2655 = ORIENTED_EDGE('',*,*,#1567,.F.);
#2656 = ORIENTED_EDGE('',*,*,#2657,.T.);
#2657 = EDGE_CURVE('',#1568,#2658,#2660,.T.);
#2658 = VERTEX_POINT('',#2659);
#2659 = CARTESIAN_POINT('',(101.,-2.2E-14,-57.));
#2660 = CIRCLE('',#2661,3.);
#2661 = AXIS2_PLACEMENT_3D('',#2662,#2663,#2664);
#2662 = CARTESIAN_POINT('',(101.,3.,-57.));
#2663 = DIRECTION('',(-1.,2.2E-16,-2.2E-16));
#2664 = DIRECTION('',(2.2E-16,0.,-1.));
#2665 = ORIENTED_EDGE('',*,*,#2666,.T.);
#2666 = EDGE_CURVE('',#2658,#2667,#2669,.T.);
#2667 = VERTEX_POINT('',#2668);
#2668 = CARTESIAN_POINT('',(109.,-2.4E-14,-57.));
#2669 = LINE('',#2670,#2671);
#2670 = CARTESIAN_POINT('',(100.,-2.264E-14,-57.));
#2671 = VECTOR('',#2672,1.);
#2672 = DIRECTION('',(1.,-2.2E-16,2.2E-16));
#2673 = ORIENTED_EDGE('',*,*,#2674,.F.);
#2674 = EDGE_CURVE('',#1560,#2667,#2675,.T.);
#2675 = CIRCLE('',#2676,3.);
#2676 = AXIS2_PLACEMENT_3D('',#2677,#2678,#2679);
#2677 = CARTESIAN_POINT('',(109.,3.,-57.));
#2678 = DIRECTION('',(-1.,2.2E-16,-2.2E-16));
#2679 = DIRECTION('',(2.2E-16,0.,-1.));
#2680 = CYLINDRICAL_SURFACE('',#2681,3.);
#2681 = AXIS2_PLACEMENT_3D('',#2682,#2683,#2684);
#2682 = CARTESIAN_POINT('',(100.,3.,-57.));
#2683 = DIRECTION('',(1.,-2.2E-16,2.2E-16));
#2684 = DIRECTION('',(2.2E-16,0.,-1.));
#2685 = ADVANCED_FACE('',(#2686),#2705,.T.);
#2686 = FACE_BOUND('',#2687,.T.);
#2687 = EDGE_LOOP('',(#2688,#2689,#2690,#2698));
#2688 = ORIENTED_EDGE('',*,*,#1600,.F.);
#2689 = ORIENTED_EDGE('',*,*,#2422,.T.);
#2690 = ORIENTED_EDGE('',*,*,#2691,.T.);
#2691 = EDGE_CURVE('',#2414,#2692,#2694,.T.);
#2692 = VERTEX_POINT('',#2693);
#2693 = CARTESIAN_POINT('',(-109.,0.,-57.));
#2694 = LINE('',#2695,#2696);
#2695 = CARTESIAN_POINT('',(-100.,-4.4E-16,-57.));
#2696 = VECTOR('',#2697,1.);
#2697 = DIRECTION('',(-1.,0.,0.));
#2698 = ORIENTED_EDGE('',*,*,#2699,.F.);
#2699 = EDGE_CURVE('',#1601,#2692,#2700,.T.);
#2700 = CIRCLE('',#2701,3.);
#2701 = AXIS2_PLACEMENT_3D('',#2702,#2703,#2704);
#2702 = CARTESIAN_POINT('',(-109.,3.,-57.));
#2703 = DIRECTION('',(-1.,0.,0.));
#2704 = DIRECTION('',(0.,0.,-1.));
#2705 = CYLINDRICAL_SURFACE('',#2706,3.);
#2706 = AXIS2_PLACEMENT_3D('',#2707,#2708,#2709);
#2707 = CARTESIAN_POINT('',(-100.,3.,-57.));
#2708 = DIRECTION('',(-1.,0.,0.));
#2709 = DIRECTION('',(0.,0.,-1.));
#2710 = ADVANCED_FACE('',(#2711),#2723,.T.);
#2711 = FACE_BOUND('',#2712,.T.);
#2712 = EDGE_LOOP('',(#2713,#2714,#2715,#2722));
#2713 = ORIENTED_EDGE('',*,*,#1655,.T.);
#2714 = ORIENTED_EDGE('',*,*,#1575,.T.);
#2715 = ORIENTED_EDGE('',*,*,#2716,.F.);
#2716 = EDGE_CURVE('',#1782,#1568,#2717,.T.);
#2717 = CIRCLE('',#2718,1.);
#2718 = AXIS2_PLACEMENT_3D('',#2719,#2720,#2721);
#2719 = CARTESIAN_POINT('',(101.,3.,-59.));
#2720 = DIRECTION('',(-2.2E-16,-1.,0.));
#2721 = DIRECTION('',(-1.,2.2E-16,-2.2E-16));
#2722 = ORIENTED_EDGE('',*,*,#1781,.F.);
#2723 = CYLINDRICAL_SURFACE('',#2724,1.);
#2724 = AXIS2_PLACEMENT_3D('',#2725,#2726,#2727);
#2725 = CARTESIAN_POINT('',(101.,37.,-59.));
#2726 = DIRECTION('',(-2.2E-16,-1.,-0.));
#2727 = DIRECTION('',(-1.,2.2E-16,-2.2E-16));
#2728 = ADVANCED_FACE('',(#2729),#2748,.F.);
#2729 = FACE_BOUND('',#2730,.F.);
#2730 = EDGE_LOOP('',(#2731,#2739,#2746,#2747));
#2731 = ORIENTED_EDGE('',*,*,#2732,.T.);
#2732 = EDGE_CURVE('',#1626,#2733,#2735,.T.);
#2733 = VERTEX_POINT('',#2734);
#2734 = CARTESIAN_POINT('',(8.4,45.,-57.));
#2735 = LINE('',#2736,#2737);
#2736 = CARTESIAN_POINT('',(8.4,45.,-60.));
#2737 = VECTOR('',#2738,1.);
#2738 = DIRECTION('',(0.,0.,1.));
#2739 = ORIENTED_EDGE('',*,*,#2740,.T.);
#2740 = EDGE_CURVE('',#2733,#2733,#2741,.T.);
#2741 = CIRCLE('',#2742,1.4);
#2742 = AXIS2_PLACEMENT_3D('',#2743,#2744,#2745);
#2743 = CARTESIAN_POINT('',(7.,45.,-57.));
#2744 = DIRECTION('',(0.,0.,-1.));
#2745 = DIRECTION('',(1.,0.,0.));
#2746 = ORIENTED_EDGE('',*,*,#2732,.F.);
#2747 = ORIENTED_EDGE('',*,*,#1625,.F.);
#2748 = CYLINDRICAL_SURFACE('',#2749,1.4);
#2749 = AXIS2_PLACEMENT_3D('',#2750,#2751,#2752);
#2750 = CARTESIAN_POINT('',(7.,45.,-60.));
#2751 = DIRECTION('',(0.,0.,-1.));
#2752 = DIRECTION('',(1.,0.,0.));
#2753 = ADVANCED_FACE('',(#2754),#2773,.F.);
#2754 = FACE_BOUND('',#2755,.F.);
#2755 = EDGE_LOOP('',(#2756,#2764,#2771,#2772));
#2756 = ORIENTED_EDGE('',*,*,#2757,.T.);
#2757 = EDGE_CURVE('',#1637,#2758,#2760,.T.);
#2758 = VERTEX_POINT('',#2759);
#2759 = CARTESIAN_POINT('',(-5.6,45.,-57.));
#2760 = LINE('',#2761,#2762);
#2761 = CARTESIAN_POINT('',(-5.6,45.,-60.));
#2762 = VECTOR('',#2763,1.);
#2763 = DIRECTION('',(0.,0.,1.));
#2764 = ORIENTED_EDGE('',*,*,#2765,.T.);
#2765 = EDGE_CURVE('',#2758,#2758,#2766,.T.);
#2766 = CIRCLE('',#2767,1.4);
#2767 = AXIS2_PLACEMENT_3D('',#2768,#2769,#2770);
#2768 = CARTESIAN_POINT('',(-7.,45.,-57.));
#2769 = DIRECTION('',(0.,0.,-1.));
#2770 = DIRECTION('',(1.,0.,0.));
#2771 = ORIENTED_EDGE('',*,*,#2757,.F.);
#2772 = ORIENTED_EDGE('',*,*,#1636,.F.);
#2773 = CYLINDRICAL_SURFACE('',#2774,1.4);
#2774 = AXIS2_PLACEMENT_3D('',#2775,#2776,#2777);
#2775 = CARTESIAN_POINT('',(-7.,45.,-60.));
#2776 = DIRECTION('',(0.,0.,-1.));
#2777 = DIRECTION('',(1.,0.,0.));
#2778 = ADVANCED_FACE('',(#2779),#2791,.T.);
#2779 = FACE_BOUND('',#2780,.T.);
#2780 = EDGE_LOOP('',(#2781,#2788,#2789,#2790));
#2781 = ORIENTED_EDGE('',*,*,#2782,.T.);
#2782 = EDGE_CURVE('',#1807,#1734,#2783,.T.);
#2783 = CIRCLE('',#2784,1.);
#2784 = AXIS2_PLACEMENT_3D('',#2785,#2786,#2787);
#2785 = CARTESIAN_POINT('',(101.,3.,59.));
#2786 = DIRECTION('',(2.2E-16,1.,6.E-17));
#2787 = DIRECTION('',(-2.2E-16,-6.E-17,1.));
#2788 = ORIENTED_EDGE('',*,*,#1733,.T.);
#2789 = ORIENTED_EDGE('',*,*,#1671,.F.);
#2790 = ORIENTED_EDGE('',*,*,#1815,.F.);
#2791 = CYLINDRICAL_SURFACE('',#2792,1.);
#2792 = AXIS2_PLACEMENT_3D('',#2793,#2794,#2795);
#2793 = CARTESIAN_POINT('',(101.,3.,59.));
#2794 = DIRECTION('',(2.2E-16,1.,0.));
#2795 = DIRECTION('',(-1.,2.2E-16,-2.2E-16));
#2796 = ADVANCED_FACE('',(#2797),#2823,.T.);
#2797 = FACE_BOUND('',#2798,.T.);
#2798 = EDGE_LOOP('',(#2799,#2808,#2809,#2816));
#2799 = ORIENTED_EDGE('',*,*,#2800,.F.);
#2800 = EDGE_CURVE('',#1698,#2801,#2803,.T.);
#2801 = VERTEX_POINT('',#2802);
#2802 = CARTESIAN_POINT('',(-110.,47.,59.));
#2803 = CIRCLE('',#2804,1.);
#2804 = AXIS2_PLACEMENT_3D('',#2805,#2806,#2807);
#2805 = CARTESIAN_POINT('',(-109.,47.,59.));
#2806 = DIRECTION('',(0.,-1.,0.));
#2807 = DIRECTION('',(0.,0.,1.));
#2808 = ORIENTED_EDGE('',*,*,#1697,.T.);
#2809 = ORIENTED_EDGE('',*,*,#2810,.T.);
#2810 = EDGE_CURVE('',#1700,#1854,#2811,.T.);
#2811 = CIRCLE('',#2812,1.);
#2812 = AXIS2_PLACEMENT_3D('',#2813,#2814,#2815);
#2813 = CARTESIAN_POINT('',(-107.,49.,59.));
#2814 = DIRECTION('',(-1.,-6.E-17,-0.));
#2815 = DIRECTION('',(-6.E-17,1.,0.));
#2816 = ORIENTED_EDGE('',*,*,#2817,.F.);
#2817 = EDGE_CURVE('',#2801,#1854,#2818,.T.);
#2818 = CIRCLE('',#2819,3.);
#2819 = AXIS2_PLACEMENT_3D('',#2820,#2821,#2822);
#2820 = CARTESIAN_POINT('',(-107.,47.,59.));
#2821 = DIRECTION('',(0.,0.,-1.));
#2822 = DIRECTION('',(-1.,0.,0.));
#2823 = TOROIDAL_SURFACE('',#2824,2.,1.);
#2824 = AXIS2_PLACEMENT_3D('',#2825,#2826,#2827);
#2825 = CARTESIAN_POINT('',(-107.,47.,59.));
#2826 = DIRECTION('',(-0.,-0.,-1.));
#2827 = DIRECTION('',(-1.,0.,0.));
#2828 = ADVANCED_FACE('',(#2829),#2848,.T.);
#2829 = FACE_BOUND('',#2830,.F.);
#2830 = EDGE_LOOP('',(#2831,#2840,#2846,#2847));
#2831 = ORIENTED_EDGE('',*,*,#2832,.T.);
#2832 = EDGE_CURVE('',#1709,#2833,#2835,.T.);
#2833 = VERTEX_POINT('',#2834);
#2834 = CARTESIAN_POINT('',(-110.,3.,59.));
#2835 = CIRCLE('',#2836,1.);
#2836 = AXIS2_PLACEMENT_3D('',#2837,#2838,#2839);
#2837 = CARTESIAN_POINT('',(-109.,3.,59.));
#2838 = DIRECTION('',(-0.,-1.,-6.E-17));
#2839 = DIRECTION('',(0.,-6.E-17,1.));
#2840 = ORIENTED_EDGE('',*,*,#2841,.T.);
#2841 = EDGE_CURVE('',#2833,#2801,#2842,.T.);
#2842 = LINE('',#2843,#2844);
#2843 = CARTESIAN_POINT('',(-110.,3.,59.));
#2844 = VECTOR('',#2845,1.);
#2845 = DIRECTION('',(0.,1.,0.));
#2846 = ORIENTED_EDGE('',*,*,#2800,.F.);
#2847 = ORIENTED_EDGE('',*,*,#1708,.F.);
#2848 = CYLINDRICAL_SURFACE('',#2849,1.);
#2849 = AXIS2_PLACEMENT_3D('',#2850,#2851,#2852);
#2850 = CARTESIAN_POINT('',(-109.,3.,59.));
#2851 = DIRECTION('',(0.,1.,0.));
#2852 = DIRECTION('',(0.,0.,1.));
#2853 = ADVANCED_FACE('',(#2854),#2873,.T.);
#2854 = FACE_BOUND('',#2855,.F.);
#2855 = EDGE_LOOP('',(#2856,#2857,#2858,#2866));
#2856 = ORIENTED_EDGE('',*,*,#1716,.F.);
#2857 = ORIENTED_EDGE('',*,*,#2448,.F.);
#2858 = ORIENTED_EDGE('',*,*,#2859,.T.);
#2859 = EDGE_CURVE('',#2438,#2860,#2862,.T.);
#2860 = VERTEX_POINT('',#2861);
#2861 = CARTESIAN_POINT('',(-109.,0.,57.));
#2862 = LINE('',#2863,#2864);
#2863 = CARTESIAN_POINT('',(-100.,-4.4E-16,57.));
#2864 = VECTOR('',#2865,1.);
#2865 = DIRECTION('',(-1.,0.,0.));
#2866 = ORIENTED_EDGE('',*,*,#2867,.T.);
#2867 = EDGE_CURVE('',#2860,#1709,#2868,.T.);
#2868 = CIRCLE('',#2869,3.);
#2869 = AXIS2_PLACEMENT_3D('',#2870,#2871,#2872);
#2870 = CARTESIAN_POINT('',(-109.,3.,57.));
#2871 = DIRECTION('',(-1.,0.,0.));
#2872 = DIRECTION('',(0.,-1.,0.));
#2873 = CYLINDRICAL_SURFACE('',#2874,3.);
#2874 = AXIS2_PLACEMENT_3D('',#2875,#2876,#2877);
#2875 = CARTESIAN_POINT('',(-100.,3.,57.));
#2876 = DIRECTION('',(-1.,0.,0.));
#2877 = DIRECTION('',(0.,0.,1.));
#2878 = ADVANCED_FACE('',(#2879),#2906,.T.);
#2879 = FACE_BOUND('',#2880,.T.);
#2880 = EDGE_LOOP('',(#2881,#2882,#2891,#2899));
#2881 = ORIENTED_EDGE('',*,*,#1741,.F.);
#2882 = ORIENTED_EDGE('',*,*,#2883,.F.);
#2883 = EDGE_CURVE('',#2884,#1734,#2886,.T.);
#2884 = VERTEX_POINT('',#2885);
#2885 = CARTESIAN_POINT('',(101.,-2.2E-14,57.));
#2886 = CIRCLE('',#2887,3.);
#2887 = AXIS2_PLACEMENT_3D('',#2888,#2889,#2890);
#2888 = CARTESIAN_POINT('',(101.,3.,57.));
#2889 = DIRECTION('',(-1.,2.2E-16,-2.2E-16));
#2890 = DIRECTION('',(-2.2E-16,-1.,0.));
#2891 = ORIENTED_EDGE('',*,*,#2892,.T.);
#2892 = EDGE_CURVE('',#2884,#2893,#2895,.T.);
#2893 = VERTEX_POINT('',#2894);
#2894 = CARTESIAN_POINT('',(109.,-2.4E-14,57.));
#2895 = LINE('',#2896,#2897);
#2896 = CARTESIAN_POINT('',(100.,-2.264E-14,57.));
#2897 = VECTOR('',#2898,1.);
#2898 = DIRECTION('',(1.,-2.2E-16,2.2E-16));
#2899 = ORIENTED_EDGE('',*,*,#2900,.T.);
#2900 = EDGE_CURVE('',#2893,#1742,#2901,.T.);
#2901 = CIRCLE('',#2902,3.);
#2902 = AXIS2_PLACEMENT_3D('',#2903,#2904,#2905);
#2903 = CARTESIAN_POINT('',(109.,3.,57.));
#2904 = DIRECTION('',(-1.,2.2E-16,-2.2E-16));
#2905 = DIRECTION('',(-2.2E-16,-1.,0.));
#2906 = CYLINDRICAL_SURFACE('',#2907,3.);
#2907 = AXIS2_PLACEMENT_3D('',#2908,#2909,#2910);
#2908 = CARTESIAN_POINT('',(100.,3.,57.));
#2909 = DIRECTION('',(1.,-2.2E-16,2.2E-16));
#2910 = DIRECTION('',(-2.2E-16,0.,1.));
#2911 = ADVANCED_FACE('',(#2912),#2939,.T.);
#2912 = FACE_BOUND('',#2913,.T.);
#2913 = EDGE_LOOP('',(#2914,#2923,#2931,#2938));
#2914 = ORIENTED_EDGE('',*,*,#2915,.T.);
#2915 = EDGE_CURVE('',#1742,#2916,#2918,.T.);
#2916 = VERTEX_POINT('',#2917);
#2917 = CARTESIAN_POINT('',(110.,3.,59.));
#2918 = CIRCLE('',#2919,1.);
#2919 = AXIS2_PLACEMENT_3D('',#2920,#2921,#2922);
#2920 = CARTESIAN_POINT('',(109.,3.,59.));
#2921 = DIRECTION('',(2.2E-16,1.,6.E-17));
#2922 = DIRECTION('',(-2.2E-16,-6.E-17,1.));
#2923 = ORIENTED_EDGE('',*,*,#2924,.T.);
#2924 = EDGE_CURVE('',#2916,#2925,#2927,.T.);
#2925 = VERTEX_POINT('',#2926);
#2926 = CARTESIAN_POINT('',(110.,47.,59.));
#2927 = LINE('',#2928,#2929);
#2928 = CARTESIAN_POINT('',(110.,3.,59.));
#2929 = VECTOR('',#2930,1.);
#2930 = DIRECTION('',(2.2E-16,1.,0.));
#2931 = ORIENTED_EDGE('',*,*,#2932,.F.);
#2932 = EDGE_CURVE('',#1750,#2925,#2933,.T.);
#2933 = CIRCLE('',#2934,1.);
#2934 = AXIS2_PLACEMENT_3D('',#2935,#2936,#2937);
#2935 = CARTESIAN_POINT('',(109.,47.,59.));
#2936 = DIRECTION('',(2.2E-16,1.,0.));
#2937 = DIRECTION('',(-2.2E-16,4.84E-32,1.));
#2938 = ORIENTED_EDGE('',*,*,#1749,.F.);
#2939 = CYLINDRICAL_SURFACE('',#2940,1.);
#2940 = AXIS2_PLACEMENT_3D('',#2941,#2942,#2943);
#2941 = CARTESIAN_POINT('',(109.,3.,59.));
#2942 = DIRECTION('',(2.2E-16,1.,0.));
#2943 = DIRECTION('',(-2.2E-16,4.84E-32,1.));
#2944 = ADVANCED_FACE('',(#2945),#2963,.T.);
#2945 = FACE_BOUND('',#2946,.F.);
#2946 = EDGE_LOOP('',(#2947,#2948,#2949,#2956));
#2947 = ORIENTED_EDGE('',*,*,#2932,.F.);
#2948 = ORIENTED_EDGE('',*,*,#1757,.T.);
#2949 = ORIENTED_EDGE('',*,*,#2950,.T.);
#2950 = EDGE_CURVE('',#1758,#1862,#2951,.T.);
#2951 = CIRCLE('',#2952,1.);
#2952 = AXIS2_PLACEMENT_3D('',#2953,#2954,#2955);
#2953 = CARTESIAN_POINT('',(107.,49.,59.));
#2954 = DIRECTION('',(-1.,2.8E-16,-2.2E-16));
#2955 = DIRECTION('',(2.8E-16,1.,0.));
#2956 = ORIENTED_EDGE('',*,*,#2957,.F.);
#2957 = EDGE_CURVE('',#2925,#1862,#2958,.T.);
#2958 = CIRCLE('',#2959,3.);
#2959 = AXIS2_PLACEMENT_3D('',#2960,#2961,#2962);
#2960 = CARTESIAN_POINT('',(107.,47.,59.));
#2961 = DIRECTION('',(-2.2E-16,0.,1.));
#2962 = DIRECTION('',(1.,-2.2E-16,2.2E-16));
#2963 = TOROIDAL_SURFACE('',#2964,2.,1.);
#2964 = AXIS2_PLACEMENT_3D('',#2965,#2966,#2967);
#2965 = CARTESIAN_POINT('',(107.,47.,59.));
#2966 = DIRECTION('',(2.2E-16,0.,-1.));
#2967 = DIRECTION('',(1.,-2.2E-16,2.2E-16));
#2968 = ADVANCED_FACE('',(#2969),#2975,.T.);
#2969 = FACE_BOUND('',#2970,.F.);
#2970 = EDGE_LOOP('',(#2971,#2972,#2973,#2974));
#2971 = ORIENTED_EDGE('',*,*,#2950,.F.);
#2972 = ORIENTED_EDGE('',*,*,#1766,.T.);
#2973 = ORIENTED_EDGE('',*,*,#2810,.T.);
#2974 = ORIENTED_EDGE('',*,*,#1861,.T.);
#2975 = CYLINDRICAL_SURFACE('',#2976,1.);
#2976 = AXIS2_PLACEMENT_3D('',#2977,#2978,#2979);
#2977 = CARTESIAN_POINT('',(-107.,49.,59.));
#2978 = DIRECTION('',(1.,0.,0.));
#2979 = DIRECTION('',(0.,0.,1.));
#2980 = ADVANCED_FACE('',(#2981),#2993,.T.);
#2981 = FACE_BOUND('',#2982,.F.);
#2982 = EDGE_LOOP('',(#2983,#2984,#2985,#2992));
#2983 = ORIENTED_EDGE('',*,*,#2716,.F.);
#2984 = ORIENTED_EDGE('',*,*,#1789,.T.);
#2985 = ORIENTED_EDGE('',*,*,#2986,.T.);
#2986 = EDGE_CURVE('',#1790,#2658,#2987,.T.);
#2987 = CIRCLE('',#2988,1.);
#2988 = AXIS2_PLACEMENT_3D('',#2989,#2990,#2991);
#2989 = CARTESIAN_POINT('',(101.,1.,-57.));
#2990 = DIRECTION('',(-2.2E-16,-6.E-17,1.));
#2991 = DIRECTION('',(-2.2E-16,-1.,-6.E-17));
#2992 = ORIENTED_EDGE('',*,*,#2657,.F.);
#2993 = TOROIDAL_SURFACE('',#2994,2.,1.);
#2994 = AXIS2_PLACEMENT_3D('',#2995,#2996,#2997);
#2995 = CARTESIAN_POINT('',(101.,3.,-57.));
#2996 = DIRECTION('',(1.,-2.2E-16,2.2E-16));
#2997 = DIRECTION('',(2.2E-16,0.,-1.));
#2998 = ADVANCED_FACE('',(#2999),#3011,.T.);
#2999 = FACE_BOUND('',#3000,.F.);
#3000 = EDGE_LOOP('',(#3001,#3008,#3009,#3010));
#3001 = ORIENTED_EDGE('',*,*,#3002,.F.);
#3002 = EDGE_CURVE('',#1799,#2884,#3003,.T.);
#3003 = CIRCLE('',#3004,1.);
#3004 = AXIS2_PLACEMENT_3D('',#3005,#3006,#3007);
#3005 = CARTESIAN_POINT('',(101.,1.,57.));
#3006 = DIRECTION('',(-2.2E-16,0.,1.));
#3007 = DIRECTION('',(-1.,2.2E-16,-2.2E-16));
#3008 = ORIENTED_EDGE('',*,*,#1806,.T.);
#3009 = ORIENTED_EDGE('',*,*,#2782,.T.);
#3010 = ORIENTED_EDGE('',*,*,#2883,.F.);
#3011 = TOROIDAL_SURFACE('',#3012,2.,1.);
#3012 = AXIS2_PLACEMENT_3D('',#3013,#3014,#3015);
#3013 = CARTESIAN_POINT('',(101.,3.,57.));
#3014 = DIRECTION('',(1.,-2.2E-16,2.2E-16));
#3015 = DIRECTION('',(-2.2E-16,-1.,0.));
#3016 = ADVANCED_FACE('',(#3017),#3028,.T.);
#3017 = FACE_BOUND('',#3018,.T.);
#3018 = EDGE_LOOP('',(#3019,#3020,#3026,#3027));
#3019 = ORIENTED_EDGE('',*,*,#2986,.T.);
#3020 = ORIENTED_EDGE('',*,*,#3021,.T.);
#3021 = EDGE_CURVE('',#2658,#2884,#3022,.T.);
#3022 = LINE('',#3023,#3024);
#3023 = CARTESIAN_POINT('',(101.,-2.265E-14,-57.));
#3024 = VECTOR('',#3025,1.);
#3025 = DIRECTION('',(-2.2E-16,0.,1.));
#3026 = ORIENTED_EDGE('',*,*,#3002,.F.);
#3027 = ORIENTED_EDGE('',*,*,#1798,.F.);
#3028 = CYLINDRICAL_SURFACE('',#3029,1.);
#3029 = AXIS2_PLACEMENT_3D('',#3030,#3031,#3032);
#3030 = CARTESIAN_POINT('',(101.,1.,-57.));
#3031 = DIRECTION('',(-2.2E-16,0.,1.));
#3032 = DIRECTION('',(-1.,2.2E-16,-2.2E-16));
#3033 = ADVANCED_FACE('',(#3034),#3053,.F.);
#3034 = FACE_BOUND('',#3035,.T.);
#3035 = EDGE_LOOP('',(#3036,#3045,#3051,#3052));
#3036 = ORIENTED_EDGE('',*,*,#3037,.F.);
#3037 = EDGE_CURVE('',#3038,#3038,#3040,.T.);
#3038 = VERTEX_POINT('',#3039);
#3039 = CARTESIAN_POINT('',(110.,17.,50.));
#3040 = CIRCLE('',#3041,3.);
#3041 = AXIS2_PLACEMENT_3D('',#3042,#3043,#3044);
#3042 = CARTESIAN_POINT('',(110.,20.,50.));
#3043 = DIRECTION('',(-1.,2.2E-16,-2.2E-16));
#3044 = DIRECTION('',(-2.2E-16,-1.,0.));
#3045 = ORIENTED_EDGE('',*,*,#3046,.T.);
#3046 = EDGE_CURVE('',#3038,#1824,#3047,.T.);
#3047 = LINE('',#3048,#3049);
#3048 = CARTESIAN_POINT('',(110.,17.,50.));
#3049 = VECTOR('',#3050,1.);
#3050 = DIRECTION('',(-1.,2.2E-16,-2.2E-16));
#3051 = ORIENTED_EDGE('',*,*,#1823,.T.);
#3052 = ORIENTED_EDGE('',*,*,#3046,.F.);
#3053 = CYLINDRICAL_SURFACE('',#3054,3.);
#3054 = AXIS2_PLACEMENT_3D('',#3055,#3056,#3057);
#3055 = CARTESIAN_POINT('',(110.,20.,50.));
#3056 = DIRECTION('',(1.,-2.2E-16,2.2E-16));
#3057 = DIRECTION('',(-2.2E-16,-1.,0.));
#3058 = ADVANCED_FACE('',(#3059),#3078,.F.);
#3059 = FACE_BOUND('',#3060,.T.);
#3060 = EDGE_LOOP('',(#3061,#3070,#3076,#3077));
#3061 = ORIENTED_EDGE('',*,*,#3062,.F.);
#3062 = EDGE_CURVE('',#3063,#3063,#3065,.T.);
#3063 = VERTEX_POINT('',#3064);
#3064 = CARTESIAN_POINT('',(110.,17.,-50.));
#3065 = CIRCLE('',#3066,3.);
#3066 = AXIS2_PLACEMENT_3D('',#3067,#3068,#3069);
#3067 = CARTESIAN_POINT('',(110.,20.,-50.));
#3068 = DIRECTION('',(-1.,2.2E-16,-2.2E-16));
#3069 = DIRECTION('',(-2.2E-16,-1.,0.));
#3070 = ORIENTED_EDGE('',*,*,#3071,.T.);
#3071 = EDGE_CURVE('',#3063,#1835,#3072,.T.);
#3072 = LINE('',#3073,#3074);
#3073 = CARTESIAN_POINT('',(110.,17.,-50.));
#3074 = VECTOR('',#3075,1.);
#3075 = DIRECTION('',(-1.,2.2E-16,-2.2E-16));
#3076 = ORIENTED_EDGE('',*,*,#1834,.T.);
#3077 = ORIENTED_EDGE('',*,*,#3071,.F.);
#3078 = CYLINDRICAL_SURFACE('',#3079,3.);
#3079 = AXIS2_PLACEMENT_3D('',#3080,#3081,#3082);
#3080 = CARTESIAN_POINT('',(110.,20.,-50.));
#3081 = DIRECTION('',(1.,-2.2E-16,2.2E-16));
#3082 = DIRECTION('',(-2.2E-16,-1.,0.));
#3083 = ADVANCED_FACE('',(#3084),#3095,.T.);
#3084 = FACE_BOUND('',#3085,.T.);
#3085 = EDGE_LOOP('',(#3086,#3087,#3088,#3094));
#3086 = ORIENTED_EDGE('',*,*,#1851,.F.);
#3087 = ORIENTED_EDGE('',*,*,#2591,.T.);
#3088 = ORIENTED_EDGE('',*,*,#3089,.T.);
#3089 = EDGE_CURVE('',#2583,#2801,#3090,.T.);
#3090 = LINE('',#3091,#3092);
#3091 = CARTESIAN_POINT('',(-110.,47.,-60.));
#3092 = VECTOR('',#3093,1.);
#3093 = DIRECTION('',(0.,0.,1.));
#3094 = ORIENTED_EDGE('',*,*,#2817,.T.);
#3095 = CYLINDRICAL_SURFACE('',#3096,3.);
#3096 = AXIS2_PLACEMENT_3D('',#3097,#3098,#3099);
#3097 = CARTESIAN_POINT('',(-107.,47.,-60.));
#3098 = DIRECTION('',(0.,0.,1.));
#3099 = DIRECTION('',(0.,1.,0.));
#3100 = ADVANCED_FACE('',(#3101),#3112,.T.);
#3101 = FACE_BOUND('',#3102,.F.);
#3102 = EDGE_LOOP('',(#3103,#3104,#3105,#3111));
#3103 = ORIENTED_EDGE('',*,*,#1869,.F.);
#3104 = ORIENTED_EDGE('',*,*,#2565,.T.);
#3105 = ORIENTED_EDGE('',*,*,#3106,.T.);
#3106 = EDGE_CURVE('',#2557,#2925,#3107,.T.);
#3107 = LINE('',#3108,#3109);
#3108 = CARTESIAN_POINT('',(110.,47.,-60.));
#3109 = VECTOR('',#3110,1.);
#3110 = DIRECTION('',(-2.2E-16,0.,1.));
#3111 = ORIENTED_EDGE('',*,*,#2957,.T.);
#3112 = CYLINDRICAL_SURFACE('',#3113,3.);
#3113 = AXIS2_PLACEMENT_3D('',#3114,#3115,#3116);
#3114 = CARTESIAN_POINT('',(107.,47.,-60.));
#3115 = DIRECTION('',(-2.2E-16,0.,1.));
#3116 = DIRECTION('',(2.2E-16,1.,4.84E-32));
#3117 = ADVANCED_FACE('',(#3118),#3130,.T.);
#3118 = FACE_BOUND('',#3119,.F.);
#3119 = EDGE_LOOP('',(#3120,#3121,#3122,#3123));
#3120 = ORIENTED_EDGE('',*,*,#1947,.F.);
#3121 = ORIENTED_EDGE('',*,*,#1923,.T.);
#3122 = ORIENTED_EDGE('',*,*,#1963,.T.);
#3123 = ORIENTED_EDGE('',*,*,#3124,.F.);
#3124 = EDGE_CURVE('',#1940,#1964,#3125,.T.);
#3125 = CIRCLE('',#3126,1.);
#3126 = AXIS2_PLACEMENT_3D('',#3127,#3128,#3129);
#3127 = CARTESIAN_POINT('',(-39.15,-2.3,21.97));
#3128 = DIRECTION('',(-0.,-1.,0.));
#3129 = DIRECTION('',(-1.,0.,1.421E-14));
#3130 = TOROIDAL_SURFACE('',#3131,1.,0.5);
#3131 = AXIS2_PLACEMENT_3D('',#3132,#3133,#3134);
#3132 = CARTESIAN_POINT('',(-39.15,-1.8,21.97));
#3133 = DIRECTION('',(0.,1.,0.));
#3134 = DIRECTION('',(-1.,0.,1.421E-14));
#3135 = ADVANCED_FACE('',(#3136),#3156,.F.);
#3136 = FACE_BOUND('',#3137,.F.);
#3137 = EDGE_LOOP('',(#3138,#3139,#3140,#3141,#3142,#3143,#3144,#3145,
    #3146,#3147,#3148,#3155));
#3138 = ORIENTED_EDGE('',*,*,#2240,.T.);
#3139 = ORIENTED_EDGE('',*,*,#2343,.F.);
#3140 = ORIENTED_EDGE('',*,*,#2358,.F.);
#3141 = ORIENTED_EDGE('',*,*,#2318,.F.);
#3142 = ORIENTED_EDGE('',*,*,#2264,.F.);
#3143 = ORIENTED_EDGE('',*,*,#2224,.F.);
#3144 = ORIENTED_EDGE('',*,*,#2109,.T.);
#3145 = ORIENTED_EDGE('',*,*,#1939,.T.);
#3146 = ORIENTED_EDGE('',*,*,#3124,.T.);
#3147 = ORIENTED_EDGE('',*,*,#1972,.T.);
#3148 = ORIENTED_EDGE('',*,*,#3149,.T.);
#3149 = EDGE_CURVE('',#1973,#2171,#3150,.T.);
#3150 = CIRCLE('',#3151,1.);
#3151 = AXIS2_PLACEMENT_3D('',#3152,#3153,#3154);
#3152 = CARTESIAN_POINT('',(2.150000000001,-2.3,21.97));
#3153 = DIRECTION('',(0.,-1.,0.));
#3154 = DIRECTION('',(0.,0.,-1.));
#3155 = ORIENTED_EDGE('',*,*,#2179,.T.);
#3156 = PLANE('',#3157);
#3157 = AXIS2_PLACEMENT_3D('',#3158,#3159,#3160);
#3158 = CARTESIAN_POINT('',(-18.49999999998,-2.3,26.28395348837));
#3159 = DIRECTION('',(0.,1.,0.));
#3160 = DIRECTION('',(0.,0.,1.));
#3161 = ADVANCED_FACE('',(#3162),#3168,.T.);
#3162 = FACE_BOUND('',#3163,.F.);
#3163 = EDGE_LOOP('',(#3164,#3165,#3166,#3167));
#3164 = ORIENTED_EDGE('',*,*,#1980,.F.);
#3165 = ORIENTED_EDGE('',*,*,#1999,.T.);
#3166 = ORIENTED_EDGE('',*,*,#2170,.T.);
#3167 = ORIENTED_EDGE('',*,*,#3149,.F.);
#3168 = TOROIDAL_SURFACE('',#3169,1.,0.5);
#3169 = AXIS2_PLACEMENT_3D('',#3170,#3171,#3172);
#3170 = CARTESIAN_POINT('',(2.150000000001,-1.8,21.97));
#3171 = DIRECTION('',(0.,1.,0.));
#3172 = DIRECTION('',(0.,0.,-1.));
#3173 = ADVANCED_FACE('',(#3174),#3185,.T.);
#3174 = FACE_BOUND('',#3175,.T.);
#3175 = EDGE_LOOP('',(#3176,#3177,#3178,#3179));
#3176 = ORIENTED_EDGE('',*,*,#2691,.F.);
#3177 = ORIENTED_EDGE('',*,*,#2464,.T.);
#3178 = ORIENTED_EDGE('',*,*,#2859,.T.);
#3179 = ORIENTED_EDGE('',*,*,#3180,.F.);
#3180 = EDGE_CURVE('',#2692,#2860,#3181,.T.);
#3181 = LINE('',#3182,#3183);
#3182 = CARTESIAN_POINT('',(-109.,-2.2E-16,-57.));
#3183 = VECTOR('',#3184,1.);
#3184 = DIRECTION('',(0.,0.,1.));
#3185 = PLANE('',#3186);
#3186 = AXIS2_PLACEMENT_3D('',#3187,#3188,#3189);
#3187 = CARTESIAN_POINT('',(-100.,0.,-60.));
#3188 = DIRECTION('',(0.,-1.,0.));
#3189 = DIRECTION('',(-1.,0.,0.));
#3190 = ADVANCED_FACE('',(#3191,#3220,#3223),#3226,.T.);
#3191 = FACE_BOUND('',#3192,.T.);
#3192 = EDGE_LOOP('',(#3193,#3194,#3195,#3204,#3212,#3219));
#3193 = ORIENTED_EDGE('',*,*,#3089,.F.);
#3194 = ORIENTED_EDGE('',*,*,#2632,.T.);
#3195 = ORIENTED_EDGE('',*,*,#3196,.T.);
#3196 = EDGE_CURVE('',#2633,#3197,#3199,.T.);
#3197 = VERTEX_POINT('',#3198);
#3198 = CARTESIAN_POINT('',(-110.,1.,-57.));
#3199 = CIRCLE('',#3200,2.);
#3200 = AXIS2_PLACEMENT_3D('',#3201,#3202,#3203);
#3201 = CARTESIAN_POINT('',(-110.,3.,-57.));
#3202 = DIRECTION('',(-1.,0.,0.));
#3203 = DIRECTION('',(0.,0.,-1.));
#3204 = ORIENTED_EDGE('',*,*,#3205,.T.);
#3205 = EDGE_CURVE('',#3197,#3206,#3208,.T.);
#3206 = VERTEX_POINT('',#3207);
#3207 = CARTESIAN_POINT('',(-110.,1.,57.));
#3208 = LINE('',#3209,#3210);
#3209 = CARTESIAN_POINT('',(-110.,1.,-57.));
#3210 = VECTOR('',#3211,1.);
#3211 = DIRECTION('',(0.,0.,1.));
#3212 = ORIENTED_EDGE('',*,*,#3213,.T.);
#3213 = EDGE_CURVE('',#3206,#2833,#3214,.T.);
#3214 = CIRCLE('',#3215,2.);
#3215 = AXIS2_PLACEMENT_3D('',#3216,#3217,#3218);
#3216 = CARTESIAN_POINT('',(-110.,3.,57.));
#3217 = DIRECTION('',(-1.,0.,0.));
#3218 = DIRECTION('',(0.,-1.,0.));
#3219 = ORIENTED_EDGE('',*,*,#2841,.T.);
#3220 = FACE_BOUND('',#3221,.T.);
#3221 = EDGE_LOOP('',(#3222));
#3222 = ORIENTED_EDGE('',*,*,#2480,.F.);
#3223 = FACE_BOUND('',#3224,.T.);
#3224 = EDGE_LOOP('',(#3225));
#3225 = ORIENTED_EDGE('',*,*,#2505,.F.);
#3226 = PLANE('',#3227);
#3227 = AXIS2_PLACEMENT_3D('',#3228,#3229,#3230);
#3228 = CARTESIAN_POINT('',(-110.,0.,-60.));
#3229 = DIRECTION('',(-1.,0.,0.));
#3230 = DIRECTION('',(0.,1.,0.));
#3231 = ADVANCED_FACE('',(#3232,#3261,#3264),#3267,.T.);
#3232 = FACE_BOUND('',#3233,.F.);
#3233 = EDGE_LOOP('',(#3234,#3235,#3236,#3245,#3253,#3260));
#3234 = ORIENTED_EDGE('',*,*,#3106,.F.);
#3235 = ORIENTED_EDGE('',*,*,#2607,.T.);
#3236 = ORIENTED_EDGE('',*,*,#3237,.T.);
#3237 = EDGE_CURVE('',#2608,#3238,#3240,.T.);
#3238 = VERTEX_POINT('',#3239);
#3239 = CARTESIAN_POINT('',(110.,1.,-57.));
#3240 = CIRCLE('',#3241,2.);
#3241 = AXIS2_PLACEMENT_3D('',#3242,#3243,#3244);
#3242 = CARTESIAN_POINT('',(110.,3.,-57.));
#3243 = DIRECTION('',(-1.,2.2E-16,-2.2E-16));
#3244 = DIRECTION('',(2.2E-16,0.,-1.));
#3245 = ORIENTED_EDGE('',*,*,#3246,.T.);
#3246 = EDGE_CURVE('',#3238,#3247,#3249,.T.);
#3247 = VERTEX_POINT('',#3248);
#3248 = CARTESIAN_POINT('',(110.,1.,57.));
#3249 = LINE('',#3250,#3251);
#3250 = CARTESIAN_POINT('',(110.,1.,-57.));
#3251 = VECTOR('',#3252,1.);
#3252 = DIRECTION('',(-2.2E-16,0.,1.));
#3253 = ORIENTED_EDGE('',*,*,#3254,.T.);
#3254 = EDGE_CURVE('',#3247,#2916,#3255,.T.);
#3255 = CIRCLE('',#3256,2.);
#3256 = AXIS2_PLACEMENT_3D('',#3257,#3258,#3259);
#3257 = CARTESIAN_POINT('',(110.,3.,57.));
#3258 = DIRECTION('',(-1.,2.2E-16,-2.2E-16));
#3259 = DIRECTION('',(-2.2E-16,-1.,0.));
#3260 = ORIENTED_EDGE('',*,*,#2924,.T.);
#3261 = FACE_BOUND('',#3262,.F.);
#3262 = EDGE_LOOP('',(#3263));
#3263 = ORIENTED_EDGE('',*,*,#3037,.F.);
#3264 = FACE_BOUND('',#3265,.F.);
#3265 = EDGE_LOOP('',(#3266));
#3266 = ORIENTED_EDGE('',*,*,#3062,.F.);
#3267 = PLANE('',#3268);
#3268 = AXIS2_PLACEMENT_3D('',#3269,#3270,#3271);
#3269 = CARTESIAN_POINT('',(110.,-2.442E-14,-60.));
#3270 = DIRECTION('',(1.,-2.2E-16,2.2E-16));
#3271 = DIRECTION('',(-2.2E-16,-1.,-0.));
#3272 = ADVANCED_FACE('',(#3273),#3285,.T.);
#3273 = FACE_BOUND('',#3274,.F.);
#3274 = EDGE_LOOP('',(#3275,#3276,#3277,#3284));
#3275 = ORIENTED_EDGE('',*,*,#2615,.F.);
#3276 = ORIENTED_EDGE('',*,*,#2674,.T.);
#3277 = ORIENTED_EDGE('',*,*,#3278,.T.);
#3278 = EDGE_CURVE('',#2667,#3238,#3279,.T.);
#3279 = CIRCLE('',#3280,1.);
#3280 = AXIS2_PLACEMENT_3D('',#3281,#3282,#3283);
#3281 = CARTESIAN_POINT('',(109.,1.,-57.));
#3282 = DIRECTION('',(-2.2E-16,-6.E-17,1.));
#3283 = DIRECTION('',(-2.2E-16,-1.,-6.E-17));
#3284 = ORIENTED_EDGE('',*,*,#3237,.F.);
#3285 = TOROIDAL_SURFACE('',#3286,2.,1.);
#3286 = AXIS2_PLACEMENT_3D('',#3287,#3288,#3289);
#3287 = CARTESIAN_POINT('',(109.,3.,-57.));
#3288 = DIRECTION('',(1.,-2.2E-16,2.2E-16));
#3289 = DIRECTION('',(2.2E-16,0.,-1.));
#3290 = ADVANCED_FACE('',(#3291),#3303,.T.);
#3291 = FACE_BOUND('',#3292,.T.);
#3292 = EDGE_LOOP('',(#3293,#3294,#3295,#3302));
#3293 = ORIENTED_EDGE('',*,*,#2640,.F.);
#3294 = ORIENTED_EDGE('',*,*,#2699,.T.);
#3295 = ORIENTED_EDGE('',*,*,#3296,.T.);
#3296 = EDGE_CURVE('',#2692,#3197,#3297,.T.);
#3297 = CIRCLE('',#3298,1.);
#3298 = AXIS2_PLACEMENT_3D('',#3299,#3300,#3301);
#3299 = CARTESIAN_POINT('',(-109.,1.,-57.));
#3300 = DIRECTION('',(0.,6.E-17,-1.));
#3301 = DIRECTION('',(0.,-1.,-6.E-17));
#3302 = ORIENTED_EDGE('',*,*,#3196,.F.);
#3303 = TOROIDAL_SURFACE('',#3304,2.,1.);
#3304 = AXIS2_PLACEMENT_3D('',#3305,#3306,#3307);
#3305 = CARTESIAN_POINT('',(-109.,3.,-57.));
#3306 = DIRECTION('',(-1.,0.,0.));
#3307 = DIRECTION('',(0.,0.,-1.));
#3308 = ADVANCED_FACE('',(#3309),#3320,.T.);
#3309 = FACE_BOUND('',#3310,.F.);
#3310 = EDGE_LOOP('',(#3311,#3312,#3313,#3314));
#3311 = ORIENTED_EDGE('',*,*,#2666,.F.);
#3312 = ORIENTED_EDGE('',*,*,#3021,.T.);
#3313 = ORIENTED_EDGE('',*,*,#2892,.T.);
#3314 = ORIENTED_EDGE('',*,*,#3315,.F.);
#3315 = EDGE_CURVE('',#2667,#2893,#3316,.T.);
#3316 = LINE('',#3317,#3318);
#3317 = CARTESIAN_POINT('',(109.,-2.442E-14,-57.));
#3318 = VECTOR('',#3319,1.);
#3319 = DIRECTION('',(-2.2E-16,0.,1.));
#3320 = PLANE('',#3321);
#3321 = AXIS2_PLACEMENT_3D('',#3322,#3323,#3324);
#3322 = CARTESIAN_POINT('',(100.,-2.22E-14,-60.));
#3323 = DIRECTION('',(-2.2E-16,-1.,-0.));
#3324 = DIRECTION('',(-1.,2.2E-16,-2.2E-16));
#3325 = ADVANCED_FACE('',(#3326),#3329,.F.);
#3326 = FACE_BOUND('',#3327,.T.);
#3327 = EDGE_LOOP('',(#3328));
#3328 = ORIENTED_EDGE('',*,*,#2740,.T.);
#3329 = PLANE('',#3330);
#3330 = AXIS2_PLACEMENT_3D('',#3331,#3332,#3333);
#3331 = CARTESIAN_POINT('',(4.9E-16,45.,-57.));
#3332 = DIRECTION('',(0.,0.,1.));
#3333 = DIRECTION('',(1.,0.,0.));
#3334 = ADVANCED_FACE('',(#3335),#3338,.F.);
#3335 = FACE_BOUND('',#3336,.T.);
#3336 = EDGE_LOOP('',(#3337));
#3337 = ORIENTED_EDGE('',*,*,#2765,.T.);
#3338 = PLANE('',#3339);
#3339 = AXIS2_PLACEMENT_3D('',#3340,#3341,#3342);
#3340 = CARTESIAN_POINT('',(4.9E-16,45.,-57.));
#3341 = DIRECTION('',(0.,0.,1.));
#3342 = DIRECTION('',(1.,0.,0.));
#3343 = ADVANCED_FACE('',(#3344),#3356,.T.);
#3344 = FACE_BOUND('',#3345,.T.);
#3345 = EDGE_LOOP('',(#3346,#3353,#3354,#3355));
#3346 = ORIENTED_EDGE('',*,*,#3347,.F.);
#3347 = EDGE_CURVE('',#2860,#3206,#3348,.T.);
#3348 = CIRCLE('',#3349,1.);
#3349 = AXIS2_PLACEMENT_3D('',#3350,#3351,#3352);
#3350 = CARTESIAN_POINT('',(-109.,1.,57.));
#3351 = DIRECTION('',(-0.,-0.,-1.));
#3352 = DIRECTION('',(0.,-1.,0.));
#3353 = ORIENTED_EDGE('',*,*,#2867,.T.);
#3354 = ORIENTED_EDGE('',*,*,#2832,.T.);
#3355 = ORIENTED_EDGE('',*,*,#3213,.F.);
#3356 = TOROIDAL_SURFACE('',#3357,2.,1.);
#3357 = AXIS2_PLACEMENT_3D('',#3358,#3359,#3360);
#3358 = CARTESIAN_POINT('',(-109.,3.,57.));
#3359 = DIRECTION('',(-1.,0.,0.));
#3360 = DIRECTION('',(0.,-1.,0.));
#3361 = ADVANCED_FACE('',(#3362),#3374,.T.);
#3362 = FACE_BOUND('',#3363,.F.);
#3363 = EDGE_LOOP('',(#3364,#3371,#3372,#3373));
#3364 = ORIENTED_EDGE('',*,*,#3365,.F.);
#3365 = EDGE_CURVE('',#2893,#3247,#3366,.T.);
#3366 = CIRCLE('',#3367,1.);
#3367 = AXIS2_PLACEMENT_3D('',#3368,#3369,#3370);
#3368 = CARTESIAN_POINT('',(109.,1.,57.));
#3369 = DIRECTION('',(-2.2E-16,0.,1.));
#3370 = DIRECTION('',(-2.2E-16,-1.,-4.84E-32));
#3371 = ORIENTED_EDGE('',*,*,#2900,.T.);
#3372 = ORIENTED_EDGE('',*,*,#2915,.T.);
#3373 = ORIENTED_EDGE('',*,*,#3254,.F.);
#3374 = TOROIDAL_SURFACE('',#3375,2.,1.);
#3375 = AXIS2_PLACEMENT_3D('',#3376,#3377,#3378);
#3376 = CARTESIAN_POINT('',(109.,3.,57.));
#3377 = DIRECTION('',(1.,-2.2E-16,2.2E-16));
#3378 = DIRECTION('',(-2.2E-16,-1.,0.));
#3379 = ADVANCED_FACE('',(#3380),#3386,.T.);
#3380 = FACE_BOUND('',#3381,.F.);
#3381 = EDGE_LOOP('',(#3382,#3383,#3384,#3385));
#3382 = ORIENTED_EDGE('',*,*,#3296,.T.);
#3383 = ORIENTED_EDGE('',*,*,#3205,.T.);
#3384 = ORIENTED_EDGE('',*,*,#3347,.F.);
#3385 = ORIENTED_EDGE('',*,*,#3180,.F.);
#3386 = CYLINDRICAL_SURFACE('',#3387,1.);
#3387 = AXIS2_PLACEMENT_3D('',#3388,#3389,#3390);
#3388 = CARTESIAN_POINT('',(-109.,1.,-57.));
#3389 = DIRECTION('',(0.,0.,1.));
#3390 = DIRECTION('',(0.,-1.,0.));
#3391 = ADVANCED_FACE('',(#3392),#3398,.T.);
#3392 = FACE_BOUND('',#3393,.T.);
#3393 = EDGE_LOOP('',(#3394,#3395,#3396,#3397));
#3394 = ORIENTED_EDGE('',*,*,#3278,.T.);
#3395 = ORIENTED_EDGE('',*,*,#3246,.T.);
#3396 = ORIENTED_EDGE('',*,*,#3365,.F.);
#3397 = ORIENTED_EDGE('',*,*,#3315,.F.);
#3398 = CYLINDRICAL_SURFACE('',#3399,1.);
#3399 = AXIS2_PLACEMENT_3D('',#3400,#3401,#3402);
#3400 = CARTESIAN_POINT('',(109.,1.,-57.));
#3401 = DIRECTION('',(-2.2E-16,0.,1.));
#3402 = DIRECTION('',(-2.2E-16,-1.,-4.84E-32));
#3403 = ( GEOMETRIC_REPRESENTATION_CONTEXT(3) 
GLOBAL_UNCERTAINTY_ASSIGNED_CONTEXT((#3407)) 
GLOBAL_UNIT_ASSIGNED_CONTEXT((#3404,#3405,#3406)) REPRESENTATION_CONTEXT
('Context #1','3D Context with UNIT and UNCERTAINTY') );
#3404 = ( LENGTH_UNIT() NAMED_UNIT(*) SI_UNIT(.MILLI.,.METRE.) );
#3405 = ( NAMED_UNIT(*) PLANE_ANGLE_UNIT() SI_UNIT($,.RADIAN.) );
#3406 = ( NAMED_UNIT(*) SI_UNIT($,.STERADIAN.) SOLID_ANGLE_UNIT() );
#3407 = UNCERTAINTY_MEASURE_WITH_UNIT(LENGTH_MEASURE(5.E-06),#3404,
  'distance_accuracy_value','confusion accuracy');
#3408 = PRODUCT_RELATED_PRODUCT_CATEGORY('part',$,(#7));
#3409 = MECHANICAL_DESIGN_GEOMETRIC_PRESENTATION_REPRESENTATION('',(
    #3410),#3403);
#3410 = STYLED_ITEM('color',(#3411),#15);
#3411 = PRESENTATION_STYLE_ASSIGNMENT((#3412,#3418));
#3412 = SURFACE_STYLE_USAGE(.BOTH.,#3413);
#3413 = SURFACE_SIDE_STYLE('',(#3414));
#3414 = SURFACE_STYLE_FILL_AREA(#3415);
#3415 = FILL_AREA_STYLE('',(#3416));
#3416 = FILL_AREA_STYLE_COLOUR('',#3417);
#3417 = COLOUR_RGB('',0.447058818107,0.474509808674,0.501960817233);
#3418 = CURVE_STYLE('',#3419,POSITIVE_LENGTH_MEASURE(0.1),#3420);
#3419 = DRAUGHTING_PRE_DEFINED_CURVE_FONT('continuous');
#3420 = COLOUR_RGB('',9.803921802644E-02,9.803921802644E-02,
  9.803921802644E-02);
ENDSEC;
END-ISO-10303-21;
